ЗачетнаяКнижка,sem_num,target_sem,prev_scholarship,prob_scholarship,pred_scholarship,actual_scholarship,pred_class_B,actual_class_B,risk_score,model_used
100388.0,1.0,2,1,0.1916,0,0,2,2,0.8084,GradientBoosting
100388.0,2.0,3,0,0.2792,0,0,4,4,0.7208,GradientBoosting
100388.0,3.0,4,0,0.288,0,0,4,4,0.712,GradientBoosting
100389.0,5.0,6,1,0.8991,1,0,1,2,0.1009,GradientBoosting
100389.0,6.0,7,0,0.5006,1,1,3,3,0.4994,GradientBoosting
100389.0,7.0,8,1,0.9593,1,1,1,1,0.0407,GradientBoosting
100480.0,1.0,2,1,0.1193,0,0,2,2,0.8807,GradientBoosting
100480.0,2.0,3,0,0.0703,0,0,4,4,0.9297,GradientBoosting
100480.0,3.0,4,0,0.1955,0,0,4,4,0.8045,GradientBoosting
101054.0,5.0,6,1,0.8865,1,1,1,1,0.1135,GradientBoosting
101054.0,6.0,7,1,0.9335,1,0,1,2,0.0665,GradientBoosting
101054.0,7.0,8,0,0.7548,1,1,3,3,0.2452,GradientBoosting
101998.0,1.0,2,1,0.6544,1,0,1,2,0.3456,GradientBoosting
101998.0,2.0,3,0,0.4394,0,0,4,4,0.5606,GradientBoosting
101998.0,3.0,4,0,0.146,0,0,4,4,0.854,GradientBoosting
104323.0,1.0,2,1,0.8297,1,1,1,1,0.1703,GradientBoosting
104323.0,2.0,3,1,0.9422,1,1,1,1,0.0578,GradientBoosting
104323.0,3.0,4,1,0.6419,1,1,1,1,0.3581,GradientBoosting
106879.0,7.0,8,1,0.9032,1,1,1,1,0.0968,GradientBoosting
106901.0,3.0,4,1,0.7404,1,1,1,1,0.2596,GradientBoosting
106901.0,4.0,5,1,0.765,1,1,1,1,0.235,GradientBoosting
106901.0,5.0,6,1,0.8503,1,1,1,1,0.1497,GradientBoosting
108624.0,1.0,2,1,0.1188,0,0,2,2,0.8812,GradientBoosting
108748.0,5.0,6,1,0.9601,1,1,1,1,0.0399,GradientBoosting
108748.0,6.0,7,1,0.9663,1,1,1,1,0.0337,GradientBoosting
108748.0,7.0,8,1,0.9701,1,1,1,1,0.0299,GradientBoosting
109622.0,1.0,2,1,0.0546,0,1,2,1,0.9454,GradientBoosting
113088.0,1.0,2,1,0.8768,1,1,1,1,0.1232,GradientBoosting
113937.0,5.0,6,1,0.8865,1,1,1,1,0.1135,GradientBoosting
113937.0,6.0,7,1,0.9384,1,1,1,1,0.0616,GradientBoosting
113937.0,7.0,8,1,0.9756,1,1,1,1,0.0244,GradientBoosting
117131.0,5.0,6,1,0.8991,1,1,1,1,0.1009,GradientBoosting
117131.0,6.0,7,1,0.9652,1,1,1,1,0.0348,GradientBoosting
117131.0,7.0,8,1,0.967,1,1,1,1,0.033,GradientBoosting
117179.0,3.0,4,0,0.017,0,0,4,4,0.983,GradientBoosting
117179.0,4.0,5,0,0.0163,0,0,4,4,0.9837,GradientBoosting
117179.0,5.0,6,0,0.0185,0,0,4,4,0.9815,GradientBoosting
117245.0,3.0,4,0,0.0164,0,0,4,4,0.9836,GradientBoosting
117245.0,4.0,5,0,0.0108,0,0,4,4,0.9892,GradientBoosting
117245.0,5.0,6,0,0.0195,0,0,4,4,0.9805,GradientBoosting
117429.0,1.0,2,1,0.0436,0,0,2,2,0.9564,GradientBoosting
117760.0,1.0,2,1,0.6822,1,0,1,2,0.3178,GradientBoosting
117805.0,9.0,10,0,0.7261,1,1,3,3,0.2739,GradientBoosting
117863.0,1.0,2,1,0.8768,1,0,1,2,0.1232,GradientBoosting
117863.0,2.0,3,0,0.4531,0,0,4,4,0.5469,GradientBoosting
117863.0,3.0,4,0,0.3489,0,1,4,3,0.6511,GradientBoosting
118167.0,3.0,4,1,0.7748,1,1,1,1,0.2252,GradientBoosting
118167.0,4.0,5,1,0.6349,1,1,1,1,0.3651,GradientBoosting
118167.0,5.0,6,1,0.7642,1,1,1,1,0.2358,GradientBoosting
118474.0,1.0,2,1,0.8768,1,1,1,1,0.1232,GradientBoosting
118961.0,5.0,6,1,0.9196,1,1,1,1,0.0804,GradientBoosting
118961.0,6.0,7,1,0.8916,1,1,1,1,0.1084,GradientBoosting
118961.0,7.0,8,1,0.9243,1,1,1,1,0.0757,GradientBoosting
119787.0,7.0,8,0,0.8054,1,1,3,3,0.1946,GradientBoosting
120240.0,5.0,6,1,0.6854,1,1,1,1,0.3146,GradientBoosting
120240.0,6.0,7,1,0.8017,1,0,1,2,0.1983,GradientBoosting
120240.0,7.0,8,0,0.1446,0,1,4,3,0.8554,GradientBoosting
121371.0,5.0,6,0,0.0241,0,0,4,4,0.9759,GradientBoosting
121371.0,6.0,7,0,0.1264,0,0,4,4,0.8736,GradientBoosting
121371.0,7.0,8,0,0.0451,0,0,4,4,0.9549,GradientBoosting
122590.0,7.0,8,1,0.9756,1,1,1,1,0.0244,GradientBoosting
122960.0,3.0,4,1,0.9241,1,1,1,1,0.0759,GradientBoosting
122960.0,4.0,5,1,0.9136,1,1,1,1,0.0864,GradientBoosting
122960.0,5.0,6,1,0.8465,1,1,1,1,0.1535,GradientBoosting
123596.0,5.0,6,1,0.9601,1,0,1,2,0.0399,GradientBoosting
123596.0,6.0,7,0,0.2956,0,0,4,4,0.7044,GradientBoosting
123596.0,7.0,8,0,0.0587,0,0,4,4,0.9413,GradientBoosting
127318.0,1.0,2,1,0.109,0,0,2,2,0.891,GradientBoosting
127318.0,2.0,3,0,0.0703,0,0,4,4,0.9297,GradientBoosting
127350.0,1.0,2,1,0.0681,0,0,2,2,0.9319,GradientBoosting
127350.0,2.0,3,0,0.0863,0,0,4,4,0.9137,GradientBoosting
127350.0,3.0,4,0,0.1094,0,0,4,4,0.8906,GradientBoosting
128664.0,1.0,2,1,0.112,0,0,2,2,0.888,GradientBoosting
128664.0,2.0,3,0,0.1108,0,1,4,3,0.8892,GradientBoosting
128664.0,3.0,4,1,0.7226,1,0,1,2,0.2774,GradientBoosting
128972.0,1.0,2,1,0.0156,0,0,2,2,0.9844,GradientBoosting
128996.0,5.0,6,0,0.3735,0,0,4,4,0.6265,GradientBoosting
128996.0,6.0,7,0,0.2162,0,1,4,3,0.7838,GradientBoosting
128996.0,7.0,8,1,0.8239,1,0,1,2,0.1761,GradientBoosting
129270.0,3.0,4,0,0.0137,0,0,4,4,0.9863,GradientBoosting
129771.0,1.0,2,1,0.0886,0,0,2,2,0.9114,GradientBoosting
133155.0,5.0,6,0,0.4081,0,1,4,3,0.5919,GradientBoosting
133155.0,6.0,7,1,0.826,1,1,1,1,0.174,GradientBoosting
133155.0,7.0,8,1,0.8976,1,1,1,1,0.1024,GradientBoosting
133203.0,1.0,2,1,0.7834,1,0,1,2,0.2166,GradientBoosting
133635.0,1.0,2,1,0.1784,0,0,2,2,0.8216,GradientBoosting
134505.0,3.0,4,0,0.012,0,0,4,4,0.988,GradientBoosting
134505.0,4.0,5,0,0.0098,0,0,4,4,0.9902,GradientBoosting
134505.0,5.0,6,0,0.0125,0,0,4,4,0.9875,GradientBoosting
134610.0,7.0,8,1,0.8501,1,1,1,1,0.1499,GradientBoosting
135086.0,3.0,4,0,0.3095,0,0,4,4,0.6905,GradientBoosting
135086.0,4.0,5,0,0.0172,0,0,4,4,0.9828,GradientBoosting
135086.0,5.0,6,0,0.0179,0,0,4,4,0.9821,GradientBoosting
135374.0,1.0,2,1,0.273,0,0,2,2,0.727,GradientBoosting
136139.0,1.0,2,1,0.7251,1,1,1,1,0.2749,GradientBoosting
136599.0,1.0,2,1,0.3332,0,1,2,1,0.6668,GradientBoosting
136997.0,7.0,8,1,0.9079,1,1,1,1,0.0921,GradientBoosting
137634.0,3.0,4,1,0.9608,1,1,1,1,0.0392,GradientBoosting
137634.0,4.0,5,1,0.8092,1,1,1,1,0.1908,GradientBoosting
137634.0,5.0,6,1,0.9601,1,1,1,1,0.0399,GradientBoosting
138086.0,3.0,4,1,0.6689,1,1,1,1,0.3311,GradientBoosting
138086.0,4.0,5,1,0.6804,1,0,1,2,0.3196,GradientBoosting
138086.0,5.0,6,0,0.4025,0,0,4,4,0.5975,GradientBoosting
141164.0,1.0,2,1,0.0487,0,0,2,2,0.9513,GradientBoosting
141868.0,5.0,6,0,0.0143,0,0,4,4,0.9857,GradientBoosting
141868.0,6.0,7,0,0.0135,0,0,4,4,0.9865,GradientBoosting
144772.0,5.0,6,0,0.0121,0,0,4,4,0.9879,GradientBoosting
144772.0,6.0,7,0,0.1495,0,0,4,4,0.8505,GradientBoosting
144772.0,7.0,8,0,0.025,0,0,4,4,0.975,GradientBoosting
144802.0,7.0,8,1,0.9238,1,1,1,1,0.0762,GradientBoosting
147389.0,7.0,8,0,0.1805,0,0,4,4,0.8195,GradientBoosting
148131.0,3.0,4,0,0.0131,0,0,4,4,0.9869,GradientBoosting
148131.0,4.0,5,0,0.0293,0,0,4,4,0.9707,GradientBoosting
148131.0,5.0,6,0,0.0111,0,0,4,4,0.9889,GradientBoosting
149441.0,7.0,8,0,0.1379,0,0,4,4,0.8621,GradientBoosting
149441.0,8.0,9,0,0.1184,0,0,4,4,0.8816,GradientBoosting
149441.0,9.0,10,0,0.0495,0,0,4,4,0.9505,GradientBoosting
149654.0,7.0,8,0,0.2058,0,0,4,4,0.7942,GradientBoosting
150662.0,5.0,6,1,0.9601,1,1,1,1,0.0399,GradientBoosting
150662.0,6.0,7,1,0.9663,1,1,1,1,0.0337,GradientBoosting
150662.0,7.0,8,1,0.9759,1,1,1,1,0.0241,GradientBoosting
151273.0,1.0,2,1,0.224,0,0,2,2,0.776,GradientBoosting
153172.0,5.0,6,1,0.7448,1,0,1,2,0.2552,GradientBoosting
153172.0,6.0,7,0,0.6997,1,0,3,4,0.3003,GradientBoosting
153172.0,7.0,8,0,0.7548,1,1,3,3,0.2452,GradientBoosting
153466.0,3.0,4,0,0.2791,0,0,4,4,0.7209,GradientBoosting
153466.0,4.0,5,0,0.3515,0,1,4,3,0.6485,GradientBoosting
153466.0,5.0,6,1,0.931,1,1,1,1,0.069,GradientBoosting
153675.0,1.0,2,1,0.6696,1,1,1,1,0.3304,GradientBoosting
153675.0,2.0,3,1,0.748,1,0,1,2,0.252,GradientBoosting
153675.0,3.0,4,0,0.1797,0,1,4,3,0.8203,GradientBoosting
155261.0,1.0,2,1,0.939,1,1,1,1,0.061,GradientBoosting
155734.0,1.0,2,1,0.8297,1,1,1,1,0.1703,GradientBoosting
155734.0,2.0,3,1,0.9422,1,1,1,1,0.0578,GradientBoosting
155734.0,3.0,4,1,0.8075,1,0,1,2,0.1925,GradientBoosting
156384.0,5.0,6,1,0.7448,1,1,1,1,0.2552,GradientBoosting
156384.0,6.0,7,1,0.8467,1,1,1,1,0.1533,GradientBoosting
156384.0,7.0,8,1,0.802,1,0,1,2,0.198,GradientBoosting
156464.0,1.0,2,1,0.6544,1,0,1,2,0.3456,GradientBoosting
156892.0,1.0,2,1,0.031,0,0,2,2,0.969,GradientBoosting
157266.0,1.0,2,1,0.3766,0,0,2,2,0.6234,GradientBoosting
157266.0,2.0,3,0,0.0485,0,0,4,4,0.9515,GradientBoosting
157266.0,3.0,4,0,0.0562,0,0,4,4,0.9438,GradientBoosting
157537.0,5.0,6,0,0.0196,0,0,4,4,0.9804,GradientBoosting
157537.0,6.0,7,0,0.0123,0,0,4,4,0.9877,GradientBoosting
157537.0,7.0,8,0,0.0344,0,0,4,4,0.9656,GradientBoosting
160254.0,3.0,4,0,0.4528,0,0,4,4,0.5472,GradientBoosting
160254.0,4.0,5,0,0.2572,0,0,4,4,0.7428,GradientBoosting
160254.0,5.0,6,0,0.0958,0,0,4,4,0.9042,GradientBoosting
163139.0,7.0,8,1,0.967,1,1,1,1,0.033,GradientBoosting
163684.0,5.0,6,0,0.0122,0,0,4,4,0.9878,GradientBoosting
163684.0,6.0,7,0,0.0135,0,0,4,4,0.9865,GradientBoosting
163684.0,7.0,8,0,0.0474,0,0,4,4,0.9526,GradientBoosting
163922.0,7.0,8,0,0.5364,1,1,3,3,0.4636,GradientBoosting
169176.0,7.0,8,0,0.0873,0,0,4,4,0.9127,GradientBoosting
169176.0,8.0,9,0,0.0209,0,0,4,4,0.9791,GradientBoosting
169176.0,9.0,10,0,0.0495,0,0,4,4,0.9505,GradientBoosting
171939.0,7.0,8,1,0.9652,1,1,1,1,0.0348,GradientBoosting
171939.0,8.0,9,1,0.9609,1,1,1,1,0.0391,GradientBoosting
171939.0,9.0,10,1,0.973,1,1,1,1,0.027,GradientBoosting
171988.0,7.0,8,1,0.9821,1,1,1,1,0.0179,GradientBoosting
172339.0,3.0,4,0,0.0403,0,0,4,4,0.9597,GradientBoosting
172339.0,4.0,5,0,0.0584,0,0,4,4,0.9416,GradientBoosting
172339.0,5.0,6,0,0.0252,0,0,4,4,0.9748,GradientBoosting
173169.0,1.0,2,1,0.0284,0,0,2,2,0.9716,GradientBoosting
173169.0,2.0,3,0,0.0179,0,0,4,4,0.9821,GradientBoosting
173169.0,3.0,4,0,0.0131,0,0,4,4,0.9869,GradientBoosting
173553.0,1.0,2,1,0.4928,0,1,2,1,0.5072,GradientBoosting
176090.0,5.0,6,0,0.4114,0,1,4,3,0.5886,GradientBoosting
176090.0,6.0,7,1,0.959,1,1,1,1,0.041,GradientBoosting
176090.0,7.0,8,1,0.9775,1,1,1,1,0.0225,GradientBoosting
176429.0,5.0,6,0,0.0463,0,0,4,4,0.9537,GradientBoosting
176429.0,6.0,7,0,0.0242,0,0,4,4,0.9758,GradientBoosting
176429.0,7.0,8,0,0.289,0,1,4,3,0.711,GradientBoosting
177579.0,5.0,6,1,0.8341,1,1,1,1,0.1659,GradientBoosting
177579.0,6.0,7,1,0.9575,1,1,1,1,0.0425,GradientBoosting
177579.0,7.0,8,1,0.9243,1,1,1,1,0.0757,GradientBoosting
178546.0,5.0,6,1,0.9328,1,1,1,1,0.0672,GradientBoosting
178546.0,6.0,7,1,0.6986,1,1,1,1,0.3014,GradientBoosting
178546.0,7.0,8,1,0.9652,1,1,1,1,0.0348,GradientBoosting
178615.0,1.0,2,1,0.7759,1,1,1,1,0.2241,GradientBoosting
178615.0,2.0,3,1,0.832,1,1,1,1,0.168,GradientBoosting
178615.0,3.0,4,1,0.9355,1,1,1,1,0.0645,GradientBoosting
179193.0,1.0,2,1,0.9256,1,1,1,1,0.0744,GradientBoosting
179479.0,5.0,6,0,0.0117,0,0,4,4,0.9883,GradientBoosting
179479.0,6.0,7,0,0.0123,0,0,4,4,0.9877,GradientBoosting
179479.0,7.0,8,0,0.1095,0,0,4,4,0.8905,GradientBoosting
179502.0,5.0,6,1,0.6678,1,0,1,2,0.3322,GradientBoosting
179502.0,6.0,7,0,0.0829,0,0,4,4,0.9171,GradientBoosting
179502.0,7.0,8,0,0.2466,0,0,4,4,0.7534,GradientBoosting
180470.0,1.0,2,1,0.6935,1,1,1,1,0.3065,GradientBoosting
180505.0,3.0,4,1,0.8255,1,1,1,1,0.1745,GradientBoosting
180505.0,4.0,5,1,0.765,1,1,1,1,0.235,GradientBoosting
180505.0,5.0,6,1,0.8465,1,1,1,1,0.1535,GradientBoosting
180535.0,1.0,2,1,0.0877,0,0,2,2,0.9123,GradientBoosting
180535.0,2.0,3,0,0.1441,0,0,4,4,0.8559,GradientBoosting
180535.0,3.0,4,0,0.0361,0,0,4,4,0.9639,GradientBoosting
181806.0,3.0,4,0,0.0758,0,0,4,4,0.9242,GradientBoosting
181806.0,4.0,5,0,0.0184,0,0,4,4,0.9816,GradientBoosting
181806.0,5.0,6,0,0.0464,0,0,4,4,0.9536,GradientBoosting
182041.0,1.0,2,1,0.6822,1,1,1,1,0.3178,GradientBoosting
182443.0,3.0,4,0,0.3442,0,1,4,3,0.6558,GradientBoosting
182443.0,4.0,5,1,0.8244,1,1,1,1,0.1756,GradientBoosting
182443.0,5.0,6,1,0.9601,1,1,1,1,0.0399,GradientBoosting
185346.0,1.0,2,1,0.8217,1,0,1,2,0.1783,GradientBoosting
185346.0,2.0,3,0,0.5014,1,0,3,4,0.4986,GradientBoosting
185346.0,3.0,4,0,0.1621,0,0,4,4,0.8379,GradientBoosting
186268.0,3.0,4,1,0.8364,1,1,1,1,0.1636,GradientBoosting
186268.0,4.0,5,1,0.9065,1,1,1,1,0.0935,GradientBoosting
186268.0,5.0,6,1,0.7679,1,1,1,1,0.2321,GradientBoosting
186544.0,1.0,2,1,0.8217,1,0,1,2,0.1783,GradientBoosting
186544.0,2.0,3,0,0.4784,0,1,4,3,0.5216,GradientBoosting
186544.0,3.0,4,1,0.6618,1,1,1,1,0.3382,GradientBoosting
188214.0,7.0,8,0,0.0904,0,0,4,4,0.9096,GradientBoosting
188214.0,8.0,9,0,0.0586,0,0,4,4,0.9414,GradientBoosting
188214.0,9.0,10,0,0.121,0,1,4,3,0.879,GradientBoosting
188797.0,5.0,6,0,0.7029,1,0,3,4,0.2971,GradientBoosting
189952.0,1.0,2,1,0.8237,1,0,1,2,0.1763,GradientBoosting
189952.0,2.0,3,0,0.0363,0,0,4,4,0.9637,GradientBoosting
189952.0,3.0,4,0,0.011,0,0,4,4,0.989,GradientBoosting
192511.0,1.0,2,1,0.7803,1,1,1,1,0.2197,GradientBoosting
192511.0,2.0,3,1,0.832,1,1,1,1,0.168,GradientBoosting
192511.0,3.0,4,1,0.9315,1,1,1,1,0.0685,GradientBoosting
193031.0,1.0,2,1,0.0173,0,0,2,2,0.9827,GradientBoosting
193031.0,2.0,3,0,0.0196,0,0,4,4,0.9804,GradientBoosting
193230.0,1.0,2,1,0.3332,0,0,2,2,0.6668,GradientBoosting
193669.0,1.0,2,1,0.939,1,1,1,1,0.061,GradientBoosting
193978.0,1.0,2,1,0.4699,0,1,2,1,0.5301,GradientBoosting
195540.0,7.0,8,1,0.974,1,1,1,1,0.026,GradientBoosting
196493.0,1.0,2,1,0.9,1,1,1,1,0.1,GradientBoosting
196493.0,2.0,3,1,0.9613,1,1,1,1,0.0387,GradientBoosting
196493.0,3.0,4,1,0.884,1,1,1,1,0.116,GradientBoosting
198978.0,9.0,10,0,0.6975,1,1,3,3,0.3025,GradientBoosting
199080.0,7.0,8,0,0.1003,0,0,4,4,0.8997,GradientBoosting
199080.0,8.0,9,0,0.0514,0,0,4,4,0.9486,GradientBoosting
199080.0,9.0,10,0,0.1141,0,0,4,4,0.8859,GradientBoosting
200891.0,5.0,6,1,0.6854,1,0,1,2,0.3146,GradientBoosting
200891.0,6.0,7,0,0.3619,0,0,4,4,0.6381,GradientBoosting
200891.0,7.0,8,0,0.341,0,1,4,3,0.659,GradientBoosting
201181.0,1.0,2,1,0.0132,0,0,2,2,0.9868,GradientBoosting
203185.0,7.0,8,1,0.8302,1,0,1,2,0.1698,GradientBoosting
203974.0,3.0,4,0,0.2896,0,0,4,4,0.7104,GradientBoosting
204158.0,1.0,2,1,0.8207,1,1,1,1,0.1793,GradientBoosting
204422.0,7.0,8,1,0.8175,1,1,1,1,0.1825,GradientBoosting
205237.0,1.0,2,1,0.7834,1,1,1,1,0.2166,GradientBoosting
205615.0,7.0,8,0,0.5242,1,0,3,4,0.4758,GradientBoosting
205674.0,1.0,2,1,0.722,1,1,1,1,0.278,GradientBoosting
208369.0,1.0,2,1,0.2303,0,0,2,2,0.7697,GradientBoosting
209635.0,3.0,4,1,0.8364,1,1,1,1,0.1636,GradientBoosting
209635.0,4.0,5,1,0.9292,1,1,1,1,0.0708,GradientBoosting
209635.0,5.0,6,1,0.934,1,1,1,1,0.066,GradientBoosting
209765.0,5.0,6,0,0.0107,0,0,4,4,0.9893,GradientBoosting
209765.0,6.0,7,0,0.0135,0,0,4,4,0.9865,GradientBoosting
209765.0,7.0,8,0,0.0513,0,0,4,4,0.9487,GradientBoosting
212373.0,1.0,2,1,0.8268,1,0,1,2,0.1732,GradientBoosting
212373.0,2.0,3,0,0.3528,0,0,4,4,0.6472,GradientBoosting
212373.0,3.0,4,0,0.5151,1,1,3,3,0.4849,GradientBoosting
212760.0,1.0,2,1,0.9558,1,1,1,1,0.0442,GradientBoosting
213060.0,3.0,4,1,0.7748,1,1,1,1,0.2252,GradientBoosting
213060.0,4.0,5,1,0.8881,1,1,1,1,0.1119,GradientBoosting
213060.0,5.0,6,1,0.8991,1,1,1,1,0.1009,GradientBoosting
213123.0,1.0,2,1,0.4209,0,1,2,1,0.5791,GradientBoosting
213123.0,2.0,3,1,0.6498,1,1,1,1,0.3502,GradientBoosting
213123.0,3.0,4,1,0.6087,1,1,1,1,0.3913,GradientBoosting
213886.0,3.0,4,1,0.9355,1,1,1,1,0.0645,GradientBoosting
213886.0,4.0,5,1,0.9518,1,1,1,1,0.0482,GradientBoosting
213886.0,5.0,6,1,0.9625,1,1,1,1,0.0375,GradientBoosting
214060.0,1.0,2,1,0.7803,1,1,1,1,0.2197,GradientBoosting
214707.0,3.0,4,1,0.8255,1,1,1,1,0.1745,GradientBoosting
214707.0,4.0,5,1,0.8972,1,1,1,1,0.1028,GradientBoosting
214707.0,5.0,6,1,0.9614,1,1,1,1,0.0386,GradientBoosting
215067.0,1.0,2,1,0.2303,0,0,2,2,0.7697,GradientBoosting
216645.0,7.0,8,1,0.974,1,1,1,1,0.026,GradientBoosting
218548.0,7.0,8,0,0.1389,0,0,4,4,0.8611,GradientBoosting
218548.0,8.0,9,0,0.0439,0,0,4,4,0.9561,GradientBoosting
218548.0,9.0,10,0,0.1416,0,0,4,4,0.8584,GradientBoosting
219520.0,3.0,4,0,0.0125,0,0,4,4,0.9875,GradientBoosting
219520.0,4.0,5,0,0.014,0,0,4,4,0.986,GradientBoosting
219520.0,5.0,6,0,0.011,0,0,4,4,0.989,GradientBoosting
220192.0,5.0,6,0,0.0107,0,0,4,4,0.9893,GradientBoosting
220457.0,1.0,2,1,0.0291,0,0,2,2,0.9709,GradientBoosting
220583.0,5.0,6,1,0.8145,1,0,1,2,0.1855,GradientBoosting
220680.0,1.0,2,1,0.112,0,0,2,2,0.888,GradientBoosting
220680.0,2.0,3,0,0.156,0,0,4,4,0.844,GradientBoosting
220680.0,3.0,4,0,0.0859,0,0,4,4,0.9141,GradientBoosting
221204.0,1.0,2,1,0.7251,1,0,1,2,0.2749,GradientBoosting
221490.0,7.0,8,0,0.2745,0,1,4,3,0.7255,GradientBoosting
223292.0,1.0,2,1,0.4017,0,0,2,2,0.5983,GradientBoosting
223292.0,2.0,3,0,0.2139,0,0,4,4,0.7861,GradientBoosting
223292.0,3.0,4,0,0.0186,0,0,4,4,0.9814,GradientBoosting
225324.0,1.0,2,1,0.312,0,0,2,2,0.688,GradientBoosting
225917.0,7.0,8,1,0.9652,1,1,1,1,0.0348,GradientBoosting
226580.0,1.0,2,1,0.7251,1,0,1,2,0.2749,GradientBoosting
228960.0,3.0,4,0,0.3305,0,0,4,4,0.6695,GradientBoosting
228960.0,4.0,5,0,0.5585,1,1,3,3,0.4415,GradientBoosting
228960.0,5.0,6,1,0.8145,1,1,1,1,0.1855,GradientBoosting
228969.0,1.0,2,1,0.0177,0,0,2,2,0.9823,GradientBoosting
228969.0,2.0,3,0,0.0144,0,0,4,4,0.9856,GradientBoosting
228969.0,3.0,4,0,0.0156,0,0,4,4,0.9844,GradientBoosting
229981.0,1.0,2,1,0.0102,0,0,2,2,0.9898,GradientBoosting
230001.0,1.0,2,1,0.8217,1,1,1,1,0.1783,GradientBoosting
230001.0,2.0,3,1,0.7462,1,1,1,1,0.2538,GradientBoosting
230001.0,3.0,4,1,0.7512,1,1,1,1,0.2488,GradientBoosting
230277.0,7.0,8,0,0.5863,1,0,3,4,0.4137,GradientBoosting
230604.0,1.0,2,1,0.6935,1,0,1,2,0.3065,GradientBoosting
231555.0,1.0,2,1,0.0849,0,0,2,2,0.9151,GradientBoosting
232014.0,1.0,2,1,0.1791,0,0,2,2,0.8209,GradientBoosting
233960.0,3.0,4,1,0.9608,1,1,1,1,0.0392,GradientBoosting
233960.0,4.0,5,1,0.8795,1,1,1,1,0.1205,GradientBoosting
233960.0,5.0,6,1,0.8527,1,1,1,1,0.1473,GradientBoosting
234728.0,1.0,2,1,0.0824,0,0,2,2,0.9176,GradientBoosting
235271.0,5.0,6,1,0.8991,1,0,1,2,0.1009,GradientBoosting
235271.0,6.0,7,0,0.5254,1,0,3,4,0.4746,GradientBoosting
235271.0,7.0,8,0,0.6816,1,0,3,4,0.3184,GradientBoosting
235599.0,9.0,10,0,0.6222,1,0,3,4,0.3778,GradientBoosting
236658.0,1.0,2,1,0.7776,1,1,1,1,0.2224,GradientBoosting
236658.0,2.0,3,1,0.7909,1,1,1,1,0.2091,GradientBoosting
236658.0,3.0,4,1,0.7441,1,1,1,1,0.2559,GradientBoosting
237199.0,1.0,2,1,0.1033,0,0,2,2,0.8967,GradientBoosting
237199.0,2.0,3,0,0.2396,0,0,4,4,0.7604,GradientBoosting
237199.0,3.0,4,0,0.1306,0,0,4,4,0.8694,GradientBoosting
238898.0,1.0,2,1,0.277,0,0,2,2,0.723,GradientBoosting
238898.0,2.0,3,0,0.3657,0,1,4,3,0.6343,GradientBoosting
238898.0,3.0,4,1,0.7074,1,0,1,2,0.2926,GradientBoosting
239251.0,7.0,8,0,0.7554,1,0,3,4,0.2446,GradientBoosting
239778.0,1.0,2,1,0.0399,0,0,2,2,0.9601,GradientBoosting
239778.0,2.0,3,0,0.1844,0,0,4,4,0.8156,GradientBoosting
239778.0,3.0,4,0,0.1034,0,0,4,4,0.8966,GradientBoosting
240565.0,1.0,2,1,0.8237,1,0,1,2,0.1763,GradientBoosting
242868.0,7.0,8,1,0.9032,1,1,1,1,0.0968,GradientBoosting
242978.0,7.0,8,0,0.0488,0,0,4,4,0.9512,GradientBoosting
243323.0,3.0,4,0,0.0267,0,0,4,4,0.9733,GradientBoosting
243323.0,4.0,5,0,0.0128,0,0,4,4,0.9872,GradientBoosting
243323.0,5.0,6,0,0.0151,0,0,4,4,0.9849,GradientBoosting
243582.0,5.0,6,0,0.0151,0,0,4,4,0.9849,GradientBoosting
243582.0,6.0,7,0,0.0904,0,0,4,4,0.9096,GradientBoosting
243582.0,7.0,8,0,0.11,0,0,4,4,0.89,GradientBoosting
245648.0,3.0,4,1,0.8935,1,1,1,1,0.1065,GradientBoosting
245648.0,4.0,5,1,0.9518,1,1,1,1,0.0482,GradientBoosting
245648.0,5.0,6,1,0.8341,1,0,1,2,0.1659,GradientBoosting
246369.0,5.0,6,1,0.7679,1,0,1,2,0.2321,GradientBoosting
246369.0,6.0,7,0,0.2993,0,0,4,4,0.7007,GradientBoosting
246369.0,7.0,8,0,0.5325,1,1,3,3,0.4675,GradientBoosting
246831.0,3.0,4,0,0.4708,0,0,4,4,0.5292,GradientBoosting
246831.0,4.0,5,0,0.1862,0,0,4,4,0.8138,GradientBoosting
246831.0,5.0,6,0,0.046,0,0,4,4,0.954,GradientBoosting
247131.0,1.0,2,1,0.0878,0,0,2,2,0.9122,GradientBoosting
247580.0,1.0,2,1,0.6641,1,0,1,2,0.3359,GradientBoosting
248115.0,1.0,2,1,0.1033,0,0,2,2,0.8967,GradientBoosting
249728.0,1.0,2,1,0.093,0,0,2,2,0.907,GradientBoosting
250068.0,3.0,4,0,0.0131,0,0,4,4,0.9869,GradientBoosting
250068.0,4.0,5,0,0.0143,0,0,4,4,0.9857,GradientBoosting
250068.0,5.0,6,0,0.0428,0,0,4,4,0.9572,GradientBoosting
250639.0,7.0,8,0,0.0408,0,0,4,4,0.9592,GradientBoosting
250927.0,1.0,2,1,0.6646,1,0,1,2,0.3354,GradientBoosting
250927.0,2.0,3,0,0.3365,0,0,4,4,0.6635,GradientBoosting
250927.0,3.0,4,0,0.0541,0,0,4,4,0.9459,GradientBoosting
251908.0,7.0,8,1,0.9708,1,1,1,1,0.0292,GradientBoosting
251908.0,8.0,9,1,0.9752,1,1,1,1,0.0248,GradientBoosting
251908.0,9.0,10,1,0.9528,1,1,1,1,0.0472,GradientBoosting
252100.0,7.0,8,0,0.1387,0,0,4,4,0.8613,GradientBoosting
252312.0,1.0,2,1,0.8857,1,1,1,1,0.1143,GradientBoosting
252552.0,7.0,8,0,0.1245,0,0,4,4,0.8755,GradientBoosting
254452.0,1.0,2,1,0.058,0,0,2,2,0.942,GradientBoosting
255109.0,1.0,2,1,0.7251,1,1,1,1,0.2749,GradientBoosting
255109.0,2.0,3,1,0.8338,1,1,1,1,0.1662,GradientBoosting
255109.0,3.0,4,1,0.73,1,1,1,1,0.27,GradientBoosting
255725.0,5.0,6,0,0.1664,0,1,4,3,0.8336,GradientBoosting
256485.0,1.0,2,1,0.6405,1,0,1,2,0.3595,GradientBoosting
256959.0,3.0,4,0,0.0125,0,0,4,4,0.9875,GradientBoosting
256959.0,4.0,5,0,0.0098,0,0,4,4,0.9902,GradientBoosting
256959.0,5.0,6,0,0.0135,0,0,4,4,0.9865,GradientBoosting
257711.0,7.0,8,0,0.5181,1,0,3,4,0.4819,GradientBoosting
257925.0,5.0,6,0,0.2408,0,0,4,4,0.7592,GradientBoosting
257925.0,6.0,7,0,0.0574,0,1,4,3,0.9426,GradientBoosting
257925.0,7.0,8,1,0.7688,1,1,1,1,0.2312,GradientBoosting
257945.0,1.0,2,1,0.4175,0,1,2,1,0.5825,GradientBoosting
258233.0,1.0,2,1,0.6607,1,1,1,1,0.3393,GradientBoosting
258233.0,2.0,3,1,0.7935,1,0,1,2,0.2065,GradientBoosting
258233.0,3.0,4,0,0.146,0,1,4,3,0.854,GradientBoosting
260288.0,1.0,2,1,0.0824,0,0,2,2,0.9176,GradientBoosting
261046.0,1.0,2,1,0.6822,1,0,1,2,0.3178,GradientBoosting
261046.0,2.0,3,0,0.163,0,0,4,4,0.837,GradientBoosting
261046.0,3.0,4,0,0.0693,0,0,4,4,0.9307,GradientBoosting
261144.0,5.0,6,0,0.0308,0,0,4,4,0.9692,GradientBoosting
261144.0,6.0,7,0,0.1507,0,0,4,4,0.8493,GradientBoosting
261144.0,7.0,8,0,0.0471,0,0,4,4,0.9529,GradientBoosting
261795.0,3.0,4,1,0.7844,1,0,1,2,0.2156,GradientBoosting
262784.0,1.0,2,1,0.0672,0,0,2,2,0.9328,GradientBoosting
264875.0,3.0,4,1,0.884,1,1,1,1,0.116,GradientBoosting
264875.0,4.0,5,1,0.9268,1,1,1,1,0.0732,GradientBoosting
264875.0,5.0,6,1,0.9196,1,1,1,1,0.0804,GradientBoosting
267895.0,1.0,2,1,0.0873,0,0,2,2,0.9127,GradientBoosting
268022.0,9.0,10,1,0.9357,1,1,1,1,0.0643,GradientBoosting
268208.0,5.0,6,0,0.1386,0,0,4,4,0.8614,GradientBoosting
268208.0,6.0,7,0,0.0923,0,0,4,4,0.9077,GradientBoosting
268208.0,7.0,8,0,0.0682,0,0,4,4,0.9318,GradientBoosting
268455.0,1.0,2,1,0.4699,0,0,2,2,0.5301,GradientBoosting
268654.0,5.0,6,0,0.3684,0,1,4,3,0.6316,GradientBoosting
268654.0,6.0,7,1,0.8404,1,0,1,2,0.1596,GradientBoosting
268654.0,7.0,8,0,0.6284,1,0,3,4,0.3716,GradientBoosting
268698.0,7.0,8,1,0.8154,1,1,1,1,0.1846,GradientBoosting
269087.0,1.0,2,1,0.9427,1,1,1,1,0.0573,GradientBoosting
269087.0,2.0,3,1,0.937,1,1,1,1,0.063,GradientBoosting
269087.0,3.0,4,1,0.8935,1,1,1,1,0.1065,GradientBoosting
270093.0,1.0,2,1,0.8237,1,1,1,1,0.1763,GradientBoosting
270093.0,2.0,3,1,0.8842,1,0,1,2,0.1158,GradientBoosting
270093.0,3.0,4,0,0.1019,0,1,4,3,0.8981,GradientBoosting
270338.0,5.0,6,1,0.8341,1,1,1,1,0.1659,GradientBoosting
270338.0,6.0,7,1,0.8467,1,1,1,1,0.1533,GradientBoosting
270338.0,7.0,8,1,0.9756,1,1,1,1,0.0244,GradientBoosting
270915.0,1.0,2,1,0.7798,1,0,1,2,0.2202,GradientBoosting
270915.0,2.0,3,0,0.5537,1,1,3,3,0.4463,GradientBoosting
270915.0,3.0,4,1,0.9127,1,1,1,1,0.0873,GradientBoosting
271230.0,5.0,6,0,0.1794,0,0,4,4,0.8206,GradientBoosting
271230.0,6.0,7,0,0.1289,0,0,4,4,0.8711,GradientBoosting
271230.0,7.0,8,0,0.6968,1,1,3,3,0.3032,GradientBoosting
276236.0,9.0,10,1,0.8978,1,1,1,1,0.1022,GradientBoosting
277111.0,1.0,2,1,0.093,0,0,2,2,0.907,GradientBoosting
277111.0,2.0,3,0,0.0453,0,0,4,4,0.9547,GradientBoosting
277111.0,3.0,4,0,0.2247,0,1,4,3,0.7753,GradientBoosting
277288.0,3.0,4,0,0.0892,0,0,4,4,0.9108,GradientBoosting
277288.0,4.0,5,0,0.4794,0,0,4,4,0.5206,GradientBoosting
277288.0,5.0,6,0,0.1648,0,0,4,4,0.8352,GradientBoosting
279590.0,5.0,6,0,0.0122,0,0,4,4,0.9878,GradientBoosting
279590.0,6.0,7,0,0.0123,0,0,4,4,0.9877,GradientBoosting
279841.0,7.0,8,1,0.8175,1,1,1,1,0.1825,GradientBoosting
280088.0,7.0,8,1,0.9759,1,1,1,1,0.0241,GradientBoosting
280251.0,1.0,2,1,0.9095,1,1,1,1,0.0905,GradientBoosting
280251.0,2.0,3,1,0.832,1,0,1,2,0.168,GradientBoosting
280251.0,3.0,4,0,0.2376,0,0,4,4,0.7624,GradientBoosting
280291.0,5.0,6,0,0.301,0,1,4,3,0.699,GradientBoosting
280291.0,6.0,7,1,0.6617,1,0,1,2,0.3383,GradientBoosting
280291.0,7.0,8,0,0.6675,1,0,3,4,0.3325,GradientBoosting
280422.0,5.0,6,0,0.0518,0,0,4,4,0.9482,GradientBoosting
280422.0,6.0,7,0,0.0328,0,0,4,4,0.9672,GradientBoosting
280422.0,7.0,8,0,0.0572,0,0,4,4,0.9428,GradientBoosting
280826.0,3.0,4,0,0.0307,0,0,4,4,0.9693,GradientBoosting
280826.0,4.0,5,0,0.0129,0,0,4,4,0.9871,GradientBoosting
280826.0,5.0,6,0,0.0111,0,0,4,4,0.9889,GradientBoosting
280933.0,5.0,6,1,0.8275,1,1,1,1,0.1725,GradientBoosting
280933.0,6.0,7,1,0.9652,1,1,1,1,0.0348,GradientBoosting
280933.0,7.0,8,1,0.9032,1,1,1,1,0.0968,GradientBoosting
281136.0,1.0,2,1,0.8237,1,1,1,1,0.1763,GradientBoosting
281667.0,1.0,2,1,0.9,1,1,1,1,0.1,GradientBoosting
281996.0,1.0,2,1,0.3604,0,0,2,2,0.6396,GradientBoosting
281996.0,2.0,3,0,0.1229,0,0,4,4,0.8771,GradientBoosting
282134.0,7.0,8,1,0.9387,1,1,1,1,0.0613,GradientBoosting
282154.0,1.0,2,1,0.0227,0,0,2,2,0.9773,GradientBoosting
284957.0,1.0,2,1,0.0163,0,0,2,2,0.9837,GradientBoosting
284957.0,2.0,3,0,0.0154,0,0,4,4,0.9846,GradientBoosting
284957.0,3.0,4,0,0.0197,0,0,4,4,0.9803,GradientBoosting
285770.0,7.0,8,1,0.7228,1,1,1,1,0.2772,GradientBoosting
287076.0,1.0,2,1,0.0546,0,0,2,2,0.9454,GradientBoosting
287076.0,2.0,3,0,0.0396,0,0,4,4,0.9604,GradientBoosting
287076.0,3.0,4,0,0.0174,0,0,4,4,0.9826,GradientBoosting
287587.0,7.0,8,1,0.8302,1,1,1,1,0.1698,GradientBoosting
288293.0,3.0,4,1,0.9355,1,1,1,1,0.0645,GradientBoosting
288293.0,4.0,5,1,0.9572,1,1,1,1,0.0428,GradientBoosting
288293.0,5.0,6,1,0.9404,1,1,1,1,0.0596,GradientBoosting
288715.0,1.0,2,1,0.8237,1,1,1,1,0.1763,GradientBoosting
288715.0,2.0,3,1,0.8215,1,0,1,2,0.1785,GradientBoosting
288715.0,3.0,4,0,0.0954,0,0,4,4,0.9046,GradientBoosting
288877.0,1.0,2,1,0.1334,0,0,2,2,0.8666,GradientBoosting
288877.0,2.0,3,0,0.0126,0,0,4,4,0.9874,GradientBoosting
288877.0,3.0,4,0,0.0109,0,0,4,4,0.9891,GradientBoosting
293661.0,5.0,6,0,0.5123,1,0,3,4,0.4877,GradientBoosting
293661.0,6.0,7,0,0.3891,0,0,4,4,0.6109,GradientBoosting
293661.0,7.0,8,0,0.5368,1,0,3,4,0.4632,GradientBoosting
294853.0,1.0,2,1,0.1916,0,0,2,2,0.8084,GradientBoosting
294853.0,2.0,3,0,0.2415,0,0,4,4,0.7585,GradientBoosting
294853.0,3.0,4,0,0.5028,1,0,3,4,0.4972,GradientBoosting
295049.0,1.0,2,1,0.6822,1,1,1,1,0.3178,GradientBoosting
295237.0,1.0,2,1,0.0861,0,0,2,2,0.9139,GradientBoosting
295273.0,1.0,2,1,0.0144,0,0,2,2,0.9856,GradientBoosting
295431.0,7.0,8,0,0.1242,0,0,4,4,0.8758,GradientBoosting
297430.0,1.0,2,1,0.0155,0,0,2,2,0.9845,GradientBoosting
297430.0,2.0,3,0,0.0179,0,0,4,4,0.9821,GradientBoosting
297430.0,3.0,4,0,0.0162,0,0,4,4,0.9838,GradientBoosting
299573.0,3.0,4,0,0.124,0,0,4,4,0.876,GradientBoosting
299573.0,4.0,5,0,0.0669,0,0,4,4,0.9331,GradientBoosting
299573.0,5.0,6,0,0.1661,0,0,4,4,0.8339,GradientBoosting
299605.0,5.0,6,1,0.956,1,1,1,1,0.044,GradientBoosting
299605.0,6.0,7,1,0.9579,1,1,1,1,0.0421,GradientBoosting
299605.0,7.0,8,1,0.9457,1,1,1,1,0.0543,GradientBoosting
301364.0,1.0,2,1,0.2652,0,0,2,2,0.7348,GradientBoosting
302600.0,7.0,8,0,0.0708,0,0,4,4,0.9292,GradientBoosting
303150.0,9.0,10,1,0.9528,1,1,1,1,0.0472,GradientBoosting
304353.0,3.0,4,0,0.0148,0,0,4,4,0.9852,GradientBoosting
304353.0,4.0,5,0,0.0106,0,0,4,4,0.9894,GradientBoosting
304353.0,5.0,6,0,0.0135,0,0,4,4,0.9865,GradientBoosting
305989.0,1.0,2,1,0.0841,0,0,2,2,0.9159,GradientBoosting
305989.0,2.0,3,0,0.1836,0,0,4,4,0.8164,GradientBoosting
305989.0,3.0,4,0,0.4701,0,0,4,4,0.5299,GradientBoosting
306053.0,3.0,4,1,0.7074,1,1,1,1,0.2926,GradientBoosting
306053.0,4.0,5,1,0.765,1,1,1,1,0.235,GradientBoosting
306053.0,5.0,6,1,0.7642,1,1,1,1,0.2358,GradientBoosting
306202.0,5.0,6,1,0.934,1,1,1,1,0.066,GradientBoosting
306202.0,6.0,7,1,0.9384,1,1,1,1,0.0616,GradientBoosting
306202.0,7.0,8,1,0.9756,1,1,1,1,0.0244,GradientBoosting
306342.0,7.0,8,1,0.8895,1,1,1,1,0.1105,GradientBoosting
306586.0,1.0,2,1,0.0926,0,0,2,2,0.9074,GradientBoosting
307304.0,1.0,2,1,0.6405,1,0,1,2,0.3595,GradientBoosting
307304.0,2.0,3,0,0.347,0,1,4,3,0.653,GradientBoosting
307304.0,3.0,4,1,0.6164,1,0,1,2,0.3836,GradientBoosting
308276.0,1.0,2,1,0.9405,1,1,1,1,0.0595,GradientBoosting
308276.0,2.0,3,1,0.7944,1,1,1,1,0.2056,GradientBoosting
308276.0,3.0,4,1,0.8752,1,1,1,1,0.1248,GradientBoosting
309395.0,5.0,6,1,0.9625,1,1,1,1,0.0375,GradientBoosting
309395.0,6.0,7,1,0.959,1,1,1,1,0.041,GradientBoosting
309395.0,7.0,8,1,0.9652,1,1,1,1,0.0348,GradientBoosting
309650.0,3.0,4,1,0.9675,1,1,1,1,0.0325,GradientBoosting
309650.0,4.0,5,1,0.9243,1,1,1,1,0.0757,GradientBoosting
309650.0,5.0,6,1,0.9626,1,1,1,1,0.0374,GradientBoosting
309763.0,1.0,2,1,0.4699,0,0,2,2,0.5301,GradientBoosting
311594.0,1.0,2,1,0.0246,0,0,2,2,0.9754,GradientBoosting
313199.0,3.0,4,1,0.7844,1,0,1,2,0.2156,GradientBoosting
313199.0,4.0,5,0,0.7012,1,1,3,3,0.2988,GradientBoosting
313199.0,5.0,6,1,0.8991,1,0,1,2,0.1009,GradientBoosting
313684.0,1.0,2,1,0.4017,0,0,2,2,0.5983,GradientBoosting
313684.0,2.0,3,0,0.5778,1,0,3,4,0.4222,GradientBoosting
313684.0,3.0,4,0,0.233,0,0,4,4,0.767,GradientBoosting
314955.0,3.0,4,0,0.0112,0,0,4,4,0.9888,GradientBoosting
314955.0,4.0,5,0,0.0165,0,0,4,4,0.9835,GradientBoosting
314955.0,5.0,6,0,0.015,0,0,4,4,0.985,GradientBoosting
316239.0,1.0,2,1,0.0649,0,0,2,2,0.9351,GradientBoosting
316535.0,3.0,4,0,0.0901,0,1,4,3,0.9099,GradientBoosting
316535.0,4.0,5,1,0.6331,1,1,1,1,0.3669,GradientBoosting
316535.0,5.0,6,1,0.6668,1,0,1,2,0.3332,GradientBoosting
317505.0,2.0,3,0,0.0377,0,0,4,4,0.9623,GradientBoosting
319180.0,1.0,2,1,0.8217,1,1,1,1,0.1783,GradientBoosting
320057.0,1.0,2,1,0.0446,0,0,2,2,0.9554,GradientBoosting
320057.0,2.0,3,0,0.0498,0,0,4,4,0.9502,GradientBoosting
320057.0,3.0,4,0,0.0376,0,0,4,4,0.9624,GradientBoosting
320698.0,5.0,6,1,0.9626,1,1,1,1,0.0374,GradientBoosting
320698.0,6.0,7,1,0.8571,1,1,1,1,0.1429,GradientBoosting
320698.0,7.0,8,1,0.974,1,1,1,1,0.026,GradientBoosting
322720.0,3.0,4,0,0.1506,0,0,4,4,0.8494,GradientBoosting
322720.0,4.0,5,0,0.6126,1,0,3,4,0.3874,GradientBoosting
322720.0,5.0,6,0,0.1421,0,0,4,4,0.8579,GradientBoosting
330172.0,9.0,10,1,0.9806,1,1,1,1,0.0194,GradientBoosting
332396.0,1.0,2,1,0.6544,1,1,1,1,0.3456,GradientBoosting
334108.0,5.0,6,1,0.9625,1,1,1,1,0.0375,GradientBoosting
334108.0,6.0,7,1,0.9575,1,1,1,1,0.0425,GradientBoosting
334108.0,7.0,8,1,0.9238,1,1,1,1,0.0762,GradientBoosting
335072.0,1.0,2,1,0.3173,0,0,2,2,0.6827,GradientBoosting
335226.0,7.0,8,1,0.9243,1,1,1,1,0.0757,GradientBoosting
335576.0,5.0,6,1,0.6668,1,1,1,1,0.3332,GradientBoosting
335576.0,6.0,7,1,0.5909,1,1,1,1,0.4091,GradientBoosting
335576.0,7.0,8,1,0.8876,1,0,1,2,0.1124,GradientBoosting
336677.0,5.0,6,0,0.0111,0,0,4,4,0.9889,GradientBoosting
336677.0,6.0,7,0,0.0188,0,0,4,4,0.9812,GradientBoosting
337009.0,3.0,4,0,0.2045,0,0,4,4,0.7955,GradientBoosting
337720.0,1.0,2,1,0.4881,0,0,2,2,0.5119,GradientBoosting
337720.0,2.0,3,0,0.1422,0,0,4,4,0.8578,GradientBoosting
337720.0,3.0,4,0,0.1042,0,1,4,3,0.8958,GradientBoosting
341337.0,1.0,2,1,0.6544,1,1,1,1,0.3456,GradientBoosting
341337.0,2.0,3,1,0.7462,1,0,1,2,0.2538,GradientBoosting
341337.0,3.0,4,0,0.146,0,0,4,4,0.854,GradientBoosting
343632.0,1.0,2,1,0.9095,1,1,1,1,0.0905,GradientBoosting
343632.0,2.0,3,1,0.8335,1,1,1,1,0.1665,GradientBoosting
343632.0,3.0,4,1,0.8346,1,1,1,1,0.1654,GradientBoosting
343742.0,7.0,8,0,0.1089,0,0,4,4,0.8911,GradientBoosting
344082.0,7.0,8,0,0.0509,0,0,4,4,0.9491,GradientBoosting
344347.0,1.0,2,1,0.6545,1,0,1,2,0.3455,GradientBoosting
344347.0,2.0,3,0,0.2723,0,0,4,4,0.7277,GradientBoosting
344347.0,3.0,4,0,0.0724,0,0,4,4,0.9276,GradientBoosting
345866.0,1.0,2,1,0.8968,1,1,1,1,0.1032,GradientBoosting
345866.0,2.0,3,1,0.7403,1,0,1,2,0.2597,GradientBoosting
345866.0,3.0,4,0,0.3127,0,0,4,4,0.6873,GradientBoosting
346163.0,3.0,4,0,0.0918,0,0,4,4,0.9082,GradientBoosting
346163.0,4.0,5,0,0.2158,0,1,4,3,0.7842,GradientBoosting
346163.0,5.0,6,1,0.7058,1,1,1,1,0.2942,GradientBoosting
347843.0,7.0,8,1,0.9371,1,0,1,2,0.0629,GradientBoosting
349612.0,5.0,6,0,0.1386,0,0,4,4,0.8614,GradientBoosting
349612.0,6.0,7,0,0.3275,0,0,4,4,0.6725,GradientBoosting
349612.0,7.0,8,0,0.6245,1,1,3,3,0.3755,GradientBoosting
349918.0,1.0,2,1,0.6544,1,1,1,1,0.3456,GradientBoosting
349989.0,1.0,2,1,0.5368,1,0,1,2,0.4632,GradientBoosting
350492.0,3.0,4,1,0.7512,1,1,1,1,0.2488,GradientBoosting
350492.0,4.0,5,1,0.5338,1,1,1,1,0.4662,GradientBoosting
350492.0,5.0,6,1,0.8865,1,1,1,1,0.1135,GradientBoosting
350856.0,3.0,4,0,0.4084,0,0,4,4,0.5916,GradientBoosting
350856.0,4.0,5,0,0.3503,0,0,4,4,0.6497,GradientBoosting
350856.0,5.0,6,0,0.1825,0,0,4,4,0.8175,GradientBoosting
352791.0,3.0,4,0,0.0145,0,0,4,4,0.9855,GradientBoosting
352791.0,4.0,5,0,0.0121,0,0,4,4,0.9879,GradientBoosting
352791.0,5.0,6,0,0.0174,0,0,4,4,0.9826,GradientBoosting
353386.0,1.0,2,1,0.8857,1,1,1,1,0.1143,GradientBoosting
355033.0,7.0,8,1,0.9652,1,1,1,1,0.0348,GradientBoosting
356240.0,7.0,8,1,0.9701,1,1,1,1,0.0299,GradientBoosting
356240.0,8.0,9,1,0.9721,1,1,1,1,0.0279,GradientBoosting
356240.0,9.0,10,1,0.973,1,1,1,1,0.027,GradientBoosting
356303.0,3.0,4,1,0.956,1,1,1,1,0.044,GradientBoosting
356303.0,4.0,5,1,0.9559,1,1,1,1,0.0441,GradientBoosting
356303.0,5.0,6,1,0.931,1,1,1,1,0.069,GradientBoosting
356320.0,5.0,6,0,0.0133,0,0,4,4,0.9867,GradientBoosting
356320.0,6.0,7,0,0.0249,0,0,4,4,0.9751,GradientBoosting
356320.0,7.0,8,0,0.0227,0,0,4,4,0.9773,GradientBoosting
358402.0,3.0,4,1,0.8364,1,0,1,2,0.1636,GradientBoosting
358402.0,4.0,5,0,0.825,1,1,3,3,0.175,GradientBoosting
358402.0,5.0,6,1,0.931,1,1,1,1,0.069,GradientBoosting
358956.0,1.0,2,1,0.5834,1,1,1,1,0.4166,GradientBoosting
358956.0,2.0,3,1,0.7836,1,1,1,1,0.2164,GradientBoosting
358956.0,3.0,4,1,0.6087,1,1,1,1,0.3913,GradientBoosting
359961.0,5.0,6,0,0.0195,0,0,4,4,0.9805,GradientBoosting
359961.0,6.0,7,0,0.0208,0,0,4,4,0.9792,GradientBoosting
359961.0,7.0,8,0,0.0505,0,0,4,4,0.9495,GradientBoosting
360247.0,1.0,2,1,0.6578,1,1,1,1,0.3422,GradientBoosting
360247.0,2.0,3,1,0.8338,1,1,1,1,0.1662,GradientBoosting
360247.0,3.0,4,1,0.6674,1,1,1,1,0.3326,GradientBoosting
360749.0,1.0,2,1,0.7251,1,1,1,1,0.2749,GradientBoosting
360749.0,2.0,3,1,0.832,1,0,1,2,0.168,GradientBoosting
360749.0,3.0,4,0,0.3836,0,0,4,4,0.6164,GradientBoosting
360869.0,7.0,8,0,0.021,0,0,4,4,0.979,GradientBoosting
361419.0,7.0,8,1,0.9756,1,1,1,1,0.0244,GradientBoosting
362122.0,1.0,2,1,0.0851,0,0,2,2,0.9149,GradientBoosting
362122.0,2.0,3,0,0.2893,0,0,4,4,0.7107,GradientBoosting
362122.0,3.0,4,0,0.146,0,0,4,4,0.854,GradientBoosting
362200.0,3.0,4,0,0.012,0,0,4,4,0.988,GradientBoosting
362200.0,4.0,5,0,0.0136,0,0,4,4,0.9864,GradientBoosting
362200.0,5.0,6,0,0.0111,0,0,4,4,0.9889,GradientBoosting
362620.0,3.0,4,0,0.041,0,0,4,4,0.959,GradientBoosting
362620.0,4.0,5,0,0.0669,0,0,4,4,0.9331,GradientBoosting
362620.0,5.0,6,0,0.124,0,0,4,4,0.876,GradientBoosting
363988.0,1.0,2,1,0.8217,1,1,1,1,0.1783,GradientBoosting
364079.0,1.0,2,1,0.5368,1,0,1,2,0.4632,GradientBoosting
364811.0,7.0,8,1,0.9032,1,1,1,1,0.0968,GradientBoosting
365152.0,1.0,2,1,0.6696,1,0,1,2,0.3304,GradientBoosting
365152.0,2.0,3,0,0.0318,0,0,4,4,0.9682,GradientBoosting
365152.0,3.0,4,0,0.0365,0,0,4,4,0.9635,GradientBoosting
365665.0,1.0,2,1,0.1334,0,0,2,2,0.8666,GradientBoosting
365828.0,1.0,2,1,0.0677,0,0,2,2,0.9323,GradientBoosting
366262.0,5.0,6,1,0.9196,1,1,1,1,0.0804,GradientBoosting
366262.0,6.0,7,1,0.9575,1,1,1,1,0.0425,GradientBoosting
366262.0,7.0,8,1,0.956,1,1,1,1,0.044,GradientBoosting
366420.0,7.0,8,0,0.1186,0,0,4,4,0.8814,GradientBoosting
366884.0,7.0,8,0,0.0372,0,0,4,4,0.9628,GradientBoosting
367044.0,7.0,8,0,0.5609,1,0,3,4,0.4391,GradientBoosting
367044.0,8.0,9,0,0.3869,0,0,4,4,0.6131,GradientBoosting
367044.0,9.0,10,0,0.7666,1,0,3,4,0.2334,GradientBoosting
367249.0,3.0,4,0,0.0151,0,0,4,4,0.9849,GradientBoosting
367249.0,4.0,5,0,0.0249,0,0,4,4,0.9751,GradientBoosting
367249.0,5.0,6,0,0.0121,0,0,4,4,0.9879,GradientBoosting
369023.0,1.0,2,1,0.8297,1,1,1,1,0.1703,GradientBoosting
369023.0,2.0,3,1,0.9422,1,1,1,1,0.0578,GradientBoosting
369023.0,3.0,4,1,0.6429,1,0,1,2,0.3571,GradientBoosting
370500.0,7.0,8,0,0.5243,1,0,3,4,0.4757,GradientBoosting
372866.0,1.0,2,1,0.8268,1,0,1,2,0.1732,GradientBoosting
372866.0,2.0,3,0,0.2091,0,1,4,3,0.7909,GradientBoosting
372866.0,3.0,4,1,0.7512,1,1,1,1,0.2488,GradientBoosting
375017.0,7.0,8,0,0.5857,1,0,3,4,0.4143,GradientBoosting
375489.0,1.0,2,1,0.9,1,1,1,1,0.1,GradientBoosting
375489.0,2.0,3,1,0.8091,1,1,1,1,0.1909,GradientBoosting
375489.0,3.0,4,1,0.8722,1,1,1,1,0.1278,GradientBoosting
375781.0,5.0,6,0,0.011,0,0,4,4,0.989,GradientBoosting
376225.0,1.0,2,1,0.8857,1,1,1,1,0.1143,GradientBoosting
376225.0,2.0,3,1,0.8264,1,1,1,1,0.1736,GradientBoosting
376225.0,3.0,4,1,0.9373,1,1,1,1,0.0627,GradientBoosting
379050.0,7.0,8,1,0.9707,1,1,1,1,0.0293,GradientBoosting
379076.0,1.0,2,1,0.0131,0,0,2,2,0.9869,GradientBoosting
379076.0,2.0,3,0,0.2764,0,0,4,4,0.7236,GradientBoosting
381335.0,5.0,6,0,0.0659,0,0,4,4,0.9341,GradientBoosting
381335.0,6.0,7,0,0.0176,0,0,4,4,0.9824,GradientBoosting
381335.0,7.0,8,0,0.0474,0,0,4,4,0.9526,GradientBoosting
381769.0,7.0,8,1,0.956,1,1,1,1,0.044,GradientBoosting
382249.0,1.0,2,1,0.9427,1,1,1,1,0.0573,GradientBoosting
382249.0,2.0,3,1,0.937,1,1,1,1,0.063,GradientBoosting
382249.0,3.0,4,1,0.8752,1,1,1,1,0.1248,GradientBoosting
382530.0,5.0,6,1,0.9196,1,1,1,1,0.0804,GradientBoosting
382530.0,6.0,7,1,0.9575,1,1,1,1,0.0425,GradientBoosting
382530.0,7.0,8,1,0.956,1,1,1,1,0.044,GradientBoosting
387621.0,7.0,8,0,0.7319,1,1,3,3,0.2681,GradientBoosting
387723.0,1.0,2,1,0.6544,1,1,1,1,0.3456,GradientBoosting
387723.0,2.0,3,1,0.748,1,0,1,2,0.252,GradientBoosting
387723.0,3.0,4,0,0.5028,1,0,3,4,0.4972,GradientBoosting
388699.0,5.0,6,0,0.1751,0,1,4,3,0.8249,GradientBoosting
388699.0,6.0,7,1,0.7029,1,1,1,1,0.2971,GradientBoosting
388699.0,7.0,8,1,0.7228,1,0,1,2,0.2772,GradientBoosting
389373.0,7.0,8,0,0.6968,1,0,3,4,0.3032,GradientBoosting
389918.0,7.0,8,1,0.9032,1,1,1,1,0.0968,GradientBoosting
390992.0,1.0,2,1,0.0571,0,0,2,2,0.9429,GradientBoosting
390992.0,2.0,3,0,0.0574,0,0,4,4,0.9426,GradientBoosting
390992.0,3.0,4,0,0.0365,0,0,4,4,0.9635,GradientBoosting
391343.0,1.0,2,1,0.2222,0,1,2,1,0.7778,GradientBoosting
393027.0,1.0,2,1,0.594,1,1,1,1,0.406,GradientBoosting
393027.0,2.0,3,1,0.8345,1,1,1,1,0.1655,GradientBoosting
393027.0,3.0,4,1,0.7925,1,0,1,2,0.2075,GradientBoosting
393222.0,7.0,8,0,0.1189,0,0,4,4,0.8811,GradientBoosting
393309.0,3.0,4,1,0.8935,1,1,1,1,0.1065,GradientBoosting
393309.0,4.0,5,1,0.6781,1,1,1,1,0.3219,GradientBoosting
393309.0,5.0,6,1,0.956,1,1,1,1,0.044,GradientBoosting
393347.0,3.0,4,0,0.029,0,0,4,4,0.971,GradientBoosting
393347.0,4.0,5,0,0.0204,0,0,4,4,0.9796,GradientBoosting
393347.0,5.0,6,0,0.0151,0,0,4,4,0.9849,GradientBoosting
393884.0,1.0,2,1,0.939,1,0,1,2,0.061,GradientBoosting
394006.0,3.0,4,1,0.7844,1,1,1,1,0.2156,GradientBoosting
394006.0,4.0,5,1,0.7156,1,1,1,1,0.2844,GradientBoosting
394006.0,5.0,6,1,0.8865,1,1,1,1,0.1135,GradientBoosting
394502.0,7.0,8,0,0.2492,0,0,4,4,0.7508,GradientBoosting
394753.0,1.0,2,1,0.4209,0,0,2,2,0.5791,GradientBoosting
394753.0,2.0,3,0,0.1199,0,1,4,3,0.8801,GradientBoosting
394753.0,3.0,4,1,0.6087,1,0,1,2,0.3913,GradientBoosting
395112.0,1.0,2,1,0.6822,1,0,1,2,0.3178,GradientBoosting
395770.0,7.0,8,1,0.9701,1,1,1,1,0.0299,GradientBoosting
395834.0,5.0,6,0,0.5459,1,1,3,3,0.4541,GradientBoosting
395834.0,6.0,7,1,0.7029,1,1,1,1,0.2971,GradientBoosting
395834.0,7.0,8,1,0.9708,1,1,1,1,0.0292,GradientBoosting
396022.0,3.0,4,1,0.9241,1,1,1,1,0.0759,GradientBoosting
396022.0,4.0,5,1,0.9292,1,0,1,2,0.0708,GradientBoosting
396197.0,5.0,6,0,0.0107,0,0,4,4,0.9893,GradientBoosting
396197.0,6.0,7,0,0.0123,0,0,4,4,0.9877,GradientBoosting
396197.0,7.0,8,0,0.0216,0,0,4,4,0.9784,GradientBoosting
396212.0,5.0,6,0,0.108,0,0,4,4,0.892,GradientBoosting
396212.0,6.0,7,0,0.1354,0,0,4,4,0.8646,GradientBoosting
396212.0,7.0,8,0,0.1172,0,0,4,4,0.8828,GradientBoosting
396883.0,1.0,2,1,0.0821,0,0,2,2,0.9179,GradientBoosting
396883.0,2.0,3,0,0.0932,0,0,4,4,0.9068,GradientBoosting
396883.0,3.0,4,0,0.0259,0,0,4,4,0.9741,GradientBoosting
397257.0,1.0,2,1,0.7251,1,1,1,1,0.2749,GradientBoosting
397257.0,2.0,3,1,0.9123,1,1,1,1,0.0877,GradientBoosting
397257.0,3.0,4,1,0.7844,1,1,1,1,0.2156,GradientBoosting
400914.0,1.0,2,1,0.5443,1,0,1,2,0.4557,GradientBoosting
400914.0,2.0,3,0,0.2204,0,1,4,3,0.7796,GradientBoosting
400914.0,3.0,4,1,0.8323,1,1,1,1,0.1677,GradientBoosting
402198.0,1.0,2,1,0.0278,0,0,2,2,0.9722,GradientBoosting
402831.0,5.0,6,1,0.7852,1,1,1,1,0.2148,GradientBoosting
402831.0,6.0,7,1,0.8467,1,1,1,1,0.1533,GradientBoosting
402831.0,7.0,8,1,0.9756,1,1,1,1,0.0244,GradientBoosting
404211.0,1.0,2,1,0.7776,1,1,1,1,0.2224,GradientBoosting
404772.0,1.0,2,1,0.277,0,0,2,2,0.723,GradientBoosting
404772.0,2.0,3,0,0.0181,0,0,4,4,0.9819,GradientBoosting
404772.0,3.0,4,0,0.0294,0,0,4,4,0.9706,GradientBoosting
404808.0,3.0,4,1,0.9619,1,1,1,1,0.0381,GradientBoosting
404808.0,4.0,5,1,0.8881,1,1,1,1,0.1119,GradientBoosting
404808.0,5.0,6,1,0.7679,1,1,1,1,0.2321,GradientBoosting
405639.0,1.0,2,1,0.7834,1,1,1,1,0.2166,GradientBoosting
405911.0,1.0,2,1,0.0773,0,0,2,2,0.9227,GradientBoosting
407605.0,1.0,2,1,0.6957,1,0,1,2,0.3043,GradientBoosting
407605.0,2.0,3,0,0.0917,0,0,4,4,0.9083,GradientBoosting
407605.0,3.0,4,0,0.3087,0,0,4,4,0.6913,GradientBoosting
407622.0,1.0,2,1,0.6822,1,1,1,1,0.3178,GradientBoosting
407622.0,2.0,3,1,0.6498,1,1,1,1,0.3502,GradientBoosting
407622.0,3.0,4,1,0.6618,1,1,1,1,0.3382,GradientBoosting
408827.0,1.0,2,1,0.019,0,0,2,2,0.981,GradientBoosting
410879.0,3.0,4,0,0.0725,0,0,4,4,0.9275,GradientBoosting
410879.0,4.0,5,0,0.0926,0,0,4,4,0.9074,GradientBoosting
410879.0,5.0,6,0,0.0233,0,0,4,4,0.9767,GradientBoosting
411459.0,1.0,2,1,0.5244,1,0,1,2,0.4756,GradientBoosting
411459.0,2.0,3,0,0.4917,0,0,4,4,0.5083,GradientBoosting
411459.0,3.0,4,0,0.3443,0,1,4,3,0.6557,GradientBoosting
411559.0,5.0,6,0,0.0359,0,0,4,4,0.9641,GradientBoosting
411559.0,6.0,7,0,0.0185,0,0,4,4,0.9815,GradientBoosting
411559.0,7.0,8,0,0.1302,0,0,4,4,0.8698,GradientBoosting
412986.0,5.0,6,1,0.8341,1,1,1,1,0.1659,GradientBoosting
412986.0,6.0,7,1,0.9335,1,1,1,1,0.0665,GradientBoosting
412986.0,7.0,8,1,0.9527,1,1,1,1,0.0473,GradientBoosting
413183.0,5.0,6,0,0.011,0,0,4,4,0.989,GradientBoosting
413264.0,3.0,4,1,0.8339,1,1,1,1,0.1661,GradientBoosting
413264.0,4.0,5,1,0.9308,1,1,1,1,0.0692,GradientBoosting
413264.0,5.0,6,1,0.9404,1,1,1,1,0.0596,GradientBoosting
414095.0,1.0,2,1,0.6578,1,0,1,2,0.3422,GradientBoosting
414095.0,2.0,3,0,0.2319,0,1,4,3,0.7681,GradientBoosting
414095.0,3.0,4,1,0.6087,1,1,1,1,0.3913,GradientBoosting
414455.0,1.0,2,1,0.6031,1,1,1,1,0.3969,GradientBoosting
414455.0,2.0,3,1,0.956,1,1,1,1,0.044,GradientBoosting
414455.0,3.0,4,1,0.8364,1,1,1,1,0.1636,GradientBoosting
415199.0,3.0,4,0,0.012,0,0,4,4,0.988,GradientBoosting
415199.0,4.0,5,0,0.0108,0,0,4,4,0.9892,GradientBoosting
415199.0,5.0,6,0,0.0135,0,0,4,4,0.9865,GradientBoosting
415304.0,9.0,10,1,0.9806,1,1,1,1,0.0194,GradientBoosting
415441.0,9.0,10,0,0.2662,0,0,4,4,0.7338,GradientBoosting
415602.0,1.0,2,1,0.9095,1,0,1,2,0.0905,GradientBoosting
415602.0,2.0,3,0,0.4629,0,1,4,3,0.5371,GradientBoosting
415602.0,3.0,4,1,0.7844,1,1,1,1,0.2156,GradientBoosting
415756.0,1.0,2,1,0.8237,1,0,1,2,0.1763,GradientBoosting
415756.0,2.0,3,0,0.4531,0,1,4,3,0.5469,GradientBoosting
415756.0,3.0,4,1,0.7512,1,0,1,2,0.2488,GradientBoosting
416088.0,1.0,2,1,0.1127,0,0,2,2,0.8873,GradientBoosting
416185.0,4.0,5,0,0.0105,0,0,4,4,0.9895,GradientBoosting
416185.0,5.0,6,0,0.017,0,0,4,4,0.983,GradientBoosting
417082.0,7.0,8,0,0.2414,0,0,4,4,0.7586,GradientBoosting
417146.0,1.0,2,1,0.8768,1,1,1,1,0.1232,GradientBoosting
417811.0,5.0,6,0,0.0158,0,0,4,4,0.9842,GradientBoosting
417811.0,6.0,7,0,0.1834,0,0,4,4,0.8166,GradientBoosting
417811.0,7.0,8,0,0.1285,0,1,4,3,0.8715,GradientBoosting
420353.0,1.0,2,1,0.8768,1,0,1,2,0.1232,GradientBoosting
421216.0,1.0,2,1,0.939,1,1,1,1,0.061,GradientBoosting
421216.0,2.0,3,1,0.7403,1,1,1,1,0.2597,GradientBoosting
421216.0,3.0,4,1,0.7844,1,1,1,1,0.2156,GradientBoosting
421249.0,7.0,8,0,0.2671,0,0,4,4,0.7329,GradientBoosting
421249.0,8.0,9,0,0.1404,0,1,4,3,0.8596,GradientBoosting
421249.0,9.0,10,1,0.8441,1,0,1,2,0.1559,GradientBoosting
423162.0,7.0,8,1,0.9708,1,1,1,1,0.0292,GradientBoosting
424141.0,7.0,8,1,0.9527,1,0,1,2,0.0473,GradientBoosting
424144.0,5.0,6,0,0.0107,0,0,4,4,0.9893,GradientBoosting
424144.0,6.0,7,0,0.0687,0,0,4,4,0.9313,GradientBoosting
424144.0,7.0,8,0,0.0364,0,0,4,4,0.9636,GradientBoosting
424416.0,5.0,6,1,0.8865,1,1,1,1,0.1135,GradientBoosting
424416.0,6.0,7,1,0.7629,1,1,1,1,0.2371,GradientBoosting
424416.0,7.0,8,1,0.9243,1,1,1,1,0.0757,GradientBoosting
426168.0,5.0,6,0,0.0503,0,0,4,4,0.9497,GradientBoosting
426168.0,6.0,7,0,0.0154,0,0,4,4,0.9846,GradientBoosting
426168.0,7.0,8,0,0.0216,0,0,4,4,0.9784,GradientBoosting
426171.0,1.0,2,1,0.0135,0,0,2,2,0.9865,GradientBoosting
426651.0,1.0,2,1,0.1542,0,0,2,2,0.8458,GradientBoosting
427577.0,5.0,6,1,0.8219,1,0,1,2,0.1781,GradientBoosting
427577.0,6.0,7,0,0.5622,1,1,3,3,0.4378,GradientBoosting
427577.0,7.0,8,1,0.8175,1,0,1,2,0.1825,GradientBoosting
427585.0,1.0,2,1,0.3181,0,1,2,1,0.6819,GradientBoosting
428691.0,5.0,6,1,0.956,1,1,1,1,0.044,GradientBoosting
428691.0,6.0,7,1,0.9335,1,1,1,1,0.0665,GradientBoosting
428691.0,7.0,8,1,0.9243,1,1,1,1,0.0757,GradientBoosting
428841.0,7.0,8,0,0.3081,0,1,4,3,0.6919,GradientBoosting
429077.0,1.0,2,1,0.6405,1,0,1,2,0.3595,GradientBoosting
429262.0,1.0,2,1,0.0287,0,0,2,2,0.9713,GradientBoosting
431035.0,5.0,6,0,0.241,0,0,4,4,0.759,GradientBoosting
431035.0,6.0,7,0,0.1338,0,0,4,4,0.8662,GradientBoosting
431035.0,7.0,8,0,0.0575,0,0,4,4,0.9425,GradientBoosting
431786.0,1.0,2,1,0.0396,0,0,2,2,0.9604,GradientBoosting
432350.0,7.0,8,0,0.6585,1,1,3,3,0.3415,GradientBoosting
432554.0,9.0,10,0,0.8911,1,1,3,3,0.1089,GradientBoosting
432629.0,3.0,4,1,0.6689,1,0,1,2,0.3311,GradientBoosting
432629.0,4.0,5,0,0.2554,0,1,4,3,0.7446,GradientBoosting
432629.0,5.0,6,1,0.7058,1,0,1,2,0.2942,GradientBoosting
435633.0,1.0,2,1,0.9042,1,1,1,1,0.0958,GradientBoosting
435633.0,2.0,3,1,0.9663,1,1,1,1,0.0337,GradientBoosting
435633.0,3.0,4,1,0.9241,1,1,1,1,0.0759,GradientBoosting
437539.0,1.0,2,1,0.3872,0,0,2,2,0.6128,GradientBoosting
438844.0,5.0,6,1,0.9488,1,1,1,1,0.0512,GradientBoosting
438844.0,6.0,7,1,0.8265,1,1,1,1,0.1735,GradientBoosting
438844.0,7.0,8,1,0.9295,1,1,1,1,0.0705,GradientBoosting
439291.0,5.0,6,0,0.1192,0,0,4,4,0.8808,GradientBoosting
439291.0,6.0,7,0,0.1237,0,0,4,4,0.8763,GradientBoosting
439291.0,7.0,8,0,0.4315,0,0,4,4,0.5685,GradientBoosting
439842.0,5.0,6,0,0.208,0,0,4,4,0.792,GradientBoosting
439842.0,6.0,7,0,0.265,0,0,4,4,0.735,GradientBoosting
439842.0,7.0,8,0,0.5874,1,0,3,4,0.4126,GradientBoosting
441552.0,1.0,2,1,0.5022,1,0,1,2,0.4978,GradientBoosting
441552.0,2.0,3,0,0.156,0,0,4,4,0.844,GradientBoosting
441552.0,3.0,4,0,0.1101,0,0,4,4,0.8899,GradientBoosting
442818.0,6.0,7,0,0.0773,0,0,4,4,0.9227,GradientBoosting
442818.0,7.0,8,0,0.021,0,0,4,4,0.979,GradientBoosting
443022.0,1.0,2,1,0.0496,0,0,2,2,0.9504,GradientBoosting
444025.0,1.0,2,1,0.8468,1,0,1,2,0.1532,GradientBoosting
444025.0,2.0,3,0,0.375,0,0,4,4,0.625,GradientBoosting
444025.0,3.0,4,0,0.3794,0,1,4,3,0.6206,GradientBoosting
444477.0,3.0,4,0,0.0149,0,0,4,4,0.9851,GradientBoosting
444477.0,4.0,5,0,0.0125,0,0,4,4,0.9875,GradientBoosting
444477.0,5.0,6,0,0.0183,0,0,4,4,0.9817,GradientBoosting
444509.0,1.0,2,1,0.3173,0,0,2,2,0.6827,GradientBoosting
445083.0,5.0,6,1,0.6812,1,1,1,1,0.3188,GradientBoosting
445083.0,6.0,7,1,0.8265,1,1,1,1,0.1735,GradientBoosting
445083.0,7.0,8,1,0.8532,1,1,1,1,0.1468,GradientBoosting
445552.0,3.0,4,0,0.2247,0,1,4,3,0.7753,GradientBoosting
445552.0,4.0,5,1,0.9136,1,1,1,1,0.0864,GradientBoosting
445552.0,5.0,6,1,0.7058,1,1,1,1,0.2942,GradientBoosting
445668.0,1.0,2,1,0.7251,1,1,1,1,0.2749,GradientBoosting
445676.0,1.0,2,1,0.8237,1,0,1,2,0.1763,GradientBoosting
445676.0,2.0,3,0,0.417,0,0,4,4,0.583,GradientBoosting
445676.0,3.0,4,0,0.0376,0,0,4,4,0.9624,GradientBoosting
446427.0,3.0,4,0,0.3281,0,0,4,4,0.6719,GradientBoosting
446427.0,4.0,5,0,0.2355,0,0,4,4,0.7645,GradientBoosting
446427.0,5.0,6,0,0.0133,0,0,4,4,0.9867,GradientBoosting
449085.0,1.0,2,1,0.1721,0,0,2,2,0.8279,GradientBoosting
450424.0,7.0,8,0,0.0566,0,0,4,4,0.9434,GradientBoosting
450869.0,1.0,2,1,0.1945,0,1,2,1,0.8055,GradientBoosting
450869.0,2.0,3,1,0.748,1,0,1,2,0.252,GradientBoosting
450869.0,3.0,4,0,0.0894,0,0,4,4,0.9106,GradientBoosting
451196.0,5.0,6,0,0.3454,0,0,4,4,0.6546,GradientBoosting
451196.0,6.0,7,0,0.0933,0,0,4,4,0.9067,GradientBoosting
451196.0,7.0,8,0,0.4655,0,1,4,3,0.5345,GradientBoosting
451472.0,1.0,2,1,0.6765,1,0,1,2,0.3235,GradientBoosting
452804.0,1.0,2,1,0.6544,1,0,1,2,0.3456,GradientBoosting
453714.0,3.0,4,0,0.0187,0,1,4,3,0.9813,GradientBoosting
453956.0,7.0,8,0,0.5915,1,0,3,4,0.4085,GradientBoosting
454173.0,1.0,2,1,0.039,0,0,2,2,0.961,GradientBoosting
454173.0,2.0,3,0,0.0638,0,0,4,4,0.9362,GradientBoosting
454173.0,3.0,4,0,0.0141,0,0,4,4,0.9859,GradientBoosting
454345.0,7.0,8,0,0.1188,0,0,4,4,0.8812,GradientBoosting
455842.0,5.0,6,0,0.1217,0,0,4,4,0.8783,GradientBoosting
455842.0,6.0,7,0,0.0161,0,0,4,4,0.9839,GradientBoosting
455842.0,7.0,8,0,0.1436,0,0,4,4,0.8564,GradientBoosting
456779.0,5.0,6,1,0.8991,1,1,1,1,0.1009,GradientBoosting
459634.0,7.0,8,1,0.9775,1,1,1,1,0.0225,GradientBoosting
459634.0,8.0,9,1,0.9744,1,1,1,1,0.0256,GradientBoosting
459634.0,9.0,10,1,0.973,1,1,1,1,0.027,GradientBoosting
460361.0,1.0,2,1,0.2558,0,1,2,1,0.7442,GradientBoosting
461799.0,1.0,2,1,0.9095,1,1,1,1,0.0905,GradientBoosting
462625.0,7.0,8,0,0.0264,0,0,4,4,0.9736,GradientBoosting
463162.0,5.0,6,0,0.6114,1,0,3,4,0.3886,GradientBoosting
463162.0,6.0,7,0,0.0259,0,0,4,4,0.9741,GradientBoosting
463162.0,7.0,8,0,0.1435,0,0,4,4,0.8565,GradientBoosting
463393.0,3.0,4,0,0.0197,0,0,4,4,0.9803,GradientBoosting
463393.0,4.0,5,0,0.173,0,0,4,4,0.827,GradientBoosting
463393.0,5.0,6,0,0.0226,0,0,4,4,0.9774,GradientBoosting
466208.0,1.0,2,1,0.6646,1,1,1,1,0.3354,GradientBoosting
466208.0,2.0,3,1,0.7944,1,0,1,2,0.2056,GradientBoosting
466208.0,3.0,4,0,0.3955,0,0,4,4,0.6045,GradientBoosting
467841.0,3.0,4,0,0.2512,0,0,4,4,0.7488,GradientBoosting
467841.0,4.0,5,0,0.0226,0,0,4,4,0.9774,GradientBoosting
467841.0,5.0,6,0,0.0109,0,0,4,4,0.9891,GradientBoosting
468790.0,1.0,2,1,0.7251,1,1,1,1,0.2749,GradientBoosting
468819.0,1.0,2,1,0.0102,0,0,2,2,0.9898,GradientBoosting
468819.0,2.0,3,0,0.012,0,0,4,4,0.988,GradientBoosting
468819.0,3.0,4,0,0.0199,0,0,4,4,0.9801,GradientBoosting
469228.0,1.0,2,1,0.0339,0,0,2,2,0.9661,GradientBoosting
472427.0,3.0,4,0,0.0112,0,0,4,4,0.9888,GradientBoosting
472540.0,5.0,6,0,0.046,0,0,4,4,0.954,GradientBoosting
472540.0,6.0,7,0,0.0138,0,0,4,4,0.9862,GradientBoosting
472540.0,7.0,8,0,0.1302,0,0,4,4,0.8698,GradientBoosting
472551.0,7.0,8,0,0.5359,1,0,3,4,0.4641,GradientBoosting
473630.0,3.0,4,0,0.2281,0,1,4,3,0.7719,GradientBoosting
473630.0,4.0,5,1,0.765,1,1,1,1,0.235,GradientBoosting
473630.0,5.0,6,1,0.7642,1,1,1,1,0.2358,GradientBoosting
474164.0,7.0,8,1,0.9527,1,1,1,1,0.0473,GradientBoosting
474988.0,5.0,6,0,0.4361,0,0,4,4,0.5639,GradientBoosting
474988.0,6.0,7,0,0.0123,0,0,4,4,0.9877,GradientBoosting
474988.0,7.0,8,0,0.1389,0,0,4,4,0.8611,GradientBoosting
476136.0,3.0,4,0,0.345,0,1,4,3,0.655,GradientBoosting
476136.0,4.0,5,1,0.6804,1,0,1,2,0.3196,GradientBoosting
476136.0,5.0,6,0,0.5123,1,0,3,4,0.4877,GradientBoosting
478734.0,3.0,4,0,0.0145,0,0,4,4,0.9855,GradientBoosting
478734.0,4.0,5,0,0.0095,0,0,4,4,0.9905,GradientBoosting
478734.0,5.0,6,0,0.0111,0,0,4,4,0.9889,GradientBoosting
478885.0,3.0,4,1,0.8323,1,1,1,1,0.1677,GradientBoosting
478885.0,4.0,5,1,0.9518,1,1,1,1,0.0482,GradientBoosting
478885.0,5.0,6,1,0.7852,1,1,1,1,0.2148,GradientBoosting
479240.0,1.0,2,1,0.8268,1,1,1,1,0.1732,GradientBoosting
479810.0,3.0,4,1,0.7404,1,1,1,1,0.2596,GradientBoosting
479810.0,4.0,5,1,0.6169,1,0,1,2,0.3831,GradientBoosting
479810.0,5.0,6,0,0.4989,0,1,4,3,0.5011,GradientBoosting
480878.0,1.0,2,1,0.8468,1,1,1,1,0.1532,GradientBoosting
480878.0,2.0,3,1,0.7797,1,1,1,1,0.2203,GradientBoosting
480878.0,3.0,4,1,0.9241,1,1,1,1,0.0759,GradientBoosting
482509.0,1.0,2,1,0.6544,1,0,1,2,0.3456,GradientBoosting
482597.0,1.0,2,1,0.0461,0,0,2,2,0.9539,GradientBoosting
483246.0,5.0,6,0,0.4878,0,1,4,3,0.5122,GradientBoosting
483246.0,6.0,7,1,0.8404,1,1,1,1,0.1596,GradientBoosting
483246.0,7.0,8,1,0.9708,1,1,1,1,0.0292,GradientBoosting
483343.0,3.0,4,1,0.8722,1,0,1,2,0.1278,GradientBoosting
483343.0,4.0,5,0,0.4423,0,1,4,3,0.5577,GradientBoosting
483343.0,5.0,6,1,0.8145,1,1,1,1,0.1855,GradientBoosting
483890.0,1.0,2,1,0.0849,0,0,2,2,0.9151,GradientBoosting
488541.0,7.0,8,0,0.0255,0,0,4,4,0.9745,GradientBoosting
489743.0,1.0,2,1,0.0255,0,0,2,2,0.9745,GradientBoosting
489960.0,1.0,2,1,0.9,1,1,1,1,0.1,GradientBoosting
489960.0,2.0,3,1,0.9353,1,1,1,1,0.0647,GradientBoosting
489960.0,3.0,4,1,0.6087,1,1,1,1,0.3913,GradientBoosting
491153.0,1.0,2,1,0.0363,0,0,2,2,0.9637,GradientBoosting
491153.0,2.0,3,0,0.0164,0,0,4,4,0.9836,GradientBoosting
491153.0,3.0,4,0,0.0181,0,0,4,4,0.9819,GradientBoosting
491165.0,3.0,4,1,0.8339,1,1,1,1,0.1661,GradientBoosting
491165.0,4.0,5,1,0.9308,1,1,1,1,0.0692,GradientBoosting
491165.0,5.0,6,1,0.8465,1,1,1,1,0.1535,GradientBoosting
492267.0,1.0,2,1,0.9256,1,1,1,1,0.0744,GradientBoosting
492267.0,2.0,3,1,0.9123,1,1,1,1,0.0877,GradientBoosting
492267.0,3.0,4,1,0.8843,1,1,1,1,0.1157,GradientBoosting
492871.0,5.0,6,0,0.1127,0,0,4,4,0.8873,GradientBoosting
492871.0,6.0,7,0,0.0209,0,0,4,4,0.9791,GradientBoosting
492871.0,7.0,8,0,0.0474,0,0,4,4,0.9526,GradientBoosting
493010.0,1.0,2,1,0.02,0,0,2,2,0.98,GradientBoosting
495418.0,9.0,10,0,0.1719,0,0,4,4,0.8281,GradientBoosting
497062.0,5.0,6,0,0.0131,0,0,4,4,0.9869,GradientBoosting
497458.0,1.0,2,1,0.9095,1,1,1,1,0.0905,GradientBoosting
498474.0,7.0,8,1,0.9527,1,1,1,1,0.0473,GradientBoosting
499235.0,1.0,2,1,0.7694,1,1,1,1,0.2306,GradientBoosting
499235.0,2.0,3,1,0.8536,1,1,1,1,0.1464,GradientBoosting
499235.0,3.0,4,1,0.6419,1,0,1,2,0.3581,GradientBoosting
499382.0,1.0,2,1,0.9095,1,1,1,1,0.0905,GradientBoosting
499391.0,7.0,8,1,0.967,1,1,1,1,0.033,GradientBoosting
501817.0,1.0,2,1,0.8268,1,1,1,1,0.1732,GradientBoosting
502154.0,1.0,2,1,0.9095,1,1,1,1,0.0905,GradientBoosting
502154.0,2.0,3,1,0.937,1,1,1,1,0.063,GradientBoosting
502154.0,3.0,4,1,0.9355,1,1,1,1,0.0645,GradientBoosting
502849.0,1.0,2,1,0.1334,0,0,2,2,0.8666,GradientBoosting
503192.0,1.0,2,1,0.4699,0,0,2,2,0.5301,GradientBoosting
505876.0,1.0,2,1,0.7834,1,1,1,1,0.2166,GradientBoosting
507353.0,1.0,2,1,0.8768,1,0,1,2,0.1232,GradientBoosting
507555.0,1.0,2,1,0.9427,1,1,1,1,0.0573,GradientBoosting
507783.0,5.0,6,0,0.0892,0,0,4,4,0.9108,GradientBoosting
507783.0,6.0,7,0,0.02,0,0,4,4,0.98,GradientBoosting
507783.0,7.0,8,0,0.0401,0,0,4,4,0.9599,GradientBoosting
509219.0,5.0,6,0,0.0135,0,0,4,4,0.9865,GradientBoosting
509219.0,6.0,7,0,0.0135,0,0,4,4,0.9865,GradientBoosting
509219.0,7.0,8,0,0.0291,0,0,4,4,0.9709,GradientBoosting
509627.0,3.0,4,0,0.0132,0,0,4,4,0.9868,GradientBoosting
509627.0,4.0,5,0,0.0495,0,0,4,4,0.9505,GradientBoosting
509627.0,5.0,6,0,0.0476,0,0,4,4,0.9524,GradientBoosting
510355.0,7.0,8,0,0.0509,0,0,4,4,0.9491,GradientBoosting
510371.0,1.0,2,1,0.7251,1,0,1,2,0.2749,GradientBoosting
510380.0,1.0,2,1,0.0104,0,0,2,2,0.9896,GradientBoosting
510514.0,7.0,8,0,0.2853,0,0,4,4,0.7147,GradientBoosting
510802.0,3.0,4,1,0.6251,1,1,1,1,0.3749,GradientBoosting
510802.0,4.0,5,1,0.8795,1,1,1,1,0.1205,GradientBoosting
510802.0,5.0,6,1,0.9214,1,1,1,1,0.0786,GradientBoosting
510960.0,3.0,4,0,0.2875,0,1,4,3,0.7125,GradientBoosting
510960.0,4.0,5,1,0.6169,1,0,1,2,0.3831,GradientBoosting
510960.0,5.0,6,0,0.3348,0,0,4,4,0.6652,GradientBoosting
511405.0,1.0,2,1,0.6545,1,1,1,1,0.3455,GradientBoosting
511405.0,2.0,3,1,0.748,1,0,1,2,0.252,GradientBoosting
511405.0,3.0,4,0,0.146,0,0,4,4,0.854,GradientBoosting
516158.0,3.0,4,0,0.026,0,0,4,4,0.974,GradientBoosting
516158.0,4.0,5,0,0.0183,0,0,4,4,0.9817,GradientBoosting
516158.0,5.0,6,0,0.0135,0,0,4,4,0.9865,GradientBoosting
516238.0,3.0,4,1,0.9608,1,1,1,1,0.0392,GradientBoosting
516238.0,4.0,5,1,0.9572,1,1,1,1,0.0428,GradientBoosting
516238.0,5.0,6,1,0.9404,1,1,1,1,0.0596,GradientBoosting
516833.0,1.0,2,1,0.9008,1,1,1,1,0.0992,GradientBoosting
517055.0,3.0,4,0,0.0225,0,0,4,4,0.9775,GradientBoosting
517055.0,4.0,5,0,0.0125,0,0,4,4,0.9875,GradientBoosting
517055.0,5.0,6,0,0.0244,0,0,4,4,0.9756,GradientBoosting
519574.0,6.0,7,1,0.8467,1,0,1,2,0.1533,GradientBoosting
519574.0,7.0,8,0,0.7433,1,1,3,3,0.2567,GradientBoosting
519598.0,7.0,8,0,0.1458,0,1,4,3,0.8542,GradientBoosting
521032.0,5.0,6,1,0.9625,1,1,1,1,0.0375,GradientBoosting
521032.0,6.0,7,1,0.9426,1,1,1,1,0.0574,GradientBoosting
521032.0,7.0,8,1,0.9233,1,1,1,1,0.0767,GradientBoosting
521678.0,9.0,10,1,0.9528,1,1,1,1,0.0472,GradientBoosting
522435.0,5.0,6,0,0.2315,0,0,4,4,0.7685,GradientBoosting
522435.0,6.0,7,0,0.4518,0,0,4,4,0.5482,GradientBoosting
522435.0,7.0,8,0,0.6403,1,1,3,3,0.3597,GradientBoosting
522496.0,7.0,8,1,0.9708,1,1,1,1,0.0292,GradientBoosting
523908.0,5.0,6,0,0.011,0,0,4,4,0.989,GradientBoosting
523908.0,6.0,7,0,0.0135,0,0,4,4,0.9865,GradientBoosting
523908.0,7.0,8,0,0.0514,0,0,4,4,0.9486,GradientBoosting
525010.0,1.0,2,1,0.9095,1,1,1,1,0.0905,GradientBoosting
525010.0,2.0,3,1,0.9249,1,1,1,1,0.0751,GradientBoosting
525010.0,3.0,4,1,0.9373,1,1,1,1,0.0627,GradientBoosting
528222.0,7.0,8,0,0.0883,0,1,4,3,0.9117,GradientBoosting
530269.0,7.0,8,0,0.3295,0,0,4,4,0.6705,GradientBoosting
530269.0,8.0,9,0,0.7102,1,1,3,3,0.2898,GradientBoosting
530269.0,9.0,10,1,0.9357,1,1,1,1,0.0643,GradientBoosting
530342.0,1.0,2,1,0.9427,1,1,1,1,0.0573,GradientBoosting
530342.0,2.0,3,1,0.9249,1,1,1,1,0.0751,GradientBoosting
530342.0,3.0,4,1,0.8339,1,1,1,1,0.1661,GradientBoosting
530726.0,1.0,2,1,0.7694,1,1,1,1,0.2306,GradientBoosting
532145.0,1.0,2,1,0.7834,1,1,1,1,0.2166,GradientBoosting
532590.0,7.0,8,1,0.9821,1,1,1,1,0.0179,GradientBoosting
532914.0,1.0,2,1,0.8857,1,1,1,1,0.1143,GradientBoosting
533388.0,3.0,4,0,0.0164,0,0,4,4,0.9836,GradientBoosting
533388.0,4.0,5,0,0.0128,0,0,4,4,0.9872,GradientBoosting
533388.0,5.0,6,0,0.0151,0,0,4,4,0.9849,GradientBoosting
533865.0,1.0,2,1,0.1454,0,0,2,2,0.8546,GradientBoosting
533865.0,2.0,3,0,0.0216,0,0,4,4,0.9784,GradientBoosting
533865.0,3.0,4,0,0.016,0,0,4,4,0.984,GradientBoosting
534291.0,1.0,2,1,0.7834,1,1,1,1,0.2166,GradientBoosting
534607.0,1.0,2,1,0.1578,0,0,2,2,0.8422,GradientBoosting
535117.0,1.0,2,1,0.9008,1,1,1,1,0.0992,GradientBoosting
535117.0,2.0,3,1,0.7944,1,1,1,1,0.2056,GradientBoosting
535117.0,3.0,4,1,0.9241,1,1,1,1,0.0759,GradientBoosting
535369.0,3.0,4,0,0.0365,0,0,4,4,0.9635,GradientBoosting
535369.0,4.0,5,0,0.0517,0,0,4,4,0.9483,GradientBoosting
535369.0,5.0,6,0,0.0352,0,0,4,4,0.9648,GradientBoosting
535776.0,1.0,2,1,0.0196,0,0,2,2,0.9804,GradientBoosting
537494.0,9.0,10,1,0.8978,1,1,1,1,0.1022,GradientBoosting
538346.0,5.0,6,1,0.8991,1,1,1,1,0.1009,GradientBoosting
538346.0,6.0,7,1,0.962,1,1,1,1,0.038,GradientBoosting
538346.0,7.0,8,1,0.9652,1,1,1,1,0.0348,GradientBoosting
538391.0,6.0,7,0,0.021,0,0,4,4,0.979,GradientBoosting
538391.0,7.0,8,0,0.0264,0,0,4,4,0.9736,GradientBoosting
538495.0,1.0,2,1,0.9095,1,1,1,1,0.0905,GradientBoosting
539296.0,3.0,4,1,0.904,1,1,1,1,0.096,GradientBoosting
539296.0,4.0,5,1,0.9602,1,1,1,1,0.0398,GradientBoosting
539296.0,5.0,6,1,0.9626,1,1,1,1,0.0374,GradientBoosting
539427.0,3.0,4,1,0.5467,1,1,1,1,0.4533,GradientBoosting
539427.0,4.0,5,1,0.8872,1,1,1,1,0.1128,GradientBoosting
539427.0,5.0,6,1,0.937,1,1,1,1,0.063,GradientBoosting
539514.0,7.0,8,0,0.3814,0,1,4,3,0.6186,GradientBoosting
539968.0,9.0,10,1,0.9195,1,1,1,1,0.0805,GradientBoosting
540025.0,1.0,2,1,0.0204,0,0,2,2,0.9796,GradientBoosting
540935.0,1.0,2,1,0.8768,1,1,1,1,0.1232,GradientBoosting
540935.0,2.0,3,1,0.6826,1,0,1,2,0.3174,GradientBoosting
540935.0,3.0,4,0,0.146,0,0,4,4,0.854,GradientBoosting
540967.0,5.0,6,0,0.0252,0,0,4,4,0.9748,GradientBoosting
540967.0,6.0,7,0,0.1948,0,0,4,4,0.8052,GradientBoosting
540967.0,7.0,8,0,0.8201,1,0,3,4,0.1799,GradientBoosting
541212.0,1.0,2,1,0.5368,1,0,1,2,0.4632,GradientBoosting
541212.0,2.0,3,0,0.2031,0,0,4,4,0.7969,GradientBoosting
541212.0,3.0,4,0,0.2206,0,1,4,3,0.7794,GradientBoosting
542433.0,1.0,2,1,0.4699,0,0,2,2,0.5301,GradientBoosting
542433.0,2.0,3,0,0.6622,1,1,3,3,0.3378,GradientBoosting
542433.0,3.0,4,1,0.9127,1,1,1,1,0.0873,GradientBoosting
543201.0,5.0,6,0,0.0605,0,0,4,4,0.9395,GradientBoosting
543575.0,7.0,8,0,0.0488,0,1,4,3,0.9512,GradientBoosting
544098.0,7.0,8,0,0.0291,0,0,4,4,0.9709,GradientBoosting
544295.0,7.0,8,0,0.2274,0,0,4,4,0.7726,GradientBoosting
544295.0,8.0,9,0,0.1136,0,0,4,4,0.8864,GradientBoosting
544295.0,9.0,10,0,0.5591,1,0,3,4,0.4409,GradientBoosting
544462.0,1.0,2,1,0.0754,0,0,2,2,0.9246,GradientBoosting
544790.0,9.0,10,1,0.8978,1,1,1,1,0.1022,GradientBoosting
545146.0,3.0,4,1,0.8752,1,1,1,1,0.1248,GradientBoosting
545146.0,4.0,5,1,0.8881,1,1,1,1,0.1119,GradientBoosting
545146.0,5.0,6,1,0.8991,1,1,1,1,0.1009,GradientBoosting
545342.0,1.0,2,1,0.0398,0,0,2,2,0.9602,GradientBoosting
545898.0,7.0,8,1,0.8239,1,1,1,1,0.1761,GradientBoosting
545898.0,8.0,9,1,0.9013,1,1,1,1,0.0987,GradientBoosting
545898.0,9.0,10,1,0.8978,1,1,1,1,0.1022,GradientBoosting
546299.0,9.0,10,1,0.8978,1,1,1,1,0.1022,GradientBoosting
547280.0,5.0,6,0,0.1014,0,0,4,4,0.8986,GradientBoosting
547280.0,6.0,7,0,0.0168,0,0,4,4,0.9832,GradientBoosting
547280.0,7.0,8,0,0.0361,0,0,4,4,0.9639,GradientBoosting
548034.0,5.0,6,0,0.1329,0,0,4,4,0.8671,GradientBoosting
548555.0,4.0,5,0,0.0761,0,0,4,4,0.9239,GradientBoosting
548749.0,7.0,8,0,0.1316,0,1,4,3,0.8684,GradientBoosting
549059.0,3.0,4,0,0.029,0,0,4,4,0.971,GradientBoosting
549059.0,4.0,5,0,0.0473,0,0,4,4,0.9527,GradientBoosting
549059.0,5.0,6,0,0.0223,0,0,4,4,0.9777,GradientBoosting
549413.0,2.0,3,0,0.0144,0,0,4,4,0.9856,GradientBoosting
549413.0,3.0,4,0,0.029,0,0,4,4,0.971,GradientBoosting
550429.0,1.0,2,1,0.0197,0,0,2,2,0.9803,GradientBoosting
551798.0,1.0,2,1,0.8268,1,1,1,1,0.1732,GradientBoosting
551798.0,2.0,3,1,0.7403,1,0,1,2,0.2597,GradientBoosting
551798.0,3.0,4,0,0.4663,0,1,4,3,0.5337,GradientBoosting
551992.0,9.0,10,0,0.0544,0,0,4,4,0.9456,GradientBoosting
553220.0,7.0,8,0,0.4315,0,0,4,4,0.5685,GradientBoosting
553291.0,1.0,2,1,0.7709,1,0,1,2,0.2291,GradientBoosting
553291.0,2.0,3,0,0.4256,0,1,4,3,0.5744,GradientBoosting
553291.0,3.0,4,1,0.8198,1,1,1,1,0.1802,GradientBoosting
554395.0,1.0,2,1,0.8857,1,1,1,1,0.1143,GradientBoosting
554395.0,2.0,3,1,0.8091,1,1,1,1,0.1909,GradientBoosting
554395.0,3.0,4,1,0.8722,1,1,1,1,0.1278,GradientBoosting
554928.0,3.0,4,0,0.0162,0,0,4,4,0.9838,GradientBoosting
555850.0,1.0,2,1,0.0128,0,0,2,2,0.9872,GradientBoosting
557082.0,3.0,4,1,0.9677,1,1,1,1,0.0323,GradientBoosting
557082.0,4.0,5,1,0.9592,1,1,1,1,0.0408,GradientBoosting
557082.0,5.0,6,1,0.8991,1,1,1,1,0.1009,GradientBoosting
557088.0,3.0,4,1,0.6674,1,1,1,1,0.3326,GradientBoosting
557088.0,4.0,5,1,0.9339,1,1,1,1,0.0661,GradientBoosting
557088.0,5.0,6,1,0.8503,1,1,1,1,0.1497,GradientBoosting
557093.0,1.0,2,1,0.0487,0,0,2,2,0.9513,GradientBoosting
557093.0,2.0,3,0,0.0932,0,0,4,4,0.9068,GradientBoosting
557093.0,3.0,4,0,0.041,0,0,4,4,0.959,GradientBoosting
557257.0,1.0,2,1,0.722,1,0,1,2,0.278,GradientBoosting
557257.0,2.0,3,0,0.2268,0,0,4,4,0.7732,GradientBoosting
557257.0,3.0,4,0,0.1111,0,0,4,4,0.8889,GradientBoosting
558496.0,7.0,8,1,0.6918,1,1,1,1,0.3082,GradientBoosting
559864.0,5.0,6,0,0.0429,0,0,4,4,0.9571,GradientBoosting
559864.0,6.0,7,0,0.4518,0,0,4,4,0.5482,GradientBoosting
559864.0,7.0,8,0,0.6038,1,1,3,3,0.3962,GradientBoosting
560196.0,7.0,8,0,0.4761,0,0,4,4,0.5239,GradientBoosting
561074.0,1.0,2,1,0.0653,0,0,2,2,0.9347,GradientBoosting
561461.0,7.0,8,0,0.0155,0,0,4,4,0.9845,GradientBoosting
561928.0,3.0,4,1,0.9241,1,1,1,1,0.0759,GradientBoosting
561928.0,4.0,5,1,0.8872,1,1,1,1,0.1128,GradientBoosting
561928.0,5.0,6,1,0.8865,1,1,1,1,0.1135,GradientBoosting
562110.0,7.0,8,0,0.106,0,0,4,4,0.894,GradientBoosting
562110.0,8.0,9,0,0.0439,0,0,4,4,0.9561,GradientBoosting
562110.0,9.0,10,0,0.1637,0,0,4,4,0.8363,GradientBoosting
562858.0,3.0,4,1,0.646,1,0,1,2,0.354,GradientBoosting
562858.0,4.0,5,0,0.6099,1,1,3,3,0.3901,GradientBoosting
562858.0,5.0,6,1,0.7064,1,0,1,2,0.2936,GradientBoosting
563100.0,7.0,8,0,0.0294,0,0,4,4,0.9706,GradientBoosting
563634.0,7.0,8,0,0.056,0,0,4,4,0.944,GradientBoosting
564343.0,1.0,2,1,0.0258,0,0,2,2,0.9742,GradientBoosting
564343.0,2.0,3,0,0.0521,0,0,4,4,0.9479,GradientBoosting
564632.0,1.0,2,1,0.3173,0,0,2,2,0.6827,GradientBoosting
564632.0,2.0,3,0,0.0325,0,0,4,4,0.9675,GradientBoosting
564632.0,3.0,4,0,0.0156,0,0,4,4,0.9844,GradientBoosting
565554.0,1.0,2,1,0.9095,1,1,1,1,0.0905,GradientBoosting
565554.0,2.0,3,1,0.9297,1,1,1,1,0.0703,GradientBoosting
565554.0,3.0,4,1,0.884,1,1,1,1,0.116,GradientBoosting
566718.0,1.0,2,1,0.0832,0,0,2,2,0.9168,GradientBoosting
567126.0,7.0,8,0,0.0375,0,0,4,4,0.9625,GradientBoosting
568317.0,7.0,8,0,0.397,0,0,4,4,0.603,GradientBoosting
569111.0,1.0,2,1,0.6632,1,0,1,2,0.3368,GradientBoosting
570174.0,7.0,8,0,0.6942,1,1,3,3,0.3058,GradientBoosting
570174.0,8.0,9,1,0.8261,1,1,1,1,0.1739,GradientBoosting
570174.0,9.0,10,1,0.8978,1,1,1,1,0.1022,GradientBoosting
570725.0,5.0,6,0,0.4283,0,1,4,3,0.5717,GradientBoosting
570725.0,6.0,7,1,0.8574,1,0,1,2,0.1426,GradientBoosting
570725.0,7.0,8,0,0.6942,1,1,3,3,0.3058,GradientBoosting
571341.0,7.0,8,0,0.5845,1,0,3,4,0.4155,GradientBoosting
571341.0,8.0,9,0,0.2457,0,0,4,4,0.7543,GradientBoosting
571341.0,9.0,10,0,0.5814,1,0,3,4,0.4186,GradientBoosting
571529.0,1.0,2,1,0.9095,1,1,1,1,0.0905,GradientBoosting
571529.0,2.0,3,1,0.8852,1,1,1,1,0.1148,GradientBoosting
571529.0,3.0,4,1,0.9127,1,1,1,1,0.0873,GradientBoosting
571798.0,7.0,8,1,0.9243,1,1,1,1,0.0757,GradientBoosting
571939.0,1.0,2,1,0.7251,1,1,1,1,0.2749,GradientBoosting
571939.0,2.0,3,1,0.7462,1,1,1,1,0.2538,GradientBoosting
571939.0,3.0,4,1,0.9608,1,1,1,1,0.0392,GradientBoosting
573123.0,9.0,10,1,0.9806,1,1,1,1,0.0194,GradientBoosting
573347.0,1.0,2,1,0.7251,1,1,1,1,0.2749,GradientBoosting
574185.0,5.0,6,0,0.0237,0,0,4,4,0.9763,GradientBoosting
574185.0,6.0,7,0,0.0143,0,0,4,4,0.9857,GradientBoosting
574185.0,7.0,8,0,0.0194,0,0,4,4,0.9806,GradientBoosting
574480.0,7.0,8,0,0.2006,0,0,4,4,0.7994,GradientBoosting
575299.0,1.0,2,1,0.0849,0,0,2,2,0.9151,GradientBoosting
577151.0,5.0,6,1,0.8394,1,1,1,1,0.1606,GradientBoosting
578211.0,7.0,8,0,0.0479,0,0,4,4,0.9521,GradientBoosting
578951.0,1.0,2,1,0.0227,0,0,2,2,0.9773,GradientBoosting
579652.0,1.0,2,1,0.939,1,1,1,1,0.061,GradientBoosting
581523.0,1.0,2,1,0.5022,1,0,1,2,0.4978,GradientBoosting
584281.0,1.0,2,1,0.1791,0,0,2,2,0.8209,GradientBoosting
584426.0,3.0,4,0,0.3109,0,0,4,4,0.6891,GradientBoosting
584426.0,4.0,5,0,0.3924,0,0,4,4,0.6076,GradientBoosting
584426.0,5.0,6,0,0.4025,0,0,4,4,0.5975,GradientBoosting
585231.0,7.0,8,1,0.974,1,1,1,1,0.026,GradientBoosting
588504.0,1.0,2,1,0.9256,1,1,1,1,0.0744,GradientBoosting
588732.0,1.0,2,1,0.2303,0,0,2,2,0.7697,GradientBoosting
588732.0,2.0,3,0,0.0247,0,0,4,4,0.9753,GradientBoosting
588732.0,3.0,4,0,0.0141,0,0,4,4,0.9859,GradientBoosting
589339.0,1.0,2,1,0.5747,1,1,1,1,0.4253,GradientBoosting
589345.0,1.0,2,1,0.6647,1,0,1,2,0.3353,GradientBoosting
589674.0,3.0,4,0,0.012,0,0,4,4,0.988,GradientBoosting
589674.0,4.0,5,0,0.0634,0,0,4,4,0.9366,GradientBoosting
589674.0,5.0,6,0,0.2728,0,0,4,4,0.7272,GradientBoosting
589696.0,3.0,4,0,0.3443,0,0,4,4,0.6557,GradientBoosting
589696.0,4.0,5,0,0.4639,0,0,4,4,0.5361,GradientBoosting
589696.0,5.0,6,0,0.0684,0,0,4,4,0.9316,GradientBoosting
590653.0,5.0,6,1,0.9235,1,1,1,1,0.0765,GradientBoosting
590653.0,6.0,7,1,0.8265,1,1,1,1,0.1735,GradientBoosting
590653.0,7.0,8,1,0.9295,1,1,1,1,0.0705,GradientBoosting
590720.0,1.0,2,1,0.6544,1,0,1,2,0.3456,GradientBoosting
591073.0,3.0,4,0,0.3442,0,0,4,4,0.6558,GradientBoosting
591073.0,4.0,5,0,0.1806,0,0,4,4,0.8194,GradientBoosting
591073.0,5.0,6,0,0.0801,0,0,4,4,0.9199,GradientBoosting
591337.0,7.0,8,0,0.1089,0,0,4,4,0.8911,GradientBoosting
591337.0,8.0,9,0,0.2831,0,0,4,4,0.7169,GradientBoosting
591337.0,9.0,10,0,0.8027,1,1,3,3,0.1973,GradientBoosting
591414.0,1.0,2,1,0.7251,1,1,1,1,0.2749,GradientBoosting
591414.0,2.0,3,1,0.832,1,1,1,1,0.168,GradientBoosting
591414.0,3.0,4,1,0.7512,1,1,1,1,0.2488,GradientBoosting
591950.0,5.0,6,1,0.8991,1,1,1,1,0.1009,GradientBoosting
591950.0,6.0,7,1,0.9652,1,1,1,1,0.0348,GradientBoosting
591950.0,7.0,8,1,0.9032,1,1,1,1,0.0968,GradientBoosting
592842.0,1.0,2,1,0.7733,1,0,1,2,0.2267,GradientBoosting
592871.0,7.0,8,0,0.6968,1,1,3,3,0.3032,GradientBoosting
594322.0,3.0,4,1,0.9355,1,1,1,1,0.0645,GradientBoosting
594322.0,4.0,5,1,0.9308,1,1,1,1,0.0692,GradientBoosting
594322.0,5.0,6,1,0.934,1,1,1,1,0.066,GradientBoosting
595379.0,1.0,2,1,0.0742,0,0,2,2,0.9258,GradientBoosting
595379.0,2.0,3,0,0.1194,0,0,4,4,0.8806,GradientBoosting
595379.0,3.0,4,0,0.0378,0,0,4,4,0.9622,GradientBoosting
596775.0,7.0,8,1,0.9775,1,1,1,1,0.0225,GradientBoosting
596775.0,8.0,9,1,0.9744,1,1,1,1,0.0256,GradientBoosting
596775.0,9.0,10,1,0.9763,1,1,1,1,0.0237,GradientBoosting
597402.0,1.0,2,1,0.85,1,1,1,1,0.15,GradientBoosting
597516.0,1.0,2,1,0.1059,0,0,2,2,0.8941,GradientBoosting
597516.0,2.0,3,0,0.0145,0,0,4,4,0.9855,GradientBoosting
597516.0,3.0,4,0,0.011,0,0,4,4,0.989,GradientBoosting
598324.0,1.0,2,1,0.1334,0,0,2,2,0.8666,GradientBoosting
598324.0,2.0,3,0,0.0352,0,0,4,4,0.9648,GradientBoosting
598324.0,3.0,4,0,0.0179,0,1,4,3,0.9821,GradientBoosting
598610.0,1.0,2,1,0.4377,0,0,2,2,0.5623,GradientBoosting
598757.0,5.0,6,0,0.4299,0,1,4,3,0.5701,GradientBoosting
598757.0,6.0,7,1,0.8303,1,1,1,1,0.1697,GradientBoosting
598757.0,7.0,8,1,0.9593,1,1,1,1,0.0407,GradientBoosting
598935.0,7.0,8,1,0.9652,1,1,1,1,0.0348,GradientBoosting
599354.0,1.0,2,1,0.8768,1,1,1,1,0.1232,GradientBoosting
601582.0,1.0,2,1,0.0394,0,0,2,2,0.9606,GradientBoosting
602888.0,3.0,4,1,0.6087,1,1,1,1,0.3913,GradientBoosting
602888.0,4.0,5,1,0.8881,1,0,1,2,0.1119,GradientBoosting
602888.0,5.0,6,0,0.4878,0,1,4,3,0.5122,GradientBoosting
603035.0,1.0,2,1,0.3295,0,0,2,2,0.6705,GradientBoosting
603402.0,1.0,2,1,0.8768,1,1,1,1,0.1232,GradientBoosting
603402.0,2.0,3,1,0.8335,1,1,1,1,0.1665,GradientBoosting
603402.0,3.0,4,1,0.884,1,1,1,1,0.116,GradientBoosting
603931.0,3.0,4,1,0.7936,1,1,1,1,0.2064,GradientBoosting
603931.0,4.0,5,1,0.8003,1,0,1,2,0.1997,GradientBoosting
604225.0,3.0,4,0,0.0125,0,0,4,4,0.9875,GradientBoosting
604225.0,4.0,5,0,0.0098,0,0,4,4,0.9902,GradientBoosting
604225.0,5.0,6,0,0.0125,0,0,4,4,0.9875,GradientBoosting
604995.0,7.0,8,0,0.052,0,0,4,4,0.948,GradientBoosting
605179.0,1.0,2,1,0.0127,0,0,2,2,0.9873,GradientBoosting
605179.0,2.0,3,0,0.0132,0,0,4,4,0.9868,GradientBoosting
605179.0,3.0,4,0,0.0136,0,0,4,4,0.9864,GradientBoosting
607569.0,5.0,6,1,0.8865,1,1,1,1,0.1135,GradientBoosting
607569.0,6.0,7,1,0.8894,1,1,1,1,0.1106,GradientBoosting
607569.0,7.0,8,1,0.9527,1,0,1,2,0.0473,GradientBoosting
607739.0,7.0,8,0,0.7548,1,1,3,3,0.2452,GradientBoosting
607739.0,8.0,9,1,0.8261,1,1,1,1,0.1739,GradientBoosting
607739.0,9.0,10,1,0.8978,1,1,1,1,0.1022,GradientBoosting
608392.0,7.0,8,1,0.8239,1,0,1,2,0.1761,GradientBoosting
608392.0,8.0,9,0,0.5028,1,0,3,4,0.4972,GradientBoosting
608392.0,9.0,10,0,0.7907,1,1,3,3,0.2093,GradientBoosting
609302.0,1.0,2,1,0.9095,1,1,1,1,0.0905,GradientBoosting
609302.0,2.0,3,1,0.9322,1,0,1,2,0.0678,GradientBoosting
609302.0,3.0,4,0,0.3498,0,0,4,4,0.6502,GradientBoosting
610173.0,3.0,4,1,0.6772,1,1,1,1,0.3228,GradientBoosting
610173.0,4.0,5,1,0.6789,1,1,1,1,0.3211,GradientBoosting
610173.0,5.0,6,1,0.8341,1,1,1,1,0.1659,GradientBoosting
611870.0,1.0,2,1,0.0861,0,0,2,2,0.9139,GradientBoosting
611870.0,2.0,3,0,0.1049,0,0,4,4,0.8951,GradientBoosting
611870.0,3.0,4,0,0.2084,0,0,4,4,0.7916,GradientBoosting
611941.0,3.0,4,0,0.4474,0,0,4,4,0.5526,GradientBoosting
611941.0,4.0,5,0,0.4166,0,0,4,4,0.5834,GradientBoosting
611941.0,5.0,6,0,0.1748,0,0,4,4,0.8252,GradientBoosting
614215.0,1.0,2,1,0.9104,1,1,1,1,0.0896,GradientBoosting
614615.0,5.0,6,1,0.9626,1,1,1,1,0.0374,GradientBoosting
614615.0,6.0,7,1,0.9652,1,1,1,1,0.0348,GradientBoosting
614615.0,7.0,8,1,0.9652,1,1,1,1,0.0348,GradientBoosting
615687.0,1.0,2,1,0.7834,1,0,1,2,0.2166,GradientBoosting
617669.0,5.0,6,1,0.6854,1,1,1,1,0.3146,GradientBoosting
617669.0,6.0,7,1,0.9335,1,1,1,1,0.0665,GradientBoosting
617669.0,7.0,8,1,0.9701,1,0,1,2,0.0299,GradientBoosting
618051.0,1.0,2,1,0.5368,1,1,1,1,0.4632,GradientBoosting
618567.0,7.0,8,0,0.0394,0,0,4,4,0.9606,GradientBoosting
619437.0,5.0,6,0,0.0116,0,0,4,4,0.9884,GradientBoosting
619437.0,6.0,7,0,0.0131,0,0,4,4,0.9869,GradientBoosting
619437.0,7.0,8,0,0.1379,0,0,4,4,0.8621,GradientBoosting
619696.0,7.0,8,1,0.974,1,1,1,1,0.026,GradientBoosting
621223.0,5.0,6,1,0.7642,1,0,1,2,0.2358,GradientBoosting
621223.0,6.0,7,0,0.0734,0,0,4,4,0.9266,GradientBoosting
621223.0,7.0,8,0,0.0389,0,0,4,4,0.9611,GradientBoosting
624512.0,5.0,6,0,0.0815,0,0,4,4,0.9185,GradientBoosting
625335.0,1.0,2,1,0.3763,0,1,2,1,0.6237,GradientBoosting
626472.0,5.0,6,0,0.0771,0,1,4,3,0.9229,GradientBoosting
627374.0,1.0,2,1,0.0154,0,0,2,2,0.9846,GradientBoosting
627446.0,1.0,2,1,0.8857,1,1,1,1,0.1143,GradientBoosting
627969.0,1.0,2,1,0.8237,1,0,1,2,0.1763,GradientBoosting
629598.0,3.0,4,0,0.0428,0,0,4,4,0.9572,GradientBoosting
629598.0,4.0,5,0,0.5359,1,0,3,4,0.4641,GradientBoosting
629598.0,5.0,6,0,0.4323,0,0,4,4,0.5677,GradientBoosting
629869.0,1.0,2,1,0.0517,0,0,2,2,0.9483,GradientBoosting
629869.0,2.0,3,0,0.1272,0,0,4,4,0.8728,GradientBoosting
629869.0,3.0,4,0,0.024,0,0,4,4,0.976,GradientBoosting
630724.0,3.0,4,0,0.345,0,0,4,4,0.655,GradientBoosting
630724.0,4.0,5,0,0.2315,0,0,4,4,0.7685,GradientBoosting
630724.0,5.0,6,0,0.5123,1,0,3,4,0.4877,GradientBoosting
630766.0,7.0,8,1,0.9006,1,1,1,1,0.0994,GradientBoosting
631085.0,5.0,6,0,0.0135,0,0,4,4,0.9865,GradientBoosting
631085.0,6.0,7,0,0.0119,0,0,4,4,0.9881,GradientBoosting
631085.0,7.0,8,0,0.0372,0,0,4,4,0.9628,GradientBoosting
632110.0,5.0,6,0,0.0405,0,0,4,4,0.9595,GradientBoosting
632110.0,6.0,7,0,0.0272,0,0,4,4,0.9728,GradientBoosting
632110.0,7.0,8,0,0.2855,0,1,4,3,0.7145,GradientBoosting
632129.0,7.0,8,0,0.1285,0,0,4,4,0.8715,GradientBoosting
632677.0,3.0,4,0,0.4295,0,0,4,4,0.5705,GradientBoosting
632677.0,4.0,5,0,0.3173,0,1,4,3,0.6827,GradientBoosting
632677.0,5.0,6,1,0.6668,1,0,1,2,0.3332,GradientBoosting
632706.0,5.0,6,1,0.934,1,1,1,1,0.066,GradientBoosting
632706.0,6.0,7,1,0.7558,1,1,1,1,0.2442,GradientBoosting
632706.0,7.0,8,1,0.9701,1,1,1,1,0.0299,GradientBoosting
632725.0,3.0,4,1,0.7074,1,1,1,1,0.2926,GradientBoosting
632725.0,4.0,5,1,0.5338,1,0,1,2,0.4662,GradientBoosting
632725.0,5.0,6,0,0.2803,0,0,4,4,0.7197,GradientBoosting
633069.0,5.0,6,1,0.9625,1,1,1,1,0.0375,GradientBoosting
633069.0,6.0,7,1,0.9335,1,1,1,1,0.0665,GradientBoosting
633069.0,7.0,8,1,0.9759,1,1,1,1,0.0241,GradientBoosting
633705.0,1.0,2,1,0.8217,1,1,1,1,0.1783,GradientBoosting
634606.0,1.0,2,1,0.0334,0,0,2,2,0.9666,GradientBoosting
634606.0,2.0,3,0,0.012,0,0,4,4,0.988,GradientBoosting
636100.0,1.0,2,1,0.1219,0,1,2,1,0.8781,GradientBoosting
636353.0,5.0,6,1,0.956,1,1,1,1,0.044,GradientBoosting
636353.0,6.0,7,1,0.8017,1,1,1,1,0.1983,GradientBoosting
636353.0,7.0,8,1,0.9775,1,1,1,1,0.0225,GradientBoosting
636848.0,1.0,2,1,0.6822,1,1,1,1,0.3178,GradientBoosting
636848.0,2.0,3,1,0.8335,1,1,1,1,0.1665,GradientBoosting
636848.0,3.0,4,1,0.8346,1,1,1,1,0.1654,GradientBoosting
637504.0,3.0,4,1,0.6772,1,1,1,1,0.3228,GradientBoosting
637504.0,4.0,5,1,0.5674,1,0,1,2,0.4326,GradientBoosting
637504.0,5.0,6,0,0.2952,0,0,4,4,0.7048,GradientBoosting
638085.0,1.0,2,1,0.6822,1,1,1,1,0.3178,GradientBoosting
638934.0,7.0,8,0,0.1285,0,0,4,4,0.8715,GradientBoosting
638942.0,5.0,6,0,0.0163,0,0,4,4,0.9837,GradientBoosting
638942.0,6.0,7,0,0.0147,0,0,4,4,0.9853,GradientBoosting
638942.0,7.0,8,0,0.1164,0,0,4,4,0.8836,GradientBoosting
639212.0,1.0,2,1,0.3769,0,1,2,1,0.6231,GradientBoosting
639212.0,2.0,3,1,0.9422,1,1,1,1,0.0578,GradientBoosting
639212.0,3.0,4,1,0.6419,1,1,1,1,0.3581,GradientBoosting
639430.0,5.0,6,0,0.0815,0,0,4,4,0.9185,GradientBoosting
639430.0,6.0,7,0,0.0195,0,0,4,4,0.9805,GradientBoosting
639430.0,7.0,8,0,0.5055,1,0,3,4,0.4945,GradientBoosting
640338.0,5.0,6,1,0.8865,1,1,1,1,0.1135,GradientBoosting
640338.0,6.0,7,1,0.9575,1,1,1,1,0.0425,GradientBoosting
640338.0,7.0,8,1,0.9238,1,1,1,1,0.0762,GradientBoosting
640399.0,5.0,6,0,0.0189,0,0,4,4,0.9811,GradientBoosting
640399.0,6.0,7,0,0.4595,0,0,4,4,0.5405,GradientBoosting
640399.0,7.0,8,0,0.7319,1,0,3,4,0.2681,GradientBoosting
643047.0,7.0,8,1,0.9016,1,1,1,1,0.0984,GradientBoosting
643149.0,1.0,2,1,0.6957,1,0,1,2,0.3043,GradientBoosting
643446.0,7.0,8,0,0.3159,0,0,4,4,0.6841,GradientBoosting
643898.0,1.0,2,1,0.2811,0,0,2,2,0.7189,GradientBoosting
643898.0,2.0,3,0,0.1422,0,0,4,4,0.8578,GradientBoosting
643898.0,3.0,4,0,0.1019,0,0,4,4,0.8981,GradientBoosting
644040.0,1.0,2,1,0.5713,1,0,1,2,0.4287,GradientBoosting
644160.0,1.0,2,1,0.0653,0,0,2,2,0.9347,GradientBoosting
645321.0,5.0,6,0,0.4283,0,0,4,4,0.5717,GradientBoosting
645321.0,6.0,7,0,0.1584,0,0,4,4,0.8416,GradientBoosting
645321.0,7.0,8,0,0.4655,0,1,4,3,0.5345,GradientBoosting
646868.0,1.0,2,1,0.0808,0,1,2,1,0.9192,GradientBoosting
646868.0,2.0,3,1,0.6826,1,0,1,2,0.3174,GradientBoosting
647207.0,3.0,4,0,0.012,0,0,4,4,0.988,GradientBoosting
647207.0,4.0,5,0,0.0106,0,0,4,4,0.9894,GradientBoosting
647207.0,5.0,6,0,0.0172,0,0,4,4,0.9828,GradientBoosting
648022.0,3.0,4,0,0.0134,0,0,4,4,0.9866,GradientBoosting
648022.0,4.0,5,0,0.015,0,0,4,4,0.985,GradientBoosting
648022.0,5.0,6,0,0.0155,0,0,4,4,0.9845,GradientBoosting
648794.0,3.0,4,0,0.0247,0,0,4,4,0.9753,GradientBoosting
651595.0,5.0,6,0,0.0123,0,0,4,4,0.9877,GradientBoosting
651595.0,6.0,7,0,0.0123,0,0,4,4,0.9877,GradientBoosting
651595.0,7.0,8,0,0.1379,0,0,4,4,0.8621,GradientBoosting
651850.0,7.0,8,1,0.9608,1,1,1,1,0.0392,GradientBoosting
651882.0,1.0,2,1,0.9405,1,1,1,1,0.0595,GradientBoosting
651882.0,2.0,3,1,0.7944,1,1,1,1,0.2056,GradientBoosting
651882.0,3.0,4,1,0.9241,1,1,1,1,0.0759,GradientBoosting
652127.0,1.0,2,1,0.0938,0,0,2,2,0.9062,GradientBoosting
652127.0,2.0,3,0,0.039,0,0,4,4,0.961,GradientBoosting
652127.0,3.0,4,0,0.0156,0,0,4,4,0.9844,GradientBoosting
653735.0,3.0,4,1,0.6251,1,1,1,1,0.3749,GradientBoosting
653735.0,4.0,5,1,0.7471,1,1,1,1,0.2529,GradientBoosting
653735.0,5.0,6,1,0.8219,1,1,1,1,0.1781,GradientBoosting
654371.0,1.0,2,1,0.5368,1,0,1,2,0.4632,GradientBoosting
655164.0,7.0,8,1,0.9006,1,1,1,1,0.0994,GradientBoosting
655164.0,8.0,9,1,0.9598,1,1,1,1,0.0402,GradientBoosting
655164.0,9.0,10,1,0.973,1,1,1,1,0.027,GradientBoosting
655572.0,1.0,2,1,0.5368,1,1,1,1,0.4632,GradientBoosting
655572.0,2.0,3,1,0.7462,1,1,1,1,0.2538,GradientBoosting
655572.0,3.0,4,1,0.8323,1,1,1,1,0.1677,GradientBoosting
655619.0,3.0,4,0,0.3487,0,0,4,4,0.6513,GradientBoosting
655619.0,4.0,5,0,0.3503,0,1,4,3,0.6497,GradientBoosting
655619.0,5.0,6,1,0.8865,1,1,1,1,0.1135,GradientBoosting
655917.0,1.0,2,1,0.0963,0,0,2,2,0.9037,GradientBoosting
655917.0,2.0,3,0,0.0119,0,0,4,4,0.9881,GradientBoosting
655917.0,3.0,4,0,0.1019,0,0,4,4,0.8981,GradientBoosting
656425.0,1.0,2,1,0.9427,1,1,1,1,0.0573,GradientBoosting
656596.0,1.0,2,1,0.4699,0,0,2,2,0.5301,GradientBoosting
656596.0,2.0,3,0,0.2726,0,0,4,4,0.7274,GradientBoosting
656596.0,3.0,4,0,0.4673,0,1,4,3,0.5327,GradientBoosting
656912.0,1.0,2,1,0.6822,1,1,1,1,0.3178,GradientBoosting
656912.0,2.0,3,1,0.7935,1,1,1,1,0.2065,GradientBoosting
656912.0,3.0,4,1,0.7925,1,1,1,1,0.2075,GradientBoosting
656981.0,5.0,6,0,0.1892,0,0,4,4,0.8108,GradientBoosting
656981.0,6.0,7,0,0.1195,0,0,4,4,0.8805,GradientBoosting
656981.0,7.0,8,0,0.1567,0,0,4,4,0.8433,GradientBoosting
657643.0,7.0,8,1,0.9652,1,1,1,1,0.0348,GradientBoosting
657643.0,8.0,9,1,0.9671,1,1,1,1,0.0329,GradientBoosting
657643.0,9.0,10,1,0.973,1,1,1,1,0.027,GradientBoosting
658244.0,5.0,6,0,0.0111,0,0,4,4,0.9889,GradientBoosting
658313.0,3.0,4,1,0.7471,1,0,1,2,0.2529,GradientBoosting
658313.0,4.0,5,0,0.5507,1,1,3,3,0.4493,GradientBoosting
658313.0,5.0,6,1,0.7679,1,0,1,2,0.2321,GradientBoosting
658585.0,3.0,4,1,0.6949,1,1,1,1,0.3051,GradientBoosting
658585.0,4.0,5,1,0.8225,1,1,1,1,0.1775,GradientBoosting
658585.0,5.0,6,1,0.9404,1,1,1,1,0.0596,GradientBoosting
659281.0,7.0,8,1,0.9652,1,1,1,1,0.0348,GradientBoosting
659663.0,3.0,4,1,0.646,1,1,1,1,0.354,GradientBoosting
659663.0,4.0,5,1,0.7713,1,0,1,2,0.2287,GradientBoosting
659663.0,5.0,6,0,0.0911,0,0,4,4,0.9089,GradientBoosting
659905.0,9.0,10,0,0.05,0,0,4,4,0.95,GradientBoosting
661234.0,1.0,2,1,0.0752,0,0,2,2,0.9248,GradientBoosting
661234.0,2.0,3,0,0.1442,0,0,4,4,0.8558,GradientBoosting
661234.0,3.0,4,0,0.5028,1,0,3,4,0.4972,GradientBoosting
662371.0,5.0,6,0,0.0464,0,0,4,4,0.9536,GradientBoosting
662371.0,6.0,7,0,0.0512,0,0,4,4,0.9488,GradientBoosting
662371.0,7.0,8,0,0.2414,0,0,4,4,0.7586,GradientBoosting
663756.0,1.0,2,1,0.8857,1,1,1,1,0.1143,GradientBoosting
664166.0,1.0,2,1,0.3332,0,0,2,2,0.6668,GradientBoosting
665159.0,9.0,10,1,0.9357,1,1,1,1,0.0643,GradientBoosting
665542.0,7.0,8,1,0.9426,1,1,1,1,0.0574,GradientBoosting
665592.0,7.0,8,1,0.8154,1,1,1,1,0.1846,GradientBoosting
665683.0,7.0,8,1,0.8501,1,1,1,1,0.1499,GradientBoosting
665852.0,1.0,2,1,0.8768,1,1,1,1,0.1232,GradientBoosting
666315.0,1.0,2,1,0.6544,1,1,1,1,0.3456,GradientBoosting
666645.0,1.0,2,1,0.3766,0,1,2,1,0.6234,GradientBoosting
666837.0,3.0,4,0,0.2218,0,0,4,4,0.7782,GradientBoosting
668006.0,1.0,2,1,0.7251,1,1,1,1,0.2749,GradientBoosting
668115.0,5.0,6,1,0.9438,1,1,1,1,0.0562,GradientBoosting
668115.0,6.0,7,1,0.9579,1,1,1,1,0.0421,GradientBoosting
668115.0,7.0,8,1,0.9652,1,1,1,1,0.0348,GradientBoosting
668953.0,3.0,4,1,0.6618,1,1,1,1,0.3382,GradientBoosting
668953.0,4.0,5,1,0.8381,1,1,1,1,0.1619,GradientBoosting
668953.0,5.0,6,1,0.8499,1,1,1,1,0.1501,GradientBoosting
670916.0,1.0,2,1,0.277,0,1,2,1,0.723,GradientBoosting
670916.0,2.0,3,1,0.937,1,1,1,1,0.063,GradientBoosting
670916.0,3.0,4,1,0.9241,1,1,1,1,0.0759,GradientBoosting
671581.0,3.0,4,0,0.029,0,0,4,4,0.971,GradientBoosting
671581.0,4.0,5,0,0.041,0,0,4,4,0.959,GradientBoosting
671581.0,5.0,6,0,0.1506,0,1,4,3,0.8494,GradientBoosting
672207.0,3.0,4,1,0.5467,1,1,1,1,0.4533,GradientBoosting
672207.0,4.0,5,1,0.6349,1,0,1,2,0.3651,GradientBoosting
672207.0,5.0,6,0,0.2381,0,1,4,3,0.7619,GradientBoosting
674520.0,1.0,2,1,0.0528,0,0,2,2,0.9472,GradientBoosting
674520.0,2.0,3,0,0.0296,0,0,4,4,0.9704,GradientBoosting
674520.0,3.0,4,0,0.0208,0,0,4,4,0.9792,GradientBoosting
675046.0,1.0,2,1,0.9095,1,1,1,1,0.0905,GradientBoosting
675046.0,2.0,3,1,0.937,1,1,1,1,0.063,GradientBoosting
675046.0,3.0,4,1,0.8935,1,1,1,1,0.1065,GradientBoosting
675240.0,7.0,8,1,0.967,1,1,1,1,0.033,GradientBoosting
675340.0,3.0,4,1,0.904,1,0,1,2,0.096,GradientBoosting
675340.0,4.0,5,0,0.4459,0,1,4,3,0.5541,GradientBoosting
675340.0,5.0,6,1,0.8275,1,0,1,2,0.1725,GradientBoosting
675348.0,1.0,2,1,0.9427,1,1,1,1,0.0573,GradientBoosting
675544.0,1.0,2,1,0.6646,1,1,1,1,0.3354,GradientBoosting
676653.0,5.0,6,0,0.0334,0,0,4,4,0.9666,GradientBoosting
676653.0,6.0,7,0,0.0208,0,0,4,4,0.9792,GradientBoosting
676653.0,7.0,8,0,0.408,0,0,4,4,0.592,GradientBoosting
676812.0,1.0,2,1,0.9095,1,1,1,1,0.0905,GradientBoosting
676812.0,2.0,3,1,0.924,1,0,1,2,0.076,GradientBoosting
676812.0,3.0,4,0,0.3794,0,0,4,4,0.6206,GradientBoosting
677316.0,1.0,2,1,0.7267,1,1,1,1,0.2733,GradientBoosting
677316.0,2.0,3,1,0.6376,1,1,1,1,0.3624,GradientBoosting
677316.0,3.0,4,1,0.8722,1,1,1,1,0.1278,GradientBoosting
677700.0,7.0,8,0,0.0473,0,0,4,4,0.9527,GradientBoosting
677833.0,1.0,2,1,0.6646,1,1,1,1,0.3354,GradientBoosting
677833.0,2.0,3,1,0.8931,1,0,1,2,0.1069,GradientBoosting
677833.0,3.0,4,0,0.5028,1,0,3,4,0.4972,GradientBoosting
682223.0,7.0,8,1,0.974,1,1,1,1,0.026,GradientBoosting
684000.0,1.0,2,1,0.7251,1,0,1,2,0.2749,GradientBoosting
684048.0,3.0,4,1,0.6674,1,1,1,1,0.3326,GradientBoosting
684048.0,4.0,5,1,0.8795,1,1,1,1,0.1205,GradientBoosting
684048.0,5.0,6,1,0.7058,1,1,1,1,0.2942,GradientBoosting
684756.0,3.0,4,0,0.012,0,0,4,4,0.988,GradientBoosting
684789.0,1.0,2,1,0.0878,0,0,2,2,0.9122,GradientBoosting
684789.0,2.0,3,0,0.1229,0,0,4,4,0.8771,GradientBoosting
684789.0,3.0,4,0,0.1159,0,0,4,4,0.8841,GradientBoosting
684949.0,1.0,2,1,0.6545,1,1,1,1,0.3455,GradientBoosting
684949.0,2.0,3,1,0.748,1,0,1,2,0.252,GradientBoosting
684949.0,3.0,4,0,0.3435,0,0,4,4,0.6565,GradientBoosting
688672.0,5.0,6,0,0.0139,0,0,4,4,0.9861,GradientBoosting
688672.0,6.0,7,0,0.0574,0,0,4,4,0.9426,GradientBoosting
688672.0,7.0,8,0,0.1154,0,0,4,4,0.8846,GradientBoosting
689342.0,3.0,4,0,0.142,0,0,4,4,0.858,GradientBoosting
689571.0,5.0,6,1,0.7179,1,1,1,1,0.2821,GradientBoosting
689571.0,6.0,7,1,0.7795,1,1,1,1,0.2205,GradientBoosting
689571.0,7.0,8,1,0.9032,1,1,1,1,0.0968,GradientBoosting
691610.0,7.0,8,0,0.7543,1,1,3,3,0.2457,GradientBoosting
692709.0,7.0,8,0,0.4914,0,0,4,4,0.5086,GradientBoosting
692942.0,7.0,8,1,0.956,1,1,1,1,0.044,GradientBoosting
693688.0,5.0,6,0,0.011,0,0,4,4,0.989,GradientBoosting
693688.0,6.0,7,0,0.0187,0,0,4,4,0.9813,GradientBoosting
693688.0,7.0,8,0,0.0216,0,0,4,4,0.9784,GradientBoosting
694744.0,5.0,6,0,0.0344,0,0,4,4,0.9656,GradientBoosting
694744.0,6.0,7,0,0.0275,0,0,4,4,0.9725,GradientBoosting
694744.0,7.0,8,0,0.0474,0,0,4,4,0.9526,GradientBoosting
695122.0,7.0,8,0,0.3625,0,0,4,4,0.6375,GradientBoosting
695907.0,1.0,2,1,0.9425,1,1,1,1,0.0575,GradientBoosting
696465.0,3.0,4,1,0.6974,1,0,1,2,0.3026,GradientBoosting
696465.0,4.0,5,0,0.1088,0,0,4,4,0.8912,GradientBoosting
696465.0,5.0,6,0,0.0434,0,0,4,4,0.9566,GradientBoosting
697504.0,1.0,2,1,0.5713,1,1,1,1,0.4287,GradientBoosting
698316.0,1.0,2,1,0.7694,1,1,1,1,0.2306,GradientBoosting
698316.0,2.0,3,1,0.8931,1,0,1,2,0.1069,GradientBoosting
698316.0,3.0,4,0,0.4701,0,0,4,4,0.5299,GradientBoosting
698441.0,1.0,2,1,0.9,1,1,1,1,0.1,GradientBoosting
699561.0,7.0,8,0,0.0289,0,0,4,4,0.9711,GradientBoosting
699620.0,1.0,2,1,0.9095,1,1,1,1,0.0905,GradientBoosting
699620.0,2.0,3,1,0.937,1,1,1,1,0.063,GradientBoosting
699620.0,3.0,4,1,0.8198,1,1,1,1,0.1802,GradientBoosting
699709.0,1.0,2,1,0.2296,0,0,2,2,0.7704,GradientBoosting
700017.0,1.0,2,1,0.6812,1,0,1,2,0.3188,GradientBoosting
701009.0,1.0,2,1,0.0241,0,0,2,2,0.9759,GradientBoosting
701009.0,2.0,3,0,0.0217,0,0,4,4,0.9783,GradientBoosting
701009.0,3.0,4,0,0.0186,0,0,4,4,0.9814,GradientBoosting
702536.0,7.0,8,0,0.1436,0,0,4,4,0.8564,GradientBoosting
702536.0,8.0,9,0,0.1212,0,0,4,4,0.8788,GradientBoosting
702536.0,9.0,10,0,0.1195,0,0,4,4,0.8805,GradientBoosting
702599.0,1.0,2,1,0.7733,1,1,1,1,0.2267,GradientBoosting
702599.0,2.0,3,1,0.832,1,0,1,2,0.168,GradientBoosting
702599.0,3.0,4,0,0.1101,0,0,4,4,0.8899,GradientBoosting
702768.0,9.0,10,1,0.9357,1,1,1,1,0.0643,GradientBoosting
703802.0,1.0,2,1,0.939,1,1,1,1,0.061,GradientBoosting
703802.0,2.0,3,1,0.9123,1,1,1,1,0.0877,GradientBoosting
703802.0,3.0,4,1,0.9242,1,1,1,1,0.0758,GradientBoosting
703945.0,7.0,8,1,0.8895,1,1,1,1,0.1105,GradientBoosting
703945.0,8.0,9,1,0.9324,1,1,1,1,0.0676,GradientBoosting
703945.0,9.0,10,1,0.9357,1,1,1,1,0.0643,GradientBoosting
704469.0,1.0,2,1,0.0752,0,0,2,2,0.9248,GradientBoosting
704469.0,2.0,3,0,0.0144,0,0,4,4,0.9856,GradientBoosting
704469.0,3.0,4,0,0.0172,0,0,4,4,0.9828,GradientBoosting
704755.0,9.0,10,0,0.1679,0,0,4,4,0.8321,GradientBoosting
706272.0,9.0,10,1,0.9528,1,1,1,1,0.0472,GradientBoosting
707218.0,1.0,2,1,0.1578,0,0,2,2,0.8422,GradientBoosting
707218.0,2.0,3,0,0.0195,0,0,4,4,0.9805,GradientBoosting
707218.0,3.0,4,0,0.0365,0,0,4,4,0.9635,GradientBoosting
707462.0,5.0,6,1,0.8499,1,1,1,1,0.1501,GradientBoosting
707462.0,6.0,7,1,0.9618,1,1,1,1,0.0382,GradientBoosting
707462.0,7.0,8,1,0.9032,1,1,1,1,0.0968,GradientBoosting
709662.0,1.0,2,1,0.8857,1,1,1,1,0.1143,GradientBoosting
709662.0,2.0,3,1,0.832,1,1,1,1,0.168,GradientBoosting
709662.0,3.0,4,1,0.7783,1,1,1,1,0.2217,GradientBoosting
710838.0,7.0,8,1,0.9079,1,1,1,1,0.0921,GradientBoosting
712074.0,7.0,8,1,0.9652,1,1,1,1,0.0348,GradientBoosting
715396.0,1.0,2,1,0.9405,1,1,1,1,0.0595,GradientBoosting
715396.0,2.0,3,1,0.7944,1,1,1,1,0.2056,GradientBoosting
715396.0,3.0,4,1,0.9241,1,1,1,1,0.0759,GradientBoosting
715690.0,1.0,2,1,0.7694,1,1,1,1,0.2306,GradientBoosting
715690.0,2.0,3,1,0.7403,1,1,1,1,0.2597,GradientBoosting
715690.0,3.0,4,1,0.6253,1,0,1,2,0.3747,GradientBoosting
715896.0,1.0,2,1,0.6957,1,0,1,2,0.3043,GradientBoosting
716517.0,5.0,6,0,0.4038,0,1,4,3,0.5962,GradientBoosting
716543.0,7.0,8,1,0.974,1,1,1,1,0.026,GradientBoosting
717227.0,7.0,8,0,0.0883,0,1,4,3,0.9117,GradientBoosting
718565.0,7.0,8,0,0.818,1,1,3,3,0.182,GradientBoosting
719766.0,5.0,6,0,0.0402,0,0,4,4,0.9598,GradientBoosting
719766.0,6.0,7,0,0.0193,0,0,4,4,0.9807,GradientBoosting
719766.0,7.0,8,0,0.0482,0,0,4,4,0.9518,GradientBoosting
721021.0,4.0,5,0,0.1578,0,0,4,4,0.8422,GradientBoosting
722325.0,1.0,2,1,0.6632,1,1,1,1,0.3368,GradientBoosting
722325.0,2.0,3,1,0.6498,1,1,1,1,0.3502,GradientBoosting
722325.0,3.0,4,1,0.7925,1,0,1,2,0.2075,GradientBoosting
724238.0,4.0,5,0,0.0153,0,0,4,4,0.9847,GradientBoosting
726897.0,1.0,2,1,0.039,0,0,2,2,0.961,GradientBoosting
726897.0,2.0,3,0,0.0247,0,0,4,4,0.9753,GradientBoosting
726897.0,3.0,4,0,0.0141,0,0,4,4,0.9859,GradientBoosting
728335.0,1.0,2,1,0.277,0,1,2,1,0.723,GradientBoosting
728335.0,2.0,3,1,0.8129,1,1,1,1,0.1871,GradientBoosting
728335.0,3.0,4,1,0.7074,1,1,1,1,0.2926,GradientBoosting
728465.0,3.0,4,1,0.9659,1,1,1,1,0.0341,GradientBoosting
728465.0,4.0,5,1,0.9308,1,1,1,1,0.0692,GradientBoosting
728465.0,5.0,6,1,0.9601,1,1,1,1,0.0399,GradientBoosting
732422.0,1.0,2,1,0.3,0,0,2,2,0.7,GradientBoosting
732422.0,2.0,3,0,0.354,0,1,4,3,0.646,GradientBoosting
732422.0,3.0,4,1,0.7844,1,0,1,2,0.2156,GradientBoosting
733799.0,1.0,2,1,0.093,0,0,2,2,0.907,GradientBoosting
734705.0,1.0,2,1,0.6544,1,0,1,2,0.3456,GradientBoosting
735836.0,7.0,8,1,0.9243,1,1,1,1,0.0757,GradientBoosting
735836.0,8.0,9,1,0.9013,1,1,1,1,0.0987,GradientBoosting
735836.0,9.0,10,1,0.9357,1,1,1,1,0.0643,GradientBoosting
736501.0,1.0,2,1,0.9095,1,1,1,1,0.0905,GradientBoosting
736501.0,2.0,3,1,0.937,1,1,1,1,0.063,GradientBoosting
736501.0,3.0,4,1,0.9355,1,1,1,1,0.0645,GradientBoosting
737410.0,4.0,5,0,0.0183,0,0,4,4,0.9817,GradientBoosting
737410.0,5.0,6,0,0.0188,0,0,4,4,0.9812,GradientBoosting
737687.0,3.0,4,0,0.1034,0,0,4,4,0.8966,GradientBoosting
737687.0,4.0,5,0,0.3503,0,1,4,3,0.6497,GradientBoosting
737687.0,5.0,6,1,0.9626,1,0,1,2,0.0374,GradientBoosting
737979.0,7.0,8,0,0.0243,0,0,4,4,0.9757,GradientBoosting
738864.0,7.0,8,1,0.9238,1,1,1,1,0.0762,GradientBoosting
739194.0,7.0,8,0,0.4655,0,0,4,4,0.5345,GradientBoosting
739194.0,8.0,9,0,0.767,1,1,3,3,0.233,GradientBoosting
739194.0,9.0,10,1,0.8204,1,0,1,2,0.1796,GradientBoosting
740054.0,3.0,4,0,0.2136,0,0,4,4,0.7864,GradientBoosting
740054.0,4.0,5,0,0.0178,0,0,4,4,0.9822,GradientBoosting
740054.0,5.0,6,0,0.0204,0,0,4,4,0.9796,GradientBoosting
742024.0,1.0,2,1,0.9256,1,1,1,1,0.0744,GradientBoosting
743368.0,1.0,2,1,0.8207,1,1,1,1,0.1793,GradientBoosting
743368.0,2.0,3,1,0.8345,1,1,1,1,0.1655,GradientBoosting
743368.0,3.0,4,1,0.8339,1,0,1,2,0.1661,GradientBoosting
743756.0,5.0,6,0,0.011,0,0,4,4,0.989,GradientBoosting
743756.0,6.0,7,0,0.0494,0,0,4,4,0.9506,GradientBoosting
743756.0,7.0,8,0,0.1134,0,0,4,4,0.8866,GradientBoosting
743999.0,3.0,4,0,0.3127,0,1,4,3,0.6873,GradientBoosting
743999.0,4.0,5,1,0.7471,1,1,1,1,0.2529,GradientBoosting
743999.0,5.0,6,1,0.8503,1,1,1,1,0.1497,GradientBoosting
744815.0,1.0,2,1,0.939,1,1,1,1,0.061,GradientBoosting
744815.0,2.0,3,1,0.937,1,1,1,1,0.063,GradientBoosting
744815.0,3.0,4,1,0.9608,1,1,1,1,0.0392,GradientBoosting
745163.0,1.0,2,1,0.3766,0,0,2,2,0.6234,GradientBoosting
745163.0,2.0,3,0,0.1745,0,0,4,4,0.8255,GradientBoosting
745310.0,5.0,6,1,0.7009,1,1,1,1,0.2991,GradientBoosting
745310.0,6.0,7,1,0.9335,1,1,1,1,0.0665,GradientBoosting
745310.0,7.0,8,1,0.9016,1,1,1,1,0.0984,GradientBoosting
746897.0,2.0,3,0,0.0834,0,0,4,4,0.9166,GradientBoosting
746897.0,3.0,4,0,0.0316,0,0,4,4,0.9684,GradientBoosting
747185.0,1.0,2,1,0.025,0,0,2,2,0.975,GradientBoosting
747185.0,2.0,3,0,0.0126,0,0,4,4,0.9874,GradientBoosting
747185.0,3.0,4,0,0.0171,0,0,4,4,0.9829,GradientBoosting
748961.0,1.0,2,1,0.4881,0,1,2,1,0.5119,GradientBoosting
748961.0,2.0,3,1,0.748,1,1,1,1,0.252,GradientBoosting
748961.0,3.0,4,1,0.8935,1,1,1,1,0.1065,GradientBoosting
749366.0,1.0,2,1,0.3181,0,1,2,1,0.6819,GradientBoosting
749680.0,3.0,4,0,0.0157,0,0,4,4,0.9843,GradientBoosting
749680.0,4.0,5,0,0.0062,0,0,4,4,0.9938,GradientBoosting
750323.0,1.0,2,1,0.0496,0,0,2,2,0.9504,GradientBoosting
750961.0,1.0,2,1,0.0145,0,0,2,2,0.9855,GradientBoosting
750961.0,2.0,3,0,0.0133,0,0,4,4,0.9867,GradientBoosting
752428.0,1.0,2,1,0.8237,1,1,1,1,0.1763,GradientBoosting
752428.0,2.0,3,1,0.7935,1,1,1,1,0.2065,GradientBoosting
752428.0,3.0,4,1,0.7925,1,1,1,1,0.2075,GradientBoosting
753600.0,1.0,2,1,0.0878,0,0,2,2,0.9122,GradientBoosting
754817.0,5.0,6,0,0.0402,0,0,4,4,0.9598,GradientBoosting
754817.0,6.0,7,0,0.603,1,1,3,3,0.397,GradientBoosting
754817.0,7.0,8,1,0.8501,1,0,1,2,0.1499,GradientBoosting
755546.0,7.0,8,0,0.0371,0,0,4,4,0.9629,GradientBoosting
755630.0,7.0,8,1,0.9457,1,1,1,1,0.0543,GradientBoosting
756974.0,5.0,6,1,0.8219,1,0,1,2,0.1781,GradientBoosting
756974.0,6.0,7,0,0.4676,0,1,4,3,0.5324,GradientBoosting
756974.0,7.0,8,1,0.8032,1,1,1,1,0.1968,GradientBoosting
757139.0,1.0,2,1,0.8237,1,0,1,2,0.1763,GradientBoosting
757509.0,1.0,2,1,0.5022,1,1,1,1,0.4978,GradientBoosting
757509.0,2.0,3,1,0.832,1,1,1,1,0.168,GradientBoosting
757509.0,3.0,4,1,0.9608,1,1,1,1,0.0392,GradientBoosting
757662.0,1.0,2,1,0.722,1,0,1,2,0.278,GradientBoosting
759043.0,3.0,4,1,0.7783,1,1,1,1,0.2217,GradientBoosting
759043.0,4.0,5,1,0.9308,1,1,1,1,0.0692,GradientBoosting
759043.0,5.0,6,1,0.8275,1,1,1,1,0.1725,GradientBoosting
759048.0,5.0,6,1,0.8275,1,0,1,2,0.1725,GradientBoosting
759048.0,6.0,7,0,0.9031,1,1,3,3,0.0969,GradientBoosting
759048.0,7.0,8,1,0.9652,1,1,1,1,0.0348,GradientBoosting
759605.0,7.0,8,0,0.3493,0,1,4,3,0.6507,GradientBoosting
760058.0,1.0,2,1,0.7776,1,1,1,1,0.2224,GradientBoosting
760058.0,2.0,3,1,0.8215,1,1,1,1,0.1785,GradientBoosting
760058.0,3.0,4,1,0.9229,1,1,1,1,0.0771,GradientBoosting
760173.0,1.0,2,1,0.2296,0,0,2,2,0.7704,GradientBoosting
760583.0,1.0,2,1,0.8237,1,1,1,1,0.1763,GradientBoosting
760607.0,1.0,2,1,0.025,0,0,2,2,0.975,GradientBoosting
761258.0,1.0,2,1,0.8857,1,1,1,1,0.1143,GradientBoosting
762318.0,1.0,2,1,0.7803,1,0,1,2,0.2197,GradientBoosting
763281.0,1.0,2,1,0.0398,0,0,2,2,0.9602,GradientBoosting
763301.0,5.0,6,1,0.8394,1,0,1,2,0.1606,GradientBoosting
763301.0,6.0,7,0,0.2186,0,1,4,3,0.7814,GradientBoosting
763301.0,7.0,8,1,0.825,1,1,1,1,0.175,GradientBoosting
764326.0,7.0,8,0,0.333,0,0,4,4,0.667,GradientBoosting
765070.0,5.0,6,0,0.5674,1,0,3,4,0.4326,GradientBoosting
765070.0,6.0,7,0,0.5622,1,1,3,3,0.4378,GradientBoosting
765070.0,7.0,8,1,0.9238,1,0,1,2,0.0762,GradientBoosting
765109.0,7.0,8,0,0.0404,0,0,4,4,0.9596,GradientBoosting
765699.0,5.0,6,1,0.8865,1,1,1,1,0.1135,GradientBoosting
765699.0,6.0,7,1,0.9618,1,1,1,1,0.0382,GradientBoosting
765699.0,7.0,8,1,0.9243,1,0,1,2,0.0757,GradientBoosting
765846.0,1.0,2,1,0.3098,0,0,2,2,0.6902,GradientBoosting
765846.0,2.0,3,0,0.1973,0,1,4,3,0.8027,GradientBoosting
765846.0,3.0,4,1,0.7074,1,0,1,2,0.2926,GradientBoosting
765962.0,1.0,2,1,0.2558,0,1,2,1,0.7442,GradientBoosting
767060.0,9.0,10,1,0.9357,1,1,1,1,0.0643,GradientBoosting
767292.0,1.0,2,1,0.3769,0,1,2,1,0.6231,GradientBoosting
767292.0,2.0,3,1,0.6285,1,0,1,2,0.3715,GradientBoosting
767292.0,3.0,4,0,0.0814,0,0,4,4,0.9186,GradientBoosting
767314.0,5.0,6,1,0.7448,1,0,1,2,0.2552,GradientBoosting
767314.0,6.0,7,0,0.0968,0,0,4,4,0.9032,GradientBoosting
767314.0,7.0,8,0,0.5374,1,1,3,3,0.4626,GradientBoosting
767715.0,1.0,2,1,0.0131,0,0,2,2,0.9869,GradientBoosting
767715.0,2.0,3,0,0.0144,0,0,4,4,0.9856,GradientBoosting
768551.0,7.0,8,1,0.8532,1,1,1,1,0.1468,GradientBoosting
768913.0,5.0,6,0,0.052,0,0,4,4,0.948,GradientBoosting
768913.0,6.0,7,0,0.2357,0,0,4,4,0.7643,GradientBoosting
768913.0,7.0,8,0,0.1104,0,0,4,4,0.8896,GradientBoosting
769673.0,1.0,2,1,0.6646,1,0,1,2,0.3354,GradientBoosting
770329.0,5.0,6,0,0.0598,0,0,4,4,0.9402,GradientBoosting
770329.0,6.0,7,0,0.0196,0,0,4,4,0.9804,GradientBoosting
770329.0,7.0,8,0,0.5594,1,1,3,3,0.4406,GradientBoosting
771321.0,3.0,4,0,0.0892,0,0,4,4,0.9108,GradientBoosting
771321.0,4.0,5,0,0.166,0,0,4,4,0.834,GradientBoosting
771321.0,5.0,6,0,0.3864,0,1,4,3,0.6136,GradientBoosting
772385.0,1.0,2,1,0.6822,1,0,1,2,0.3178,GradientBoosting
772385.0,2.0,3,0,0.4621,0,1,4,3,0.5379,GradientBoosting
772385.0,3.0,4,1,0.8364,1,0,1,2,0.1636,GradientBoosting
773381.0,1.0,2,1,0.0384,0,0,2,2,0.9616,GradientBoosting
773474.0,1.0,2,1,0.9427,1,1,1,1,0.0573,GradientBoosting
774625.0,1.0,2,1,0.0189,0,0,2,2,0.9811,GradientBoosting
776479.0,7.0,8,0,0.1285,0,0,4,4,0.8715,GradientBoosting
776558.0,7.0,8,1,0.9457,1,1,1,1,0.0543,GradientBoosting
777322.0,3.0,4,1,0.6251,1,1,1,1,0.3749,GradientBoosting
777322.0,4.0,5,1,0.8795,1,1,1,1,0.1205,GradientBoosting
777322.0,5.0,6,1,0.937,1,1,1,1,0.063,GradientBoosting
779835.0,3.0,4,0,0.092,0,0,4,4,0.908,GradientBoosting
779835.0,4.0,5,0,0.0376,0,0,4,4,0.9624,GradientBoosting
779835.0,5.0,6,0,0.0356,0,0,4,4,0.9644,GradientBoosting
781366.0,1.0,2,1,0.6637,1,1,1,1,0.3363,GradientBoosting
781366.0,2.0,3,1,0.7,1,1,1,1,0.3,GradientBoosting
781366.0,3.0,4,1,0.6772,1,0,1,2,0.3228,GradientBoosting
782693.0,1.0,2,1,0.8237,1,1,1,1,0.1763,GradientBoosting
782693.0,2.0,3,1,0.7944,1,1,1,1,0.2056,GradientBoosting
782693.0,3.0,4,1,0.9373,1,1,1,1,0.0627,GradientBoosting
783024.0,3.0,4,0,0.2089,0,0,4,4,0.7911,GradientBoosting
783024.0,4.0,5,0,0.1141,0,0,4,4,0.8859,GradientBoosting
783024.0,5.0,6,0,0.0387,0,0,4,4,0.9613,GradientBoosting
783793.0,7.0,8,0,0.6409,1,1,3,3,0.3591,GradientBoosting
784414.0,1.0,2,1,0.0528,0,0,2,2,0.9472,GradientBoosting
785205.0,3.0,4,0,0.3443,0,0,4,4,0.6557,GradientBoosting
785205.0,4.0,5,0,0.1027,0,0,4,4,0.8973,GradientBoosting
785205.0,5.0,6,0,0.458,0,0,4,4,0.542,GradientBoosting
785935.0,5.0,6,1,0.9625,1,1,1,1,0.0375,GradientBoosting
785935.0,6.0,7,1,0.959,1,1,1,1,0.041,GradientBoosting
785935.0,7.0,8,1,0.9652,1,1,1,1,0.0348,GradientBoosting
786362.0,5.0,6,0,0.0154,0,0,4,4,0.9846,GradientBoosting
786362.0,6.0,7,0,0.0123,0,0,4,4,0.9877,GradientBoosting
786362.0,7.0,8,0,0.0482,0,0,4,4,0.9518,GradientBoosting
786491.0,7.0,8,0,0.0208,0,0,4,4,0.9792,GradientBoosting
788307.0,3.0,4,1,0.8935,1,1,1,1,0.1065,GradientBoosting
788307.0,4.0,5,1,0.9308,1,1,1,1,0.0692,GradientBoosting
788307.0,5.0,6,1,0.956,1,1,1,1,0.044,GradientBoosting
789820.0,1.0,2,1,0.9427,1,1,1,1,0.0573,GradientBoosting
790130.0,7.0,8,1,0.9032,1,1,1,1,0.0968,GradientBoosting
792476.0,3.0,4,1,0.6164,1,1,1,1,0.3836,GradientBoosting
792476.0,4.0,5,1,0.9308,1,1,1,1,0.0692,GradientBoosting
792476.0,5.0,6,1,0.9626,1,1,1,1,0.0374,GradientBoosting
793526.0,1.0,2,1,0.8962,1,1,1,1,0.1038,GradientBoosting
796598.0,3.0,4,1,0.8935,1,0,1,2,0.1065,GradientBoosting
796598.0,4.0,5,0,0.5527,1,1,3,3,0.4473,GradientBoosting
796598.0,5.0,6,1,0.934,1,1,1,1,0.066,GradientBoosting
797307.0,7.0,8,0,0.0216,0,0,4,4,0.9784,GradientBoosting
797711.0,7.0,8,1,0.9032,1,1,1,1,0.0968,GradientBoosting
800177.0,1.0,2,1,0.0453,0,0,2,2,0.9547,GradientBoosting
801527.0,1.0,2,1,0.0742,0,0,2,2,0.9258,GradientBoosting
805687.0,5.0,6,0,0.0398,0,0,4,4,0.9602,GradientBoosting
805923.0,5.0,6,0,0.09,0,0,4,4,0.91,GradientBoosting
805923.0,6.0,7,0,0.1091,0,0,4,4,0.8909,GradientBoosting
805923.0,7.0,8,0,0.1302,0,0,4,4,0.8698,GradientBoosting
806249.0,7.0,8,0,0.4063,0,0,4,4,0.5937,GradientBoosting
806249.0,8.0,9,0,0.8294,1,0,3,4,0.1706,GradientBoosting
806249.0,9.0,10,0,0.7544,1,1,3,3,0.2456,GradientBoosting
807887.0,7.0,8,0,0.5989,1,0,3,4,0.4011,GradientBoosting
808350.0,7.0,8,1,0.974,1,1,1,1,0.026,GradientBoosting
808572.0,1.0,2,1,0.5443,1,1,1,1,0.4557,GradientBoosting
808572.0,2.0,3,1,0.8129,1,1,1,1,0.1871,GradientBoosting
808572.0,3.0,4,1,0.6974,1,1,1,1,0.3026,GradientBoosting
809049.0,1.0,2,1,0.069,0,0,2,2,0.931,GradientBoosting
809049.0,2.0,3,0,0.0434,0,0,4,4,0.9566,GradientBoosting
809049.0,3.0,4,0,0.1817,0,0,4,4,0.8183,GradientBoosting
809454.0,1.0,2,1,0.3098,0,0,2,2,0.6902,GradientBoosting
809454.0,2.0,3,0,0.2893,0,0,4,4,0.7107,GradientBoosting
809454.0,3.0,4,0,0.0725,0,0,4,4,0.9275,GradientBoosting
809505.0,4.0,5,0,0.0213,0,0,4,4,0.9787,GradientBoosting
809505.0,5.0,6,0,0.3019,0,0,4,4,0.6981,GradientBoosting
812322.0,1.0,2,1,0.6544,1,1,1,1,0.3456,GradientBoosting
812322.0,2.0,3,1,0.8129,1,1,1,1,0.1871,GradientBoosting
812322.0,3.0,4,1,0.7844,1,1,1,1,0.2156,GradientBoosting
812394.0,1.0,2,1,0.7251,1,1,1,1,0.2749,GradientBoosting
813397.0,3.0,4,1,0.9355,1,1,1,1,0.0645,GradientBoosting
813397.0,4.0,5,1,0.9518,1,1,1,1,0.0482,GradientBoosting
813397.0,5.0,6,1,0.956,1,1,1,1,0.044,GradientBoosting
815470.0,1.0,2,1,0.939,1,1,1,1,0.061,GradientBoosting
815470.0,2.0,3,1,0.7797,1,1,1,1,0.2203,GradientBoosting
815470.0,3.0,4,1,0.7844,1,1,1,1,0.2156,GradientBoosting
815619.0,1.0,2,1,0.6992,1,0,1,2,0.3008,GradientBoosting
815629.0,1.0,2,1,0.0383,0,0,2,2,0.9617,GradientBoosting
816097.0,3.0,4,0,0.2856,0,1,4,3,0.7144,GradientBoosting
816097.0,4.0,5,1,0.5873,1,1,1,1,0.4127,GradientBoosting
816097.0,5.0,6,1,0.8341,1,1,1,1,0.1659,GradientBoosting
817966.0,1.0,2,1,0.3763,0,0,2,2,0.6237,GradientBoosting
817966.0,2.0,3,0,0.2204,0,1,4,3,0.7796,GradientBoosting
817966.0,3.0,4,1,0.7844,1,1,1,1,0.2156,GradientBoosting
818550.0,7.0,8,0,0.1089,0,0,4,4,0.8911,GradientBoosting
818550.0,8.0,9,0,0.5579,1,0,3,4,0.4421,GradientBoosting
818550.0,9.0,10,0,0.8027,1,0,3,4,0.1973,GradientBoosting
819100.0,1.0,2,1,0.0313,0,0,2,2,0.9687,GradientBoosting
819100.0,2.0,3,0,0.0173,0,0,4,4,0.9827,GradientBoosting
819100.0,3.0,4,0,0.0177,0,0,4,4,0.9823,GradientBoosting
819556.0,7.0,8,0,0.6889,1,1,3,3,0.3111,GradientBoosting
819662.0,5.0,6,1,0.9196,1,1,1,1,0.0804,GradientBoosting
819662.0,6.0,7,1,0.9335,1,1,1,1,0.0665,GradientBoosting
819662.0,7.0,8,1,0.956,1,1,1,1,0.044,GradientBoosting
820195.0,1.0,2,1,0.6646,1,0,1,2,0.3354,GradientBoosting
820195.0,2.0,3,0,0.2396,0,0,4,4,0.7604,GradientBoosting
820195.0,3.0,4,0,0.3489,0,0,4,4,0.6511,GradientBoosting
820262.0,7.0,8,1,0.8175,1,1,1,1,0.1825,GradientBoosting
820396.0,7.0,8,1,0.9371,1,1,1,1,0.0629,GradientBoosting
822714.0,1.0,2,1,0.7251,1,1,1,1,0.2749,GradientBoosting
824933.0,1.0,2,1,0.6935,1,1,1,1,0.3065,GradientBoosting
825855.0,5.0,6,0,0.0153,0,0,4,4,0.9847,GradientBoosting
825855.0,6.0,7,0,0.0508,0,0,4,4,0.9492,GradientBoosting
825855.0,7.0,8,0,0.5032,1,0,3,4,0.4968,GradientBoosting
826128.0,3.0,4,1,0.6974,1,1,1,1,0.3026,GradientBoosting
826128.0,4.0,5,1,0.6789,1,0,1,2,0.3211,GradientBoosting
826128.0,5.0,6,0,0.3729,0,1,4,3,0.6271,GradientBoosting
829233.0,3.0,4,1,0.9373,1,1,1,1,0.0627,GradientBoosting
829233.0,4.0,5,1,0.9449,1,1,1,1,0.0551,GradientBoosting
829233.0,5.0,6,1,0.9626,1,1,1,1,0.0374,GradientBoosting
829448.0,7.0,8,0,0.0682,0,0,4,4,0.9318,GradientBoosting
829749.0,9.0,10,1,0.9806,1,1,1,1,0.0194,GradientBoosting
830001.0,7.0,8,0,0.2492,0,0,4,4,0.7508,GradientBoosting
831303.0,7.0,8,0,0.0255,0,0,4,4,0.9745,GradientBoosting
832244.0,5.0,6,1,0.8465,1,1,1,1,0.1535,GradientBoosting
832244.0,6.0,7,1,0.9629,1,1,1,1,0.0371,GradientBoosting
832244.0,7.0,8,1,0.9708,1,1,1,1,0.0292,GradientBoosting
832409.0,3.0,4,1,0.9659,1,1,1,1,0.0341,GradientBoosting
832409.0,4.0,5,1,0.9136,1,1,1,1,0.0864,GradientBoosting
832409.0,5.0,6,1,0.956,1,1,1,1,0.044,GradientBoosting
832486.0,1.0,2,1,0.9095,1,1,1,1,0.0905,GradientBoosting
833915.0,3.0,4,1,0.956,1,1,1,1,0.044,GradientBoosting
833915.0,4.0,5,1,0.9559,1,1,1,1,0.0441,GradientBoosting
833915.0,5.0,6,1,0.8876,1,1,1,1,0.1124,GradientBoosting
834331.0,3.0,4,0,0.0177,0,0,4,4,0.9823,GradientBoosting
836257.0,1.0,2,1,0.1193,0,0,2,2,0.8807,GradientBoosting
837030.0,1.0,2,1,0.2296,0,1,2,1,0.7704,GradientBoosting
837030.0,2.0,3,1,0.8091,1,1,1,1,0.1909,GradientBoosting
837030.0,3.0,4,1,0.6114,1,1,1,1,0.3886,GradientBoosting
839756.0,5.0,6,1,0.8991,1,1,1,1,0.1009,GradientBoosting
839820.0,5.0,6,0,0.2324,0,0,4,4,0.7676,GradientBoosting
839820.0,6.0,7,0,0.0564,0,1,4,3,0.9436,GradientBoosting
839820.0,7.0,8,1,0.8579,1,1,1,1,0.1421,GradientBoosting
839878.0,1.0,2,1,0.8857,1,1,1,1,0.1143,GradientBoosting
840412.0,7.0,8,0,0.1387,0,0,4,4,0.8613,GradientBoosting
840730.0,7.0,8,0,0.4584,0,1,4,3,0.5416,GradientBoosting
841417.0,1.0,2,1,0.6696,1,1,1,1,0.3304,GradientBoosting
841417.0,2.0,3,1,0.6285,1,1,1,1,0.3715,GradientBoosting
841417.0,3.0,4,1,0.6429,1,0,1,2,0.3571,GradientBoosting
842886.0,7.0,8,0,0.1282,0,0,4,4,0.8718,GradientBoosting
843441.0,3.0,4,1,0.6251,1,1,1,1,0.3749,GradientBoosting
843441.0,4.0,5,1,0.8872,1,1,1,1,0.1128,GradientBoosting
843441.0,5.0,6,1,0.937,1,1,1,1,0.063,GradientBoosting
843656.0,5.0,6,1,0.9196,1,1,1,1,0.0804,GradientBoosting
843656.0,6.0,7,1,0.8916,1,1,1,1,0.1084,GradientBoosting
843656.0,7.0,8,1,0.9708,1,1,1,1,0.0292,GradientBoosting
844392.0,1.0,2,1,0.4175,0,1,2,1,0.5825,GradientBoosting
844392.0,2.0,3,1,0.937,1,0,1,2,0.063,GradientBoosting
844392.0,3.0,4,0,0.5509,1,0,3,4,0.4491,GradientBoosting
844648.0,3.0,4,1,0.7404,1,1,1,1,0.2596,GradientBoosting
844648.0,4.0,5,1,0.8225,1,1,1,1,0.1775,GradientBoosting
844648.0,5.0,6,1,0.8465,1,1,1,1,0.1535,GradientBoosting
846966.0,3.0,4,0,0.0105,0,0,4,4,0.9895,GradientBoosting
846966.0,4.0,5,0,0.0129,0,0,4,4,0.9871,GradientBoosting
846966.0,5.0,6,0,0.0254,0,0,4,4,0.9746,GradientBoosting
847412.0,3.0,4,0,0.0727,0,0,4,4,0.9273,GradientBoosting
847412.0,4.0,5,0,0.0256,0,0,4,4,0.9744,GradientBoosting
847412.0,5.0,6,0,0.0332,0,0,4,4,0.9668,GradientBoosting
847896.0,1.0,2,1,0.1046,0,0,2,2,0.8954,GradientBoosting
848276.0,1.0,2,1,0.1383,0,0,2,2,0.8617,GradientBoosting
848624.0,4.0,5,0,0.4067,0,0,4,4,0.5933,GradientBoosting
848624.0,5.0,6,0,0.1528,0,0,4,4,0.8472,GradientBoosting
848990.0,1.0,2,1,0.0717,0,0,2,2,0.9283,GradientBoosting
848990.0,2.0,3,0,0.1084,0,0,4,4,0.8916,GradientBoosting
848990.0,3.0,4,0,0.0447,0,1,4,3,0.9553,GradientBoosting
849326.0,5.0,6,1,0.7009,1,0,1,2,0.2991,GradientBoosting
849429.0,3.0,4,0,0.0347,0,0,4,4,0.9653,GradientBoosting
849429.0,4.0,5,0,0.0437,0,0,4,4,0.9563,GradientBoosting
849429.0,5.0,6,0,0.0125,0,0,4,4,0.9875,GradientBoosting
850143.0,1.0,2,1,0.0537,0,0,2,2,0.9463,GradientBoosting
850143.0,2.0,3,0,0.0339,0,0,4,4,0.9661,GradientBoosting
851836.0,7.0,8,0,0.0566,0,0,4,4,0.9434,GradientBoosting
853648.0,3.0,4,0,0.041,0,0,4,4,0.959,GradientBoosting
853648.0,4.0,5,0,0.0323,0,0,4,4,0.9677,GradientBoosting
853648.0,5.0,6,0,0.0208,0,0,4,4,0.9792,GradientBoosting
856847.0,1.0,2,1,0.8857,1,1,1,1,0.1143,GradientBoosting
856877.0,7.0,8,1,0.974,1,1,1,1,0.026,GradientBoosting
857018.0,5.0,6,1,0.9625,1,1,1,1,0.0375,GradientBoosting
857018.0,6.0,7,1,0.959,1,1,1,1,0.041,GradientBoosting
857018.0,7.0,8,1,0.9775,1,1,1,1,0.0225,GradientBoosting
857083.0,3.0,4,1,0.7512,1,1,1,1,0.2488,GradientBoosting
857083.0,4.0,5,1,0.7156,1,0,1,2,0.2844,GradientBoosting
857083.0,5.0,6,0,0.1528,0,1,4,3,0.8472,GradientBoosting
857142.0,1.0,2,1,0.6545,1,1,1,1,0.3455,GradientBoosting
857142.0,2.0,3,1,0.8931,1,1,1,1,0.1069,GradientBoosting
857142.0,3.0,4,1,0.9355,1,1,1,1,0.0645,GradientBoosting
858111.0,3.0,4,0,0.0355,0,0,4,4,0.9645,GradientBoosting
859103.0,1.0,2,1,0.8968,1,0,1,2,0.1032,GradientBoosting
859103.0,2.0,3,0,0.3729,0,0,4,4,0.6271,GradientBoosting
859103.0,3.0,4,0,0.0409,0,0,4,4,0.9591,GradientBoosting
859155.0,1.0,2,1,0.9237,1,1,1,1,0.0763,GradientBoosting
859459.0,7.0,8,1,0.7228,1,1,1,1,0.2772,GradientBoosting
859459.0,8.0,9,1,0.9013,1,1,1,1,0.0987,GradientBoosting
859459.0,9.0,10,1,0.9357,1,1,1,1,0.0643,GradientBoosting
860634.0,5.0,6,1,0.8465,1,1,1,1,0.1535,GradientBoosting
860634.0,6.0,7,1,0.9629,1,1,1,1,0.0371,GradientBoosting
860634.0,7.0,8,1,0.9708,1,1,1,1,0.0292,GradientBoosting
861129.0,3.0,4,0,0.0422,0,0,4,4,0.9578,GradientBoosting
861129.0,4.0,5,0,0.1916,0,0,4,4,0.8084,GradientBoosting
861129.0,5.0,6,0,0.1152,0,0,4,4,0.8848,GradientBoosting
861326.0,1.0,2,1,0.013,0,0,2,2,0.987,GradientBoosting
861619.0,7.0,8,0,0.341,0,0,4,4,0.659,GradientBoosting
861619.0,8.0,9,0,0.3128,0,0,4,4,0.6872,GradientBoosting
861619.0,9.0,10,0,0.7346,1,0,3,4,0.2654,GradientBoosting
861823.0,7.0,8,0,0.0873,0,1,4,3,0.9127,GradientBoosting
862890.0,1.0,2,1,0.025,0,0,2,2,0.975,GradientBoosting
862890.0,2.0,3,0,0.0472,0,0,4,4,0.9528,GradientBoosting
862890.0,3.0,4,0,0.029,0,0,4,4,0.971,GradientBoosting
864105.0,1.0,2,1,0.3206,0,0,2,2,0.6794,GradientBoosting
864275.0,1.0,2,1,0.2096,0,0,2,2,0.7904,GradientBoosting
864275.0,2.0,3,0,0.1881,0,0,4,4,0.8119,GradientBoosting
864275.0,3.0,4,0,0.3498,0,0,4,4,0.6502,GradientBoosting
864624.0,7.0,8,0,0.4706,0,0,4,4,0.5294,GradientBoosting
864624.0,8.0,9,0,0.0695,0,0,4,4,0.9305,GradientBoosting
864624.0,9.0,10,0,0.5839,1,0,3,4,0.4161,GradientBoosting
864899.0,7.0,8,1,0.8579,1,1,1,1,0.1421,GradientBoosting
865820.0,1.0,2,1,0.6578,1,0,1,2,0.3422,GradientBoosting
865820.0,2.0,3,0,0.0707,0,1,4,3,0.9293,GradientBoosting
865820.0,3.0,4,1,0.6618,1,1,1,1,0.3382,GradientBoosting
866285.0,3.0,4,0,0.5281,1,0,3,4,0.4719,GradientBoosting
866285.0,4.0,5,0,0.5741,1,1,3,3,0.4259,GradientBoosting
866285.0,5.0,6,1,0.9404,1,1,1,1,0.0596,GradientBoosting
866944.0,3.0,4,0,0.1359,0,0,4,4,0.8641,GradientBoosting
866944.0,4.0,5,0,0.1323,0,0,4,4,0.8677,GradientBoosting
866944.0,5.0,6,0,0.2033,0,0,4,4,0.7967,GradientBoosting
867321.0,3.0,4,0,0.0347,0,0,4,4,0.9653,GradientBoosting
867321.0,4.0,5,0,0.0457,0,0,4,4,0.9543,GradientBoosting
867321.0,5.0,6,0,0.0241,0,0,4,4,0.9759,GradientBoosting
869263.0,3.0,4,1,0.6618,1,1,1,1,0.3382,GradientBoosting
869263.0,4.0,5,1,0.7471,1,1,1,1,0.2529,GradientBoosting
869263.0,5.0,6,1,0.8219,1,1,1,1,0.1781,GradientBoosting
870893.0,1.0,2,1,0.1033,0,0,2,2,0.8967,GradientBoosting
870893.0,2.0,3,0,0.2676,0,0,4,4,0.7324,GradientBoosting
870893.0,3.0,4,0,0.2174,0,1,4,3,0.7826,GradientBoosting
871984.0,1.0,2,1,0.7251,1,1,1,1,0.2749,GradientBoosting
871984.0,2.0,3,1,0.8686,1,1,1,1,0.1314,GradientBoosting
871984.0,3.0,4,1,0.9619,1,1,1,1,0.0381,GradientBoosting
872453.0,3.0,4,1,0.7074,1,1,1,1,0.2926,GradientBoosting
872453.0,4.0,5,1,0.5338,1,1,1,1,0.4662,GradientBoosting
872453.0,5.0,6,1,0.6854,1,1,1,1,0.3146,GradientBoosting
872783.0,3.0,4,0,0.3183,0,1,4,3,0.6817,GradientBoosting
872783.0,4.0,5,1,0.8126,1,0,1,2,0.1874,GradientBoosting
872783.0,5.0,6,0,0.4361,0,1,4,3,0.5639,GradientBoosting
873012.0,1.0,2,1,0.312,0,0,2,2,0.688,GradientBoosting
873438.0,1.0,2,1,0.1791,0,0,2,2,0.8209,GradientBoosting
873438.0,2.0,3,0,0.0755,0,0,4,4,0.9245,GradientBoosting
873438.0,3.0,4,0,0.041,0,0,4,4,0.959,GradientBoosting
873493.0,3.0,4,1,0.5467,1,1,1,1,0.4533,GradientBoosting
873493.0,4.0,5,1,0.7698,1,1,1,1,0.2302,GradientBoosting
874827.0,1.0,2,1,0.8857,1,1,1,1,0.1143,GradientBoosting
875508.0,3.0,4,1,0.8333,1,1,1,1,0.1667,GradientBoosting
875508.0,4.0,5,1,0.8244,1,1,1,1,0.1756,GradientBoosting
875508.0,5.0,6,1,0.6014,1,0,1,2,0.3986,GradientBoosting
875712.0,7.0,8,1,0.7688,1,1,1,1,0.2312,GradientBoosting
875937.0,1.0,2,1,0.9405,1,1,1,1,0.0595,GradientBoosting
876544.0,1.0,2,1,0.6545,1,1,1,1,0.3455,GradientBoosting
878199.0,7.0,8,1,0.9708,1,1,1,1,0.0292,GradientBoosting
879509.0,7.0,8,1,0.9608,1,1,1,1,0.0392,GradientBoosting
879532.0,1.0,2,1,0.3337,0,1,2,1,0.6663,GradientBoosting
879933.0,5.0,6,1,0.9601,1,1,1,1,0.0399,GradientBoosting
879933.0,6.0,7,1,0.9663,1,1,1,1,0.0337,GradientBoosting
879933.0,7.0,8,1,0.9759,1,1,1,1,0.0241,GradientBoosting
881737.0,7.0,8,0,0.0375,0,0,4,4,0.9625,GradientBoosting
883295.0,1.0,2,1,0.0278,0,0,2,2,0.9722,GradientBoosting
883496.0,1.0,2,1,0.0935,0,0,2,2,0.9065,GradientBoosting
883920.0,1.0,2,1,0.0108,0,0,2,2,0.9892,GradientBoosting
883966.0,1.0,2,1,0.0283,0,0,2,2,0.9717,GradientBoosting
883998.0,7.0,8,1,0.8876,1,0,1,2,0.1124,GradientBoosting
884485.0,5.0,6,1,0.9625,1,1,1,1,0.0375,GradientBoosting
884485.0,6.0,7,1,0.9575,1,1,1,1,0.0425,GradientBoosting
884485.0,7.0,8,1,0.9759,1,1,1,1,0.0241,GradientBoosting
885089.0,1.0,2,1,0.6822,1,0,1,2,0.3178,GradientBoosting
885089.0,2.0,3,0,0.1541,0,1,4,3,0.8459,GradientBoosting
885089.0,3.0,4,1,0.6164,1,0,1,2,0.3836,GradientBoosting
885657.0,3.0,4,0,0.0126,0,0,4,4,0.9874,GradientBoosting
886488.0,5.0,6,0,0.0202,0,0,4,4,0.9798,GradientBoosting
886488.0,6.0,7,0,0.0135,0,0,4,4,0.9865,GradientBoosting
886488.0,7.0,8,0,0.0613,0,0,4,4,0.9387,GradientBoosting
886701.0,1.0,2,1,0.1033,0,0,2,2,0.8967,GradientBoosting
887294.0,5.0,6,1,0.8477,1,0,1,2,0.1523,GradientBoosting
887294.0,6.0,7,0,0.0967,0,1,4,3,0.9033,GradientBoosting
887294.0,7.0,8,1,0.9006,1,1,1,1,0.0994,GradientBoosting
888334.0,3.0,4,0,0.2168,0,0,4,4,0.7832,GradientBoosting
888334.0,4.0,5,0,0.525,1,0,3,4,0.475,GradientBoosting
888334.0,5.0,6,0,0.5123,1,0,3,4,0.4877,GradientBoosting
888823.0,3.0,4,0,0.0297,0,0,4,4,0.9703,GradientBoosting
888823.0,4.0,5,0,0.0457,0,0,4,4,0.9543,GradientBoosting
888823.0,5.0,6,0,0.0587,0,0,4,4,0.9413,GradientBoosting
889131.0,5.0,6,0,0.0178,0,0,4,4,0.9822,GradientBoosting
889131.0,6.0,7,0,0.0214,0,0,4,4,0.9786,GradientBoosting
889131.0,7.0,8,0,0.751,1,0,3,4,0.249,GradientBoosting
889457.0,5.0,6,0,0.0627,0,0,4,4,0.9373,GradientBoosting
889457.0,6.0,7,0,0.0232,0,0,4,4,0.9768,GradientBoosting
889457.0,7.0,8,0,0.0461,0,0,4,4,0.9539,GradientBoosting
891149.0,5.0,6,1,0.8275,1,1,1,1,0.1725,GradientBoosting
891149.0,6.0,7,1,0.9663,1,1,1,1,0.0337,GradientBoosting
891149.0,7.0,8,1,0.9701,1,1,1,1,0.0299,GradientBoosting
891351.0,1.0,2,1,0.7251,1,1,1,1,0.2749,GradientBoosting
891351.0,2.0,3,1,0.9701,1,1,1,1,0.0299,GradientBoosting
891351.0,3.0,4,1,0.9127,1,1,1,1,0.0873,GradientBoosting
891647.0,3.0,4,1,0.9677,1,1,1,1,0.0323,GradientBoosting
891647.0,4.0,5,1,0.9518,1,1,1,1,0.0482,GradientBoosting
891647.0,5.0,6,1,0.9625,1,1,1,1,0.0375,GradientBoosting
891938.0,6.0,7,0,0.0149,0,0,4,4,0.9851,GradientBoosting
891938.0,7.0,8,0,0.021,0,0,4,4,0.979,GradientBoosting
892525.0,1.0,2,1,0.6822,1,0,1,2,0.3178,GradientBoosting
892525.0,2.0,3,0,0.1725,0,0,4,4,0.8275,GradientBoosting
892525.0,3.0,4,0,0.0186,0,0,4,4,0.9814,GradientBoosting
892798.0,3.0,4,0,0.0795,0,0,4,4,0.9205,GradientBoosting
892798.0,4.0,5,0,0.0084,0,0,4,4,0.9916,GradientBoosting
893284.0,1.0,2,1,0.7803,1,1,1,1,0.2197,GradientBoosting
893284.0,2.0,3,1,0.6857,1,0,1,2,0.3143,GradientBoosting
893284.0,3.0,4,0,0.1211,0,0,4,4,0.8789,GradientBoosting
893745.0,1.0,2,1,0.8237,1,0,1,2,0.1763,GradientBoosting
893745.0,2.0,3,0,0.4636,0,1,4,3,0.5364,GradientBoosting
893745.0,3.0,4,1,0.8935,1,0,1,2,0.1065,GradientBoosting
894481.0,1.0,2,1,0.3769,0,0,2,2,0.6231,GradientBoosting
895099.0,5.0,6,0,0.1163,0,0,4,4,0.8837,GradientBoosting
895099.0,6.0,7,0,0.0126,0,0,4,4,0.9874,GradientBoosting
895099.0,7.0,8,0,0.1436,0,0,4,4,0.8564,GradientBoosting
895216.0,1.0,2,1,0.0399,0,0,2,2,0.9601,GradientBoosting
895216.0,2.0,3,0,0.0188,0,0,4,4,0.9812,GradientBoosting
895216.0,3.0,4,0,0.0189,0,0,4,4,0.9811,GradientBoosting
897767.0,5.0,6,1,0.7679,1,1,1,1,0.2321,GradientBoosting
897767.0,6.0,7,1,0.8916,1,1,1,1,0.1084,GradientBoosting
897767.0,7.0,8,1,0.802,1,1,1,1,0.198,GradientBoosting
898788.0,3.0,4,1,0.8255,1,1,1,1,0.1745,GradientBoosting
898788.0,4.0,5,1,0.8225,1,1,1,1,0.1775,GradientBoosting
898788.0,5.0,6,1,0.8503,1,1,1,1,0.1497,GradientBoosting
899296.0,3.0,4,0,0.3281,0,0,4,4,0.6719,GradientBoosting
899296.0,4.0,5,0,0.2646,0,1,4,3,0.7354,GradientBoosting
899296.0,5.0,6,1,0.7448,1,0,1,2,0.2552,GradientBoosting
899917.0,1.0,2,1,0.4881,0,1,2,1,0.5119,GradientBoosting
899917.0,2.0,3,1,0.8338,1,0,1,2,0.1662,GradientBoosting
899917.0,3.0,4,0,0.0535,0,0,4,4,0.9465,GradientBoosting
900541.0,3.0,4,0,0.8967,1,0,3,4,0.1033,GradientBoosting
900541.0,4.0,5,0,0.525,1,1,3,3,0.475,GradientBoosting
900541.0,5.0,6,1,0.9196,1,1,1,1,0.0804,GradientBoosting
901038.0,5.0,6,0,0.0659,0,0,4,4,0.9341,GradientBoosting
901038.0,6.0,7,0,0.0256,0,0,4,4,0.9744,GradientBoosting
901038.0,7.0,8,0,0.0404,0,0,4,4,0.9596,GradientBoosting
903616.0,1.0,2,1,0.1334,0,0,2,2,0.8666,GradientBoosting
903948.0,1.0,2,1,0.0102,0,0,2,2,0.9898,GradientBoosting
903948.0,2.0,3,0,0.012,0,0,4,4,0.988,GradientBoosting
903948.0,3.0,4,0,0.0124,0,0,4,4,0.9876,GradientBoosting
903955.0,5.0,6,0,0.0208,0,0,4,4,0.9792,GradientBoosting
903955.0,6.0,7,0,0.0149,0,0,4,4,0.9851,GradientBoosting
903955.0,7.0,8,0,0.0202,0,0,4,4,0.9798,GradientBoosting
904034.0,1.0,2,1,0.8857,1,1,1,1,0.1143,GradientBoosting
904034.0,2.0,3,1,0.8129,1,1,1,1,0.1871,GradientBoosting
904034.0,3.0,4,1,0.8364,1,1,1,1,0.1636,GradientBoosting
904050.0,7.0,8,0,0.5915,1,1,3,3,0.4085,GradientBoosting
904710.0,1.0,2,1,0.0104,0,0,2,2,0.9896,GradientBoosting
904710.0,2.0,3,0,0.0127,0,0,4,4,0.9873,GradientBoosting
905132.0,3.0,4,1,0.8255,1,1,1,1,0.1745,GradientBoosting
905132.0,4.0,5,1,0.8225,1,1,1,1,0.1775,GradientBoosting
905132.0,5.0,6,1,0.8465,1,1,1,1,0.1535,GradientBoosting
906553.0,5.0,6,1,0.931,1,1,1,1,0.069,GradientBoosting
906553.0,6.0,7,1,0.9618,1,1,1,1,0.0382,GradientBoosting
906553.0,7.0,8,1,0.9032,1,1,1,1,0.0968,GradientBoosting
907005.0,1.0,2,1,0.1064,0,0,2,2,0.8936,GradientBoosting
907005.0,2.0,3,0,0.0876,0,0,4,4,0.9124,GradientBoosting
907005.0,3.0,4,0,0.146,0,0,4,4,0.854,GradientBoosting
908479.0,1.0,2,1,0.277,0,0,2,2,0.723,GradientBoosting
909697.0,1.0,2,1,0.6646,1,0,1,2,0.3354,GradientBoosting
909697.0,2.0,3,0,0.458,0,1,4,3,0.542,GradientBoosting
909697.0,3.0,4,1,0.8323,1,1,1,1,0.1677,GradientBoosting
909748.0,1.0,2,1,0.7776,1,1,1,1,0.2224,GradientBoosting
909955.0,1.0,2,1,0.9042,1,1,1,1,0.0958,GradientBoosting
910047.0,1.0,2,1,0.0752,0,0,2,2,0.9248,GradientBoosting
910956.0,1.0,2,1,0.2131,0,0,2,2,0.7869,GradientBoosting
912422.0,1.0,2,1,0.0135,0,0,2,2,0.9865,GradientBoosting
912444.0,1.0,2,1,0.7703,1,0,1,2,0.2297,GradientBoosting
913883.0,5.0,6,1,0.8991,1,0,1,2,0.1009,GradientBoosting
913883.0,6.0,7,0,0.9071,1,1,3,3,0.0929,GradientBoosting
913883.0,7.0,8,1,0.9652,1,1,1,1,0.0348,GradientBoosting
914232.0,5.0,6,0,0.5376,1,0,3,4,0.4624,GradientBoosting
914232.0,6.0,7,0,0.3619,0,1,4,3,0.6381,GradientBoosting
914232.0,7.0,8,1,0.8239,1,1,1,1,0.1761,GradientBoosting
914982.0,1.0,2,1,0.7834,1,0,1,2,0.2166,GradientBoosting
915106.0,3.0,4,0,0.0164,0,0,4,4,0.9836,GradientBoosting
915106.0,4.0,5,0,0.0173,0,0,4,4,0.9827,GradientBoosting
915106.0,5.0,6,0,0.0157,0,0,4,4,0.9843,GradientBoosting
917102.0,5.0,6,1,0.934,1,1,1,1,0.066,GradientBoosting
917102.0,6.0,7,1,0.9443,1,1,1,1,0.0557,GradientBoosting
917102.0,7.0,8,1,0.9668,1,1,1,1,0.0332,GradientBoosting
917768.0,7.0,8,0,0.6007,1,0,3,4,0.3993,GradientBoosting
918795.0,7.0,8,0,0.1383,0,0,4,4,0.8617,GradientBoosting
918859.0,3.0,4,0,0.0575,0,1,4,3,0.9425,GradientBoosting
918859.0,4.0,5,1,0.5674,1,0,1,2,0.4326,GradientBoosting
918859.0,5.0,6,0,0.062,0,0,4,4,0.938,GradientBoosting
919286.0,1.0,2,1,0.1565,0,0,2,2,0.8435,GradientBoosting
919286.0,2.0,3,0,0.0164,0,0,4,4,0.9836,GradientBoosting
919286.0,3.0,4,0,0.0428,0,0,4,4,0.9572,GradientBoosting
920132.0,7.0,8,1,0.9032,1,1,1,1,0.0968,GradientBoosting
920994.0,1.0,2,1,0.0489,0,0,2,2,0.9511,GradientBoosting
922208.0,1.0,2,1,0.7251,1,0,1,2,0.2749,GradientBoosting
922510.0,5.0,6,0,0.0584,0,0,4,4,0.9416,GradientBoosting
922510.0,6.0,7,0,0.2848,0,0,4,4,0.7152,GradientBoosting
922510.0,7.0,8,0,0.5863,1,0,3,4,0.4137,GradientBoosting
924381.0,1.0,2,1,0.0132,0,0,2,2,0.9868,GradientBoosting
924381.0,2.0,3,0,0.0154,0,0,4,4,0.9846,GradientBoosting
924448.0,3.0,4,0,0.0203,0,0,4,4,0.9797,GradientBoosting
924448.0,4.0,5,0,0.0377,0,0,4,4,0.9623,GradientBoosting
924448.0,5.0,6,0,0.0263,0,0,4,4,0.9737,GradientBoosting
924533.0,1.0,2,1,0.0325,0,0,2,2,0.9675,GradientBoosting
924533.0,2.0,3,0,0.014,0,0,4,4,0.986,GradientBoosting
924533.0,3.0,4,0,0.0103,0,0,4,4,0.9897,GradientBoosting
925111.0,5.0,6,0,0.0123,0,0,4,4,0.9877,GradientBoosting
925111.0,6.0,7,0,0.0147,0,0,4,4,0.9853,GradientBoosting
925111.0,7.0,8,0,0.0873,0,0,4,4,0.9127,GradientBoosting
926858.0,1.0,2,1,0.1978,0,0,2,2,0.8022,GradientBoosting
926866.0,7.0,8,0,0.11,0,0,4,4,0.89,GradientBoosting
927400.0,5.0,6,1,0.6668,1,0,1,2,0.3332,GradientBoosting
927400.0,6.0,7,0,0.0641,0,0,4,4,0.9359,GradientBoosting
927400.0,7.0,8,0,0.4216,0,1,4,3,0.5784,GradientBoosting
927843.0,1.0,2,1,0.0183,0,0,2,2,0.9817,GradientBoosting
927843.0,2.0,3,0,0.1098,0,0,4,4,0.8902,GradientBoosting
927843.0,3.0,4,0,0.0151,0,0,4,4,0.9849,GradientBoosting
928990.0,1.0,2,1,0.7776,1,1,1,1,0.2224,GradientBoosting
932035.0,1.0,2,1,0.2811,0,0,2,2,0.7189,GradientBoosting
932355.0,3.0,4,0,0.0145,0,0,4,4,0.9855,GradientBoosting
932355.0,4.0,5,0,0.0331,0,0,4,4,0.9669,GradientBoosting
932355.0,5.0,6,0,0.0172,0,0,4,4,0.9828,GradientBoosting
932694.0,5.0,6,1,0.8991,1,1,1,1,0.1009,GradientBoosting
933273.0,3.0,4,0,0.0758,0,0,4,4,0.9242,GradientBoosting
933273.0,4.0,5,0,0.1301,0,0,4,4,0.8699,GradientBoosting
933273.0,5.0,6,0,0.0337,0,0,4,4,0.9663,GradientBoosting
933655.0,3.0,4,0,0.5827,1,0,3,4,0.4173,GradientBoosting
933655.0,4.0,5,0,0.0128,0,0,4,4,0.9872,GradientBoosting
933655.0,5.0,6,0,0.0172,0,0,4,4,0.9828,GradientBoosting
934639.0,5.0,6,0,0.0158,0,0,4,4,0.9842,GradientBoosting
934639.0,6.0,7,0,0.0463,0,0,4,4,0.9537,GradientBoosting
934639.0,7.0,8,0,0.0482,0,0,4,4,0.9518,GradientBoosting
934927.0,1.0,2,1,0.0229,0,0,2,2,0.9771,GradientBoosting
935287.0,1.0,2,1,0.7687,1,1,1,1,0.2313,GradientBoosting
935295.0,7.0,8,0,0.1436,0,1,4,3,0.8564,GradientBoosting
935442.0,7.0,8,1,0.9652,1,1,1,1,0.0348,GradientBoosting
936569.0,1.0,2,1,0.0192,0,0,2,2,0.9808,GradientBoosting
937561.0,7.0,8,1,0.9079,1,1,1,1,0.0921,GradientBoosting
938200.0,1.0,2,1,0.8968,1,1,1,1,0.1032,GradientBoosting
939049.0,1.0,2,1,0.4646,0,0,2,2,0.5354,GradientBoosting
939049.0,2.0,3,0,0.3729,0,1,4,3,0.6271,GradientBoosting
939049.0,3.0,4,1,0.7925,1,0,1,2,0.2075,GradientBoosting
939303.0,9.0,10,1,0.9528,1,1,1,1,0.0472,GradientBoosting
939422.0,5.0,6,0,0.2961,0,0,4,4,0.7039,GradientBoosting
939422.0,6.0,7,0,0.395,0,1,4,3,0.605,GradientBoosting
939422.0,7.0,8,1,0.9708,1,1,1,1,0.0292,GradientBoosting
939670.0,3.0,4,0,0.2791,0,1,4,3,0.7209,GradientBoosting
939670.0,4.0,5,1,0.6789,1,0,1,2,0.3211,GradientBoosting
939670.0,5.0,6,0,0.2298,0,0,4,4,0.7702,GradientBoosting
939895.0,1.0,2,1,0.1335,0,0,2,2,0.8665,GradientBoosting
940298.0,5.0,6,1,0.9326,1,1,1,1,0.0674,GradientBoosting
940298.0,6.0,7,1,0.8265,1,1,1,1,0.1735,GradientBoosting
940298.0,7.0,8,1,0.9538,1,1,1,1,0.0462,GradientBoosting
942033.0,5.0,6,0,0.4283,0,0,4,4,0.5717,GradientBoosting
942033.0,6.0,7,0,0.0451,0,0,4,4,0.9549,GradientBoosting
942033.0,7.0,8,0,0.1263,0,0,4,4,0.8737,GradientBoosting
943468.0,3.0,4,0,0.1329,0,0,4,4,0.8671,GradientBoosting
943468.0,4.0,5,0,0.0821,0,0,4,4,0.9179,GradientBoosting
943468.0,5.0,6,0,0.0584,0,0,4,4,0.9416,GradientBoosting
943807.0,1.0,2,1,0.722,1,1,1,1,0.278,GradientBoosting
944527.0,7.0,8,1,0.9707,1,1,1,1,0.0293,GradientBoosting
945554.0,1.0,2,1,0.277,0,0,2,2,0.723,GradientBoosting
945554.0,2.0,3,0,0.139,0,0,4,4,0.861,GradientBoosting
945554.0,3.0,4,0,0.0895,0,0,4,4,0.9105,GradientBoosting
947611.0,1.0,2,1,0.8768,1,1,1,1,0.1232,GradientBoosting
950751.0,1.0,2,1,0.0372,0,0,2,2,0.9628,GradientBoosting
951272.0,7.0,8,1,0.9457,1,1,1,1,0.0543,GradientBoosting
953438.0,7.0,8,1,0.7688,1,1,1,1,0.2312,GradientBoosting
953508.0,1.0,2,1,0.1135,0,0,2,2,0.8865,GradientBoosting
953508.0,2.0,3,0,0.0217,0,0,4,4,0.9783,GradientBoosting
953508.0,3.0,4,0,0.3281,0,1,4,3,0.6719,GradientBoosting
954431.0,5.0,6,1,0.9626,1,1,1,1,0.0374,GradientBoosting
954431.0,6.0,7,1,0.8404,1,1,1,1,0.1596,GradientBoosting
954431.0,7.0,8,1,0.974,1,1,1,1,0.026,GradientBoosting
954662.0,1.0,2,1,0.8768,1,1,1,1,0.1232,GradientBoosting
954662.0,2.0,3,1,0.8296,1,1,1,1,0.1704,GradientBoosting
954662.0,3.0,4,1,0.9127,1,1,1,1,0.0873,GradientBoosting
954986.0,1.0,2,1,0.7251,1,0,1,2,0.2749,GradientBoosting
956229.0,9.0,10,0,0.0794,0,0,4,4,0.9206,GradientBoosting
958257.0,7.0,8,0,0.0509,0,0,4,4,0.9491,GradientBoosting
961504.0,5.0,6,0,0.1053,0,0,4,4,0.8947,GradientBoosting
961504.0,6.0,7,0,0.2003,0,0,4,4,0.7997,GradientBoosting
961504.0,7.0,8,0,0.8922,1,1,3,3,0.1078,GradientBoosting
962322.0,7.0,8,0,0.0289,0,0,4,4,0.9711,GradientBoosting
962349.0,1.0,2,1,0.2131,0,0,2,2,0.7869,GradientBoosting
962349.0,2.0,3,0,0.2396,0,0,4,4,0.7604,GradientBoosting
962349.0,3.0,4,0,0.2805,0,0,4,4,0.7195,GradientBoosting
963587.0,5.0,6,0,0.0188,0,0,4,4,0.9812,GradientBoosting
963587.0,6.0,7,0,0.016,0,0,4,4,0.984,GradientBoosting
964029.0,7.0,8,1,0.9527,1,1,1,1,0.0473,GradientBoosting
964334.0,5.0,6,0,0.5264,1,1,3,3,0.4736,GradientBoosting
964334.0,6.0,7,1,0.8894,1,0,1,2,0.1106,GradientBoosting
964334.0,7.0,8,0,0.3493,0,0,4,4,0.6507,GradientBoosting
964360.0,1.0,2,1,0.013,0,0,2,2,0.987,GradientBoosting
964769.0,7.0,8,0,0.1003,0,0,4,4,0.8997,GradientBoosting
964769.0,8.0,9,0,0.0579,0,0,4,4,0.9421,GradientBoosting
964769.0,9.0,10,0,0.1541,0,0,4,4,0.8459,GradientBoosting
965930.0,3.0,4,1,0.9315,1,1,1,1,0.0685,GradientBoosting
965930.0,4.0,5,1,0.9573,1,1,1,1,0.0427,GradientBoosting
965930.0,5.0,6,1,0.931,1,1,1,1,0.069,GradientBoosting
967998.0,1.0,2,1,0.0517,0,0,2,2,0.9483,GradientBoosting
967998.0,2.0,3,0,0.1053,0,0,4,4,0.8947,GradientBoosting
967998.0,3.0,4,0,0.4701,0,0,4,4,0.5299,GradientBoosting
968079.0,1.0,2,1,0.4175,0,0,2,2,0.5825,GradientBoosting
969674.0,7.0,8,0,0.0208,0,0,4,4,0.9792,GradientBoosting
970140.0,1.0,2,1,0.9751,1,1,1,1,0.0249,GradientBoosting
970357.0,3.0,4,0,0.012,0,0,4,4,0.988,GradientBoosting
970357.0,4.0,5,0,0.0144,0,0,4,4,0.9856,GradientBoosting
970357.0,5.0,6,0,0.0172,0,0,4,4,0.9828,GradientBoosting
970802.0,7.0,8,1,0.8302,1,1,1,1,0.1698,GradientBoosting
971797.0,1.0,2,1,0.1086,0,1,2,1,0.8914,GradientBoosting
971797.0,2.0,3,1,0.7905,1,1,1,1,0.2095,GradientBoosting
971797.0,3.0,4,1,0.646,1,0,1,2,0.354,GradientBoosting
972902.0,7.0,8,0,0.1003,0,0,4,4,0.8997,GradientBoosting
972902.0,8.0,9,0,0.0512,0,0,4,4,0.9488,GradientBoosting
972902.0,9.0,10,0,0.0358,0,0,4,4,0.9642,GradientBoosting
975029.0,1.0,2,1,0.6822,1,1,1,1,0.3178,GradientBoosting
975785.0,3.0,4,0,0.0727,0,0,4,4,0.9273,GradientBoosting
975785.0,4.0,5,0,0.1323,0,0,4,4,0.8677,GradientBoosting
975785.0,5.0,6,0,0.0362,0,0,4,4,0.9638,GradientBoosting
976990.0,7.0,8,0,0.0624,0,0,4,4,0.9376,GradientBoosting
978009.0,7.0,8,0,0.0424,0,0,4,4,0.9576,GradientBoosting
978152.0,1.0,2,1,0.273,0,0,2,2,0.727,GradientBoosting
978152.0,2.0,3,0,0.2161,0,0,4,4,0.7839,GradientBoosting
978152.0,3.0,4,0,0.0821,0,0,4,4,0.9179,GradientBoosting
979541.0,9.0,10,1,0.9528,1,1,1,1,0.0472,GradientBoosting
980675.0,1.0,2,1,0.3332,0,1,2,1,0.6668,GradientBoosting
980846.0,1.0,2,1,0.3173,0,0,2,2,0.6827,GradientBoosting
980846.0,2.0,3,0,0.0426,0,0,4,4,0.9574,GradientBoosting
980975.0,7.0,8,0,0.1164,0,0,4,4,0.8836,GradientBoosting
981577.0,7.0,8,0,0.2354,0,1,4,3,0.7646,GradientBoosting
981577.0,8.0,9,1,0.9424,1,1,1,1,0.0576,GradientBoosting
981577.0,9.0,10,1,0.8204,1,0,1,2,0.1796,GradientBoosting
982393.0,1.0,2,1,0.8968,1,1,1,1,0.1032,GradientBoosting
982393.0,2.0,3,1,0.9353,1,1,1,1,0.0647,GradientBoosting
982393.0,3.0,4,1,0.9355,1,1,1,1,0.0645,GradientBoosting
983714.0,1.0,2,1,0.9008,1,0,1,2,0.0992,GradientBoosting
983750.0,1.0,2,1,0.0985,0,0,2,2,0.9015,GradientBoosting
983750.0,2.0,3,0,0.3163,0,0,4,4,0.6837,GradientBoosting
983750.0,3.0,4,0,0.0859,0,0,4,4,0.9141,GradientBoosting
985471.0,7.0,8,0,0.6306,1,1,3,3,0.3694,GradientBoosting
985535.0,3.0,4,0,0.0122,0,0,4,4,0.9878,GradientBoosting
987377.0,1.0,2,1,0.0672,0,0,2,2,0.9328,GradientBoosting
987704.0,3.0,4,1,0.9608,1,1,1,1,0.0392,GradientBoosting
987704.0,4.0,5,1,0.8795,1,1,1,1,0.1205,GradientBoosting
987704.0,5.0,6,1,0.9328,1,1,1,1,0.0672,GradientBoosting
987916.0,5.0,6,0,0.0157,0,0,4,4,0.9843,GradientBoosting
987916.0,6.0,7,0,0.0138,0,0,4,4,0.9862,GradientBoosting
987916.0,7.0,8,0,0.021,0,0,4,4,0.979,GradientBoosting
988170.0,6.0,7,0,0.0113,0,0,4,4,0.9887,GradientBoosting
988170.0,7.0,8,0,0.0371,0,0,4,4,0.9629,GradientBoosting
988442.0,5.0,6,1,0.8341,1,1,1,1,0.1659,GradientBoosting
988442.0,6.0,7,1,0.9575,1,0,1,2,0.0425,GradientBoosting
988442.0,7.0,8,0,0.7548,1,1,3,3,0.2452,GradientBoosting
988816.0,1.0,2,1,0.0672,0,0,2,2,0.9328,GradientBoosting
988816.0,2.0,3,0,0.0088,0,0,4,4,0.9912,GradientBoosting
989115.0,1.0,2,1,0.4026,0,0,2,2,0.5974,GradientBoosting
989115.0,2.0,3,0,0.1191,0,0,4,4,0.8809,GradientBoosting
989115.0,3.0,4,0,0.4701,0,0,4,4,0.5299,GradientBoosting
989893.0,1.0,2,1,0.0268,0,0,2,2,0.9732,GradientBoosting
989970.0,1.0,2,1,0.8237,1,0,1,2,0.1763,GradientBoosting
989970.0,2.0,3,0,0.3975,0,1,4,3,0.6025,GradientBoosting
989970.0,3.0,4,1,0.6618,1,1,1,1,0.3382,GradientBoosting
990181.0,5.0,6,1,0.934,1,1,1,1,0.066,GradientBoosting
990181.0,6.0,7,1,0.959,1,1,1,1,0.041,GradientBoosting
990181.0,7.0,8,1,0.974,1,1,1,1,0.026,GradientBoosting
990313.0,1.0,2,1,0.0177,0,0,2,2,0.9823,GradientBoosting
990313.0,2.0,3,0,0.0144,0,0,4,4,0.9856,GradientBoosting
990313.0,3.0,4,0,0.0145,0,0,4,4,0.9855,GradientBoosting
991011.0,3.0,4,0,0.0835,0,0,4,4,0.9165,GradientBoosting
991011.0,4.0,5,0,0.0221,0,0,4,4,0.9779,GradientBoosting
991011.0,5.0,6,0,0.0908,0,0,4,4,0.9092,GradientBoosting
991219.0,7.0,8,1,0.8123,1,0,1,2,0.1877,GradientBoosting
991818.0,1.0,2,1,0.2034,0,0,2,2,0.7966,GradientBoosting
993829.0,1.0,2,1,0.2263,0,0,2,2,0.7737,GradientBoosting
993829.0,2.0,3,0,0.1098,0,0,4,4,0.8902,GradientBoosting
993829.0,3.0,4,0,0.0386,0,0,4,4,0.9614,GradientBoosting
994975.0,1.0,2,1,0.9,1,1,1,1,0.1,GradientBoosting
995562.0,1.0,2,1,0.8237,1,0,1,2,0.1763,GradientBoosting
995562.0,2.0,3,0,0.4256,0,0,4,4,0.5744,GradientBoosting
995562.0,3.0,4,0,0.2116,0,1,4,3,0.7884,GradientBoosting
995688.0,1.0,2,1,0.0268,0,0,2,2,0.9732,GradientBoosting
995710.0,4.0,5,0,0.0112,0,0,4,4,0.9888,GradientBoosting
995710.0,5.0,6,0,0.0111,0,0,4,4,0.9889,GradientBoosting
996017.0,5.0,6,0,0.1528,0,0,4,4,0.8472,GradientBoosting
996017.0,6.0,7,0,0.0755,0,0,4,4,0.9245,GradientBoosting
996017.0,7.0,8,0,0.5682,1,1,3,3,0.4318,GradientBoosting
996417.0,5.0,6,1,0.8991,1,1,1,1,0.1009,GradientBoosting
996417.0,6.0,7,1,0.962,1,1,1,1,0.038,GradientBoosting
996417.0,7.0,8,1,0.967,1,1,1,1,0.033,GradientBoosting
997130.0,3.0,4,1,0.7748,1,1,1,1,0.2252,GradientBoosting
997130.0,4.0,5,1,0.8881,1,1,1,1,0.1119,GradientBoosting
997130.0,5.0,6,1,0.8275,1,1,1,1,0.1725,GradientBoosting
997884.0,1.0,2,1,0.7251,1,0,1,2,0.2749,GradientBoosting
997989.0,3.0,4,0,0.0198,0,0,4,4,0.9802,GradientBoosting
997989.0,4.0,5,0,0.1356,0,0,4,4,0.8644,GradientBoosting
997989.0,5.0,6,0,0.0252,0,0,4,4,0.9748,GradientBoosting
