ЗачетнаяКнижка,sem_num,target_sem,prev_scholarship,prob_scholarship,pred_scholarship,actual_scholarship,pred_class_B,actual_class_B,risk_score,model_used
100388.0,1.0,2,1,0.1334,0,0,2,2,0.8666,keep
100388.0,2.0,3,0,0.6687,1,0,3,4,0.3313,gain
100388.0,3.0,4,0,0.7627,1,0,3,4,0.2373,gain
100389.0,5.0,6,1,0.7825,1,0,1,2,0.2175,keep
100389.0,6.0,7,0,0.608,1,1,3,3,0.392,gain
100389.0,7.0,8,1,0.8841,1,1,1,1,0.1159,keep
100480.0,1.0,2,1,0.0497,0,0,2,2,0.9503,keep
100480.0,2.0,3,0,0.3525,0,0,4,4,0.6475,gain
100480.0,3.0,4,0,0.4914,0,0,4,4,0.5086,gain
101054.0,5.0,6,1,0.7259,1,1,1,1,0.2741,keep
101054.0,6.0,7,1,0.8424,1,0,1,2,0.1576,keep
101054.0,7.0,8,0,0.8982,1,1,3,3,0.1018,gain
101998.0,1.0,2,1,0.4081,0,0,2,2,0.5919,keep
101998.0,2.0,3,0,0.7351,1,0,3,4,0.2649,gain
101998.0,3.0,4,0,0.4717,0,0,4,4,0.5283,gain
104323.0,1.0,2,1,0.6987,1,1,1,1,0.3013,keep
104323.0,2.0,3,1,0.8466,1,1,1,1,0.1534,keep
104323.0,3.0,4,1,0.4132,0,1,2,1,0.5868,keep
106879.0,7.0,8,1,0.7493,1,1,1,1,0.2507,keep
106901.0,3.0,4,1,0.5123,1,1,1,1,0.4877,keep
106901.0,4.0,5,1,0.6017,1,1,1,1,0.3983,keep
106901.0,5.0,6,1,0.7064,1,1,1,1,0.2936,keep
108624.0,1.0,2,1,0.0497,0,0,2,2,0.9503,keep
108748.0,5.0,6,1,0.8688,1,1,1,1,0.1312,keep
108748.0,6.0,7,1,0.9435,1,1,1,1,0.0565,keep
108748.0,7.0,8,1,0.9212,1,1,1,1,0.0788,keep
109622.0,1.0,2,1,0.0301,0,1,2,1,0.9699,keep
113088.0,1.0,2,1,0.7387,1,1,1,1,0.2613,keep
113937.0,5.0,6,1,0.7259,1,1,1,1,0.2741,keep
113937.0,6.0,7,1,0.8603,1,1,1,1,0.1397,keep
113937.0,7.0,8,1,0.9673,1,1,1,1,0.0327,keep
117131.0,5.0,6,1,0.7825,1,1,1,1,0.2175,keep
117131.0,6.0,7,1,0.949,1,1,1,1,0.051,keep
117131.0,7.0,8,1,0.9342,1,1,1,1,0.0658,keep
117179.0,3.0,4,0,0.037,0,0,4,4,0.963,gain
117179.0,4.0,5,0,0.0301,0,0,4,4,0.9699,gain
117179.0,5.0,6,0,0.055,0,0,4,4,0.945,gain
117245.0,3.0,4,0,0.0556,0,0,4,4,0.9444,gain
117245.0,4.0,5,0,0.0455,0,0,4,4,0.9545,gain
117245.0,5.0,6,0,0.0629,0,0,4,4,0.9371,gain
117429.0,1.0,2,1,0.0092,0,0,2,2,0.9908,keep
117760.0,1.0,2,1,0.4404,0,0,2,2,0.5596,keep
117805.0,9.0,10,0,0.7445,1,1,3,3,0.2555,gain
117863.0,1.0,2,1,0.7387,1,0,1,2,0.2613,keep
117863.0,2.0,3,0,0.7659,1,0,3,4,0.2341,gain
117863.0,3.0,4,0,0.694,1,1,3,3,0.306,gain
118167.0,3.0,4,1,0.5926,1,1,1,1,0.4074,keep
118167.0,4.0,5,1,0.4348,0,1,2,1,0.5652,keep
118167.0,5.0,6,1,0.5788,1,1,1,1,0.4212,keep
118474.0,1.0,2,1,0.7387,1,1,1,1,0.2613,keep
118961.0,5.0,6,1,0.8061,1,1,1,1,0.1939,keep
118961.0,6.0,7,1,0.7471,1,1,1,1,0.2529,keep
118961.0,7.0,8,1,0.833,1,1,1,1,0.167,keep
119787.0,7.0,8,0,0.9078,1,1,3,3,0.0922,gain
120240.0,5.0,6,1,0.4279,0,1,2,1,0.5721,keep
120240.0,6.0,7,1,0.6151,1,0,1,2,0.3849,keep
120240.0,7.0,8,0,0.4742,0,1,4,3,0.5258,gain
121371.0,5.0,6,0,0.0953,0,0,4,4,0.9047,gain
121371.0,6.0,7,0,0.4922,0,0,4,4,0.5078,gain
121371.0,7.0,8,0,0.2148,0,0,4,4,0.7852,gain
122590.0,7.0,8,1,0.9673,1,1,1,1,0.0327,keep
122960.0,3.0,4,1,0.8314,1,1,1,1,0.1686,keep
122960.0,4.0,5,1,0.8037,1,1,1,1,0.1963,keep
122960.0,5.0,6,1,0.6648,1,1,1,1,0.3352,keep
123596.0,5.0,6,1,0.8688,1,0,1,2,0.1312,keep
123596.0,6.0,7,0,0.7066,1,0,3,4,0.2934,gain
123596.0,7.0,8,0,0.2285,0,0,4,4,0.7715,gain
127318.0,1.0,2,1,0.0686,0,0,2,2,0.9314,keep
127318.0,2.0,3,0,0.3525,0,0,4,4,0.6475,gain
127350.0,1.0,2,1,0.0251,0,0,2,2,0.9749,keep
127350.0,2.0,3,0,0.3293,0,0,4,4,0.6707,gain
127350.0,3.0,4,0,0.1903,0,0,4,4,0.8097,gain
128664.0,1.0,2,1,0.0428,0,0,2,2,0.9572,keep
128664.0,2.0,3,0,0.4548,0,1,4,3,0.5452,gain
128664.0,3.0,4,1,0.515,1,0,1,2,0.485,keep
128972.0,1.0,2,1,0.0015,0,0,2,2,0.9985,keep
128996.0,5.0,6,0,0.7193,1,0,3,4,0.2807,gain
128996.0,6.0,7,0,0.6084,1,1,3,3,0.3916,gain
128996.0,7.0,8,1,0.5607,1,0,1,2,0.4393,keep
129270.0,3.0,4,0,0.0245,0,0,4,4,0.9755,gain
129771.0,1.0,2,1,0.0506,0,0,2,2,0.9494,keep
133155.0,5.0,6,0,0.6472,1,1,3,3,0.3528,gain
133155.0,6.0,7,1,0.588,1,1,1,1,0.412,keep
133155.0,7.0,8,1,0.7443,1,1,1,1,0.2557,keep
133203.0,1.0,2,1,0.6267,1,0,1,2,0.3733,keep
133635.0,1.0,2,1,0.0809,0,0,2,2,0.9191,keep
134505.0,3.0,4,0,0.0117,0,0,4,4,0.9883,gain
134505.0,4.0,5,0,0.0096,0,0,4,4,0.9904,gain
134505.0,5.0,6,0,0.004,0,0,4,4,0.996,gain
134610.0,7.0,8,1,0.6903,1,1,1,1,0.3097,keep
135086.0,3.0,4,0,0.6342,1,0,3,4,0.3658,gain
135086.0,4.0,5,0,0.0357,0,0,4,4,0.9643,gain
135086.0,5.0,6,0,0.0583,0,0,4,4,0.9417,gain
135374.0,1.0,2,1,0.1238,0,0,2,2,0.8762,keep
136139.0,1.0,2,1,0.5102,1,1,1,1,0.4898,keep
136599.0,1.0,2,1,0.1935,0,1,2,1,0.8065,keep
136997.0,7.0,8,1,0.8444,1,1,1,1,0.1556,keep
137634.0,3.0,4,1,0.9016,1,1,1,1,0.0984,keep
137634.0,4.0,5,1,0.5318,1,1,1,1,0.4682,keep
137634.0,5.0,6,1,0.8688,1,1,1,1,0.1312,keep
138086.0,3.0,4,1,0.4757,0,1,2,1,0.5243,keep
138086.0,4.0,5,1,0.4737,0,0,2,2,0.5263,keep
138086.0,5.0,6,0,0.7576,1,0,3,4,0.2424,gain
141164.0,1.0,2,1,0.0128,0,0,2,2,0.9872,keep
141868.0,5.0,6,0,0.0222,0,0,4,4,0.9778,gain
141868.0,6.0,7,0,0.0166,0,0,4,4,0.9834,gain
144772.0,5.0,6,0,0.0188,0,0,4,4,0.9812,gain
144772.0,6.0,7,0,0.2164,0,0,4,4,0.7836,gain
144772.0,7.0,8,0,0.0723,0,0,4,4,0.9277,gain
144802.0,7.0,8,1,0.8041,1,1,1,1,0.1959,keep
147389.0,7.0,8,0,0.465,0,0,4,4,0.535,gain
148131.0,3.0,4,0,0.0391,0,0,4,4,0.9609,gain
148131.0,4.0,5,0,0.1172,0,0,4,4,0.8828,gain
148131.0,5.0,6,0,0.0085,0,0,4,4,0.9915,gain
149441.0,7.0,8,0,0.3724,0,0,4,4,0.6276,gain
149441.0,8.0,9,0,0.4582,0,0,4,4,0.5418,gain
149441.0,9.0,10,0,0.2172,0,0,4,4,0.7828,gain
149654.0,7.0,8,0,0.514,1,0,3,4,0.486,gain
150662.0,5.0,6,1,0.8688,1,1,1,1,0.1312,keep
150662.0,6.0,7,1,0.9435,1,1,1,1,0.0565,keep
150662.0,7.0,8,1,0.9711,1,1,1,1,0.0289,keep
151273.0,1.0,2,1,0.0857,0,0,2,2,0.9143,keep
153172.0,5.0,6,1,0.5015,1,0,1,2,0.4985,keep
153172.0,6.0,7,0,0.9074,1,0,3,4,0.0926,gain
153172.0,7.0,8,0,0.8982,1,1,3,3,0.1018,gain
153466.0,3.0,4,0,0.6,1,0,3,4,0.4,gain
153466.0,4.0,5,0,0.7716,1,1,3,3,0.2284,gain
153466.0,5.0,6,1,0.8437,1,1,1,1,0.1563,keep
153675.0,1.0,2,1,0.4333,0,1,2,1,0.5667,keep
153675.0,2.0,3,1,0.4892,0,0,2,2,0.5108,keep
153675.0,3.0,4,0,0.5326,1,1,3,3,0.4674,gain
155261.0,1.0,2,1,0.8771,1,1,1,1,0.1229,keep
155734.0,1.0,2,1,0.6987,1,1,1,1,0.3013,keep
155734.0,2.0,3,1,0.8466,1,1,1,1,0.1534,keep
155734.0,3.0,4,1,0.6016,1,0,1,2,0.3984,keep
156384.0,5.0,6,1,0.5015,1,1,1,1,0.4985,keep
156384.0,6.0,7,1,0.6539,1,1,1,1,0.3461,keep
156384.0,7.0,8,1,0.5215,1,0,1,2,0.4785,keep
156464.0,1.0,2,1,0.4081,0,0,2,2,0.5919,keep
156892.0,1.0,2,1,0.0079,0,0,2,2,0.9921,keep
157266.0,1.0,2,1,0.1644,0,0,2,2,0.8356,keep
157266.0,2.0,3,0,0.0769,0,0,4,4,0.9231,gain
157266.0,3.0,4,0,0.2478,0,0,4,4,0.7522,gain
157537.0,5.0,6,0,0.0399,0,0,4,4,0.9601,gain
157537.0,6.0,7,0,0.0062,0,0,4,4,0.9938,gain
157537.0,7.0,8,0,0.0614,0,0,4,4,0.9386,gain
160254.0,3.0,4,0,0.6809,1,0,3,4,0.3191,gain
160254.0,4.0,5,0,0.7268,1,0,3,4,0.2732,gain
160254.0,5.0,6,0,0.1698,0,0,4,4,0.8302,gain
163139.0,7.0,8,1,0.9342,1,1,1,1,0.0658,keep
163684.0,5.0,6,0,0.0042,0,0,4,4,0.9958,gain
163684.0,6.0,7,0,0.0145,0,0,4,4,0.9855,gain
163684.0,7.0,8,0,0.093,0,0,4,4,0.907,gain
163922.0,7.0,8,0,0.9051,1,1,3,3,0.0949,gain
169176.0,7.0,8,0,0.2582,0,0,4,4,0.7418,gain
169176.0,8.0,9,0,0.0661,0,0,4,4,0.9339,gain
169176.0,9.0,10,0,0.1972,0,0,4,4,0.8028,gain
171939.0,7.0,8,1,0.915,1,1,1,1,0.085,keep
171939.0,8.0,9,1,0.9568,1,1,1,1,0.0432,keep
171939.0,9.0,10,1,0.9486,1,1,1,1,0.0514,keep
171988.0,7.0,8,1,0.9503,1,1,1,1,0.0497,keep
172339.0,3.0,4,0,0.1397,0,0,4,4,0.8603,gain
172339.0,4.0,5,0,0.3689,0,0,4,4,0.6311,gain
172339.0,5.0,6,0,0.0629,0,0,4,4,0.9371,gain
173169.0,1.0,2,1,0.0037,0,0,2,2,0.9963,keep
173169.0,2.0,3,0,0.0447,0,0,4,4,0.9553,gain
173169.0,3.0,4,0,0.0292,0,0,4,4,0.9708,gain
173553.0,1.0,2,1,0.2441,0,1,2,1,0.7559,keep
176090.0,5.0,6,0,0.8082,1,1,3,3,0.1918,gain
176090.0,6.0,7,1,0.8949,1,1,1,1,0.1051,keep
176090.0,7.0,8,1,0.9731,1,1,1,1,0.0269,keep
176429.0,5.0,6,0,0.2806,0,0,4,4,0.7194,gain
176429.0,6.0,7,0,0.102,0,0,4,4,0.898,gain
176429.0,7.0,8,0,0.5397,1,1,3,3,0.4603,gain
177579.0,5.0,6,1,0.6249,1,1,1,1,0.3751,keep
177579.0,6.0,7,1,0.871,1,1,1,1,0.129,keep
177579.0,7.0,8,1,0.833,1,1,1,1,0.167,keep
178546.0,5.0,6,1,0.8467,1,1,1,1,0.1533,keep
178546.0,6.0,7,1,0.3606,0,1,2,1,0.6394,keep
178546.0,7.0,8,1,0.915,1,1,1,1,0.085,keep
178615.0,1.0,2,1,0.6548,1,1,1,1,0.3452,keep
178615.0,2.0,3,1,0.6571,1,1,1,1,0.3429,keep
178615.0,3.0,4,1,0.8579,1,1,1,1,0.1421,keep
179193.0,1.0,2,1,0.807,1,1,1,1,0.193,keep
179479.0,5.0,6,0,0.0157,0,0,4,4,0.9843,gain
179479.0,6.0,7,0,0.0061,0,0,4,4,0.9939,gain
179479.0,7.0,8,0,0.2104,0,0,4,4,0.7896,gain
179502.0,5.0,6,1,0.3849,0,0,2,2,0.6151,keep
179502.0,6.0,7,0,0.1375,0,0,4,4,0.8625,gain
179502.0,7.0,8,0,0.463,0,0,4,4,0.537,gain
180470.0,1.0,2,1,0.4663,0,1,2,1,0.5337,keep
180505.0,3.0,4,1,0.6033,1,1,1,1,0.3967,keep
180505.0,4.0,5,1,0.6017,1,1,1,1,0.3983,keep
180505.0,5.0,6,1,0.6648,1,1,1,1,0.3352,keep
180535.0,1.0,2,1,0.0157,0,0,2,2,0.9843,keep
180535.0,2.0,3,0,0.2664,0,0,4,4,0.7336,gain
180535.0,3.0,4,0,0.0834,0,0,4,4,0.9166,gain
181806.0,3.0,4,0,0.2304,0,0,4,4,0.7696,gain
181806.0,4.0,5,0,0.05,0,0,4,4,0.95,gain
181806.0,5.0,6,0,0.1685,0,0,4,4,0.8315,gain
182041.0,1.0,2,1,0.4404,0,1,2,1,0.5596,keep
182443.0,3.0,4,0,0.7478,1,1,3,3,0.2522,gain
182443.0,4.0,5,1,0.6253,1,1,1,1,0.3747,keep
182443.0,5.0,6,1,0.8688,1,1,1,1,0.1312,keep
185346.0,1.0,2,1,0.6611,1,0,1,2,0.3389,keep
185346.0,2.0,3,0,0.7849,1,0,3,4,0.2151,gain
185346.0,3.0,4,0,0.5593,1,0,3,4,0.4407,gain
186268.0,3.0,4,1,0.6548,1,1,1,1,0.3452,keep
186268.0,4.0,5,1,0.8106,1,1,1,1,0.1894,keep
186268.0,5.0,6,1,0.5591,1,1,1,1,0.4409,keep
186544.0,1.0,2,1,0.6611,1,0,1,2,0.3389,keep
186544.0,2.0,3,0,0.7942,1,1,3,3,0.2058,gain
186544.0,3.0,4,1,0.4205,0,1,2,1,0.5795,keep
188214.0,7.0,8,0,0.3432,0,0,4,4,0.6568,gain
188214.0,8.0,9,0,0.2412,0,0,4,4,0.7588,gain
188214.0,9.0,10,0,0.4765,0,1,4,3,0.5235,gain
188797.0,5.0,6,0,0.8729,1,0,3,4,0.1271,gain
189952.0,1.0,2,1,0.6245,1,0,1,2,0.3755,keep
189952.0,2.0,3,0,0.1233,0,0,4,4,0.8767,gain
189952.0,3.0,4,0,0.0115,0,0,4,4,0.9885,gain
192511.0,1.0,2,1,0.5505,1,1,1,1,0.4495,keep
192511.0,2.0,3,1,0.6571,1,1,1,1,0.3429,keep
192511.0,3.0,4,1,0.7997,1,1,1,1,0.2003,keep
193031.0,1.0,2,1,0.0032,0,0,2,2,0.9968,keep
193031.0,2.0,3,0,0.0353,0,0,4,4,0.9647,gain
193230.0,1.0,2,1,0.1935,0,0,2,2,0.8065,keep
193669.0,1.0,2,1,0.8771,1,1,1,1,0.1229,keep
193978.0,1.0,2,1,0.234,0,1,2,1,0.766,keep
195540.0,7.0,8,1,0.9685,1,1,1,1,0.0315,keep
196493.0,1.0,2,1,0.752,1,1,1,1,0.248,keep
196493.0,2.0,3,1,0.9117,1,1,1,1,0.0883,keep
196493.0,3.0,4,1,0.6969,1,1,1,1,0.3031,keep
198978.0,9.0,10,0,0.9194,1,1,3,3,0.0806,gain
199080.0,7.0,8,0,0.2396,0,0,4,4,0.7604,gain
199080.0,8.0,9,0,0.1497,0,0,4,4,0.8503,gain
199080.0,9.0,10,0,0.3761,0,0,4,4,0.6239,gain
200891.0,5.0,6,1,0.4279,0,0,2,2,0.5721,keep
200891.0,6.0,7,0,0.7181,1,0,3,4,0.2819,gain
200891.0,7.0,8,0,0.7408,1,1,3,3,0.2592,gain
201181.0,1.0,2,1,0.0024,0,0,2,2,0.9976,keep
203185.0,7.0,8,1,0.6592,1,0,1,2,0.3408,keep
203974.0,3.0,4,0,0.6411,1,0,3,4,0.3589,gain
204158.0,1.0,2,1,0.6743,1,1,1,1,0.3257,keep
204422.0,7.0,8,1,0.6663,1,1,1,1,0.3337,keep
205237.0,1.0,2,1,0.6267,1,1,1,1,0.3733,keep
205615.0,7.0,8,0,0.7388,1,0,3,4,0.2612,gain
205674.0,1.0,2,1,0.4511,0,1,2,1,0.5489,keep
208369.0,1.0,2,1,0.1532,0,0,2,2,0.8468,keep
209635.0,3.0,4,1,0.6548,1,1,1,1,0.3452,keep
209635.0,4.0,5,1,0.863,1,1,1,1,0.137,keep
209635.0,5.0,6,1,0.85,1,1,1,1,0.15,keep
209765.0,5.0,6,0,0.0054,0,0,4,4,0.9946,gain
209765.0,6.0,7,0,0.0145,0,0,4,4,0.9855,gain
209765.0,7.0,8,0,0.1662,0,0,4,4,0.8338,gain
212373.0,1.0,2,1,0.6586,1,1,1,1,0.3414,keep
212373.0,2.0,3,1,0.6385,1,0,1,2,0.3615,keep
212373.0,3.0,4,0,0.7765,1,1,3,3,0.2235,gain
212760.0,1.0,2,1,0.9202,1,1,1,1,0.0798,keep
213060.0,3.0,4,1,0.5926,1,1,1,1,0.4074,keep
213060.0,4.0,5,1,0.7262,1,1,1,1,0.2738,keep
213060.0,5.0,6,1,0.7825,1,1,1,1,0.2175,keep
213123.0,1.0,2,1,0.1821,0,1,2,1,0.8179,keep
213123.0,2.0,3,1,0.4144,0,1,2,1,0.5856,keep
213123.0,3.0,4,1,0.3836,0,1,2,1,0.6164,keep
213886.0,3.0,4,1,0.8579,1,1,1,1,0.1421,keep
213886.0,4.0,5,1,0.8864,1,1,1,1,0.1136,keep
213886.0,5.0,6,1,0.953,1,1,1,1,0.047,keep
214060.0,1.0,2,1,0.5505,1,1,1,1,0.4495,keep
214707.0,3.0,4,1,0.6033,1,1,1,1,0.3967,keep
214707.0,4.0,5,1,0.783,1,1,1,1,0.217,keep
214707.0,5.0,6,1,0.8914,1,1,1,1,0.1086,keep
215067.0,1.0,2,1,0.1532,0,0,2,2,0.8468,keep
216645.0,7.0,8,1,0.9685,1,1,1,1,0.0315,keep
218548.0,7.0,8,0,0.4344,0,0,4,4,0.5656,gain
218548.0,8.0,9,0,0.2088,0,0,4,4,0.7912,gain
218548.0,9.0,10,0,0.4036,0,0,4,4,0.5964,gain
219520.0,3.0,4,0,0.0159,0,0,4,4,0.9841,gain
219520.0,4.0,5,0,0.0307,0,0,4,4,0.9693,gain
219520.0,5.0,6,0,0.0112,0,0,4,4,0.9888,gain
220192.0,5.0,6,0,0.0054,0,0,4,4,0.9946,gain
220457.0,1.0,2,1,0.0055,0,0,2,2,0.9945,keep
220583.0,5.0,6,1,0.5573,1,0,1,2,0.4427,keep
220680.0,1.0,2,1,0.0428,0,0,2,2,0.9572,keep
220680.0,2.0,3,0,0.5988,1,0,3,4,0.4012,gain
220680.0,3.0,4,0,0.247,0,0,4,4,0.753,gain
221204.0,1.0,2,1,0.5102,1,0,1,2,0.4898,keep
221490.0,7.0,8,0,0.4926,0,1,4,3,0.5074,gain
223292.0,1.0,2,1,0.1803,0,0,2,2,0.8197,keep
223292.0,2.0,3,0,0.5087,1,0,3,4,0.4913,gain
223292.0,3.0,4,0,0.0522,0,0,4,4,0.9478,gain
225324.0,1.0,2,1,0.167,0,0,2,2,0.833,keep
225917.0,7.0,8,1,0.915,1,1,1,1,0.085,keep
226580.0,1.0,2,1,0.5102,1,0,1,2,0.4898,keep
228960.0,3.0,4,1,0.4284,0,0,2,2,0.5716,keep
228960.0,4.0,5,0,0.7705,1,1,3,3,0.2295,gain
228960.0,5.0,6,1,0.5573,1,1,1,1,0.4427,keep
228969.0,1.0,2,1,0.0023,0,0,2,2,0.9977,keep
228969.0,2.0,3,0,0.031,0,0,4,4,0.969,gain
228969.0,3.0,4,0,0.0281,0,0,4,4,0.9719,gain
229981.0,1.0,2,1,0.0008,0,0,2,2,0.9992,keep
230001.0,1.0,2,1,0.6611,1,1,1,1,0.3389,keep
230001.0,2.0,3,1,0.567,1,1,1,1,0.433,keep
230001.0,3.0,4,1,0.4875,0,1,2,1,0.5125,keep
230277.0,7.0,8,0,0.7681,1,0,3,4,0.2319,gain
230604.0,1.0,2,1,0.4663,0,0,2,2,0.5337,keep
231555.0,1.0,2,1,0.0292,0,0,2,2,0.9708,keep
232014.0,1.0,2,1,0.0599,0,0,2,2,0.9401,keep
233960.0,3.0,4,1,0.9016,1,1,1,1,0.0984,keep
233960.0,4.0,5,1,0.7248,1,1,1,1,0.2752,keep
233960.0,5.0,6,1,0.7497,1,1,1,1,0.2503,keep
234728.0,1.0,2,1,0.033,0,0,2,2,0.967,keep
235271.0,5.0,6,1,0.7825,1,1,1,1,0.2175,keep
235271.0,6.0,7,1,0.6583,1,0,1,2,0.3417,keep
235271.0,7.0,8,0,0.8915,1,0,3,4,0.1085,gain
235599.0,9.0,10,0,0.6875,1,0,3,4,0.3125,gain
236658.0,1.0,2,1,0.6456,1,1,1,1,0.3544,keep
236658.0,2.0,3,1,0.6137,1,1,1,1,0.3863,keep
236658.0,3.0,4,1,0.6223,1,1,1,1,0.3777,keep
237199.0,1.0,2,1,0.0297,0,0,2,2,0.9703,keep
237199.0,2.0,3,0,0.6832,1,0,3,4,0.3168,gain
237199.0,3.0,4,0,0.3685,0,0,4,4,0.6315,gain
238898.0,1.0,2,1,0.0905,0,0,2,2,0.9095,keep
238898.0,2.0,3,0,0.7179,1,1,3,3,0.2821,gain
238898.0,3.0,4,1,0.4284,0,0,2,2,0.5716,keep
239251.0,7.0,8,0,0.8852,1,0,3,4,0.1148,gain
239778.0,1.0,2,1,0.0078,0,0,2,2,0.9922,keep
239778.0,2.0,3,0,0.3621,0,0,4,4,0.6379,gain
239778.0,3.0,4,0,0.4211,0,0,4,4,0.5789,gain
240565.0,1.0,2,1,0.6245,1,0,1,2,0.3755,keep
242868.0,7.0,8,1,0.8506,1,1,1,1,0.1494,keep
242978.0,7.0,8,0,0.2199,0,0,4,4,0.7801,gain
243323.0,3.0,4,0,0.0975,0,0,4,4,0.9025,gain
243323.0,4.0,5,0,0.0163,0,0,4,4,0.9837,gain
243323.0,5.0,6,0,0.0208,0,0,4,4,0.9792,gain
243582.0,5.0,6,0,0.0208,0,0,4,4,0.9792,gain
243582.0,6.0,7,0,0.3094,0,0,4,4,0.6906,gain
243582.0,7.0,8,0,0.3929,0,0,4,4,0.6071,gain
245648.0,3.0,4,1,0.7433,1,1,1,1,0.2567,keep
245648.0,4.0,5,1,0.8864,1,1,1,1,0.1136,keep
245648.0,5.0,6,1,0.6249,1,0,1,2,0.3751,keep
246369.0,5.0,6,1,0.5591,1,0,1,2,0.4409,keep
246369.0,6.0,7,0,0.8401,1,0,3,4,0.1599,gain
246369.0,7.0,8,0,0.9045,1,1,3,3,0.0955,gain
246831.0,3.0,4,0,0.7656,1,0,3,4,0.2344,gain
246831.0,4.0,5,0,0.5026,1,0,3,4,0.4974,gain
246831.0,5.0,6,0,0.1668,0,0,4,4,0.8332,gain
247131.0,1.0,2,1,0.0595,0,0,2,2,0.9405,keep
247580.0,1.0,2,1,0.5561,1,0,1,2,0.4439,keep
248115.0,1.0,2,1,0.0297,0,0,2,2,0.9703,keep
249728.0,1.0,2,1,0.0276,0,0,2,2,0.9724,keep
250068.0,3.0,4,0,0.0292,0,0,4,4,0.9708,gain
250068.0,4.0,5,0,0.0272,0,0,4,4,0.9728,gain
250068.0,5.0,6,0,0.1698,0,0,4,4,0.8302,gain
250639.0,7.0,8,0,0.1203,0,0,4,4,0.8797,gain
250927.0,1.0,2,1,0.4055,0,0,2,2,0.5945,keep
250927.0,2.0,3,0,0.7164,1,0,3,4,0.2836,gain
250927.0,3.0,4,0,0.2281,0,0,4,4,0.7719,gain
251908.0,7.0,8,1,0.9089,1,1,1,1,0.0911,keep
251908.0,8.0,9,1,0.9677,1,1,1,1,0.0323,keep
251908.0,9.0,10,1,0.941,1,1,1,1,0.059,keep
252100.0,7.0,8,0,0.4341,0,0,4,4,0.5659,gain
252312.0,1.0,2,1,0.7437,1,1,1,1,0.2563,keep
252552.0,7.0,8,0,0.4207,0,0,4,4,0.5793,gain
254452.0,1.0,2,1,0.0116,0,0,2,2,0.9884,keep
255109.0,1.0,2,1,0.5102,1,1,1,1,0.4898,keep
255109.0,2.0,3,1,0.6633,1,1,1,1,0.3367,keep
255109.0,3.0,4,1,0.4875,0,1,2,1,0.5125,keep
255725.0,5.0,6,0,0.2717,0,1,4,3,0.7283,gain
256485.0,1.0,2,1,0.2661,0,0,2,2,0.7339,keep
256959.0,3.0,4,0,0.0159,0,0,4,4,0.9841,gain
256959.0,4.0,5,0,0.0085,0,0,4,4,0.9915,gain
256959.0,5.0,6,0,0.0139,0,0,4,4,0.9861,gain
257711.0,7.0,8,0,0.6417,1,0,3,4,0.3583,gain
257925.0,5.0,6,0,0.6048,1,0,3,4,0.3952,gain
257925.0,6.0,7,0,0.2942,0,1,4,3,0.7058,gain
257925.0,7.0,8,1,0.5821,1,1,1,1,0.4179,keep
257945.0,1.0,2,1,0.1365,0,1,2,1,0.8635,keep
258233.0,1.0,2,1,0.3854,0,1,2,1,0.6146,keep
258233.0,2.0,3,1,0.5615,1,0,1,2,0.4385,keep
258233.0,3.0,4,0,0.583,1,1,3,3,0.417,gain
260288.0,1.0,2,1,0.033,0,0,2,2,0.967,keep
261046.0,1.0,2,1,0.4404,0,0,2,2,0.5596,keep
261046.0,2.0,3,0,0.4883,0,0,4,4,0.5117,gain
261046.0,3.0,4,0,0.2746,0,0,4,4,0.7254,gain
261144.0,5.0,6,0,0.094,0,0,4,4,0.906,gain
261144.0,6.0,7,0,0.337,0,0,4,4,0.663,gain
261144.0,7.0,8,0,0.171,0,0,4,4,0.829,gain
261795.0,3.0,4,1,0.586,1,0,1,2,0.414,keep
262784.0,1.0,2,1,0.0084,0,0,2,2,0.9916,keep
264875.0,3.0,4,1,0.6969,1,1,1,1,0.3031,keep
264875.0,4.0,5,1,0.8432,1,1,1,1,0.1568,keep
264875.0,5.0,6,1,0.8061,1,1,1,1,0.1939,keep
267895.0,1.0,2,1,0.093,0,0,2,2,0.907,keep
268022.0,9.0,10,1,0.9355,1,1,1,1,0.0645,keep
268208.0,5.0,6,0,0.4853,0,0,4,4,0.5147,gain
268208.0,6.0,7,0,0.232,0,0,4,4,0.768,gain
268208.0,7.0,8,0,0.2274,0,0,4,4,0.7726,gain
268455.0,1.0,2,1,0.234,0,0,2,2,0.766,keep
268654.0,5.0,6,0,0.706,1,1,3,3,0.294,gain
268654.0,6.0,7,1,0.6583,1,0,1,2,0.3417,keep
268654.0,7.0,8,0,0.8547,1,0,3,4,0.1453,gain
268698.0,7.0,8,1,0.7062,1,1,1,1,0.2938,keep
269087.0,1.0,2,1,0.894,1,1,1,1,0.106,keep
269087.0,2.0,3,1,0.8599,1,1,1,1,0.1401,keep
269087.0,3.0,4,1,0.7433,1,1,1,1,0.2567,keep
270093.0,1.0,2,1,0.6245,1,1,1,1,0.3755,keep
270093.0,2.0,3,1,0.7699,1,0,1,2,0.2301,keep
270093.0,3.0,4,0,0.3828,0,1,4,3,0.6172,gain
270338.0,5.0,6,1,0.6249,1,1,1,1,0.3751,keep
270338.0,6.0,7,1,0.6539,1,1,1,1,0.3461,keep
270338.0,7.0,8,1,0.9673,1,1,1,1,0.0327,keep
270915.0,1.0,2,1,0.5518,1,0,1,2,0.4482,keep
270915.0,2.0,3,0,0.7748,1,1,3,3,0.2252,gain
270915.0,3.0,4,1,0.7943,1,1,1,1,0.2057,keep
271230.0,5.0,6,0,0.4229,0,0,4,4,0.5771,gain
271230.0,6.0,7,0,0.4131,0,0,4,4,0.5869,gain
271230.0,7.0,8,0,0.8676,1,1,3,3,0.1324,gain
276236.0,9.0,10,1,0.8355,1,1,1,1,0.1645,keep
277111.0,1.0,2,1,0.0276,0,0,2,2,0.9724,keep
277111.0,2.0,3,0,0.2426,0,0,4,4,0.7574,gain
277111.0,3.0,4,0,0.6832,1,1,3,3,0.3168,gain
277288.0,3.0,4,0,0.2443,0,0,4,4,0.7557,gain
277288.0,4.0,5,0,0.7107,1,0,3,4,0.2893,gain
277288.0,5.0,6,0,0.4509,0,0,4,4,0.5491,gain
279590.0,5.0,6,0,0.0035,0,0,4,4,0.9965,gain
279590.0,6.0,7,0,0.0073,0,0,4,4,0.9927,gain
279841.0,7.0,8,1,0.6663,1,1,1,1,0.3337,keep
280088.0,7.0,8,1,0.9711,1,1,1,1,0.0289,keep
280251.0,1.0,2,1,0.773,1,1,1,1,0.227,keep
280251.0,2.0,3,1,0.6571,1,0,1,2,0.3429,keep
280251.0,3.0,4,0,0.724,1,0,3,4,0.276,gain
280291.0,5.0,6,0,0.6858,1,1,3,3,0.3142,gain
280291.0,6.0,7,1,0.4778,0,0,2,2,0.5222,keep
280291.0,7.0,8,0,0.8608,1,0,3,4,0.1392,gain
280422.0,5.0,6,0,0.1048,0,0,4,4,0.8952,gain
280422.0,6.0,7,0,0.0621,0,0,4,4,0.9379,gain
280422.0,7.0,8,0,0.1438,0,0,4,4,0.8562,gain
280826.0,3.0,4,0,0.1102,0,0,4,4,0.8898,gain
280826.0,4.0,5,0,0.0306,0,0,4,4,0.9694,gain
280826.0,5.0,6,0,0.0085,0,0,4,4,0.9915,gain
280933.0,5.0,6,1,0.6295,1,1,1,1,0.3705,keep
280933.0,6.0,7,1,0.949,1,1,1,1,0.051,keep
280933.0,7.0,8,1,0.7493,1,1,1,1,0.2507,keep
281136.0,1.0,2,1,0.6245,1,1,1,1,0.3755,keep
281667.0,1.0,2,1,0.752,1,1,1,1,0.248,keep
281996.0,1.0,2,1,0.1133,0,0,2,2,0.8867,keep
281996.0,2.0,3,0,0.221,0,0,4,4,0.779,gain
282134.0,7.0,8,1,0.9397,1,1,1,1,0.0603,keep
282154.0,1.0,2,1,0.0027,0,0,2,2,0.9973,keep
284957.0,1.0,2,1,0.0025,0,0,2,2,0.9975,keep
284957.0,2.0,3,0,0.0318,0,0,4,4,0.9682,gain
284957.0,3.0,4,0,0.0791,0,0,4,4,0.9209,gain
285770.0,7.0,8,1,0.61,1,1,1,1,0.39,keep
287076.0,1.0,2,1,0.0301,0,0,2,2,0.9699,keep
287076.0,2.0,3,0,0.0966,0,0,4,4,0.9034,gain
287076.0,3.0,4,0,0.0785,0,0,4,4,0.9215,gain
287587.0,7.0,8,1,0.6592,1,1,1,1,0.3408,keep
288293.0,3.0,4,1,0.8579,1,1,1,1,0.1421,keep
288293.0,4.0,5,1,0.8684,1,1,1,1,0.1316,keep
288293.0,5.0,6,1,0.8502,1,1,1,1,0.1498,keep
288715.0,1.0,2,1,0.6245,1,1,1,1,0.3755,keep
288715.0,2.0,3,1,0.6516,1,0,1,2,0.3484,keep
288715.0,3.0,4,0,0.3442,0,0,4,4,0.6558,gain
288877.0,1.0,2,1,0.082,0,0,2,2,0.918,keep
288877.0,2.0,3,0,0.0215,0,0,4,4,0.9785,gain
288877.0,3.0,4,0,0.004,0,0,4,4,0.996,gain
293661.0,5.0,6,0,0.7912,1,0,3,4,0.2088,gain
293661.0,6.0,7,0,0.6515,1,0,3,4,0.3485,gain
293661.0,7.0,8,0,0.8452,1,0,3,4,0.1548,gain
294853.0,1.0,2,1,0.1334,0,0,2,2,0.8666,keep
294853.0,2.0,3,0,0.6082,1,0,3,4,0.3918,gain
294853.0,3.0,4,0,0.7123,1,0,3,4,0.2877,gain
295049.0,1.0,2,1,0.4404,0,1,2,1,0.5596,keep
295237.0,1.0,2,1,0.0342,0,0,2,2,0.9658,keep
295273.0,1.0,2,1,0.0022,0,0,2,2,0.9978,keep
295431.0,7.0,8,0,0.4287,0,0,4,4,0.5713,gain
297430.0,1.0,2,1,0.0022,0,0,2,2,0.9978,keep
297430.0,2.0,3,0,0.0447,0,0,4,4,0.9553,gain
297430.0,3.0,4,0,0.0162,0,0,4,4,0.9838,gain
299573.0,3.0,4,0,0.4863,0,0,4,4,0.5137,gain
299573.0,4.0,5,0,0.2517,0,0,4,4,0.7483,gain
299573.0,5.0,6,0,0.4637,0,0,4,4,0.5363,gain
299605.0,5.0,6,1,0.8868,1,1,1,1,0.1132,keep
299605.0,6.0,7,1,0.9437,1,1,1,1,0.0563,keep
299605.0,7.0,8,1,0.8787,1,1,1,1,0.1213,keep
301364.0,1.0,2,1,0.1139,0,0,2,2,0.8861,keep
302600.0,7.0,8,0,0.2859,0,0,4,4,0.7141,gain
303150.0,9.0,10,1,0.941,1,1,1,1,0.059,keep
304353.0,3.0,4,0,0.015,0,0,4,4,0.985,gain
304353.0,4.0,5,0,0.0041,0,0,4,4,0.9959,gain
304353.0,5.0,6,0,0.0139,0,0,4,4,0.9861,gain
305989.0,1.0,2,1,0.0415,0,0,2,2,0.9585,keep
305989.0,2.0,3,0,0.5279,1,0,3,4,0.4721,gain
305989.0,3.0,4,0,0.7455,1,0,3,4,0.2545,gain
306053.0,3.0,4,1,0.4284,0,1,2,1,0.5716,keep
306053.0,4.0,5,1,0.6017,1,1,1,1,0.3983,keep
306053.0,5.0,6,1,0.5788,1,1,1,1,0.4212,keep
306202.0,5.0,6,1,0.85,1,1,1,1,0.15,keep
306202.0,6.0,7,1,0.8603,1,1,1,1,0.1397,keep
306202.0,7.0,8,1,0.9673,1,1,1,1,0.0327,keep
306342.0,7.0,8,1,0.7942,1,1,1,1,0.2058,keep
306586.0,1.0,2,1,0.2315,0,0,2,2,0.7685,keep
307304.0,1.0,2,1,0.2661,0,0,2,2,0.7339,keep
307304.0,2.0,3,0,0.668,1,1,3,3,0.332,gain
307304.0,3.0,4,1,0.3469,0,0,2,2,0.6531,keep
308276.0,1.0,2,1,0.9008,1,1,1,1,0.0992,keep
308276.0,2.0,3,1,0.6152,1,1,1,1,0.3848,keep
308276.0,3.0,4,1,0.694,1,1,1,1,0.306,keep
309395.0,5.0,6,1,0.953,1,1,1,1,0.047,keep
309395.0,6.0,7,1,0.8949,1,1,1,1,0.1051,keep
309395.0,7.0,8,1,0.915,1,1,1,1,0.085,keep
309650.0,3.0,4,1,0.947,1,1,1,1,0.053,keep
309650.0,4.0,5,1,0.7873,1,1,1,1,0.2127,keep
309650.0,5.0,6,1,0.9414,1,1,1,1,0.0586,keep
309763.0,1.0,2,1,0.234,0,0,2,2,0.766,keep
311594.0,1.0,2,1,0.005,0,0,2,2,0.995,keep
313199.0,3.0,4,1,0.586,1,0,1,2,0.414,keep
313199.0,4.0,5,0,0.8632,1,1,3,3,0.1368,gain
313199.0,5.0,6,1,0.7825,1,0,1,2,0.2175,keep
313684.0,1.0,2,1,0.1803,0,0,2,2,0.8197,keep
313684.0,2.0,3,0,0.7963,1,0,3,4,0.2037,gain
313684.0,3.0,4,0,0.6407,1,0,3,4,0.3593,gain
314955.0,3.0,4,0,0.0148,0,0,4,4,0.9852,gain
314955.0,4.0,5,0,0.0312,0,0,4,4,0.9688,gain
314955.0,5.0,6,0,0.0419,0,0,4,4,0.9581,gain
316239.0,1.0,2,1,0.0059,0,0,2,2,0.9941,keep
316535.0,3.0,4,0,0.3925,0,1,4,3,0.6075,gain
316535.0,4.0,5,1,0.3627,0,1,2,1,0.6373,keep
316535.0,5.0,6,1,0.4005,0,0,2,2,0.5995,keep
317505.0,2.0,3,0,0.0291,0,0,4,4,0.9709,gain
319180.0,1.0,2,1,0.6611,1,1,1,1,0.3389,keep
320057.0,1.0,2,1,0.0165,0,0,2,2,0.9835,keep
320057.0,2.0,3,0,0.1375,0,0,4,4,0.8625,gain
320057.0,3.0,4,0,0.1272,0,0,4,4,0.8728,gain
320698.0,5.0,6,1,0.9414,1,1,1,1,0.0586,keep
320698.0,6.0,7,1,0.6638,1,1,1,1,0.3362,keep
320698.0,7.0,8,1,0.9685,1,1,1,1,0.0315,keep
322720.0,3.0,4,0,0.5896,1,0,3,4,0.4104,gain
322720.0,4.0,5,0,0.822,1,0,3,4,0.178,gain
322720.0,5.0,6,0,0.4074,0,0,4,4,0.5926,gain
330172.0,9.0,10,1,0.9825,1,1,1,1,0.0175,keep
332396.0,1.0,2,1,0.4081,0,1,2,1,0.5919,keep
334108.0,5.0,6,1,0.953,1,1,1,1,0.047,keep
334108.0,6.0,7,1,0.871,1,1,1,1,0.129,keep
334108.0,7.0,8,1,0.8041,1,1,1,1,0.1959,keep
335072.0,1.0,2,1,0.1314,0,0,2,2,0.8686,keep
335226.0,7.0,8,1,0.833,1,1,1,1,0.167,keep
335576.0,5.0,6,1,0.4005,0,1,2,1,0.5995,keep
335576.0,6.0,7,1,0.4448,0,1,2,1,0.5552,keep
335576.0,7.0,8,1,0.7799,1,0,1,2,0.2201,keep
336677.0,5.0,6,0,0.0075,0,0,4,4,0.9925,gain
336677.0,6.0,7,0,0.0722,0,0,4,4,0.9278,gain
337009.0,3.0,4,0,0.4643,0,0,4,4,0.5357,gain
337720.0,1.0,2,1,0.2627,0,0,2,2,0.7373,keep
337720.0,2.0,3,0,0.4086,0,0,4,4,0.5914,gain
337720.0,3.0,4,0,0.4559,0,1,4,3,0.5441,gain
341337.0,1.0,2,1,0.4081,0,1,2,1,0.5919,keep
341337.0,2.0,3,1,0.567,1,0,1,2,0.433,keep
341337.0,3.0,4,0,0.4717,0,0,4,4,0.5283,gain
343632.0,1.0,2,1,0.773,1,1,1,1,0.227,keep
343632.0,2.0,3,1,0.6476,1,1,1,1,0.3524,keep
343632.0,3.0,4,1,0.651,1,1,1,1,0.349,keep
343742.0,7.0,8,0,0.3032,0,0,4,4,0.6968,gain
344082.0,7.0,8,0,0.1866,0,0,4,4,0.8134,gain
344347.0,1.0,2,1,0.4283,0,0,2,2,0.5717,keep
344347.0,2.0,3,0,0.5993,1,0,3,4,0.4007,gain
344347.0,3.0,4,0,0.2023,0,0,4,4,0.7977,gain
345866.0,1.0,2,1,0.7532,1,1,1,1,0.2468,keep
345866.0,2.0,3,1,0.5359,1,0,1,2,0.4641,keep
345866.0,3.0,4,0,0.6902,1,0,3,4,0.3098,gain
346163.0,3.0,4,0,0.2656,0,0,4,4,0.7344,gain
346163.0,4.0,5,0,0.5979,1,1,3,3,0.4021,gain
346163.0,5.0,6,1,0.4944,0,1,2,1,0.5056,keep
347843.0,7.0,8,1,0.8479,1,0,1,2,0.1521,keep
349612.0,5.0,6,0,0.4853,0,0,4,4,0.5147,gain
349612.0,6.0,7,0,0.6722,1,0,3,4,0.3278,gain
349612.0,7.0,8,0,0.8192,1,1,3,3,0.1808,gain
349918.0,1.0,2,1,0.4081,0,1,2,1,0.5919,keep
349989.0,1.0,2,1,0.2198,0,0,2,2,0.7802,keep
350492.0,3.0,4,1,0.4875,0,1,2,1,0.5125,keep
350492.0,4.0,5,1,0.363,0,1,2,1,0.637,keep
350492.0,5.0,6,1,0.7259,1,1,1,1,0.2741,keep
350856.0,3.0,4,0,0.7828,1,0,3,4,0.2172,gain
350856.0,4.0,5,0,0.6917,1,0,3,4,0.3083,gain
350856.0,5.0,6,0,0.5033,1,0,3,4,0.4967,gain
352791.0,3.0,4,0,0.0241,0,0,4,4,0.9759,gain
352791.0,4.0,5,0,0.0096,0,0,4,4,0.9904,gain
352791.0,5.0,6,0,0.0354,0,0,4,4,0.9646,gain
353386.0,1.0,2,1,0.7437,1,1,1,1,0.2563,keep
355033.0,7.0,8,1,0.915,1,1,1,1,0.085,keep
356240.0,7.0,8,1,0.9212,1,1,1,1,0.0788,keep
356240.0,8.0,9,1,0.9465,1,1,1,1,0.0535,keep
356240.0,9.0,10,1,0.9486,1,1,1,1,0.0514,keep
356303.0,3.0,4,1,0.8633,1,1,1,1,0.1367,keep
356303.0,4.0,5,1,0.9294,1,1,1,1,0.0706,keep
356303.0,5.0,6,1,0.8437,1,1,1,1,0.1563,keep
356320.0,5.0,6,0,0.0333,0,0,4,4,0.9667,gain
356320.0,6.0,7,0,0.0964,0,0,4,4,0.9036,gain
356320.0,7.0,8,0,0.0421,0,0,4,4,0.9579,gain
358402.0,3.0,4,1,0.6548,1,0,1,2,0.3452,keep
358402.0,4.0,5,0,0.8664,1,1,3,3,0.1336,gain
358402.0,5.0,6,1,0.8437,1,1,1,1,0.1563,keep
358956.0,1.0,2,1,0.4459,0,1,2,1,0.5541,keep
358956.0,2.0,3,1,0.5945,1,1,1,1,0.4055,keep
358956.0,3.0,4,1,0.3836,0,1,2,1,0.6164,keep
359961.0,5.0,6,0,0.0629,0,0,4,4,0.9371,gain
359961.0,6.0,7,0,0.1024,0,0,4,4,0.8976,gain
359961.0,7.0,8,0,0.2741,0,0,4,4,0.7259,gain
360247.0,1.0,2,1,0.4116,0,1,2,1,0.5884,keep
360247.0,2.0,3,1,0.6633,1,1,1,1,0.3367,keep
360247.0,3.0,4,1,0.4408,0,1,2,1,0.5592,keep
360749.0,1.0,2,1,0.5102,1,1,1,1,0.4898,keep
360749.0,2.0,3,1,0.6571,1,0,1,2,0.3429,keep
360749.0,3.0,4,0,0.7442,1,0,3,4,0.2558,gain
360869.0,7.0,8,0,0.0421,0,0,4,4,0.9579,gain
361419.0,7.0,8,1,0.9673,1,1,1,1,0.0327,keep
362122.0,1.0,2,1,0.0298,0,0,2,2,0.9702,keep
362122.0,2.0,3,0,0.6079,1,0,3,4,0.3921,gain
362122.0,3.0,4,0,0.4717,0,0,4,4,0.5283,gain
362200.0,3.0,4,0,0.0117,0,0,4,4,0.9883,gain
362200.0,4.0,5,0,0.0277,0,0,4,4,0.9723,gain
362200.0,5.0,6,0,0.0075,0,0,4,4,0.9925,gain
362620.0,3.0,4,0,0.1505,0,0,4,4,0.8495,gain
362620.0,4.0,5,0,0.2517,0,0,4,4,0.7483,gain
362620.0,5.0,6,0,0.3787,0,0,4,4,0.6213,gain
363988.0,1.0,2,1,0.6611,1,1,1,1,0.3389,keep
364079.0,1.0,2,1,0.2198,0,0,2,2,0.7802,keep
364811.0,7.0,8,1,0.8506,1,1,1,1,0.1494,keep
365152.0,1.0,2,1,0.4333,0,0,2,2,0.5667,keep
365152.0,2.0,3,0,0.0769,0,0,4,4,0.9231,gain
365152.0,3.0,4,0,0.1353,0,0,4,4,0.8647,gain
365665.0,1.0,2,1,0.082,0,0,2,2,0.918,keep
365828.0,1.0,2,1,0.0218,0,0,2,2,0.9782,keep
366262.0,5.0,6,1,0.8061,1,1,1,1,0.1939,keep
366262.0,6.0,7,1,0.871,1,1,1,1,0.129,keep
366262.0,7.0,8,1,0.9007,1,1,1,1,0.0993,keep
366420.0,7.0,8,0,0.2865,0,0,4,4,0.7135,gain
366884.0,7.0,8,0,0.1568,0,0,4,4,0.8432,gain
367044.0,7.0,8,0,0.753,1,0,3,4,0.247,gain
367044.0,8.0,9,0,0.6722,1,0,3,4,0.3278,gain
367044.0,9.0,10,0,0.8969,1,0,3,4,0.1031,gain
367249.0,3.0,4,0,0.0297,0,0,4,4,0.9703,gain
367249.0,4.0,5,0,0.0647,0,0,4,4,0.9353,gain
367249.0,5.0,6,0,0.0412,0,0,4,4,0.9588,gain
369023.0,1.0,2,1,0.6987,1,1,1,1,0.3013,keep
369023.0,2.0,3,1,0.8466,1,1,1,1,0.1534,keep
369023.0,3.0,4,1,0.4295,0,0,2,2,0.5705,keep
370500.0,7.0,8,0,0.8055,1,0,3,4,0.1945,gain
372866.0,1.0,2,1,0.6586,1,0,1,2,0.3414,keep
372866.0,2.0,3,0,0.5055,1,1,3,3,0.4945,gain
372866.0,3.0,4,1,0.4875,0,1,2,1,0.5125,keep
375017.0,7.0,8,0,0.8169,1,0,3,4,0.1831,gain
375489.0,1.0,2,1,0.752,1,1,1,1,0.248,keep
375489.0,2.0,3,1,0.5548,1,1,1,1,0.4452,keep
375489.0,3.0,4,1,0.7637,1,1,1,1,0.2363,keep
375781.0,5.0,6,0,0.01,0,0,4,4,0.99,gain
376225.0,1.0,2,1,0.7437,1,1,1,1,0.2563,keep
376225.0,2.0,3,1,0.6236,1,1,1,1,0.3764,keep
376225.0,3.0,4,1,0.8421,1,1,1,1,0.1579,keep
379050.0,7.0,8,1,0.929,1,1,1,1,0.071,keep
379076.0,1.0,2,1,0.0014,0,0,2,2,0.9986,keep
379076.0,2.0,3,0,0.7416,1,0,3,4,0.2584,gain
381335.0,5.0,6,0,0.2283,0,0,4,4,0.7717,gain
381335.0,6.0,7,0,0.0709,0,0,4,4,0.9291,gain
381335.0,7.0,8,0,0.1486,0,0,4,4,0.8514,gain
381769.0,7.0,8,1,0.9007,1,1,1,1,0.0993,keep
382249.0,1.0,2,1,0.894,1,1,1,1,0.106,keep
382249.0,2.0,3,1,0.8599,1,1,1,1,0.1401,keep
382249.0,3.0,4,1,0.694,1,1,1,1,0.306,keep
382530.0,5.0,6,1,0.8061,1,1,1,1,0.1939,keep
382530.0,6.0,7,1,0.871,1,1,1,1,0.129,keep
382530.0,7.0,8,1,0.9007,1,1,1,1,0.0993,keep
387621.0,7.0,8,0,0.8877,1,1,3,3,0.1123,gain
387723.0,1.0,2,1,0.4081,0,1,2,1,0.5919,keep
387723.0,2.0,3,1,0.4892,0,0,2,2,0.5108,keep
387723.0,3.0,4,0,0.7123,1,0,3,4,0.2877,gain
388699.0,5.0,6,0,0.5073,1,1,3,3,0.4927,gain
388699.0,6.0,7,1,0.4804,0,1,2,1,0.5196,keep
388699.0,7.0,8,1,0.61,1,0,1,2,0.39,keep
389373.0,7.0,8,0,0.8676,1,0,3,4,0.1324,gain
389918.0,7.0,8,1,0.8506,1,1,1,1,0.1494,keep
390992.0,1.0,2,1,0.0143,0,0,2,2,0.9857,keep
390992.0,2.0,3,0,0.1864,0,0,4,4,0.8136,gain
390992.0,3.0,4,0,0.1353,0,0,4,4,0.8647,gain
391343.0,1.0,2,1,0.0858,0,1,2,1,0.9142,keep
393027.0,1.0,2,1,0.3005,0,1,2,1,0.6995,keep
393027.0,2.0,3,1,0.6705,1,1,1,1,0.3295,keep
393027.0,3.0,4,1,0.6069,1,0,1,2,0.3931,keep
393222.0,7.0,8,0,0.3575,0,0,4,4,0.6425,gain
393309.0,3.0,4,1,0.7433,1,1,1,1,0.2567,keep
393309.0,4.0,5,1,0.4388,0,1,2,1,0.5612,keep
393309.0,5.0,6,1,0.8868,1,1,1,1,0.1132,keep
393347.0,3.0,4,0,0.1045,0,0,4,4,0.8955,gain
393347.0,4.0,5,0,0.0827,0,0,4,4,0.9173,gain
393347.0,5.0,6,0,0.023,0,0,4,4,0.977,gain
393884.0,1.0,2,1,0.8771,1,0,1,2,0.1229,keep
394006.0,3.0,4,1,0.586,1,1,1,1,0.414,keep
394006.0,4.0,5,1,0.491,0,1,2,1,0.509,keep
394006.0,5.0,6,1,0.7259,1,1,1,1,0.2741,keep
394502.0,7.0,8,0,0.5303,1,0,3,4,0.4697,gain
394753.0,1.0,2,1,0.1821,0,0,2,2,0.8179,keep
394753.0,2.0,3,0,0.3597,0,1,4,3,0.6403,gain
394753.0,3.0,4,1,0.3836,0,0,2,2,0.6164,keep
395112.0,1.0,2,1,0.4404,0,0,2,2,0.5596,keep
395770.0,7.0,8,1,0.9212,1,1,1,1,0.0788,keep
395834.0,5.0,6,0,0.8298,1,1,3,3,0.1702,gain
395834.0,6.0,7,1,0.4804,0,1,2,1,0.5196,keep
395834.0,7.0,8,1,0.9089,1,1,1,1,0.0911,keep
396022.0,3.0,4,1,0.8314,1,1,1,1,0.1686,keep
396022.0,4.0,5,1,0.863,1,0,1,2,0.137,keep
396197.0,5.0,6,0,0.0048,0,0,4,4,0.9952,gain
396197.0,6.0,7,0,0.0061,0,0,4,4,0.9939,gain
396197.0,7.0,8,0,0.0709,0,0,4,4,0.9291,gain
396212.0,5.0,6,0,0.3884,0,0,4,4,0.6116,gain
396212.0,6.0,7,0,0.4249,0,0,4,4,0.5751,gain
396212.0,7.0,8,0,0.3585,0,0,4,4,0.6415,gain
396883.0,1.0,2,1,0.0187,0,0,2,2,0.9813,keep
396883.0,2.0,3,0,0.2764,0,0,4,4,0.7236,gain
396883.0,3.0,4,0,0.0319,0,0,4,4,0.9681,gain
397257.0,1.0,2,1,0.5102,1,1,1,1,0.4898,keep
397257.0,2.0,3,1,0.8113,1,1,1,1,0.1887,keep
397257.0,3.0,4,1,0.586,1,1,1,1,0.414,keep
400914.0,1.0,2,1,0.2319,0,0,2,2,0.7681,keep
400914.0,2.0,3,0,0.6746,1,1,3,3,0.3254,gain
400914.0,3.0,4,1,0.64,1,1,1,1,0.36,keep
402198.0,1.0,2,1,0.0052,0,0,2,2,0.9948,keep
402831.0,5.0,6,1,0.5829,1,1,1,1,0.4171,keep
402831.0,6.0,7,1,0.6539,1,1,1,1,0.3461,keep
402831.0,7.0,8,1,0.9673,1,1,1,1,0.0327,keep
404211.0,1.0,2,1,0.6456,1,1,1,1,0.3544,keep
404772.0,1.0,2,1,0.0905,0,0,2,2,0.9095,keep
404772.0,2.0,3,0,0.0301,0,0,4,4,0.9699,gain
404772.0,3.0,4,0,0.1174,0,0,4,4,0.8826,gain
404808.0,3.0,4,1,0.8797,1,1,1,1,0.1203,keep
404808.0,4.0,5,1,0.7262,1,1,1,1,0.2738,keep
404808.0,5.0,6,1,0.5591,1,1,1,1,0.4409,keep
405639.0,1.0,2,1,0.6267,1,1,1,1,0.3733,keep
405911.0,1.0,2,1,0.0148,0,0,2,2,0.9852,keep
407605.0,1.0,2,1,0.3804,0,0,2,2,0.6196,keep
407605.0,2.0,3,0,0.257,0,0,4,4,0.743,gain
407605.0,3.0,4,0,0.6656,1,0,3,4,0.3344,gain
407622.0,1.0,2,1,0.4404,0,1,2,1,0.5596,keep
407622.0,2.0,3,1,0.4144,0,1,2,1,0.5856,keep
407622.0,3.0,4,1,0.4205,0,1,2,1,0.5795,keep
408827.0,1.0,2,1,0.0041,0,0,2,2,0.9959,keep
410879.0,3.0,4,0,0.3719,0,0,4,4,0.6281,gain
410879.0,4.0,5,0,0.2922,0,0,4,4,0.7078,gain
410879.0,5.0,6,0,0.1125,0,0,4,4,0.8875,gain
411459.0,1.0,2,1,0.5505,1,1,1,1,0.4495,keep
411459.0,2.0,3,1,0.6385,1,0,1,2,0.3615,keep
411459.0,3.0,4,0,0.6718,1,1,3,3,0.3282,gain
411559.0,5.0,6,0,0.1497,0,0,4,4,0.8503,gain
411559.0,6.0,7,0,0.0646,0,0,4,4,0.9354,gain
411559.0,7.0,8,0,0.3447,0,0,4,4,0.6553,gain
412986.0,5.0,6,1,0.6249,1,1,1,1,0.3751,keep
412986.0,6.0,7,1,0.8424,1,1,1,1,0.1576,keep
412986.0,7.0,8,1,0.8918,1,1,1,1,0.1082,keep
413183.0,5.0,6,0,0.0112,0,0,4,4,0.9888,gain
413264.0,3.0,4,1,0.6415,1,1,1,1,0.3585,keep
413264.0,4.0,5,1,0.8495,1,1,1,1,0.1505,keep
413264.0,5.0,6,1,0.8502,1,1,1,1,0.1498,keep
414095.0,1.0,2,1,0.4116,0,0,2,2,0.5884,keep
414095.0,2.0,3,0,0.6468,1,1,3,3,0.3532,gain
414095.0,3.0,4,1,0.3836,0,1,2,1,0.6164,keep
414455.0,1.0,2,1,0.5213,1,1,1,1,0.4787,keep
414455.0,2.0,3,1,0.8976,1,1,1,1,0.1024,keep
414455.0,3.0,4,1,0.6548,1,1,1,1,0.3452,keep
415199.0,3.0,4,0,0.0149,0,0,4,4,0.9851,gain
415199.0,4.0,5,0,0.0222,0,0,4,4,0.9778,gain
415199.0,5.0,6,0,0.0107,0,0,4,4,0.9893,gain
415304.0,9.0,10,1,0.9825,1,1,1,1,0.0175,keep
415441.0,9.0,10,0,0.4503,0,0,4,4,0.5497,gain
415602.0,1.0,2,1,0.773,1,0,1,2,0.227,keep
415602.0,2.0,3,0,0.8072,1,1,3,3,0.1928,gain
415602.0,3.0,4,1,0.586,1,1,1,1,0.414,keep
415756.0,1.0,2,1,0.6245,1,0,1,2,0.3755,keep
415756.0,2.0,3,0,0.7659,1,1,3,3,0.2341,gain
415756.0,3.0,4,1,0.4875,0,0,2,2,0.5125,keep
416088.0,1.0,2,1,0.0499,0,0,2,2,0.9501,keep
416185.0,4.0,5,0,0.0135,0,0,4,4,0.9865,gain
416185.0,5.0,6,0,0.0428,0,0,4,4,0.9572,gain
417082.0,7.0,8,0,0.5526,1,0,3,4,0.4474,gain
417146.0,1.0,2,1,0.7387,1,1,1,1,0.2613,keep
417811.0,5.0,6,0,0.0268,0,0,4,4,0.9732,gain
417811.0,6.0,7,0,0.434,0,0,4,4,0.566,gain
417811.0,7.0,8,0,0.3914,0,1,4,3,0.6086,gain
420353.0,1.0,2,1,0.7387,1,0,1,2,0.2613,keep
421216.0,1.0,2,1,0.8771,1,1,1,1,0.1229,keep
421216.0,2.0,3,1,0.5359,1,1,1,1,0.4641,keep
421216.0,3.0,4,1,0.586,1,1,1,1,0.414,keep
421249.0,7.0,8,0,0.5641,1,0,3,4,0.4359,gain
421249.0,8.0,9,0,0.4683,0,1,4,3,0.5317,gain
421249.0,9.0,10,1,0.6679,1,0,1,2,0.3321,keep
423162.0,7.0,8,1,0.9089,1,1,1,1,0.0911,keep
424141.0,7.0,8,1,0.8918,1,0,1,2,0.1082,keep
424144.0,5.0,6,0,0.0054,0,0,4,4,0.9946,gain
424144.0,6.0,7,0,0.2986,0,0,4,4,0.7014,gain
424144.0,7.0,8,0,0.0752,0,0,4,4,0.9248,gain
424416.0,5.0,6,1,0.7259,1,1,1,1,0.2741,keep
424416.0,6.0,7,1,0.6583,1,1,1,1,0.3417,keep
424416.0,7.0,8,1,0.833,1,1,1,1,0.167,keep
426168.0,5.0,6,0,0.1841,0,0,4,4,0.8159,gain
426168.0,6.0,7,0,0.0494,0,0,4,4,0.9506,gain
426168.0,7.0,8,0,0.0793,0,0,4,4,0.9207,gain
426171.0,1.0,2,1,0.0021,0,0,2,2,0.9979,keep
426651.0,1.0,2,1,0.1288,0,0,2,2,0.8712,keep
427577.0,5.0,6,1,0.5836,1,0,1,2,0.4164,keep
427577.0,6.0,7,0,0.8079,1,1,3,3,0.1921,gain
427577.0,7.0,8,1,0.6663,1,0,1,2,0.3337,keep
427585.0,1.0,2,1,0.1324,0,1,2,1,0.8676,keep
428691.0,5.0,6,1,0.8868,1,1,1,1,0.1132,keep
428691.0,6.0,7,1,0.8424,1,1,1,1,0.1576,keep
428691.0,7.0,8,1,0.833,1,1,1,1,0.167,keep
428841.0,7.0,8,0,0.5858,1,1,3,3,0.4142,gain
429077.0,1.0,2,1,0.2661,0,0,2,2,0.7339,keep
429262.0,1.0,2,1,0.0053,0,0,2,2,0.9947,keep
431035.0,5.0,6,0,0.5516,1,0,3,4,0.4484,gain
431035.0,6.0,7,0,0.4837,0,0,4,4,0.5163,gain
431035.0,7.0,8,0,0.2158,0,0,4,4,0.7842,gain
431786.0,1.0,2,1,0.0118,0,0,2,2,0.9882,keep
432350.0,7.0,8,0,0.7891,1,1,3,3,0.2109,gain
432554.0,9.0,10,0,0.9498,1,1,3,3,0.0502,gain
432629.0,3.0,4,1,0.4757,0,0,2,2,0.5243,keep
432629.0,4.0,5,0,0.6231,1,1,3,3,0.3769,gain
432629.0,5.0,6,1,0.4944,0,0,2,2,0.5056,keep
435633.0,1.0,2,1,0.7884,1,1,1,1,0.2116,keep
435633.0,2.0,3,1,0.9182,1,1,1,1,0.0818,keep
435633.0,3.0,4,1,0.8314,1,1,1,1,0.1686,keep
437539.0,1.0,2,1,0.2132,0,0,2,2,0.7868,keep
438844.0,5.0,6,1,0.943,1,1,1,1,0.057,keep
438844.0,6.0,7,1,0.6636,1,1,1,1,0.3364,keep
438844.0,7.0,8,1,0.8964,1,1,1,1,0.1036,keep
439291.0,5.0,6,0,0.3376,0,0,4,4,0.6624,gain
439291.0,6.0,7,0,0.4008,0,0,4,4,0.5992,gain
439291.0,7.0,8,0,0.6997,1,0,3,4,0.3003,gain
439842.0,5.0,6,0,0.6221,1,0,3,4,0.3779,gain
439842.0,6.0,7,0,0.6091,1,0,3,4,0.3909,gain
439842.0,7.0,8,0,0.7798,1,0,3,4,0.2202,gain
441552.0,1.0,2,1,0.2856,0,0,2,2,0.7144,keep
441552.0,2.0,3,0,0.5988,1,0,3,4,0.4012,gain
441552.0,3.0,4,0,0.4886,0,0,4,4,0.5114,gain
442818.0,6.0,7,0,0.1738,0,0,4,4,0.8262,gain
442818.0,7.0,8,0,0.0327,0,0,4,4,0.9673,gain
443022.0,1.0,2,1,0.0155,0,0,2,2,0.9845,keep
444025.0,1.0,2,1,0.7031,1,0,1,2,0.2969,keep
444025.0,2.0,3,0,0.7361,1,0,3,4,0.2639,gain
444025.0,3.0,4,0,0.7578,1,1,3,3,0.2422,gain
444477.0,3.0,4,0,0.0255,0,0,4,4,0.9745,gain
444477.0,4.0,5,0,0.0118,0,0,4,4,0.9882,gain
444477.0,5.0,6,0,0.0615,0,0,4,4,0.9385,gain
444509.0,1.0,2,1,0.1314,0,0,2,2,0.8686,keep
445083.0,5.0,6,1,0.4621,0,1,2,1,0.5379,keep
445083.0,6.0,7,1,0.6636,1,1,1,1,0.3364,keep
445083.0,7.0,8,1,0.7027,1,1,1,1,0.2973,keep
445552.0,3.0,4,0,0.6832,1,1,3,3,0.3168,gain
445552.0,4.0,5,1,0.8037,1,1,1,1,0.1963,keep
445552.0,5.0,6,1,0.4944,0,1,2,1,0.5056,keep
445668.0,1.0,2,1,0.5102,1,1,1,1,0.4898,keep
445676.0,1.0,2,1,0.6245,1,0,1,2,0.3755,keep
445676.0,2.0,3,0,0.6697,1,0,3,4,0.3303,gain
445676.0,3.0,4,0,0.1272,0,0,4,4,0.8728,gain
446427.0,3.0,4,0,0.6589,1,0,3,4,0.3411,gain
446427.0,4.0,5,0,0.6466,1,0,3,4,0.3534,gain
446427.0,5.0,6,0,0.021,0,0,4,4,0.979,gain
449085.0,1.0,2,1,0.0525,0,0,2,2,0.9475,keep
450424.0,7.0,8,0,0.2767,0,0,4,4,0.7233,gain
450869.0,1.0,2,1,0.1041,0,1,2,1,0.8959,keep
450869.0,2.0,3,1,0.4892,0,0,2,2,0.5108,keep
450869.0,3.0,4,0,0.4133,0,0,4,4,0.5867,gain
451196.0,5.0,6,0,0.6582,1,0,3,4,0.3418,gain
451196.0,6.0,7,0,0.3532,0,0,4,4,0.6468,gain
451196.0,7.0,8,0,0.8108,1,1,3,3,0.1892,gain
451472.0,1.0,2,1,0.4953,0,0,2,2,0.5047,keep
452804.0,1.0,2,1,0.4081,0,0,2,2,0.5919,keep
453714.0,3.0,4,0,0.013,0,1,4,3,0.987,gain
453956.0,7.0,8,0,0.7763,1,0,3,4,0.2237,gain
454173.0,1.0,2,1,0.005,0,0,2,2,0.995,keep
454173.0,2.0,3,0,0.234,0,0,4,4,0.766,gain
454173.0,3.0,4,0,0.0125,0,0,4,4,0.9875,gain
454345.0,7.0,8,0,0.3839,0,0,4,4,0.6161,gain
455842.0,5.0,6,0,0.5186,1,0,3,4,0.4814,gain
455842.0,6.0,7,0,0.0466,0,0,4,4,0.9534,gain
455842.0,7.0,8,0,0.394,0,0,4,4,0.606,gain
456779.0,5.0,6,1,0.7825,1,1,1,1,0.2175,keep
459634.0,7.0,8,1,0.9731,1,1,1,1,0.0269,keep
459634.0,8.0,9,1,0.9531,1,1,1,1,0.0469,keep
459634.0,9.0,10,1,0.9486,1,1,1,1,0.0514,keep
460361.0,1.0,2,1,0.0881,0,1,2,1,0.9119,keep
461799.0,1.0,2,1,0.773,1,1,1,1,0.227,keep
462625.0,7.0,8,0,0.0998,0,0,4,4,0.9002,gain
463162.0,5.0,6,0,0.8445,1,0,3,4,0.1555,gain
463162.0,6.0,7,0,0.0917,0,0,4,4,0.9083,gain
463162.0,7.0,8,0,0.349,0,0,4,4,0.651,gain
463393.0,3.0,4,0,0.0747,0,0,4,4,0.9253,gain
463393.0,4.0,5,0,0.3812,0,0,4,4,0.6188,gain
463393.0,5.0,6,0,0.0875,0,0,4,4,0.9125,gain
466208.0,1.0,2,1,0.4055,0,1,2,1,0.5945,keep
466208.0,2.0,3,1,0.6152,1,0,1,2,0.3848,keep
466208.0,3.0,4,0,0.7455,1,0,3,4,0.2545,gain
467841.0,3.0,4,0,0.6131,1,0,3,4,0.3869,gain
467841.0,4.0,5,0,0.0252,0,0,4,4,0.9748,gain
467841.0,5.0,6,0,0.0142,0,0,4,4,0.9858,gain
468790.0,1.0,2,1,0.5102,1,1,1,1,0.4898,keep
468819.0,1.0,2,1,0.0011,0,0,2,2,0.9989,keep
468819.0,2.0,3,0,0.0116,0,0,4,4,0.9884,gain
468819.0,3.0,4,0,0.0454,0,0,4,4,0.9546,gain
469228.0,1.0,2,1,0.0121,0,0,2,2,0.9879,keep
472427.0,3.0,4,0,0.0148,0,0,4,4,0.9852,gain
472540.0,5.0,6,0,0.1668,0,0,4,4,0.8332,gain
472540.0,6.0,7,0,0.0357,0,0,4,4,0.9643,gain
472540.0,7.0,8,0,0.3447,0,0,4,4,0.6553,gain
472551.0,7.0,8,0,0.8051,1,0,3,4,0.1949,gain
473630.0,3.0,4,0,0.6626,1,1,3,3,0.3374,gain
473630.0,4.0,5,1,0.6017,1,1,1,1,0.3983,keep
473630.0,5.0,6,1,0.5788,1,1,1,1,0.4212,keep
474164.0,7.0,8,1,0.8918,1,1,1,1,0.1082,keep
474988.0,5.0,6,0,0.7918,1,0,3,4,0.2082,gain
474988.0,6.0,7,0,0.0061,0,0,4,4,0.9939,gain
474988.0,7.0,8,0,0.4344,0,0,4,4,0.5656,gain
476136.0,3.0,4,0,0.6728,1,1,3,3,0.3272,gain
476136.0,4.0,5,1,0.4737,0,0,2,2,0.5263,keep
476136.0,5.0,6,0,0.7912,1,0,3,4,0.2088,gain
478734.0,3.0,4,0,0.0283,0,0,4,4,0.9717,gain
478734.0,4.0,5,0,0.0072,0,0,4,4,0.9928,gain
478734.0,5.0,6,0,0.0075,0,0,4,4,0.9925,gain
478885.0,3.0,4,1,0.64,1,1,1,1,0.36,keep
478885.0,4.0,5,1,0.8864,1,1,1,1,0.1136,keep
478885.0,5.0,6,1,0.5829,1,1,1,1,0.4171,keep
479240.0,1.0,2,1,0.6586,1,1,1,1,0.3414,keep
479810.0,3.0,4,1,0.5123,1,1,1,1,0.4877,keep
479810.0,4.0,5,1,0.3547,0,0,2,2,0.6453,keep
479810.0,5.0,6,0,0.8172,1,1,3,3,0.1828,gain
480878.0,1.0,2,1,0.7031,1,1,1,1,0.2969,keep
480878.0,2.0,3,1,0.6385,1,1,1,1,0.3615,keep
480878.0,3.0,4,1,0.8314,1,1,1,1,0.1686,keep
482509.0,1.0,2,1,0.4081,0,0,2,2,0.5919,keep
482597.0,1.0,2,1,0.0131,0,0,2,2,0.9869,keep
483246.0,5.0,6,0,0.8162,1,1,3,3,0.1838,gain
483246.0,6.0,7,1,0.6583,1,1,1,1,0.3417,keep
483246.0,7.0,8,1,0.9089,1,1,1,1,0.0911,keep
483343.0,3.0,4,1,0.7637,1,0,1,2,0.2363,keep
483343.0,4.0,5,0,0.7377,1,1,3,3,0.2623,gain
483343.0,5.0,6,1,0.5573,1,1,1,1,0.4427,keep
483890.0,1.0,2,1,0.0292,0,0,2,2,0.9708,keep
488541.0,7.0,8,0,0.0484,0,0,4,4,0.9516,gain
489743.0,1.0,2,1,0.0061,0,0,2,2,0.9939,keep
489960.0,1.0,2,1,0.752,1,1,1,1,0.248,keep
489960.0,2.0,3,1,0.8742,1,1,1,1,0.1258,keep
489960.0,3.0,4,1,0.3836,0,1,2,1,0.6164,keep
491153.0,1.0,2,1,0.0109,0,0,2,2,0.9891,keep
491153.0,2.0,3,0,0.0329,0,0,4,4,0.9671,gain
491153.0,3.0,4,0,0.0819,0,0,4,4,0.9181,gain
491165.0,3.0,4,1,0.6415,1,1,1,1,0.3585,keep
491165.0,4.0,5,1,0.8495,1,1,1,1,0.1505,keep
491165.0,5.0,6,1,0.6648,1,1,1,1,0.3352,keep
492267.0,1.0,2,1,0.807,1,1,1,1,0.193,keep
492267.0,2.0,3,1,0.8113,1,1,1,1,0.1887,keep
492267.0,3.0,4,1,0.7653,1,1,1,1,0.2347,keep
492871.0,5.0,6,0,0.3001,0,0,4,4,0.6999,gain
492871.0,6.0,7,0,0.0922,0,0,4,4,0.9078,gain
492871.0,7.0,8,0,0.1502,0,0,4,4,0.8498,gain
493010.0,1.0,2,1,0.0034,0,0,2,2,0.9966,keep
495418.0,9.0,10,0,0.3554,0,0,4,4,0.6446,gain
497062.0,5.0,6,0,0.0049,0,0,4,4,0.9951,gain
497458.0,1.0,2,1,0.773,1,1,1,1,0.227,keep
498474.0,7.0,8,1,0.8918,1,1,1,1,0.1082,keep
499235.0,1.0,2,1,0.5914,1,1,1,1,0.4086,keep
499235.0,2.0,3,1,0.6155,1,1,1,1,0.3845,keep
499235.0,3.0,4,1,0.4132,0,0,2,2,0.5868,keep
499382.0,1.0,2,1,0.773,1,1,1,1,0.227,keep
499391.0,7.0,8,1,0.9342,1,1,1,1,0.0658,keep
501817.0,1.0,2,1,0.6586,1,1,1,1,0.3414,keep
502154.0,1.0,2,1,0.773,1,1,1,1,0.227,keep
502154.0,2.0,3,1,0.8599,1,1,1,1,0.1401,keep
502154.0,3.0,4,1,0.8579,1,1,1,1,0.1421,keep
502849.0,1.0,2,1,0.082,0,0,2,2,0.918,keep
503192.0,1.0,2,1,0.234,0,0,2,2,0.766,keep
505876.0,1.0,2,1,0.6267,1,1,1,1,0.3733,keep
507353.0,1.0,2,1,0.7387,1,0,1,2,0.2613,keep
507555.0,1.0,2,1,0.894,1,1,1,1,0.106,keep
507783.0,5.0,6,0,0.3319,0,0,4,4,0.6681,gain
507783.0,6.0,7,0,0.0709,0,0,4,4,0.9291,gain
507783.0,7.0,8,0,0.106,0,0,4,4,0.894,gain
509219.0,5.0,6,0,0.0107,0,0,4,4,0.9893,gain
509219.0,6.0,7,0,0.0189,0,0,4,4,0.9811,gain
509219.0,7.0,8,0,0.0909,0,0,4,4,0.9091,gain
509627.0,3.0,4,0,0.0302,0,0,4,4,0.9698,gain
509627.0,4.0,5,0,0.1987,0,0,4,4,0.8013,gain
509627.0,5.0,6,0,0.1765,0,0,4,4,0.8235,gain
510355.0,7.0,8,0,0.1866,0,0,4,4,0.8134,gain
510371.0,1.0,2,1,0.5102,1,0,1,2,0.4898,keep
510380.0,1.0,2,1,0.0011,0,0,2,2,0.9989,keep
510514.0,7.0,8,0,0.5461,1,0,3,4,0.4539,gain
510802.0,3.0,4,1,0.4331,0,1,2,1,0.5669,keep
510802.0,4.0,5,1,0.7248,1,1,1,1,0.2752,keep
510802.0,5.0,6,1,0.8714,1,1,1,1,0.1286,keep
510960.0,3.0,4,0,0.5823,1,1,3,3,0.4177,gain
510960.0,4.0,5,1,0.3547,0,0,2,2,0.6453,keep
510960.0,5.0,6,0,0.7035,1,0,3,4,0.2965,gain
511405.0,1.0,2,1,0.4283,0,1,2,1,0.5717,keep
511405.0,2.0,3,1,0.4892,0,0,2,2,0.5108,keep
511405.0,3.0,4,0,0.4717,0,0,4,4,0.5283,gain
516158.0,3.0,4,0,0.0802,0,0,4,4,0.9198,gain
516158.0,4.0,5,0,0.0397,0,0,4,4,0.9603,gain
516158.0,5.0,6,0,0.0107,0,0,4,4,0.9893,gain
516238.0,3.0,4,1,0.9016,1,1,1,1,0.0984,keep
516238.0,4.0,5,1,0.8684,1,1,1,1,0.1316,keep
516238.0,5.0,6,1,0.8502,1,1,1,1,0.1498,keep
516833.0,1.0,2,1,0.8151,1,1,1,1,0.1849,keep
517055.0,3.0,4,0,0.0685,0,0,4,4,0.9315,gain
517055.0,4.0,5,0,0.012,0,0,4,4,0.988,gain
517055.0,5.0,6,0,0.1315,0,0,4,4,0.8685,gain
519574.0,6.0,7,1,0.6539,1,0,1,2,0.3461,keep
519574.0,7.0,8,0,0.8837,1,1,3,3,0.1163,gain
519598.0,7.0,8,0,0.4364,0,1,4,3,0.5636,gain
521032.0,5.0,6,1,0.953,1,1,1,1,0.047,keep
521032.0,6.0,7,1,0.8543,1,1,1,1,0.1457,keep
521032.0,7.0,8,1,0.8036,1,1,1,1,0.1964,keep
521678.0,9.0,10,1,0.941,1,1,1,1,0.059,keep
522435.0,5.0,6,0,0.5489,1,0,3,4,0.4511,gain
522435.0,6.0,7,0,0.7669,1,0,3,4,0.2331,gain
522435.0,7.0,8,0,0.854,1,1,3,3,0.146,gain
522496.0,7.0,8,1,0.9089,1,1,1,1,0.0911,keep
523908.0,5.0,6,0,0.01,0,0,4,4,0.99,gain
523908.0,6.0,7,0,0.0189,0,0,4,4,0.9811,gain
523908.0,7.0,8,0,0.1919,0,0,4,4,0.8081,gain
525010.0,1.0,2,1,0.773,1,1,1,1,0.227,keep
525010.0,2.0,3,1,0.8459,1,1,1,1,0.1541,keep
525010.0,3.0,4,1,0.8421,1,1,1,1,0.1579,keep
528222.0,7.0,8,0,0.2098,0,1,4,3,0.7902,gain
530269.0,7.0,8,0,0.6873,1,0,3,4,0.3127,gain
530269.0,8.0,9,0,0.8257,1,1,3,3,0.1743,gain
530269.0,9.0,10,1,0.9355,1,1,1,1,0.0645,keep
530342.0,1.0,2,1,0.894,1,1,1,1,0.106,keep
530342.0,2.0,3,1,0.8459,1,1,1,1,0.1541,keep
530342.0,3.0,4,1,0.6415,1,1,1,1,0.3585,keep
530726.0,1.0,2,1,0.5914,1,1,1,1,0.4086,keep
532145.0,1.0,2,1,0.6267,1,1,1,1,0.3733,keep
532590.0,7.0,8,1,0.9503,1,1,1,1,0.0497,keep
532914.0,1.0,2,1,0.7437,1,1,1,1,0.2563,keep
533388.0,3.0,4,0,0.0556,0,0,4,4,0.9444,gain
533388.0,4.0,5,0,0.0111,0,0,4,4,0.9889,gain
533388.0,5.0,6,0,0.0208,0,0,4,4,0.9792,gain
533865.0,1.0,2,1,0.0535,0,0,2,2,0.9465,keep
533865.0,2.0,3,0,0.0623,0,0,4,4,0.9377,gain
533865.0,3.0,4,0,0.0255,0,0,4,4,0.9745,gain
534291.0,1.0,2,1,0.6267,1,1,1,1,0.3733,keep
534607.0,1.0,2,1,0.0498,0,0,2,2,0.9502,keep
535117.0,1.0,2,1,0.8151,1,1,1,1,0.1849,keep
535117.0,2.0,3,1,0.6152,1,1,1,1,0.3848,keep
535117.0,3.0,4,1,0.8314,1,1,1,1,0.1686,keep
535369.0,3.0,4,0,0.1647,0,0,4,4,0.8353,gain
535369.0,4.0,5,0,0.1332,0,0,4,4,0.8668,gain
535369.0,5.0,6,0,0.2504,0,0,4,4,0.7496,gain
535776.0,1.0,2,1,0.0032,0,0,2,2,0.9968,keep
537494.0,9.0,10,1,0.8355,1,1,1,1,0.1645,keep
538346.0,5.0,6,1,0.7825,1,1,1,1,0.2175,keep
538346.0,6.0,7,1,0.878,1,1,1,1,0.122,keep
538346.0,7.0,8,1,0.915,1,1,1,1,0.085,keep
538391.0,6.0,7,0,0.0827,0,0,4,4,0.9173,gain
538391.0,7.0,8,0,0.0894,0,0,4,4,0.9106,gain
538495.0,1.0,2,1,0.773,1,1,1,1,0.227,keep
539296.0,3.0,4,1,0.7975,1,1,1,1,0.2025,keep
539296.0,4.0,5,1,0.9346,1,1,1,1,0.0654,keep
539296.0,5.0,6,1,0.9414,1,1,1,1,0.0586,keep
539427.0,3.0,4,1,0.3929,0,1,2,1,0.6071,keep
539427.0,4.0,5,1,0.7822,1,1,1,1,0.2178,keep
539427.0,5.0,6,1,0.9243,1,1,1,1,0.0757,keep
539514.0,7.0,8,0,0.7414,1,1,3,3,0.2586,gain
539968.0,9.0,10,1,0.8666,1,1,1,1,0.1334,keep
540025.0,1.0,2,1,0.0046,0,0,2,2,0.9954,keep
540935.0,1.0,2,1,0.7387,1,1,1,1,0.2613,keep
540935.0,2.0,3,1,0.4636,0,0,2,2,0.5364,keep
540935.0,3.0,4,0,0.583,1,0,3,4,0.417,gain
540967.0,5.0,6,0,0.0629,0,0,4,4,0.9371,gain
540967.0,6.0,7,0,0.6079,1,0,3,4,0.3921,gain
540967.0,7.0,8,0,0.9112,1,0,3,4,0.0888,gain
541212.0,1.0,2,1,0.2198,0,0,2,2,0.7802,keep
541212.0,2.0,3,0,0.6138,1,0,3,4,0.3862,gain
541212.0,3.0,4,0,0.6356,1,1,3,3,0.3644,gain
542433.0,1.0,2,1,0.234,0,0,2,2,0.766,keep
542433.0,2.0,3,0,0.8057,1,1,3,3,0.1943,gain
542433.0,3.0,4,1,0.7943,1,1,1,1,0.2057,keep
543201.0,5.0,6,0,0.1659,0,0,4,4,0.8341,gain
543575.0,7.0,8,0,0.2199,0,1,4,3,0.7801,gain
544098.0,7.0,8,0,0.0909,0,0,4,4,0.9091,gain
544295.0,7.0,8,0,0.4976,0,0,4,4,0.5024,gain
544295.0,8.0,9,0,0.4061,0,0,4,4,0.5939,gain
544295.0,9.0,10,0,0.8695,1,0,3,4,0.1305,gain
544462.0,1.0,2,1,0.0314,0,0,2,2,0.9686,keep
544790.0,9.0,10,1,0.8355,1,1,1,1,0.1645,keep
545146.0,3.0,4,1,0.694,1,1,1,1,0.306,keep
545146.0,4.0,5,1,0.7262,1,1,1,1,0.2738,keep
545146.0,5.0,6,1,0.7825,1,1,1,1,0.2175,keep
545342.0,1.0,2,1,0.0108,0,0,2,2,0.9892,keep
545898.0,7.0,8,1,0.5607,1,1,1,1,0.4393,keep
545898.0,8.0,9,1,0.8405,1,1,1,1,0.1595,keep
545898.0,9.0,10,1,0.8355,1,1,1,1,0.1645,keep
546299.0,9.0,10,1,0.8355,1,1,1,1,0.1645,keep
547280.0,5.0,6,0,0.3119,0,0,4,4,0.6881,gain
547280.0,6.0,7,0,0.0191,0,0,4,4,0.9809,gain
547280.0,7.0,8,0,0.1051,0,0,4,4,0.8949,gain
548034.0,5.0,6,0,0.4748,0,0,4,4,0.5252,gain
548555.0,4.0,5,0,0.2163,0,0,4,4,0.7837,gain
548749.0,7.0,8,0,0.3574,0,1,4,3,0.6426,gain
549059.0,3.0,4,0,0.1045,0,0,4,4,0.8955,gain
549059.0,4.0,5,0,0.1801,0,0,4,4,0.8199,gain
549059.0,5.0,6,0,0.0815,0,0,4,4,0.9185,gain
549413.0,2.0,3,0,0.0308,0,0,4,4,0.9692,gain
549413.0,3.0,4,0,0.1045,0,0,4,4,0.8955,gain
550429.0,1.0,2,1,0.0025,0,0,2,2,0.9975,keep
551798.0,1.0,2,1,0.6586,1,1,1,1,0.3414,keep
551798.0,2.0,3,1,0.5359,1,0,1,2,0.4641,keep
551798.0,3.0,4,0,0.7067,1,1,3,3,0.2933,gain
551992.0,9.0,10,0,0.1769,0,0,4,4,0.8231,gain
553220.0,7.0,8,0,0.6997,1,0,3,4,0.3003,gain
553291.0,1.0,2,1,0.6833,1,0,1,2,0.3167,keep
553291.0,2.0,3,0,0.7028,1,1,3,3,0.2972,gain
553291.0,3.0,4,1,0.638,1,1,1,1,0.362,keep
554395.0,1.0,2,1,0.7437,1,1,1,1,0.2563,keep
554395.0,2.0,3,1,0.5548,1,1,1,1,0.4452,keep
554395.0,3.0,4,1,0.7637,1,1,1,1,0.2363,keep
554928.0,3.0,4,0,0.0263,0,0,4,4,0.9737,gain
555850.0,1.0,2,1,0.0014,0,0,2,2,0.9986,keep
557082.0,3.0,4,1,0.9517,1,1,1,1,0.0483,keep
557082.0,4.0,5,1,0.9474,1,1,1,1,0.0526,keep
557082.0,5.0,6,1,0.7825,1,1,1,1,0.2175,keep
557088.0,3.0,4,1,0.4408,0,1,2,1,0.5592,keep
557088.0,4.0,5,1,0.8378,1,1,1,1,0.1622,keep
557088.0,5.0,6,1,0.7064,1,1,1,1,0.2936,keep
557093.0,1.0,2,1,0.0128,0,0,2,2,0.9872,keep
557093.0,2.0,3,0,0.2764,0,0,4,4,0.7236,gain
557093.0,3.0,4,0,0.1505,0,0,4,4,0.8495,gain
557257.0,1.0,2,1,0.4511,0,0,2,2,0.5489,keep
557257.0,2.0,3,0,0.7416,1,0,3,4,0.2584,gain
557257.0,3.0,4,0,0.3823,0,0,4,4,0.6177,gain
558496.0,7.0,8,1,0.5815,1,1,1,1,0.4185,keep
559864.0,5.0,6,0,0.1702,0,0,4,4,0.8298,gain
559864.0,6.0,7,0,0.7669,1,0,3,4,0.2331,gain
559864.0,7.0,8,0,0.8331,1,1,3,3,0.1669,gain
560196.0,7.0,8,0,0.592,1,0,3,4,0.408,gain
561074.0,1.0,2,1,0.0168,0,0,2,2,0.9832,keep
561461.0,7.0,8,0,0.0422,0,0,4,4,0.9578,gain
561928.0,3.0,4,1,0.8314,1,1,1,1,0.1686,keep
561928.0,4.0,5,1,0.7822,1,1,1,1,0.2178,keep
561928.0,5.0,6,1,0.7259,1,1,1,1,0.2741,keep
562110.0,7.0,8,0,0.2896,0,0,4,4,0.7104,gain
562110.0,8.0,9,0,0.2088,0,0,4,4,0.7912,gain
562110.0,9.0,10,0,0.5076,1,0,3,4,0.4924,gain
562858.0,3.0,4,1,0.4196,0,0,2,2,0.5804,keep
562858.0,4.0,5,0,0.8305,1,1,3,3,0.1695,gain
562858.0,5.0,6,1,0.481,0,0,2,2,0.519,keep
563100.0,7.0,8,0,0.0555,0,0,4,4,0.9445,gain
563634.0,7.0,8,0,0.1749,0,0,4,4,0.8251,gain
564343.0,1.0,2,1,0.0017,0,0,2,2,0.9983,keep
564343.0,2.0,3,0,0.0799,0,0,4,4,0.9201,gain
564632.0,1.0,2,1,0.1314,0,0,2,2,0.8686,keep
564632.0,2.0,3,0,0.0926,0,0,4,4,0.9074,gain
564632.0,3.0,4,0,0.0364,0,0,4,4,0.9636,gain
565554.0,1.0,2,1,0.773,1,1,1,1,0.227,keep
565554.0,2.0,3,1,0.872,1,1,1,1,0.128,keep
565554.0,3.0,4,1,0.6969,1,1,1,1,0.3031,keep
566718.0,1.0,2,1,0.0215,0,0,2,2,0.9785,keep
567126.0,7.0,8,0,0.0688,0,0,4,4,0.9312,gain
568317.0,7.0,8,0,0.7219,1,0,3,4,0.2781,gain
569111.0,1.0,2,1,0.4642,0,0,2,2,0.5358,keep
570174.0,7.0,8,0,0.8914,1,1,3,3,0.1086,gain
570174.0,8.0,9,1,0.5649,1,1,1,1,0.4351,keep
570174.0,9.0,10,1,0.8355,1,1,1,1,0.1645,keep
570725.0,5.0,6,0,0.769,1,1,3,3,0.231,gain
570725.0,6.0,7,1,0.6783,1,0,1,2,0.3217,keep
570725.0,7.0,8,0,0.8914,1,1,3,3,0.1086,gain
571341.0,7.0,8,0,0.7536,1,0,3,4,0.2464,gain
571341.0,8.0,9,0,0.6061,1,0,3,4,0.3939,gain
571341.0,9.0,10,0,0.8176,1,0,3,4,0.1824,gain
571529.0,1.0,2,1,0.773,1,1,1,1,0.227,keep
571529.0,2.0,3,1,0.7063,1,1,1,1,0.2937,keep
571529.0,3.0,4,1,0.7943,1,1,1,1,0.2057,keep
571798.0,7.0,8,1,0.833,1,1,1,1,0.167,keep
571939.0,1.0,2,1,0.5102,1,1,1,1,0.4898,keep
571939.0,2.0,3,1,0.567,1,1,1,1,0.433,keep
571939.0,3.0,4,1,0.9016,1,1,1,1,0.0984,keep
573123.0,9.0,10,1,0.9825,1,1,1,1,0.0175,keep
573347.0,1.0,2,1,0.5102,1,1,1,1,0.4898,keep
574185.0,5.0,6,0,0.0389,0,0,4,4,0.9611,gain
574185.0,6.0,7,0,0.0341,0,0,4,4,0.9659,gain
574185.0,7.0,8,0,0.04,0,0,4,4,0.96,gain
574480.0,7.0,8,0,0.5271,1,0,3,4,0.4729,gain
575299.0,1.0,2,1,0.0292,0,0,2,2,0.9708,keep
577151.0,5.0,6,1,0.6249,1,1,1,1,0.3751,keep
578211.0,7.0,8,0,0.1981,0,0,4,4,0.8019,gain
578951.0,1.0,2,1,0.0038,0,0,2,2,0.9962,keep
579652.0,1.0,2,1,0.8771,1,1,1,1,0.1229,keep
581523.0,1.0,2,1,0.2856,0,0,2,2,0.7144,keep
584281.0,1.0,2,1,0.0599,0,0,2,2,0.9401,keep
584426.0,3.0,4,0,0.7085,1,0,3,4,0.2915,gain
584426.0,4.0,5,0,0.7654,1,0,3,4,0.2346,gain
584426.0,5.0,6,0,0.7576,1,0,3,4,0.2424,gain
585231.0,7.0,8,1,0.9685,1,1,1,1,0.0315,keep
588504.0,1.0,2,1,0.807,1,1,1,1,0.193,keep
588732.0,1.0,2,1,0.1532,0,0,2,2,0.8468,keep
588732.0,2.0,3,0,0.0194,0,0,4,4,0.9806,gain
588732.0,3.0,4,0,0.0131,0,0,4,4,0.9869,gain
589339.0,1.0,2,1,0.5206,1,1,1,1,0.4794,keep
589345.0,1.0,2,1,0.43,0,0,2,2,0.57,keep
589674.0,3.0,4,0,0.0149,0,0,4,4,0.9851,gain
589674.0,4.0,5,0,0.2472,0,0,4,4,0.7528,gain
589674.0,5.0,6,0,0.6396,1,0,3,4,0.3604,gain
589696.0,3.0,4,0,0.6718,1,0,3,4,0.3282,gain
589696.0,4.0,5,0,0.8094,1,0,3,4,0.1906,gain
589696.0,5.0,6,0,0.2967,0,0,4,4,0.7033,gain
590653.0,5.0,6,1,0.9509,1,1,1,1,0.0491,keep
590653.0,6.0,7,1,0.6636,1,1,1,1,0.3364,keep
590653.0,7.0,8,1,0.8964,1,1,1,1,0.1036,keep
590720.0,1.0,2,1,0.4081,0,0,2,2,0.5919,keep
591073.0,3.0,4,0,0.7478,1,0,3,4,0.2522,gain
591073.0,4.0,5,0,0.6065,1,0,3,4,0.3935,gain
591073.0,5.0,6,0,0.3312,0,0,4,4,0.6688,gain
591337.0,7.0,8,0,0.389,0,0,4,4,0.611,gain
591337.0,8.0,9,0,0.6093,1,0,3,4,0.3907,gain
591337.0,9.0,10,0,0.9422,1,1,3,3,0.0578,gain
591414.0,1.0,2,1,0.5102,1,1,1,1,0.4898,keep
591414.0,2.0,3,1,0.6571,1,1,1,1,0.3429,keep
591414.0,3.0,4,1,0.4875,0,1,2,1,0.5125,keep
591950.0,5.0,6,1,0.7825,1,1,1,1,0.2175,keep
591950.0,6.0,7,1,0.949,1,1,1,1,0.051,keep
591950.0,7.0,8,1,0.7493,1,1,1,1,0.2507,keep
592842.0,1.0,2,1,0.5875,1,0,1,2,0.4125,keep
592871.0,7.0,8,0,0.8676,1,1,3,3,0.1324,gain
594322.0,3.0,4,1,0.8579,1,1,1,1,0.1421,keep
594322.0,4.0,5,1,0.8495,1,1,1,1,0.1505,keep
594322.0,5.0,6,1,0.85,1,1,1,1,0.15,keep
595379.0,1.0,2,1,0.0202,0,0,2,2,0.9798,keep
595379.0,2.0,3,0,0.3377,0,0,4,4,0.6623,gain
595379.0,3.0,4,0,0.1388,0,0,4,4,0.8612,gain
596775.0,7.0,8,1,0.9731,1,1,1,1,0.0269,keep
596775.0,8.0,9,1,0.9531,1,1,1,1,0.0469,keep
596775.0,9.0,10,1,0.9726,1,1,1,1,0.0274,keep
597402.0,1.0,2,1,0.7558,1,1,1,1,0.2442,keep
597516.0,1.0,2,1,0.0354,0,0,2,2,0.9646,keep
597516.0,2.0,3,0,0.0236,0,0,4,4,0.9764,gain
597516.0,3.0,4,0,0.0115,0,0,4,4,0.9885,gain
598324.0,1.0,2,1,0.082,0,0,2,2,0.918,keep
598324.0,2.0,3,0,0.133,0,0,4,4,0.867,gain
598324.0,3.0,4,0,0.0735,0,1,4,3,0.9265,gain
598610.0,1.0,2,1,0.242,0,0,2,2,0.758,keep
598757.0,5.0,6,0,0.729,1,1,3,3,0.271,gain
598757.0,6.0,7,1,0.6012,1,1,1,1,0.3988,keep
598757.0,7.0,8,1,0.8841,1,1,1,1,0.1159,keep
598935.0,7.0,8,1,0.915,1,1,1,1,0.085,keep
599354.0,1.0,2,1,0.7387,1,1,1,1,0.2613,keep
601582.0,1.0,2,1,0.0091,0,0,2,2,0.9909,keep
602888.0,3.0,4,1,0.3836,0,1,2,1,0.6164,keep
602888.0,4.0,5,1,0.7262,1,0,1,2,0.2738,keep
602888.0,5.0,6,0,0.8162,1,1,3,3,0.1838,gain
603035.0,1.0,2,1,0.1684,0,0,2,2,0.8316,keep
603402.0,1.0,2,1,0.7387,1,1,1,1,0.2613,keep
603402.0,2.0,3,1,0.6476,1,1,1,1,0.3524,keep
603402.0,3.0,4,1,0.6969,1,1,1,1,0.3031,keep
603931.0,3.0,4,1,0.543,1,1,1,1,0.457,keep
603931.0,4.0,5,1,0.6494,1,0,1,2,0.3506,keep
604225.0,3.0,4,0,0.0159,0,0,4,4,0.9841,gain
604225.0,4.0,5,0,0.0085,0,0,4,4,0.9915,gain
604225.0,5.0,6,0,0.004,0,0,4,4,0.996,gain
604995.0,7.0,8,0,0.2741,0,0,4,4,0.7259,gain
605179.0,1.0,2,1,0.0012,0,0,2,2,0.9988,keep
605179.0,2.0,3,0,0.0146,0,0,4,4,0.9854,gain
605179.0,3.0,4,0,0.0168,0,0,4,4,0.9832,gain
607569.0,5.0,6,1,0.7259,1,1,1,1,0.2741,keep
607569.0,6.0,7,1,0.7196,1,1,1,1,0.2804,keep
607569.0,7.0,8,1,0.8918,1,0,1,2,0.1082,keep
607739.0,7.0,8,0,0.8982,1,1,3,3,0.1018,gain
607739.0,8.0,9,1,0.5649,1,1,1,1,0.4351,keep
607739.0,9.0,10,1,0.8355,1,1,1,1,0.1645,keep
608392.0,7.0,8,1,0.5607,1,0,1,2,0.4393,keep
608392.0,8.0,9,0,0.8293,1,0,3,4,0.1707,gain
608392.0,9.0,10,0,0.9457,1,1,3,3,0.0543,gain
609302.0,1.0,2,1,0.773,1,1,1,1,0.227,keep
609302.0,2.0,3,1,0.8117,1,0,1,2,0.1883,keep
609302.0,3.0,4,0,0.6016,1,0,3,4,0.3984,gain
610173.0,3.0,4,1,0.418,0,1,2,1,0.582,keep
610173.0,4.0,5,1,0.484,0,1,2,1,0.516,keep
610173.0,5.0,6,1,0.6249,1,1,1,1,0.3751,keep
611870.0,1.0,2,1,0.0342,0,0,2,2,0.9658,keep
611870.0,2.0,3,0,0.4008,0,0,4,4,0.5992,gain
611870.0,3.0,4,0,0.5193,1,0,3,4,0.4807,gain
611941.0,3.0,4,0,0.7397,1,0,3,4,0.2603,gain
611941.0,4.0,5,0,0.7146,1,0,3,4,0.2854,gain
611941.0,5.0,6,0,0.4586,0,0,4,4,0.5414,gain
614215.0,1.0,2,1,0.8458,1,1,1,1,0.1542,keep
614615.0,5.0,6,1,0.9414,1,1,1,1,0.0586,keep
614615.0,6.0,7,1,0.949,1,1,1,1,0.051,keep
614615.0,7.0,8,1,0.915,1,1,1,1,0.085,keep
615687.0,1.0,2,1,0.6267,1,0,1,2,0.3733,keep
617669.0,5.0,6,1,0.4279,0,1,2,1,0.5721,keep
617669.0,6.0,7,1,0.8424,1,1,1,1,0.1576,keep
617669.0,7.0,8,1,0.9212,1,0,1,2,0.0788,keep
618051.0,1.0,2,1,0.2198,0,1,2,1,0.7802,keep
618567.0,7.0,8,0,0.1094,0,0,4,4,0.8906,gain
619437.0,5.0,6,0,0.0137,0,0,4,4,0.9863,gain
619437.0,6.0,7,0,0.0116,0,0,4,4,0.9884,gain
619437.0,7.0,8,0,0.3724,0,0,4,4,0.6276,gain
619696.0,7.0,8,1,0.9685,1,1,1,1,0.0315,keep
621223.0,5.0,6,1,0.5788,1,0,1,2,0.4212,keep
621223.0,6.0,7,0,0.3608,0,0,4,4,0.6392,gain
621223.0,7.0,8,0,0.1027,0,0,4,4,0.8973,gain
624512.0,5.0,6,0,0.3397,0,0,4,4,0.6603,gain
625335.0,1.0,2,1,0.229,0,1,2,1,0.771,keep
626472.0,5.0,6,0,0.1884,0,1,4,3,0.8116,gain
627374.0,1.0,2,1,0.0024,0,0,2,2,0.9976,keep
627446.0,1.0,2,1,0.7437,1,1,1,1,0.2563,keep
627969.0,1.0,2,1,0.6245,1,0,1,2,0.3755,keep
629598.0,3.0,4,0,0.1449,0,0,4,4,0.8551,gain
629598.0,4.0,5,0,0.705,1,1,3,3,0.295,gain
629598.0,5.0,6,1,0.4611,0,0,2,2,0.5389,keep
629869.0,1.0,2,1,0.0176,0,0,2,2,0.9824,keep
629869.0,2.0,3,0,0.5007,1,0,3,4,0.4993,gain
629869.0,3.0,4,0,0.085,0,0,4,4,0.915,gain
630724.0,3.0,4,0,0.6728,1,0,3,4,0.3272,gain
630724.0,4.0,5,0,0.5803,1,0,3,4,0.4197,gain
630724.0,5.0,6,0,0.7912,1,0,3,4,0.2088,gain
630766.0,7.0,8,1,0.8132,1,1,1,1,0.1868,keep
631085.0,5.0,6,0,0.0206,0,0,4,4,0.9794,gain
631085.0,6.0,7,0,0.0166,0,0,4,4,0.9834,gain
631085.0,7.0,8,0,0.1568,0,0,4,4,0.8432,gain
632110.0,5.0,6,0,0.1582,0,0,4,4,0.8418,gain
632110.0,6.0,7,0,0.0416,0,0,4,4,0.9584,gain
632110.0,7.0,8,0,0.5762,1,1,3,3,0.4238,gain
632129.0,7.0,8,0,0.4093,0,0,4,4,0.5907,gain
632677.0,3.0,4,0,0.7078,1,0,3,4,0.2922,gain
632677.0,4.0,5,0,0.6331,1,1,3,3,0.3669,gain
632677.0,5.0,6,1,0.4005,0,0,2,2,0.5995,keep
632706.0,5.0,6,1,0.85,1,1,1,1,0.15,keep
632706.0,6.0,7,1,0.5379,1,1,1,1,0.4621,keep
632706.0,7.0,8,1,0.9212,1,1,1,1,0.0788,keep
632725.0,3.0,4,1,0.4284,0,1,2,1,0.5716,keep
632725.0,4.0,5,1,0.363,0,0,2,2,0.637,keep
632725.0,5.0,6,0,0.6555,1,0,3,4,0.3445,gain
633069.0,5.0,6,1,0.953,1,1,1,1,0.047,keep
633069.0,6.0,7,1,0.8424,1,1,1,1,0.1576,keep
633069.0,7.0,8,1,0.9711,1,1,1,1,0.0289,keep
633705.0,1.0,2,1,0.6611,1,1,1,1,0.3389,keep
634606.0,1.0,2,1,0.011,0,0,2,2,0.989,keep
634606.0,2.0,3,0,0.0107,0,0,4,4,0.9893,gain
636100.0,1.0,2,1,0.0341,0,1,2,1,0.9659,keep
636353.0,5.0,6,1,0.8868,1,1,1,1,0.1132,keep
636353.0,6.0,7,1,0.6151,1,1,1,1,0.3849,keep
636353.0,7.0,8,1,0.9731,1,1,1,1,0.0269,keep
636848.0,1.0,2,1,0.4404,0,1,2,1,0.5596,keep
636848.0,2.0,3,1,0.6476,1,1,1,1,0.3524,keep
636848.0,3.0,4,1,0.651,1,1,1,1,0.349,keep
637504.0,3.0,4,1,0.418,0,1,2,1,0.582,keep
637504.0,4.0,5,1,0.3669,0,0,2,2,0.6331,keep
637504.0,5.0,6,0,0.6239,1,0,3,4,0.3761,gain
638085.0,1.0,2,1,0.4404,0,1,2,1,0.5596,keep
638934.0,7.0,8,0,0.3914,0,0,4,4,0.6086,gain
638942.0,5.0,6,0,0.0398,0,0,4,4,0.9602,gain
638942.0,6.0,7,0,0.0295,0,0,4,4,0.9705,gain
638942.0,7.0,8,0,0.3078,0,0,4,4,0.6922,gain
639212.0,1.0,2,1,0.2057,0,1,2,1,0.7943,keep
639212.0,2.0,3,1,0.8466,1,1,1,1,0.1534,keep
639212.0,3.0,4,1,0.4132,0,1,2,1,0.5868,keep
639430.0,5.0,6,0,0.3397,0,0,4,4,0.6603,gain
639430.0,6.0,7,0,0.0772,0,0,4,4,0.9228,gain
639430.0,7.0,8,0,0.761,1,0,3,4,0.239,gain
640338.0,5.0,6,1,0.7259,1,1,1,1,0.2741,keep
640338.0,6.0,7,1,0.871,1,1,1,1,0.129,keep
640338.0,7.0,8,1,0.8041,1,1,1,1,0.1959,keep
640399.0,5.0,6,0,0.0769,0,0,4,4,0.9231,gain
640399.0,6.0,7,0,0.7211,1,0,3,4,0.2789,gain
640399.0,7.0,8,0,0.8877,1,0,3,4,0.1123,gain
643047.0,7.0,8,1,0.8256,1,1,1,1,0.1744,keep
643149.0,1.0,2,1,0.3804,0,0,2,2,0.6196,keep
643446.0,7.0,8,0,0.2492,0,0,4,4,0.7508,gain
643898.0,1.0,2,1,0.1364,0,0,2,2,0.8636,keep
643898.0,2.0,3,0,0.4086,0,0,4,4,0.5914,gain
643898.0,3.0,4,0,0.3828,0,0,4,4,0.6172,gain
644040.0,1.0,2,1,0.3422,0,1,2,1,0.6578,keep
644160.0,1.0,2,1,0.0168,0,0,2,2,0.9832,keep
645321.0,5.0,6,0,0.769,1,0,3,4,0.231,gain
645321.0,6.0,7,0,0.5394,1,0,3,4,0.4606,gain
645321.0,7.0,8,0,0.8108,1,1,3,3,0.1892,gain
646868.0,1.0,2,1,0.042,0,1,2,1,0.958,keep
646868.0,2.0,3,1,0.4636,0,0,2,2,0.5364,keep
647207.0,3.0,4,0,0.0115,0,0,4,4,0.9885,gain
647207.0,4.0,5,0,0.0159,0,0,4,4,0.9841,gain
647207.0,5.0,6,0,0.0337,0,0,4,4,0.9663,gain
648022.0,3.0,4,0,0.0234,0,0,4,4,0.9766,gain
648022.0,4.0,5,0,0.0606,0,0,4,4,0.9394,gain
648022.0,5.0,6,0,0.0543,0,0,4,4,0.9457,gain
648794.0,3.0,4,0,0.0583,0,0,4,4,0.9417,gain
651595.0,5.0,6,0,0.0206,0,0,4,4,0.9794,gain
651595.0,6.0,7,0,0.0062,0,0,4,4,0.9938,gain
651595.0,7.0,8,0,0.3724,0,0,4,4,0.6276,gain
651850.0,7.0,8,1,0.9251,1,1,1,1,0.0749,keep
651882.0,1.0,2,1,0.9008,1,1,1,1,0.0992,keep
651882.0,2.0,3,1,0.6152,1,1,1,1,0.3848,keep
651882.0,3.0,4,1,0.8314,1,1,1,1,0.1686,keep
652127.0,1.0,2,1,0.0221,0,0,2,2,0.9779,keep
652127.0,2.0,3,0,0.1001,0,0,4,4,0.8999,gain
652127.0,3.0,4,0,0.025,0,0,4,4,0.975,gain
653735.0,3.0,4,1,0.4331,0,1,2,1,0.5669,keep
653735.0,4.0,5,1,0.5715,1,1,1,1,0.4285,keep
653735.0,5.0,6,1,0.5836,1,1,1,1,0.4164,keep
654371.0,1.0,2,1,0.2198,0,0,2,2,0.7802,keep
655164.0,7.0,8,1,0.8132,1,1,1,1,0.1868,keep
655164.0,8.0,9,1,0.9246,1,1,1,1,0.0754,keep
655164.0,9.0,10,1,0.9486,1,1,1,1,0.0514,keep
655572.0,1.0,2,1,0.2198,0,1,2,1,0.7802,keep
655572.0,2.0,3,1,0.567,1,1,1,1,0.433,keep
655572.0,3.0,4,1,0.64,1,1,1,1,0.36,keep
655619.0,3.0,4,0,0.7412,1,0,3,4,0.2588,gain
655619.0,4.0,5,0,0.6917,1,1,3,3,0.3083,gain
655619.0,5.0,6,1,0.7259,1,1,1,1,0.2741,keep
655917.0,1.0,2,1,0.0257,0,0,2,2,0.9743,keep
655917.0,2.0,3,0,0.0062,0,0,4,4,0.9938,gain
655917.0,3.0,4,0,0.3828,0,0,4,4,0.6172,gain
656425.0,1.0,2,1,0.894,1,1,1,1,0.106,keep
656596.0,1.0,2,1,0.234,0,0,2,2,0.766,keep
656596.0,2.0,3,0,0.7924,1,0,3,4,0.2076,gain
656596.0,3.0,4,0,0.7702,1,1,3,3,0.2298,gain
656912.0,1.0,2,1,0.4404,0,1,2,1,0.5596,keep
656912.0,2.0,3,1,0.5615,1,1,1,1,0.4385,keep
656912.0,3.0,4,1,0.6069,1,1,1,1,0.3931,keep
656981.0,5.0,6,0,0.4759,0,0,4,4,0.5241,gain
656981.0,6.0,7,0,0.3205,0,0,4,4,0.6795,gain
656981.0,7.0,8,0,0.4145,0,0,4,4,0.5855,gain
657643.0,7.0,8,1,0.915,1,1,1,1,0.085,keep
657643.0,8.0,9,1,0.8631,1,1,1,1,0.1369,keep
657643.0,9.0,10,1,0.9486,1,1,1,1,0.0514,keep
658244.0,5.0,6,0,0.0075,0,0,4,4,0.9925,gain
658313.0,3.0,4,1,0.5485,1,0,1,2,0.4515,keep
658313.0,4.0,5,0,0.809,1,1,3,3,0.191,gain
658313.0,5.0,6,1,0.5591,1,0,1,2,0.4409,keep
658585.0,3.0,4,1,0.4455,0,1,2,1,0.5545,keep
658585.0,4.0,5,1,0.6299,1,1,1,1,0.3701,keep
658585.0,5.0,6,1,0.8502,1,1,1,1,0.1498,keep
659281.0,7.0,8,1,0.915,1,1,1,1,0.085,keep
659663.0,3.0,4,1,0.4196,0,1,2,1,0.5804,keep
659663.0,4.0,5,1,0.5757,1,0,1,2,0.4243,keep
659663.0,5.0,6,0,0.3347,0,0,4,4,0.6653,gain
659905.0,9.0,10,0,0.1512,0,0,4,4,0.8488,gain
661234.0,1.0,2,1,0.0173,0,0,2,2,0.9827,keep
661234.0,2.0,3,0,0.3798,0,0,4,4,0.6202,gain
661234.0,3.0,4,0,0.7123,1,0,3,4,0.2877,gain
662371.0,5.0,6,0,0.1685,0,0,4,4,0.8315,gain
662371.0,6.0,7,0,0.2215,0,0,4,4,0.7785,gain
662371.0,7.0,8,0,0.5526,1,0,3,4,0.4474,gain
663756.0,1.0,2,1,0.7437,1,1,1,1,0.2563,keep
664166.0,1.0,2,1,0.1935,0,0,2,2,0.8065,keep
665159.0,9.0,10,1,0.9355,1,1,1,1,0.0645,keep
665542.0,7.0,8,1,0.9357,1,1,1,1,0.0643,keep
665592.0,7.0,8,1,0.7062,1,1,1,1,0.2938,keep
665683.0,7.0,8,1,0.6903,1,1,1,1,0.3097,keep
665852.0,1.0,2,1,0.7387,1,1,1,1,0.2613,keep
666315.0,1.0,2,1,0.4081,0,1,2,1,0.5919,keep
666645.0,1.0,2,1,0.1644,0,1,2,1,0.8356,keep
666837.0,3.0,4,0,0.6176,1,0,3,4,0.3824,gain
668006.0,1.0,2,1,0.5102,1,1,1,1,0.4898,keep
668115.0,5.0,6,1,0.8907,1,1,1,1,0.1093,keep
668115.0,6.0,7,1,0.9437,1,1,1,1,0.0563,keep
668115.0,7.0,8,1,0.915,1,1,1,1,0.085,keep
668953.0,3.0,4,1,0.4205,0,1,2,1,0.5795,keep
668953.0,4.0,5,1,0.6761,1,1,1,1,0.3239,keep
668953.0,5.0,6,1,0.6729,1,1,1,1,0.3271,keep
670916.0,1.0,2,1,0.0905,0,1,2,1,0.9095,keep
670916.0,2.0,3,1,0.8599,1,1,1,1,0.1401,keep
670916.0,3.0,4,1,0.8314,1,1,1,1,0.1686,keep
671581.0,3.0,4,0,0.1045,0,0,4,4,0.8955,gain
671581.0,4.0,5,0,0.1588,0,0,4,4,0.8412,gain
671581.0,5.0,6,0,0.5231,1,1,3,3,0.4769,gain
672207.0,3.0,4,1,0.3929,0,1,2,1,0.6071,keep
672207.0,4.0,5,1,0.4348,0,0,2,2,0.5652,keep
672207.0,5.0,6,0,0.2682,0,1,4,3,0.7318,gain
674520.0,1.0,2,1,0.0091,0,0,2,2,0.9909,keep
674520.0,2.0,3,0,0.137,0,0,4,4,0.863,gain
674520.0,3.0,4,0,0.0137,0,0,4,4,0.9863,gain
675046.0,1.0,2,1,0.773,1,1,1,1,0.227,keep
675046.0,2.0,3,1,0.8599,1,1,1,1,0.1401,keep
675046.0,3.0,4,1,0.7433,1,1,1,1,0.2567,keep
675240.0,7.0,8,1,0.9342,1,1,1,1,0.0658,keep
675340.0,3.0,4,1,0.7975,1,0,1,2,0.2025,keep
675340.0,4.0,5,0,0.8267,1,1,3,3,0.1733,gain
675340.0,5.0,6,1,0.6295,1,0,1,2,0.3705,keep
675348.0,1.0,2,1,0.894,1,1,1,1,0.106,keep
675544.0,1.0,2,1,0.4055,0,1,2,1,0.5945,keep
676653.0,5.0,6,0,0.1404,0,0,4,4,0.8596,gain
676653.0,6.0,7,0,0.1024,0,0,4,4,0.8976,gain
676653.0,7.0,8,0,0.6236,1,0,3,4,0.3764,gain
676812.0,1.0,2,1,0.773,1,1,1,1,0.227,keep
676812.0,2.0,3,1,0.87,1,0,1,2,0.13,keep
676812.0,3.0,4,0,0.7578,1,0,3,4,0.2422,gain
677316.0,1.0,2,1,0.6682,1,1,1,1,0.3318,keep
677316.0,2.0,3,1,0.4585,0,1,2,1,0.5415,keep
677316.0,3.0,4,1,0.7637,1,1,1,1,0.2363,keep
677700.0,7.0,8,0,0.1009,0,0,4,4,0.8991,gain
677833.0,1.0,2,1,0.4055,0,1,2,1,0.5945,keep
677833.0,2.0,3,1,0.7547,1,0,1,2,0.2453,keep
677833.0,3.0,4,0,0.7123,1,0,3,4,0.2877,gain
682223.0,7.0,8,1,0.9685,1,1,1,1,0.0315,keep
684000.0,1.0,2,1,0.5102,1,0,1,2,0.4898,keep
684048.0,3.0,4,1,0.4408,0,1,2,1,0.5592,keep
684048.0,4.0,5,1,0.7248,1,1,1,1,0.2752,keep
684048.0,5.0,6,1,0.4944,0,1,2,1,0.5056,keep
684756.0,3.0,4,0,0.0275,0,0,4,4,0.9725,gain
684789.0,1.0,2,1,0.0595,0,0,2,2,0.9405,keep
684789.0,2.0,3,0,0.3031,0,0,4,4,0.6969,gain
684789.0,3.0,4,0,0.3732,0,0,4,4,0.6268,gain
684949.0,1.0,2,1,0.4283,0,1,2,1,0.5717,keep
684949.0,2.0,3,1,0.4892,0,0,2,2,0.5108,keep
684949.0,3.0,4,0,0.6813,1,0,3,4,0.3187,gain
688672.0,5.0,6,0,0.0271,0,0,4,4,0.9729,gain
688672.0,6.0,7,0,0.2942,0,0,4,4,0.7058,gain
688672.0,7.0,8,0,0.2857,0,0,4,4,0.7143,gain
689342.0,3.0,4,0,0.5729,1,0,3,4,0.4271,gain
689571.0,5.0,6,1,0.3931,0,1,2,1,0.6069,keep
689571.0,6.0,7,1,0.5602,1,1,1,1,0.4398,keep
689571.0,7.0,8,1,0.7493,1,1,1,1,0.2507,keep
691610.0,7.0,8,0,0.884,1,1,3,3,0.116,gain
692709.0,7.0,8,0,0.6899,1,0,3,4,0.3101,gain
692942.0,7.0,8,1,0.9007,1,1,1,1,0.0993,keep
693688.0,5.0,6,0,0.01,0,0,4,4,0.99,gain
693688.0,6.0,7,0,0.0633,0,0,4,4,0.9367,gain
693688.0,7.0,8,0,0.0793,0,0,4,4,0.9207,gain
694744.0,5.0,6,0,0.1551,0,0,4,4,0.8449,gain
694744.0,6.0,7,0,0.0984,0,0,4,4,0.9016,gain
694744.0,7.0,8,0,0.1486,0,0,4,4,0.8514,gain
695122.0,7.0,8,0,0.5978,1,0,3,4,0.4022,gain
695907.0,1.0,2,1,0.8546,1,1,1,1,0.1454,keep
696465.0,3.0,4,1,0.4655,0,0,2,2,0.5345,keep
696465.0,4.0,5,0,0.4186,0,0,4,4,0.5814,gain
696465.0,5.0,6,0,0.2051,0,0,4,4,0.7949,gain
697504.0,1.0,2,1,0.3422,0,1,2,1,0.6578,keep
698316.0,1.0,2,1,0.5914,1,1,1,1,0.4086,keep
698316.0,2.0,3,1,0.7547,1,0,1,2,0.2453,keep
698316.0,3.0,4,0,0.7455,1,0,3,4,0.2545,gain
698441.0,1.0,2,1,0.752,1,1,1,1,0.248,keep
699561.0,7.0,8,0,0.0928,0,0,4,4,0.9072,gain
699620.0,1.0,2,1,0.773,1,1,1,1,0.227,keep
699620.0,2.0,3,1,0.8599,1,1,1,1,0.1401,keep
699620.0,3.0,4,1,0.638,1,1,1,1,0.362,keep
699709.0,1.0,2,1,0.1248,0,0,2,2,0.8752,keep
700017.0,1.0,2,1,0.4358,0,0,2,2,0.5642,keep
701009.0,1.0,2,1,0.0023,0,0,2,2,0.9977,keep
701009.0,2.0,3,0,0.0542,0,0,4,4,0.9458,gain
701009.0,3.0,4,0,0.0561,0,0,4,4,0.9439,gain
702536.0,7.0,8,0,0.394,0,0,4,4,0.606,gain
702536.0,8.0,9,0,0.3844,0,0,4,4,0.6156,gain
702536.0,9.0,10,0,0.4745,0,0,4,4,0.5255,gain
702599.0,1.0,2,1,0.5875,1,1,1,1,0.4125,keep
702599.0,2.0,3,1,0.6571,1,0,1,2,0.3429,keep
702599.0,3.0,4,0,0.4886,0,0,4,4,0.5114,gain
702768.0,9.0,10,1,0.9355,1,1,1,1,0.0645,keep
703802.0,1.0,2,1,0.8771,1,1,1,1,0.1229,keep
703802.0,2.0,3,1,0.8113,1,1,1,1,0.1887,keep
703802.0,3.0,4,1,0.8879,1,1,1,1,0.1121,keep
703945.0,7.0,8,1,0.7942,1,1,1,1,0.2058,keep
703945.0,8.0,9,1,0.8777,1,1,1,1,0.1223,keep
703945.0,9.0,10,1,0.9355,1,1,1,1,0.0645,keep
704469.0,1.0,2,1,0.0173,0,0,2,2,0.9827,keep
704469.0,2.0,3,0,0.031,0,0,4,4,0.969,gain
704469.0,3.0,4,0,0.0228,0,0,4,4,0.9772,gain
704755.0,9.0,10,0,0.3452,0,0,4,4,0.6548,gain
706272.0,9.0,10,1,0.941,1,1,1,1,0.059,keep
707218.0,1.0,2,1,0.0498,0,0,2,2,0.9502,keep
707218.0,2.0,3,0,0.0637,0,0,4,4,0.9363,gain
707218.0,3.0,4,0,0.1353,0,0,4,4,0.8647,gain
707462.0,5.0,6,1,0.6729,1,1,1,1,0.3271,keep
707462.0,6.0,7,1,0.9127,1,1,1,1,0.0873,keep
707462.0,7.0,8,1,0.8506,1,1,1,1,0.1494,keep
709662.0,1.0,2,1,0.7437,1,1,1,1,0.2563,keep
709662.0,2.0,3,1,0.6571,1,1,1,1,0.3429,keep
709662.0,3.0,4,1,0.6426,1,1,1,1,0.3574,keep
710838.0,7.0,8,1,0.8444,1,1,1,1,0.1556,keep
712074.0,7.0,8,1,0.915,1,1,1,1,0.085,keep
715396.0,1.0,2,1,0.9008,1,1,1,1,0.0992,keep
715396.0,2.0,3,1,0.6152,1,1,1,1,0.3848,keep
715396.0,3.0,4,1,0.8314,1,1,1,1,0.1686,keep
715690.0,1.0,2,1,0.5914,1,1,1,1,0.4086,keep
715690.0,2.0,3,1,0.5359,1,1,1,1,0.4641,keep
715690.0,3.0,4,1,0.3801,0,0,2,2,0.6199,keep
715896.0,1.0,2,1,0.3804,0,0,2,2,0.6196,keep
716517.0,5.0,6,0,0.7413,1,1,3,3,0.2587,gain
716543.0,7.0,8,1,0.9685,1,1,1,1,0.0315,keep
717227.0,7.0,8,0,0.2098,0,1,4,3,0.7902,gain
718565.0,7.0,8,0,0.9189,1,1,3,3,0.0811,gain
719766.0,5.0,6,0,0.1183,0,0,4,4,0.8817,gain
719766.0,6.0,7,0,0.0233,0,0,4,4,0.9767,gain
719766.0,7.0,8,0,0.1756,0,0,4,4,0.8244,gain
721021.0,4.0,5,0,0.3398,0,0,4,4,0.6602,gain
722325.0,1.0,2,1,0.4642,0,1,2,1,0.5358,keep
722325.0,2.0,3,1,0.4144,0,1,2,1,0.5856,keep
722325.0,3.0,4,1,0.6069,1,0,1,2,0.3931,keep
724238.0,4.0,5,0,0.0138,0,0,4,4,0.9862,gain
726897.0,1.0,2,1,0.005,0,0,2,2,0.995,keep
726897.0,2.0,3,0,0.0174,0,0,4,4,0.9826,gain
726897.0,3.0,4,0,0.0124,0,0,4,4,0.9876,gain
728335.0,1.0,2,1,0.0905,0,1,2,1,0.9095,keep
728335.0,2.0,3,1,0.7121,1,1,1,1,0.2879,keep
728335.0,3.0,4,1,0.4284,0,1,2,1,0.5716,keep
728465.0,3.0,4,1,0.8879,1,1,1,1,0.1121,keep
728465.0,4.0,5,1,0.8495,1,1,1,1,0.1505,keep
728465.0,5.0,6,1,0.8688,1,1,1,1,0.1312,keep
732422.0,1.0,2,1,0.1435,0,0,2,2,0.8565,keep
732422.0,2.0,3,0,0.6687,1,1,3,3,0.3313,gain
732422.0,3.0,4,1,0.586,1,0,1,2,0.414,keep
733799.0,1.0,2,1,0.0276,0,0,2,2,0.9724,keep
734705.0,1.0,2,1,0.4081,0,0,2,2,0.5919,keep
735836.0,7.0,8,1,0.833,1,1,1,1,0.167,keep
735836.0,8.0,9,1,0.8405,1,1,1,1,0.1595,keep
735836.0,9.0,10,1,0.9355,1,1,1,1,0.0645,keep
736501.0,1.0,2,1,0.773,1,1,1,1,0.227,keep
736501.0,2.0,3,1,0.8599,1,1,1,1,0.1401,keep
736501.0,3.0,4,1,0.8579,1,1,1,1,0.1421,keep
737410.0,4.0,5,0,0.0197,0,0,4,4,0.9803,gain
737410.0,5.0,6,0,0.0239,0,0,4,4,0.9761,gain
737687.0,3.0,4,0,0.4211,0,0,4,4,0.5789,gain
737687.0,4.0,5,0,0.6917,1,1,3,3,0.3083,gain
737687.0,5.0,6,1,0.9414,1,0,1,2,0.0586,keep
737979.0,7.0,8,0,0.0505,0,0,4,4,0.9495,gain
738864.0,7.0,8,1,0.8041,1,1,1,1,0.1959,keep
739194.0,7.0,8,0,0.8108,1,0,3,4,0.1892,gain
739194.0,8.0,9,0,0.9103,1,1,3,3,0.0897,gain
739194.0,9.0,10,1,0.7573,1,0,1,2,0.2427,keep
740054.0,3.0,4,0,0.5905,1,0,3,4,0.4095,gain
740054.0,4.0,5,0,0.0534,0,0,4,4,0.9466,gain
740054.0,5.0,6,0,0.0814,0,0,4,4,0.9186,gain
742024.0,1.0,2,1,0.807,1,1,1,1,0.193,keep
743368.0,1.0,2,1,0.6743,1,1,1,1,0.3257,keep
743368.0,2.0,3,1,0.6705,1,1,1,1,0.3295,keep
743368.0,3.0,4,1,0.6415,1,0,1,2,0.3585,keep
743756.0,5.0,6,0,0.0112,0,0,4,4,0.9888,gain
743756.0,6.0,7,0,0.2064,0,0,4,4,0.7936,gain
743756.0,7.0,8,0,0.3773,0,0,4,4,0.6227,gain
743999.0,3.0,4,0,0.6902,1,1,3,3,0.3098,gain
743999.0,4.0,5,1,0.5715,1,1,1,1,0.4285,keep
743999.0,5.0,6,1,0.7064,1,1,1,1,0.2936,keep
744815.0,1.0,2,1,0.8771,1,1,1,1,0.1229,keep
744815.0,2.0,3,1,0.8599,1,1,1,1,0.1401,keep
744815.0,3.0,4,1,0.9016,1,1,1,1,0.0984,keep
745163.0,1.0,2,1,0.1644,0,0,2,2,0.8356,keep
745163.0,2.0,3,0,0.295,0,0,4,4,0.705,gain
745310.0,5.0,6,1,0.4168,0,1,2,1,0.5832,keep
745310.0,6.0,7,1,0.8424,1,1,1,1,0.1576,keep
745310.0,7.0,8,1,0.8256,1,1,1,1,0.1744,keep
746897.0,2.0,3,0,0.19,0,0,4,4,0.81,gain
746897.0,3.0,4,0,0.1133,0,0,4,4,0.8867,gain
747185.0,1.0,2,1,0.0024,0,0,2,2,0.9976,keep
747185.0,2.0,3,0,0.0191,0,0,4,4,0.9809,gain
747185.0,3.0,4,0,0.0464,0,0,4,4,0.9536,gain
748961.0,1.0,2,1,0.2627,0,1,2,1,0.7373,keep
748961.0,2.0,3,1,0.4892,0,1,2,1,0.5108,keep
748961.0,3.0,4,1,0.7433,1,1,1,1,0.2567,keep
749366.0,1.0,2,1,0.1324,0,1,2,1,0.8676,keep
749680.0,3.0,4,0,0.0568,0,0,4,4,0.9432,gain
749680.0,4.0,5,0,0.0019,0,0,4,4,0.9981,gain
750323.0,1.0,2,1,0.0155,0,0,2,2,0.9845,keep
750961.0,1.0,2,1,0.0025,0,0,2,2,0.9975,keep
750961.0,2.0,3,0,0.0167,0,0,4,4,0.9833,gain
752428.0,1.0,2,1,0.6245,1,1,1,1,0.3755,keep
752428.0,2.0,3,1,0.5615,1,1,1,1,0.4385,keep
752428.0,3.0,4,1,0.6069,1,1,1,1,0.3931,keep
753600.0,1.0,2,1,0.0595,0,0,2,2,0.9405,keep
754817.0,5.0,6,0,0.1183,0,0,4,4,0.8817,gain
754817.0,6.0,7,0,0.8302,1,1,3,3,0.1698,gain
754817.0,7.0,8,1,0.6903,1,0,1,2,0.3097,keep
755546.0,7.0,8,0,0.1228,0,0,4,4,0.8772,gain
755630.0,7.0,8,1,0.8787,1,1,1,1,0.1213,keep
756974.0,5.0,6,1,0.5836,1,0,1,2,0.4164,keep
756974.0,6.0,7,0,0.7889,1,1,3,3,0.2111,gain
756974.0,7.0,8,1,0.6614,1,1,1,1,0.3386,keep
757139.0,1.0,2,1,0.6245,1,0,1,2,0.3755,keep
757509.0,1.0,2,1,0.2856,0,1,2,1,0.7144,keep
757509.0,2.0,3,1,0.6571,1,1,1,1,0.3429,keep
757509.0,3.0,4,1,0.9016,1,1,1,1,0.0984,keep
757662.0,1.0,2,1,0.4511,0,0,2,2,0.5489,keep
759043.0,3.0,4,1,0.6426,1,1,1,1,0.3574,keep
759043.0,4.0,5,1,0.8495,1,1,1,1,0.1505,keep
759043.0,5.0,6,1,0.6295,1,1,1,1,0.3705,keep
759048.0,5.0,6,1,0.6295,1,0,1,2,0.3705,keep
759048.0,6.0,7,0,0.9044,1,1,3,3,0.0956,gain
759048.0,7.0,8,1,0.915,1,1,1,1,0.085,keep
759605.0,7.0,8,0,0.8483,1,1,3,3,0.1517,gain
760058.0,1.0,2,1,0.6456,1,1,1,1,0.3544,keep
760058.0,2.0,3,1,0.6516,1,1,1,1,0.3484,keep
760058.0,3.0,4,1,0.9118,1,1,1,1,0.0882,keep
760173.0,1.0,2,1,0.1248,0,0,2,2,0.8752,keep
760583.0,1.0,2,1,0.6245,1,1,1,1,0.3755,keep
760607.0,1.0,2,1,0.0024,0,0,2,2,0.9976,keep
761258.0,1.0,2,1,0.7437,1,1,1,1,0.2563,keep
762318.0,1.0,2,1,0.5505,1,0,1,2,0.4495,keep
763281.0,1.0,2,1,0.0108,0,0,2,2,0.9892,keep
763301.0,5.0,6,1,0.6249,1,0,1,2,0.3751,keep
763301.0,6.0,7,0,0.8127,1,1,3,3,0.1873,gain
763301.0,7.0,8,1,0.7799,1,1,1,1,0.2201,keep
764326.0,7.0,8,0,0.6358,1,0,3,4,0.3642,gain
765070.0,5.0,6,0,0.8192,1,0,3,4,0.1808,gain
765070.0,6.0,7,0,0.8079,1,1,3,3,0.1921,gain
765070.0,7.0,8,1,0.8041,1,0,1,2,0.1959,keep
765109.0,7.0,8,0,0.2075,0,0,4,4,0.7925,gain
765699.0,5.0,6,1,0.7259,1,1,1,1,0.2741,keep
765699.0,6.0,7,1,0.9127,1,1,1,1,0.0873,keep
765699.0,7.0,8,1,0.833,1,0,1,2,0.167,keep
765846.0,1.0,2,1,0.1358,0,0,2,2,0.8642,keep
765846.0,2.0,3,0,0.4674,0,1,4,3,0.5326,gain
765846.0,3.0,4,1,0.4284,0,0,2,2,0.5716,keep
765962.0,1.0,2,1,0.0881,0,1,2,1,0.9119,keep
767060.0,9.0,10,1,0.9355,1,1,1,1,0.0645,keep
767292.0,1.0,2,1,0.2057,0,1,2,1,0.7943,keep
767292.0,2.0,3,1,0.4038,0,0,2,2,0.5962,keep
767292.0,3.0,4,0,0.2945,0,0,4,4,0.7055,gain
767314.0,5.0,6,1,0.5015,1,0,1,2,0.4985,keep
767314.0,6.0,7,0,0.3344,0,0,4,4,0.6656,gain
767314.0,7.0,8,0,0.7718,1,1,3,3,0.2282,gain
767715.0,1.0,2,1,0.0014,0,0,2,2,0.9986,keep
767715.0,2.0,3,0,0.031,0,0,4,4,0.969,gain
768551.0,7.0,8,1,0.7027,1,1,1,1,0.2973,keep
768913.0,5.0,6,0,0.1989,0,0,4,4,0.8011,gain
768913.0,6.0,7,0,0.5686,1,0,3,4,0.4314,gain
768913.0,7.0,8,0,0.227,0,0,4,4,0.773,gain
769673.0,1.0,2,1,0.4055,0,0,2,2,0.5945,keep
770329.0,5.0,6,0,0.1554,0,0,4,4,0.8446,gain
770329.0,6.0,7,0,0.0539,0,0,4,4,0.9461,gain
770329.0,7.0,8,0,0.7729,1,1,3,3,0.2271,gain
771321.0,3.0,4,0,0.2443,0,0,4,4,0.7557,gain
771321.0,4.0,5,0,0.4701,0,0,4,4,0.5299,gain
771321.0,5.0,6,0,0.7797,1,1,3,3,0.2203,gain
772385.0,1.0,2,1,0.4404,0,0,2,2,0.5596,keep
772385.0,2.0,3,0,0.741,1,1,3,3,0.259,gain
772385.0,3.0,4,1,0.6548,1,0,1,2,0.3452,keep
773381.0,1.0,2,1,0.0085,0,0,2,2,0.9915,keep
773474.0,1.0,2,1,0.894,1,1,1,1,0.106,keep
774625.0,1.0,2,1,0.0022,0,0,2,2,0.9978,keep
776479.0,7.0,8,0,0.4093,0,0,4,4,0.5907,gain
776558.0,7.0,8,1,0.8787,1,1,1,1,0.1213,keep
777322.0,3.0,4,1,0.4331,0,1,2,1,0.5669,keep
777322.0,4.0,5,1,0.7248,1,1,1,1,0.2752,keep
777322.0,5.0,6,1,0.9243,1,1,1,1,0.0757,keep
779835.0,3.0,4,0,0.313,0,0,4,4,0.687,gain
779835.0,4.0,5,0,0.1764,0,0,4,4,0.8236,gain
779835.0,5.0,6,0,0.1367,0,0,4,4,0.8633,gain
781366.0,1.0,2,1,0.4134,0,1,2,1,0.5866,keep
781366.0,2.0,3,1,0.4064,0,1,2,1,0.5936,keep
781366.0,3.0,4,1,0.418,0,0,2,2,0.582,keep
782693.0,1.0,2,1,0.6245,1,1,1,1,0.3755,keep
782693.0,2.0,3,1,0.6152,1,1,1,1,0.3848,keep
782693.0,3.0,4,1,0.8421,1,1,1,1,0.1579,keep
783024.0,3.0,4,0,0.4922,0,0,4,4,0.5078,gain
783024.0,4.0,5,0,0.3689,0,0,4,4,0.6311,gain
783024.0,5.0,6,0,0.1802,0,0,4,4,0.8198,gain
783793.0,7.0,8,0,0.8723,1,1,3,3,0.1277,gain
784414.0,1.0,2,1,0.0091,0,0,2,2,0.9909,keep
785205.0,3.0,4,0,0.6718,1,0,3,4,0.3282,gain
785205.0,4.0,5,0,0.3665,0,0,4,4,0.6335,gain
785205.0,5.0,6,0,0.7945,1,0,3,4,0.2055,gain
785935.0,5.0,6,1,0.953,1,1,1,1,0.047,keep
785935.0,6.0,7,1,0.8949,1,1,1,1,0.1051,keep
785935.0,7.0,8,1,0.915,1,1,1,1,0.085,keep
786362.0,5.0,6,0,0.0123,0,0,4,4,0.9877,gain
786362.0,6.0,7,0,0.0061,0,0,4,4,0.9939,gain
786362.0,7.0,8,0,0.1756,0,0,4,4,0.8244,gain
786491.0,7.0,8,0,0.0294,0,0,4,4,0.9706,gain
788307.0,3.0,4,1,0.7433,1,1,1,1,0.2567,keep
788307.0,4.0,5,1,0.8495,1,1,1,1,0.1505,keep
788307.0,5.0,6,1,0.8868,1,1,1,1,0.1132,keep
789820.0,1.0,2,1,0.894,1,1,1,1,0.106,keep
790130.0,7.0,8,1,0.7493,1,1,1,1,0.2507,keep
792476.0,3.0,4,1,0.3469,0,1,2,1,0.6531,keep
792476.0,4.0,5,1,0.8495,1,1,1,1,0.1505,keep
792476.0,5.0,6,1,0.9414,1,1,1,1,0.0586,keep
793526.0,1.0,2,1,0.7568,1,1,1,1,0.2432,keep
796598.0,3.0,4,1,0.7433,1,0,1,2,0.2567,keep
796598.0,4.0,5,0,0.8181,1,1,3,3,0.1819,gain
796598.0,5.0,6,1,0.85,1,1,1,1,0.15,keep
797307.0,7.0,8,0,0.0793,0,0,4,4,0.9207,gain
797711.0,7.0,8,1,0.7493,1,1,1,1,0.2507,keep
800177.0,1.0,2,1,0.0131,0,0,2,2,0.9869,keep
801527.0,1.0,2,1,0.0202,0,0,2,2,0.9798,keep
805687.0,5.0,6,0,0.0837,0,0,4,4,0.9163,gain
805923.0,5.0,6,0,0.2597,0,0,4,4,0.7403,gain
805923.0,6.0,7,0,0.2252,0,0,4,4,0.7748,gain
805923.0,7.0,8,0,0.3584,0,0,4,4,0.6416,gain
806249.0,7.0,8,0,0.8371,1,0,3,4,0.1629,gain
806249.0,8.0,9,0,0.9272,1,0,3,4,0.0728,gain
806249.0,9.0,10,0,0.9319,1,1,3,3,0.0681,gain
807887.0,7.0,8,0,0.8506,1,0,3,4,0.1494,gain
808350.0,7.0,8,1,0.9685,1,1,1,1,0.0315,keep
808572.0,1.0,2,1,0.2319,0,1,2,1,0.7681,keep
808572.0,2.0,3,1,0.7121,1,1,1,1,0.2879,keep
808572.0,3.0,4,1,0.4655,0,1,2,1,0.5345,keep
809049.0,1.0,2,1,0.0068,0,0,2,2,0.9932,keep
809049.0,2.0,3,0,0.1571,0,0,4,4,0.8429,gain
809049.0,3.0,4,0,0.4851,0,0,4,4,0.5149,gain
809454.0,1.0,2,1,0.1358,0,0,2,2,0.8642,keep
809454.0,2.0,3,0,0.6079,1,0,3,4,0.3921,gain
809454.0,3.0,4,0,0.3719,0,0,4,4,0.6281,gain
809505.0,4.0,5,0,0.0733,0,0,4,4,0.9267,gain
809505.0,5.0,6,0,0.6072,1,0,3,4,0.3928,gain
812322.0,1.0,2,1,0.4081,0,1,2,1,0.5919,keep
812322.0,2.0,3,1,0.7121,1,1,1,1,0.2879,keep
812322.0,3.0,4,1,0.586,1,1,1,1,0.414,keep
812394.0,1.0,2,1,0.5102,1,1,1,1,0.4898,keep
813397.0,3.0,4,1,0.8579,1,1,1,1,0.1421,keep
813397.0,4.0,5,1,0.8864,1,1,1,1,0.1136,keep
813397.0,5.0,6,1,0.8868,1,1,1,1,0.1132,keep
815470.0,1.0,2,1,0.8771,1,1,1,1,0.1229,keep
815470.0,2.0,3,1,0.6385,1,1,1,1,0.3615,keep
815470.0,3.0,4,1,0.586,1,1,1,1,0.414,keep
815619.0,1.0,2,1,0.5846,1,0,1,2,0.4154,keep
815629.0,1.0,2,1,0.0099,0,0,2,2,0.9901,keep
816097.0,3.0,4,0,0.6936,1,1,3,3,0.3064,gain
816097.0,4.0,5,1,0.3699,0,1,2,1,0.6301,keep
816097.0,5.0,6,1,0.6249,1,1,1,1,0.3751,keep
817966.0,1.0,2,1,0.229,0,0,2,2,0.771,keep
817966.0,2.0,3,0,0.6746,1,1,3,3,0.3254,gain
817966.0,3.0,4,1,0.586,1,1,1,1,0.414,keep
818550.0,7.0,8,0,0.389,0,0,4,4,0.611,gain
818550.0,8.0,9,0,0.7916,1,0,3,4,0.2084,gain
818550.0,9.0,10,0,0.9422,1,0,3,4,0.0578,gain
819100.0,1.0,2,1,0.0052,0,0,2,2,0.9948,keep
819100.0,2.0,3,0,0.0577,0,0,4,4,0.9423,gain
819100.0,3.0,4,0,0.0189,0,0,4,4,0.9811,gain
819556.0,7.0,8,0,0.8583,1,1,3,3,0.1417,gain
819662.0,5.0,6,1,0.8061,1,1,1,1,0.1939,keep
819662.0,6.0,7,1,0.8424,1,1,1,1,0.1576,keep
819662.0,7.0,8,1,0.9007,1,1,1,1,0.0993,keep
820195.0,1.0,2,1,0.4055,0,0,2,2,0.5945,keep
820195.0,2.0,3,0,0.6832,1,0,3,4,0.3168,gain
820195.0,3.0,4,0,0.694,1,0,3,4,0.306,gain
820262.0,7.0,8,1,0.6663,1,1,1,1,0.3337,keep
820396.0,7.0,8,1,0.8479,1,1,1,1,0.1521,keep
822714.0,1.0,2,1,0.5102,1,1,1,1,0.4898,keep
824933.0,1.0,2,1,0.4663,0,1,2,1,0.5337,keep
825855.0,5.0,6,0,0.0414,0,0,4,4,0.9586,gain
825855.0,6.0,7,0,0.2446,0,0,4,4,0.7554,gain
825855.0,7.0,8,0,0.6243,1,0,3,4,0.3757,gain
826128.0,3.0,4,1,0.4655,0,1,2,1,0.5345,keep
826128.0,4.0,5,1,0.484,0,0,2,2,0.516,keep
826128.0,5.0,6,0,0.7466,1,1,3,3,0.2534,gain
829233.0,3.0,4,1,0.8421,1,1,1,1,0.1579,keep
829233.0,4.0,5,1,0.9262,1,1,1,1,0.0738,keep
829233.0,5.0,6,1,0.9414,1,1,1,1,0.0586,keep
829448.0,7.0,8,0,0.2654,0,0,4,4,0.7346,gain
829749.0,9.0,10,1,0.9825,1,1,1,1,0.0175,keep
830001.0,7.0,8,0,0.5303,1,0,3,4,0.4697,gain
831303.0,7.0,8,0,0.0484,0,0,4,4,0.9516,gain
832244.0,5.0,6,1,0.6648,1,1,1,1,0.3352,keep
832244.0,6.0,7,1,0.896,1,1,1,1,0.104,keep
832244.0,7.0,8,1,0.9089,1,1,1,1,0.0911,keep
832409.0,3.0,4,1,0.8879,1,1,1,1,0.1121,keep
832409.0,4.0,5,1,0.8037,1,1,1,1,0.1963,keep
832409.0,5.0,6,1,0.8868,1,1,1,1,0.1132,keep
832486.0,1.0,2,1,0.773,1,1,1,1,0.227,keep
833915.0,3.0,4,1,0.8633,1,1,1,1,0.1367,keep
833915.0,4.0,5,1,0.9294,1,1,1,1,0.0706,keep
833915.0,5.0,6,1,0.7164,1,1,1,1,0.2836,keep
834331.0,3.0,4,0,0.0444,0,0,4,4,0.9556,gain
836257.0,1.0,2,1,0.0497,0,0,2,2,0.9503,keep
837030.0,1.0,2,1,0.1248,0,1,2,1,0.8752,keep
837030.0,2.0,3,1,0.5548,1,1,1,1,0.4452,keep
837030.0,3.0,4,1,0.4147,0,1,2,1,0.5853,keep
839756.0,5.0,6,1,0.7825,1,1,1,1,0.2175,keep
839820.0,5.0,6,0,0.6028,1,0,3,4,0.3972,gain
839820.0,6.0,7,0,0.3582,0,1,4,3,0.6418,gain
839820.0,7.0,8,1,0.6849,1,1,1,1,0.3151,keep
839878.0,1.0,2,1,0.7437,1,1,1,1,0.2563,keep
840412.0,7.0,8,0,0.501,1,0,3,4,0.499,gain
840730.0,7.0,8,0,0.7531,1,1,3,3,0.2469,gain
841417.0,1.0,2,1,0.4333,0,1,2,1,0.5667,keep
841417.0,2.0,3,1,0.4038,0,1,2,1,0.5962,keep
841417.0,3.0,4,1,0.4295,0,0,2,2,0.5705,keep
842886.0,7.0,8,0,0.3708,0,0,4,4,0.6292,gain
843441.0,3.0,4,1,0.4331,0,1,2,1,0.5669,keep
843441.0,4.0,5,1,0.7822,1,1,1,1,0.2178,keep
843441.0,5.0,6,1,0.9243,1,1,1,1,0.0757,keep
843656.0,5.0,6,1,0.8061,1,1,1,1,0.1939,keep
843656.0,6.0,7,1,0.7471,1,1,1,1,0.2529,keep
843656.0,7.0,8,1,0.9089,1,1,1,1,0.0911,keep
844392.0,1.0,2,1,0.1365,0,1,2,1,0.8635,keep
844392.0,2.0,3,1,0.8599,1,0,1,2,0.1401,keep
844392.0,3.0,4,0,0.7791,1,0,3,4,0.2209,gain
844648.0,3.0,4,1,0.5123,1,1,1,1,0.4877,keep
844648.0,4.0,5,1,0.6299,1,1,1,1,0.3701,keep
844648.0,5.0,6,1,0.6648,1,1,1,1,0.3352,keep
846966.0,3.0,4,0,0.0079,0,0,4,4,0.9921,gain
846966.0,4.0,5,0,0.0209,0,0,4,4,0.9791,gain
846966.0,5.0,6,0,0.0278,0,0,4,4,0.9722,gain
847412.0,3.0,4,0,0.4014,0,0,4,4,0.5986,gain
847412.0,4.0,5,0,0.0898,0,0,4,4,0.9102,gain
847412.0,5.0,6,0,0.1349,0,0,4,4,0.8651,gain
847896.0,1.0,2,1,0.035,0,0,2,2,0.965,keep
848276.0,1.0,2,1,0.045,0,0,2,2,0.955,keep
848624.0,4.0,5,0,0.7804,1,0,3,4,0.2196,gain
848624.0,5.0,6,0,0.4708,0,0,4,4,0.5292,gain
848990.0,1.0,2,1,0.0218,0,0,2,2,0.9782,keep
848990.0,2.0,3,0,0.3912,0,0,4,4,0.6088,gain
848990.0,3.0,4,0,0.1482,0,1,4,3,0.8518,gain
849326.0,5.0,6,1,0.4168,0,0,2,2,0.5832,keep
849429.0,3.0,4,0,0.112,0,0,4,4,0.888,gain
849429.0,4.0,5,0,0.1612,0,0,4,4,0.8388,gain
849429.0,5.0,6,0,0.0049,0,0,4,4,0.9951,gain
850143.0,1.0,2,1,0.0212,0,0,2,2,0.9788,keep
850143.0,2.0,3,0,0.0972,0,0,4,4,0.9028,gain
851836.0,7.0,8,0,0.2663,0,0,4,4,0.7337,gain
853648.0,3.0,4,0,0.1505,0,0,4,4,0.8495,gain
853648.0,4.0,5,0,0.1268,0,0,4,4,0.8732,gain
853648.0,5.0,6,0,0.0895,0,0,4,4,0.9105,gain
856847.0,1.0,2,1,0.7437,1,1,1,1,0.2563,keep
856877.0,7.0,8,1,0.9685,1,1,1,1,0.0315,keep
857018.0,5.0,6,1,0.953,1,1,1,1,0.047,keep
857018.0,6.0,7,1,0.8949,1,1,1,1,0.1051,keep
857018.0,7.0,8,1,0.9731,1,1,1,1,0.0269,keep
857083.0,3.0,4,1,0.4875,0,1,2,1,0.5125,keep
857083.0,4.0,5,1,0.491,0,0,2,2,0.509,keep
857083.0,5.0,6,0,0.4708,0,1,4,3,0.5292,gain
857142.0,1.0,2,1,0.4283,0,1,2,1,0.5717,keep
857142.0,2.0,3,1,0.7547,1,1,1,1,0.2453,keep
857142.0,3.0,4,1,0.8579,1,1,1,1,0.1421,keep
858111.0,3.0,4,0,0.1226,0,0,4,4,0.8774,gain
859103.0,1.0,2,1,0.7532,1,0,1,2,0.2468,keep
859103.0,2.0,3,0,0.7416,1,0,3,4,0.2584,gain
859103.0,3.0,4,0,0.1418,0,0,4,4,0.8582,gain
859155.0,1.0,2,1,0.8742,1,1,1,1,0.1258,keep
859459.0,7.0,8,1,0.61,1,1,1,1,0.39,keep
859459.0,8.0,9,1,0.8405,1,1,1,1,0.1595,keep
859459.0,9.0,10,1,0.9355,1,1,1,1,0.0645,keep
860634.0,5.0,6,1,0.6648,1,1,1,1,0.3352,keep
860634.0,6.0,7,1,0.896,1,1,1,1,0.104,keep
860634.0,7.0,8,1,0.9089,1,1,1,1,0.0911,keep
861129.0,3.0,4,0,0.206,0,0,4,4,0.794,gain
861129.0,4.0,5,0,0.5802,1,0,3,4,0.4198,gain
861129.0,5.0,6,0,0.4113,0,0,4,4,0.5887,gain
861326.0,1.0,2,1,0.001,0,0,2,2,0.999,keep
861619.0,7.0,8,0,0.7408,1,0,3,4,0.2592,gain
861619.0,8.0,9,0,0.6097,1,0,3,4,0.3903,gain
861619.0,9.0,10,0,0.917,1,0,3,4,0.083,gain
861823.0,7.0,8,0,0.2582,0,1,4,3,0.7418,gain
862890.0,1.0,2,1,0.0024,0,0,2,2,0.9976,keep
862890.0,2.0,3,0,0.1649,0,0,4,4,0.8351,gain
862890.0,3.0,4,0,0.1045,0,0,4,4,0.8955,gain
864105.0,1.0,2,1,0.1397,0,0,2,2,0.8603,keep
864275.0,1.0,2,1,0.1798,0,0,2,2,0.8202,keep
864275.0,2.0,3,0,0.5002,1,0,3,4,0.4998,gain
864275.0,3.0,4,0,0.6016,1,0,3,4,0.3984,gain
864624.0,7.0,8,0,0.8195,1,0,3,4,0.1805,gain
864624.0,8.0,9,0,0.3844,0,0,4,4,0.6156,gain
864624.0,9.0,10,0,0.7979,1,0,3,4,0.2021,gain
864899.0,7.0,8,1,0.6849,1,1,1,1,0.3151,keep
865820.0,1.0,2,1,0.4116,0,0,2,2,0.5884,keep
865820.0,2.0,3,0,0.1692,0,1,4,3,0.8308,gain
865820.0,3.0,4,1,0.4205,0,1,2,1,0.5795,keep
866285.0,3.0,4,0,0.8115,1,0,3,4,0.1885,gain
866285.0,4.0,5,0,0.8998,1,1,3,3,0.1002,gain
866285.0,5.0,6,1,0.8502,1,1,1,1,0.1498,keep
866944.0,3.0,4,0,0.5208,1,0,3,4,0.4792,gain
866944.0,4.0,5,0,0.3903,0,0,4,4,0.6097,gain
866944.0,5.0,6,0,0.5553,1,0,3,4,0.4447,gain
867321.0,3.0,4,0,0.112,0,0,4,4,0.888,gain
867321.0,4.0,5,0,0.2304,0,0,4,4,0.7696,gain
867321.0,5.0,6,0,0.0953,0,0,4,4,0.9047,gain
869263.0,3.0,4,1,0.4205,0,1,2,1,0.5795,keep
869263.0,4.0,5,1,0.5715,1,1,1,1,0.4285,keep
869263.0,5.0,6,1,0.5836,1,1,1,1,0.4164,keep
870893.0,1.0,2,1,0.0297,0,0,2,2,0.9703,keep
870893.0,2.0,3,0,0.6283,1,0,3,4,0.3717,gain
870893.0,3.0,4,0,0.6318,1,1,3,3,0.3682,gain
871984.0,1.0,2,1,0.5102,1,1,1,1,0.4898,keep
871984.0,2.0,3,1,0.6969,1,1,1,1,0.3031,keep
871984.0,3.0,4,1,0.8797,1,1,1,1,0.1203,keep
872453.0,3.0,4,1,0.4284,0,1,2,1,0.5716,keep
872453.0,4.0,5,1,0.363,0,1,2,1,0.637,keep
872453.0,5.0,6,1,0.4279,0,1,2,1,0.5721,keep
872783.0,3.0,4,0,0.8034,1,1,3,3,0.1966,gain
872783.0,4.0,5,1,0.5837,1,0,1,2,0.4163,keep
872783.0,5.0,6,0,0.7918,1,1,3,3,0.2082,gain
873012.0,1.0,2,1,0.167,0,0,2,2,0.833,keep
873438.0,1.0,2,1,0.0599,0,0,2,2,0.9401,keep
873438.0,2.0,3,0,0.1921,0,0,4,4,0.8079,gain
873438.0,3.0,4,0,0.1505,0,0,4,4,0.8495,gain
873493.0,3.0,4,1,0.3929,0,1,2,1,0.6071,keep
873493.0,4.0,5,1,0.6256,1,1,1,1,0.3744,keep
874827.0,1.0,2,1,0.7437,1,1,1,1,0.2563,keep
875508.0,3.0,4,1,0.66,1,1,1,1,0.34,keep
875508.0,4.0,5,1,0.6253,1,1,1,1,0.3747,keep
875508.0,5.0,6,1,0.3933,0,0,2,2,0.6067,keep
875712.0,7.0,8,1,0.5821,1,1,1,1,0.4179,keep
875937.0,1.0,2,1,0.9008,1,1,1,1,0.0992,keep
876544.0,1.0,2,1,0.4283,0,1,2,1,0.5717,keep
878199.0,7.0,8,1,0.9089,1,1,1,1,0.0911,keep
879509.0,7.0,8,1,0.9251,1,1,1,1,0.0749,keep
879532.0,1.0,2,1,0.1705,0,1,2,1,0.8295,keep
879933.0,5.0,6,1,0.8688,1,1,1,1,0.1312,keep
879933.0,6.0,7,1,0.9435,1,1,1,1,0.0565,keep
879933.0,7.0,8,1,0.9711,1,1,1,1,0.0289,keep
881737.0,7.0,8,0,0.0688,0,0,4,4,0.9312,gain
883295.0,1.0,2,1,0.0052,0,0,2,2,0.9948,keep
883496.0,1.0,2,1,0.0127,0,0,2,2,0.9873,keep
883920.0,1.0,2,1,0.0011,0,0,2,2,0.9989,keep
883966.0,1.0,2,1,0.0035,0,0,2,2,0.9965,keep
883998.0,7.0,8,1,0.7799,1,0,1,2,0.2201,keep
884485.0,5.0,6,1,0.953,1,1,1,1,0.047,keep
884485.0,6.0,7,1,0.871,1,1,1,1,0.129,keep
884485.0,7.0,8,1,0.9711,1,1,1,1,0.0289,keep
885089.0,1.0,2,1,0.4404,0,0,2,2,0.5596,keep
885089.0,2.0,3,0,0.5466,1,1,3,3,0.4534,gain
885089.0,3.0,4,1,0.3469,0,0,2,2,0.6531,keep
885657.0,3.0,4,0,0.0323,0,0,4,4,0.9677,gain
886488.0,5.0,6,0,0.0702,0,0,4,4,0.9298,gain
886488.0,6.0,7,0,0.0145,0,0,4,4,0.9855,gain
886488.0,7.0,8,0,0.2639,0,0,4,4,0.7361,gain
886701.0,1.0,2,1,0.0297,0,0,2,2,0.9703,keep
887294.0,5.0,6,1,0.6853,1,0,1,2,0.3147,keep
887294.0,6.0,7,0,0.5036,1,1,3,3,0.4964,gain
887294.0,7.0,8,1,0.8132,1,1,1,1,0.1868,keep
888334.0,3.0,4,0,0.5913,1,0,3,4,0.4087,gain
888334.0,4.0,5,0,0.7979,1,0,3,4,0.2021,gain
888334.0,5.0,6,0,0.7912,1,0,3,4,0.2088,gain
888823.0,3.0,4,0,0.0589,0,0,4,4,0.9411,gain
888823.0,4.0,5,0,0.2304,0,0,4,4,0.7696,gain
888823.0,5.0,6,0,0.1584,0,0,4,4,0.8416,gain
889131.0,5.0,6,0,0.0697,0,0,4,4,0.9303,gain
889131.0,6.0,7,0,0.0735,0,0,4,4,0.9265,gain
889131.0,7.0,8,0,0.7413,1,0,3,4,0.2587,gain
889457.0,5.0,6,0,0.2633,0,0,4,4,0.7367,gain
889457.0,6.0,7,0,0.0893,0,0,4,4,0.9107,gain
889457.0,7.0,8,0,0.2666,0,0,4,4,0.7334,gain
891149.0,5.0,6,1,0.6295,1,1,1,1,0.3705,keep
891149.0,6.0,7,1,0.9435,1,1,1,1,0.0565,keep
891149.0,7.0,8,1,0.9212,1,1,1,1,0.0788,keep
891351.0,1.0,2,1,0.5102,1,1,1,1,0.4898,keep
891351.0,2.0,3,1,0.9523,1,1,1,1,0.0477,keep
891351.0,3.0,4,1,0.7943,1,1,1,1,0.2057,keep
891647.0,3.0,4,1,0.9517,1,1,1,1,0.0483,keep
891647.0,4.0,5,1,0.8864,1,1,1,1,0.1136,keep
891647.0,5.0,6,1,0.953,1,1,1,1,0.047,keep
891938.0,6.0,7,0,0.0323,0,0,4,4,0.9677,gain
891938.0,7.0,8,0,0.0375,0,0,4,4,0.9625,gain
892525.0,1.0,2,1,0.4404,0,0,2,2,0.5596,keep
892525.0,2.0,3,0,0.4711,0,0,4,4,0.5289,gain
892525.0,3.0,4,0,0.0522,0,0,4,4,0.9478,gain
892798.0,3.0,4,0,0.2392,0,0,4,4,0.7608,gain
892798.0,4.0,5,0,0.0052,0,0,4,4,0.9948,gain
893284.0,1.0,2,1,0.5505,1,1,1,1,0.4495,keep
893284.0,2.0,3,1,0.3741,0,0,2,2,0.6259,keep
893284.0,3.0,4,0,0.2037,0,0,4,4,0.7963,gain
893745.0,1.0,2,1,0.6245,1,0,1,2,0.3755,keep
893745.0,2.0,3,0,0.7896,1,1,3,3,0.2104,gain
893745.0,3.0,4,1,0.7433,1,0,1,2,0.2567,keep
894481.0,1.0,2,1,0.2057,0,0,2,2,0.7943,keep
895099.0,5.0,6,0,0.5033,1,0,3,4,0.4967,gain
895099.0,6.0,7,0,0.028,0,0,4,4,0.972,gain
895099.0,7.0,8,0,0.394,0,0,4,4,0.606,gain
895216.0,1.0,2,1,0.0104,0,0,2,2,0.9896,keep
895216.0,2.0,3,0,0.0347,0,0,4,4,0.9653,gain
895216.0,3.0,4,0,0.0642,0,0,4,4,0.9358,gain
897767.0,5.0,6,1,0.5591,1,1,1,1,0.4409,keep
897767.0,6.0,7,1,0.7471,1,1,1,1,0.2529,keep
897767.0,7.0,8,1,0.5215,1,1,1,1,0.4785,keep
898788.0,3.0,4,1,0.6033,1,1,1,1,0.3967,keep
898788.0,4.0,5,1,0.6299,1,1,1,1,0.3701,keep
898788.0,5.0,6,1,0.7064,1,1,1,1,0.2936,keep
899296.0,3.0,4,0,0.6589,1,0,3,4,0.3411,gain
899296.0,4.0,5,0,0.6173,1,1,3,3,0.3827,gain
899296.0,5.0,6,1,0.5015,1,0,1,2,0.4985,keep
899917.0,1.0,2,1,0.2627,0,1,2,1,0.7373,keep
899917.0,2.0,3,1,0.6633,1,0,1,2,0.3367,keep
899917.0,3.0,4,0,0.2572,0,0,4,4,0.7428,gain
900541.0,3.0,4,0,0.928,1,0,3,4,0.072,gain
900541.0,4.0,5,0,0.7979,1,1,3,3,0.2021,gain
900541.0,5.0,6,1,0.8061,1,1,1,1,0.1939,keep
901038.0,5.0,6,0,0.2283,0,0,4,4,0.7717,gain
901038.0,6.0,7,0,0.0814,0,0,4,4,0.9186,gain
901038.0,7.0,8,0,0.2075,0,0,4,4,0.7925,gain
903616.0,1.0,2,1,0.082,0,0,2,2,0.918,keep
903948.0,1.0,2,1,0.0011,0,0,2,2,0.9989,keep
903948.0,2.0,3,0,0.0131,0,0,4,4,0.9869,gain
903948.0,3.0,4,0,0.012,0,0,4,4,0.988,gain
903955.0,5.0,6,0,0.0895,0,0,4,4,0.9105,gain
903955.0,6.0,7,0,0.0323,0,0,4,4,0.9677,gain
903955.0,7.0,8,0,0.0569,0,0,4,4,0.9431,gain
904034.0,1.0,2,1,0.7437,1,1,1,1,0.2563,keep
904034.0,2.0,3,1,0.7121,1,1,1,1,0.2879,keep
904034.0,3.0,4,1,0.6548,1,1,1,1,0.3452,keep
904050.0,7.0,8,0,0.7763,1,1,3,3,0.2237,gain
904710.0,1.0,2,1,0.0011,0,0,2,2,0.9989,keep
904710.0,2.0,3,0,0.0308,0,0,4,4,0.9692,gain
905132.0,3.0,4,1,0.6033,1,1,1,1,0.3967,keep
905132.0,4.0,5,1,0.6299,1,1,1,1,0.3701,keep
905132.0,5.0,6,1,0.6648,1,1,1,1,0.3352,keep
906553.0,5.0,6,1,0.8437,1,1,1,1,0.1563,keep
906553.0,6.0,7,1,0.9127,1,1,1,1,0.0873,keep
906553.0,7.0,8,1,0.8506,1,1,1,1,0.1494,keep
907005.0,1.0,2,1,0.0308,0,0,2,2,0.9692,keep
907005.0,2.0,3,0,0.402,0,0,4,4,0.598,gain
907005.0,3.0,4,0,0.4717,0,0,4,4,0.5283,gain
908479.0,1.0,2,1,0.0905,0,0,2,2,0.9095,keep
909697.0,1.0,2,1,0.4055,0,0,2,2,0.5945,keep
909697.0,2.0,3,0,0.8336,1,1,3,3,0.1664,gain
909697.0,3.0,4,1,0.64,1,1,1,1,0.36,keep
909748.0,1.0,2,1,0.6456,1,1,1,1,0.3544,keep
909955.0,1.0,2,1,0.7884,1,1,1,1,0.2116,keep
910047.0,1.0,2,1,0.0173,0,0,2,2,0.9827,keep
910956.0,1.0,2,1,0.1133,0,0,2,2,0.8867,keep
912422.0,1.0,2,1,0.0007,0,0,2,2,0.9993,keep
912444.0,1.0,2,1,0.6589,1,0,1,2,0.3411,keep
913883.0,5.0,6,1,0.7825,1,0,1,2,0.2175,keep
913883.0,6.0,7,0,0.9286,1,1,3,3,0.0714,gain
913883.0,7.0,8,1,0.915,1,1,1,1,0.085,keep
914232.0,5.0,6,0,0.845,1,0,3,4,0.155,gain
914232.0,6.0,7,0,0.7181,1,1,3,3,0.2819,gain
914232.0,7.0,8,1,0.5607,1,1,1,1,0.4393,keep
914982.0,1.0,2,1,0.6267,1,0,1,2,0.3733,keep
915106.0,3.0,4,0,0.0556,0,0,4,4,0.9444,gain
915106.0,4.0,5,0,0.1212,0,0,4,4,0.8788,gain
915106.0,5.0,6,0,0.0357,0,0,4,4,0.9643,gain
917102.0,5.0,6,1,0.85,1,1,1,1,0.15,keep
917102.0,6.0,7,1,0.8729,1,1,1,1,0.1271,keep
917102.0,7.0,8,1,0.9405,1,1,1,1,0.0595,keep
917768.0,7.0,8,0,0.6676,1,0,3,4,0.3324,gain
918795.0,7.0,8,0,0.3849,0,0,4,4,0.6151,gain
918859.0,3.0,4,0,0.185,0,1,4,3,0.815,gain
918859.0,4.0,5,1,0.3669,0,0,2,2,0.6331,keep
918859.0,5.0,6,0,0.1487,0,0,4,4,0.8513,gain
919286.0,1.0,2,1,0.0496,0,0,2,2,0.9504,keep
919286.0,2.0,3,0,0.0135,0,0,4,4,0.9865,gain
919286.0,3.0,4,0,0.1449,0,0,4,4,0.8551,gain
920132.0,7.0,8,1,0.8506,1,1,1,1,0.1494,keep
920994.0,1.0,2,1,0.0169,0,0,2,2,0.9831,keep
922208.0,1.0,2,1,0.5102,1,0,1,2,0.4898,keep
922510.0,5.0,6,0,0.2603,0,0,4,4,0.7397,gain
922510.0,6.0,7,0,0.6606,1,0,3,4,0.3394,gain
922510.0,7.0,8,0,0.7681,1,0,3,4,0.2319,gain
924381.0,1.0,2,1,0.0017,0,0,2,2,0.9983,keep
924381.0,2.0,3,0,0.0318,0,0,4,4,0.9682,gain
924448.0,3.0,4,0,0.0741,0,0,4,4,0.9259,gain
924448.0,4.0,5,0,0.1485,0,0,4,4,0.8515,gain
924448.0,5.0,6,0,0.1052,0,0,4,4,0.8948,gain
924533.0,1.0,2,1,0.0043,0,0,2,2,0.9957,keep
924533.0,2.0,3,0,0.0304,0,0,4,4,0.9696,gain
924533.0,3.0,4,0,0.0053,0,0,4,4,0.9947,gain
925111.0,5.0,6,0,0.0357,0,0,4,4,0.9643,gain
925111.0,6.0,7,0,0.0262,0,0,4,4,0.9738,gain
925111.0,7.0,8,0,0.2582,0,0,4,4,0.7418,gain
926858.0,1.0,2,1,0.1235,0,0,2,2,0.8765,keep
926866.0,7.0,8,0,0.3929,0,0,4,4,0.6071,gain
927400.0,5.0,6,1,0.4005,0,0,2,2,0.5995,keep
927400.0,6.0,7,0,0.1779,0,0,4,4,0.8221,gain
927400.0,7.0,8,0,0.6735,1,1,3,3,0.3265,gain
927843.0,1.0,2,1,0.0041,0,0,2,2,0.9959,keep
927843.0,2.0,3,0,0.3981,0,0,4,4,0.6019,gain
927843.0,3.0,4,0,0.0533,0,0,4,4,0.9467,gain
928990.0,1.0,2,1,0.6456,1,1,1,1,0.3544,keep
932035.0,1.0,2,1,0.1364,0,0,2,2,0.8636,keep
932355.0,3.0,4,0,0.0241,0,0,4,4,0.9759,gain
932355.0,4.0,5,0,0.1115,0,0,4,4,0.8885,gain
932355.0,5.0,6,0,0.0624,0,0,4,4,0.9376,gain
932694.0,5.0,6,1,0.7825,1,1,1,1,0.2175,keep
933273.0,3.0,4,0,0.2304,0,0,4,4,0.7696,gain
933273.0,4.0,5,0,0.4226,0,0,4,4,0.5774,gain
933273.0,5.0,6,0,0.0727,0,0,4,4,0.9273,gain
933655.0,3.0,4,0,0.72,1,0,3,4,0.28,gain
933655.0,4.0,5,0,0.028,0,0,4,4,0.972,gain
933655.0,5.0,6,0,0.0468,0,0,4,4,0.9532,gain
934639.0,5.0,6,0,0.0268,0,0,4,4,0.9732,gain
934639.0,6.0,7,0,0.1893,0,0,4,4,0.8107,gain
934639.0,7.0,8,0,0.1756,0,0,4,4,0.8244,gain
934927.0,1.0,2,1,0.0037,0,0,2,2,0.9963,keep
935287.0,1.0,2,1,0.6553,1,1,1,1,0.3447,keep
935295.0,7.0,8,0,0.394,0,1,4,3,0.606,gain
935442.0,7.0,8,1,0.915,1,1,1,1,0.085,keep
936569.0,1.0,2,1,0.0027,0,0,2,2,0.9973,keep
937561.0,7.0,8,1,0.8444,1,1,1,1,0.1556,keep
938200.0,1.0,2,1,0.7532,1,1,1,1,0.2468,keep
939049.0,1.0,2,1,0.2033,0,0,2,2,0.7967,keep
939049.0,2.0,3,0,0.7416,1,1,3,3,0.2584,gain
939049.0,3.0,4,1,0.6069,1,0,1,2,0.3931,keep
939303.0,9.0,10,1,0.941,1,1,1,1,0.059,keep
939422.0,5.0,6,0,0.7668,1,0,3,4,0.2332,gain
939422.0,6.0,7,0,0.7439,1,1,3,3,0.2561,gain
939422.0,7.0,8,1,0.9089,1,1,1,1,0.0911,keep
939670.0,3.0,4,0,0.6,1,1,3,3,0.4,gain
939670.0,4.0,5,1,0.484,0,0,2,2,0.516,keep
939670.0,5.0,6,0,0.6523,1,0,3,4,0.3477,gain
939895.0,1.0,2,1,0.0542,0,0,2,2,0.9458,keep
940298.0,5.0,6,1,0.9515,1,1,1,1,0.0485,keep
940298.0,6.0,7,1,0.6636,1,1,1,1,0.3364,keep
940298.0,7.0,8,1,0.8916,1,1,1,1,0.1084,keep
942033.0,5.0,6,0,0.769,1,0,3,4,0.231,gain
942033.0,6.0,7,0,0.1885,0,0,4,4,0.8115,gain
942033.0,7.0,8,0,0.3799,0,0,4,4,0.6201,gain
943468.0,3.0,4,0,0.3949,0,0,4,4,0.6051,gain
943468.0,4.0,5,0,0.264,0,0,4,4,0.736,gain
943468.0,5.0,6,0,0.2603,0,0,4,4,0.7397,gain
943807.0,1.0,2,1,0.4511,0,1,2,1,0.5489,keep
944527.0,7.0,8,1,0.929,1,1,1,1,0.071,keep
945554.0,1.0,2,1,0.0905,0,0,2,2,0.9095,keep
945554.0,2.0,3,0,0.5161,1,0,3,4,0.4839,gain
945554.0,3.0,4,0,0.2514,0,0,4,4,0.7486,gain
947611.0,1.0,2,1,0.7387,1,1,1,1,0.2613,keep
950751.0,1.0,2,1,0.0109,0,0,2,2,0.9891,keep
951272.0,7.0,8,1,0.8787,1,1,1,1,0.1213,keep
953438.0,7.0,8,1,0.5821,1,1,1,1,0.4179,keep
953508.0,1.0,2,1,0.0311,0,0,2,2,0.9689,keep
953508.0,2.0,3,0,0.0734,0,0,4,4,0.9266,gain
953508.0,3.0,4,0,0.6589,1,1,3,3,0.3411,gain
954431.0,5.0,6,1,0.9414,1,1,1,1,0.0586,keep
954431.0,6.0,7,1,0.6583,1,1,1,1,0.3417,keep
954431.0,7.0,8,1,0.9685,1,1,1,1,0.0315,keep
954662.0,1.0,2,1,0.7387,1,1,1,1,0.2613,keep
954662.0,2.0,3,1,0.6461,1,1,1,1,0.3539,keep
954662.0,3.0,4,1,0.7943,1,1,1,1,0.2057,keep
954986.0,1.0,2,1,0.5102,1,0,1,2,0.4898,keep
956229.0,9.0,10,0,0.1773,0,0,4,4,0.8227,gain
958257.0,7.0,8,0,0.157,0,0,4,4,0.843,gain
961504.0,5.0,6,0,0.3281,0,0,4,4,0.6719,gain
961504.0,6.0,7,0,0.5883,1,0,3,4,0.4117,gain
961504.0,7.0,8,0,0.9151,1,1,3,3,0.0849,gain
962322.0,7.0,8,0,0.0673,0,0,4,4,0.9327,gain
962349.0,1.0,2,1,0.1133,0,0,2,2,0.8867,keep
962349.0,2.0,3,0,0.6832,1,0,3,4,0.3168,gain
962349.0,3.0,4,0,0.61,1,0,3,4,0.39,gain
963587.0,5.0,6,0,0.0239,0,0,4,4,0.9761,gain
963587.0,6.0,7,0,0.0212,0,0,4,4,0.9788,gain
964029.0,7.0,8,1,0.8918,1,1,1,1,0.1082,keep
964334.0,5.0,6,0,0.7938,1,1,3,3,0.2062,gain
964334.0,6.0,7,1,0.7196,1,0,1,2,0.2804,keep
964334.0,7.0,8,0,0.8483,1,0,3,4,0.1517,gain
964360.0,1.0,2,1,0.001,0,0,2,2,0.999,keep
964769.0,7.0,8,0,0.2396,0,0,4,4,0.7604,gain
964769.0,8.0,9,0,0.3083,0,0,4,4,0.6917,gain
964769.0,9.0,10,0,0.4789,0,0,4,4,0.5211,gain
965930.0,3.0,4,1,0.7997,1,1,1,1,0.2003,keep
965930.0,4.0,5,1,0.8911,1,1,1,1,0.1089,keep
965930.0,5.0,6,1,0.8437,1,1,1,1,0.1563,keep
967998.0,1.0,2,1,0.0176,0,0,2,2,0.9824,keep
967998.0,2.0,3,0,0.3394,0,0,4,4,0.6606,gain
967998.0,3.0,4,0,0.7455,1,0,3,4,0.2545,gain
968079.0,1.0,2,1,0.1365,0,0,2,2,0.8635,keep
969674.0,7.0,8,0,0.1228,0,0,4,4,0.8772,gain
970140.0,1.0,2,1,0.9452,1,1,1,1,0.0548,keep
970357.0,3.0,4,0,0.0168,0,0,4,4,0.9832,gain
970357.0,4.0,5,0,0.0425,0,0,4,4,0.9575,gain
970357.0,5.0,6,0,0.0468,0,0,4,4,0.9532,gain
970802.0,7.0,8,1,0.6592,1,1,1,1,0.3408,keep
971797.0,1.0,2,1,0.0339,0,1,2,1,0.9661,keep
971797.0,2.0,3,1,0.6385,1,1,1,1,0.3615,keep
971797.0,3.0,4,1,0.4196,0,0,2,2,0.5804,keep
972902.0,7.0,8,0,0.2396,0,0,4,4,0.7604,gain
972902.0,8.0,9,0,0.2088,0,0,4,4,0.7912,gain
972902.0,9.0,10,0,0.1603,0,0,4,4,0.8397,gain
975029.0,1.0,2,1,0.4404,0,1,2,1,0.5596,keep
975785.0,3.0,4,0,0.4014,0,0,4,4,0.5986,gain
975785.0,4.0,5,0,0.3903,0,0,4,4,0.6097,gain
975785.0,5.0,6,0,0.129,0,0,4,4,0.871,gain
976990.0,7.0,8,0,0.3808,0,0,4,4,0.6192,gain
978009.0,7.0,8,0,0.2185,0,0,4,4,0.7815,gain
978152.0,1.0,2,1,0.1238,0,0,2,2,0.8762,keep
978152.0,2.0,3,0,0.5624,1,0,3,4,0.4376,gain
978152.0,3.0,4,0,0.2453,0,0,4,4,0.7547,gain
979541.0,9.0,10,1,0.941,1,1,1,1,0.059,keep
980675.0,1.0,2,1,0.1935,0,1,2,1,0.8065,keep
980846.0,1.0,2,1,0.1314,0,0,2,2,0.8686,keep
980846.0,2.0,3,0,0.1234,0,0,4,4,0.8766,gain
980975.0,7.0,8,0,0.3078,0,0,4,4,0.6922,gain
981577.0,7.0,8,0,0.3353,0,1,4,3,0.6647,gain
981577.0,8.0,9,1,0.8804,1,1,1,1,0.1196,keep
981577.0,9.0,10,1,0.7573,1,0,1,2,0.2427,keep
982393.0,1.0,2,1,0.7532,1,1,1,1,0.2468,keep
982393.0,2.0,3,1,0.8742,1,1,1,1,0.1258,keep
982393.0,3.0,4,1,0.8579,1,1,1,1,0.1421,keep
983714.0,1.0,2,1,0.8151,1,0,1,2,0.1849,keep
983750.0,1.0,2,1,0.0446,0,0,2,2,0.9554,keep
983750.0,2.0,3,0,0.6342,1,0,3,4,0.3658,gain
983750.0,3.0,4,0,0.247,0,0,4,4,0.753,gain
985471.0,7.0,8,0,0.8915,1,1,3,3,0.1085,gain
985535.0,3.0,4,0,0.0116,0,0,4,4,0.9884,gain
987377.0,1.0,2,1,0.0084,0,0,2,2,0.9916,keep
987704.0,3.0,4,1,0.9016,1,1,1,1,0.0984,keep
987704.0,4.0,5,1,0.7248,1,1,1,1,0.2752,keep
987704.0,5.0,6,1,0.8467,1,1,1,1,0.1533,keep
987916.0,5.0,6,0,0.0357,0,0,4,4,0.9643,gain
987916.0,6.0,7,0,0.0317,0,0,4,4,0.9683,gain
987916.0,7.0,8,0,0.0421,0,0,4,4,0.9579,gain
988170.0,6.0,7,0,0.013,0,0,4,4,0.987,gain
988170.0,7.0,8,0,0.1228,0,0,4,4,0.8772,gain
988442.0,5.0,6,1,0.6249,1,1,1,1,0.3751,keep
988442.0,6.0,7,1,0.871,1,0,1,2,0.129,keep
988442.0,7.0,8,0,0.8982,1,1,3,3,0.1018,gain
988816.0,1.0,2,1,0.0084,0,0,2,2,0.9916,keep
988816.0,2.0,3,0,0.0023,0,0,4,4,0.9977,gain
989115.0,1.0,2,1,0.1728,0,0,2,2,0.8272,keep
989115.0,2.0,3,0,0.6608,1,0,3,4,0.3392,gain
989115.0,3.0,4,0,0.7455,1,1,3,3,0.2545,gain
989893.0,1.0,2,1,0.0055,0,0,2,2,0.9945,keep
989970.0,1.0,2,1,0.6245,1,0,1,2,0.3755,keep
989970.0,2.0,3,0,0.7604,1,1,3,3,0.2396,gain
989970.0,3.0,4,1,0.4205,0,1,2,1,0.5795,keep
990181.0,5.0,6,1,0.85,1,1,1,1,0.15,keep
990181.0,6.0,7,1,0.8949,1,1,1,1,0.1051,keep
990181.0,7.0,8,1,0.9685,1,1,1,1,0.0315,keep
990313.0,1.0,2,1,0.0037,0,0,2,2,0.9963,keep
990313.0,2.0,3,0,0.0174,0,0,4,4,0.9826,gain
990313.0,3.0,4,0,0.0283,0,0,4,4,0.9717,gain
991011.0,3.0,4,0,0.2406,0,0,4,4,0.7594,gain
991011.0,4.0,5,0,0.0716,0,0,4,4,0.9284,gain
991011.0,5.0,6,0,0.2682,0,0,4,4,0.7318,gain
991219.0,7.0,8,1,0.6516,1,0,1,2,0.3484,keep
991818.0,1.0,2,1,0.1435,0,0,2,2,0.8565,keep
993829.0,1.0,2,1,0.1736,0,0,2,2,0.8264,keep
993829.0,2.0,3,0,0.3981,0,0,4,4,0.6019,gain
993829.0,3.0,4,0,0.135,0,0,4,4,0.865,gain
994975.0,1.0,2,1,0.752,1,1,1,1,0.248,keep
995562.0,1.0,2,1,0.6245,1,0,1,2,0.3755,keep
995562.0,2.0,3,0,0.7028,1,0,3,4,0.2972,gain
995562.0,3.0,4,0,0.637,1,1,3,3,0.363,gain
995688.0,1.0,2,1,0.0055,0,0,2,2,0.9945,keep
995710.0,4.0,5,0,0.0371,0,0,4,4,0.9629,gain
995710.0,5.0,6,0,0.0085,0,0,4,4,0.9915,gain
996017.0,5.0,6,0,0.4708,0,0,4,4,0.5292,gain
996017.0,6.0,7,0,0.3148,0,0,4,4,0.6852,gain
996017.0,7.0,8,0,0.8592,1,1,3,3,0.1408,gain
996417.0,5.0,6,1,0.7825,1,1,1,1,0.2175,keep
996417.0,6.0,7,1,0.878,1,1,1,1,0.122,keep
996417.0,7.0,8,1,0.9342,1,1,1,1,0.0658,keep
997130.0,3.0,4,1,0.5926,1,1,1,1,0.4074,keep
997130.0,4.0,5,1,0.7262,1,1,1,1,0.2738,keep
997130.0,5.0,6,1,0.6295,1,1,1,1,0.3705,keep
997884.0,1.0,2,1,0.5102,1,0,1,2,0.4898,keep
997989.0,3.0,4,0,0.0615,0,0,4,4,0.9385,gain
997989.0,4.0,5,0,0.3289,0,0,4,4,0.6711,gain
997989.0,5.0,6,0,0.0629,0,0,4,4,0.9371,gain
