ЗачетнаяКнижка,sem_num,target_sem,prev_scholarship,prob_scholarship,pred_scholarship,actual_scholarship,pred_class_B,actual_class_B,risk_score,model_used
100388.0,1.0,2,1,0.2479,0,0,2,2,0.7521,single
100388.0,2.0,3,0,0.3169,0,0,4,4,0.6831,single
100388.0,3.0,4,0,0.424,0,0,4,4,0.576,single
100389.0,5.0,6,1,0.8926,1,0,1,2,0.1074,single
100389.0,6.0,7,0,0.5728,1,1,3,3,0.4272,single
100389.0,7.0,8,1,0.9594,1,1,1,1,0.0406,single
100480.0,1.0,2,1,0.1283,0,0,2,2,0.8717,single
100480.0,2.0,3,0,0.1031,0,0,4,4,0.8969,single
100480.0,3.0,4,0,0.1543,0,0,4,4,0.8457,single
101054.0,5.0,6,1,0.8676,1,1,1,1,0.1324,single
101054.0,6.0,7,1,0.9268,1,0,1,2,0.0732,single
101054.0,7.0,8,0,0.6834,1,1,3,3,0.3166,single
101998.0,1.0,2,1,0.6438,1,0,1,2,0.3562,single
101998.0,2.0,3,0,0.438,0,0,4,4,0.562,single
101998.0,3.0,4,0,0.2255,0,0,4,4,0.7745,single
104323.0,1.0,2,1,0.835,1,1,1,1,0.165,single
104323.0,2.0,3,1,0.9334,1,1,1,1,0.0666,single
104323.0,3.0,4,1,0.6625,1,1,1,1,0.3375,single
106879.0,7.0,8,1,0.8977,1,1,1,1,0.1023,single
106901.0,3.0,4,1,0.7351,1,1,1,1,0.2649,single
106901.0,4.0,5,1,0.7637,1,1,1,1,0.2363,single
106901.0,5.0,6,1,0.8241,1,1,1,1,0.1759,single
108624.0,1.0,2,1,0.1428,0,0,2,2,0.8572,single
108748.0,5.0,6,1,0.9371,1,1,1,1,0.0629,single
108748.0,6.0,7,1,0.9618,1,1,1,1,0.0382,single
108748.0,7.0,8,1,0.9601,1,1,1,1,0.0399,single
109622.0,1.0,2,1,0.0744,0,1,2,1,0.9256,single
113088.0,1.0,2,1,0.8761,1,1,1,1,0.1239,single
113937.0,5.0,6,1,0.8676,1,1,1,1,0.1324,single
113937.0,6.0,7,1,0.9277,1,1,1,1,0.0723,single
113937.0,7.0,8,1,0.9732,1,1,1,1,0.0268,single
117131.0,5.0,6,1,0.8926,1,1,1,1,0.1074,single
117131.0,6.0,7,1,0.9556,1,1,1,1,0.0444,single
117131.0,7.0,8,1,0.9641,1,1,1,1,0.0359,single
117179.0,3.0,4,0,0.0116,0,0,4,4,0.9884,single
117179.0,4.0,5,0,0.0089,0,0,4,4,0.9911,single
117179.0,5.0,6,0,0.0143,0,0,4,4,0.9857,single
117245.0,3.0,4,0,0.0149,0,0,4,4,0.9851,single
117245.0,4.0,5,0,0.007,0,0,4,4,0.993,single
117245.0,5.0,6,0,0.0189,0,0,4,4,0.9811,single
117429.0,1.0,2,1,0.0311,0,0,2,2,0.9689,single
117760.0,1.0,2,1,0.6935,1,0,1,2,0.3065,single
117805.0,9.0,10,0,0.3902,0,1,4,3,0.6098,single
117863.0,1.0,2,1,0.8761,1,0,1,2,0.1239,single
117863.0,2.0,3,0,0.5039,1,0,3,4,0.4961,single
117863.0,3.0,4,0,0.3695,0,1,4,3,0.6305,single
118167.0,3.0,4,1,0.7824,1,1,1,1,0.2176,single
118167.0,4.0,5,1,0.6779,1,1,1,1,0.3221,single
118167.0,5.0,6,1,0.7861,1,1,1,1,0.2139,single
118474.0,1.0,2,1,0.8761,1,1,1,1,0.1239,single
118961.0,5.0,6,1,0.9114,1,1,1,1,0.0886,single
118961.0,6.0,7,1,0.8761,1,1,1,1,0.1239,single
118961.0,7.0,8,1,0.9231,1,1,1,1,0.0769,single
119787.0,7.0,8,0,0.7187,1,1,3,3,0.2813,single
120240.0,5.0,6,1,0.6551,1,1,1,1,0.3449,single
120240.0,6.0,7,1,0.7948,1,0,1,2,0.2052,single
120240.0,7.0,8,0,0.1626,0,1,4,3,0.8374,single
121371.0,5.0,6,0,0.0212,0,0,4,4,0.9788,single
121371.0,6.0,7,0,0.1405,0,0,4,4,0.8595,single
121371.0,7.0,8,0,0.0962,0,0,4,4,0.9038,single
122590.0,7.0,8,1,0.9732,1,1,1,1,0.0268,single
122960.0,3.0,4,1,0.9182,1,1,1,1,0.0818,single
122960.0,4.0,5,1,0.91,1,1,1,1,0.09,single
122960.0,5.0,6,1,0.8519,1,1,1,1,0.1481,single
123596.0,5.0,6,1,0.9371,1,0,1,2,0.0629,single
123596.0,6.0,7,0,0.3005,0,0,4,4,0.6995,single
123596.0,7.0,8,0,0.0843,0,0,4,4,0.9157,single
127318.0,1.0,2,1,0.1195,0,0,2,2,0.8805,single
127318.0,2.0,3,0,0.1031,0,0,4,4,0.8969,single
127350.0,1.0,2,1,0.0814,0,0,2,2,0.9186,single
127350.0,2.0,3,0,0.1404,0,0,4,4,0.8596,single
127350.0,3.0,4,0,0.0495,0,0,4,4,0.9505,single
128664.0,1.0,2,1,0.1624,0,0,2,2,0.8376,single
128664.0,2.0,3,0,0.1064,0,1,4,3,0.8936,single
128664.0,3.0,4,1,0.747,1,0,1,2,0.253,single
128972.0,1.0,2,1,0.0053,0,0,2,2,0.9947,single
128996.0,5.0,6,0,0.3809,0,0,4,4,0.6191,single
128996.0,6.0,7,0,0.2688,0,1,4,3,0.7312,single
128996.0,7.0,8,1,0.8365,1,0,1,2,0.1635,single
129270.0,3.0,4,0,0.0051,0,0,4,4,0.9949,single
129771.0,1.0,2,1,0.0605,0,0,2,2,0.9395,single
133155.0,5.0,6,0,0.4595,0,1,4,3,0.5405,single
133155.0,6.0,7,1,0.7973,1,1,1,1,0.2027,single
133155.0,7.0,8,1,0.8841,1,1,1,1,0.1159,single
133203.0,1.0,2,1,0.8208,1,0,1,2,0.1792,single
133635.0,1.0,2,1,0.1984,0,0,2,2,0.8016,single
134505.0,3.0,4,0,0.0056,0,0,4,4,0.9944,single
134505.0,4.0,5,0,0.0046,0,0,4,4,0.9954,single
134505.0,5.0,6,0,0.004,0,0,4,4,0.996,single
134610.0,7.0,8,1,0.8431,1,1,1,1,0.1569,single
135086.0,3.0,4,0,0.286,0,0,4,4,0.714,single
135086.0,4.0,5,0,0.017,0,0,4,4,0.983,single
135086.0,5.0,6,0,0.0137,0,0,4,4,0.9863,single
135374.0,1.0,2,1,0.2467,0,0,2,2,0.7533,single
136139.0,1.0,2,1,0.7419,1,1,1,1,0.2581,single
136599.0,1.0,2,1,0.3916,0,1,2,1,0.6084,single
136997.0,7.0,8,1,0.9315,1,1,1,1,0.0685,single
137634.0,3.0,4,1,0.9476,1,1,1,1,0.0524,single
137634.0,4.0,5,1,0.7709,1,1,1,1,0.2291,single
137634.0,5.0,6,1,0.9371,1,1,1,1,0.0629,single
138086.0,3.0,4,1,0.6086,1,1,1,1,0.3914,single
138086.0,4.0,5,1,0.7289,1,0,1,2,0.2711,single
138086.0,5.0,6,0,0.4184,0,0,4,4,0.5816,single
141164.0,1.0,2,1,0.0478,0,0,2,2,0.9522,single
141868.0,5.0,6,0,0.0104,0,0,4,4,0.9896,single
141868.0,6.0,7,0,0.0039,0,0,4,4,0.9961,single
144772.0,5.0,6,0,0.0074,0,0,4,4,0.9926,single
144772.0,6.0,7,0,0.0972,0,0,4,4,0.9028,single
144772.0,7.0,8,0,0.0351,0,0,4,4,0.9649,single
144802.0,7.0,8,1,0.9122,1,1,1,1,0.0878,single
147389.0,7.0,8,0,0.1687,0,0,4,4,0.8313,single
148131.0,3.0,4,0,0.0103,0,0,4,4,0.9897,single
148131.0,4.0,5,0,0.0306,0,0,4,4,0.9694,single
148131.0,5.0,6,0,0.0042,0,0,4,4,0.9958,single
149441.0,7.0,8,0,0.1057,0,0,4,4,0.8943,single
149441.0,8.0,9,0,0.1617,0,0,4,4,0.8383,single
149441.0,9.0,10,0,0.1275,0,0,4,4,0.8725,single
149654.0,7.0,8,0,0.2428,0,0,4,4,0.7572,single
150662.0,5.0,6,1,0.9371,1,1,1,1,0.0629,single
150662.0,6.0,7,1,0.9618,1,1,1,1,0.0382,single
150662.0,7.0,8,1,0.9726,1,1,1,1,0.0274,single
151273.0,1.0,2,1,0.2183,0,0,2,2,0.7817,single
153172.0,5.0,6,1,0.7391,1,0,1,2,0.2609,single
153172.0,6.0,7,0,0.6836,1,0,3,4,0.3164,single
153172.0,7.0,8,0,0.6834,1,1,3,3,0.3166,single
153466.0,3.0,4,0,0.3141,0,0,4,4,0.6859,single
153466.0,4.0,5,0,0.4542,0,1,4,3,0.5458,single
153466.0,5.0,6,1,0.9235,1,1,1,1,0.0765,single
153675.0,1.0,2,1,0.6279,1,1,1,1,0.3721,single
153675.0,2.0,3,1,0.7407,1,0,1,2,0.2593,single
153675.0,3.0,4,0,0.2293,0,1,4,3,0.7707,single
155261.0,1.0,2,1,0.9352,1,1,1,1,0.0648,single
155734.0,1.0,2,1,0.835,1,1,1,1,0.165,single
155734.0,2.0,3,1,0.9334,1,1,1,1,0.0666,single
155734.0,3.0,4,1,0.7809,1,0,1,2,0.2191,single
156384.0,5.0,6,1,0.7391,1,1,1,1,0.2609,single
156384.0,6.0,7,1,0.8363,1,1,1,1,0.1637,single
156384.0,7.0,8,1,0.8257,1,0,1,2,0.1743,single
156464.0,1.0,2,1,0.6438,1,0,1,2,0.3562,single
156892.0,1.0,2,1,0.0155,0,0,2,2,0.9845,single
157266.0,1.0,2,1,0.2572,0,0,2,2,0.7428,single
157266.0,2.0,3,0,0.031,0,0,4,4,0.969,single
157266.0,3.0,4,0,0.0824,0,0,4,4,0.9176,single
157537.0,5.0,6,0,0.014,0,0,4,4,0.986,single
157537.0,6.0,7,0,0.0038,0,0,4,4,0.9962,single
157537.0,7.0,8,0,0.0363,0,0,4,4,0.9637,single
160254.0,3.0,4,0,0.261,0,0,4,4,0.739,single
160254.0,4.0,5,0,0.5154,1,0,3,4,0.4846,single
160254.0,5.0,6,0,0.0369,0,0,4,4,0.9631,single
163139.0,7.0,8,1,0.9641,1,1,1,1,0.0359,single
163684.0,5.0,6,0,0.0041,0,0,4,4,0.9959,single
163684.0,6.0,7,0,0.0071,0,0,4,4,0.9929,single
163684.0,7.0,8,0,0.0435,0,0,4,4,0.9565,single
163922.0,7.0,8,0,0.6647,1,1,3,3,0.3353,single
169176.0,7.0,8,0,0.0454,0,0,4,4,0.9546,single
169176.0,8.0,9,0,0.0237,0,0,4,4,0.9763,single
169176.0,9.0,10,0,0.1275,0,0,4,4,0.8725,single
171939.0,7.0,8,1,0.9629,1,1,1,1,0.0371,single
171939.0,8.0,9,1,0.9722,1,1,1,1,0.0278,single
171939.0,9.0,10,1,0.9848,1,1,1,1,0.0152,single
171988.0,7.0,8,1,0.9811,1,1,1,1,0.0189,single
172339.0,3.0,4,0,0.0392,0,0,4,4,0.9608,single
172339.0,4.0,5,0,0.0862,0,0,4,4,0.9138,single
172339.0,5.0,6,0,0.021,0,0,4,4,0.979,single
173169.0,1.0,2,1,0.0111,0,0,2,2,0.9889,single
173169.0,2.0,3,0,0.0119,0,0,4,4,0.9881,single
173169.0,3.0,4,0,0.0094,0,0,4,4,0.9906,single
173553.0,1.0,2,1,0.4615,0,1,2,1,0.5385,single
176090.0,5.0,6,0,0.4488,0,1,4,3,0.5512,single
176090.0,6.0,7,1,0.9475,1,1,1,1,0.0525,single
176090.0,7.0,8,1,0.9756,1,1,1,1,0.0244,single
176429.0,5.0,6,0,0.062,0,0,4,4,0.938,single
176429.0,6.0,7,0,0.024,0,0,4,4,0.976,single
176429.0,7.0,8,0,0.2755,0,1,4,3,0.7245,single
177579.0,5.0,6,1,0.8257,1,1,1,1,0.1743,single
177579.0,6.0,7,1,0.9478,1,1,1,1,0.0522,single
177579.0,7.0,8,1,0.9231,1,1,1,1,0.0769,single
178546.0,5.0,6,1,0.9347,1,1,1,1,0.0653,single
178546.0,6.0,7,1,0.6804,1,1,1,1,0.3196,single
178546.0,7.0,8,1,0.9629,1,1,1,1,0.0371,single
178615.0,1.0,2,1,0.7108,1,1,1,1,0.2892,single
178615.0,2.0,3,1,0.8516,1,1,1,1,0.1484,single
178615.0,3.0,4,1,0.9287,1,1,1,1,0.0713,single
179193.0,1.0,2,1,0.9036,1,1,1,1,0.0964,single
179479.0,5.0,6,0,0.0062,0,0,4,4,0.9938,single
179479.0,6.0,7,0,0.0039,0,0,4,4,0.9961,single
179479.0,7.0,8,0,0.11,0,0,4,4,0.89,single
179502.0,5.0,6,1,0.6021,1,0,1,2,0.3979,single
179502.0,6.0,7,0,0.0715,0,0,4,4,0.9285,single
179502.0,7.0,8,0,0.2118,0,0,4,4,0.7882,single
180470.0,1.0,2,1,0.6983,1,1,1,1,0.3017,single
180505.0,3.0,4,1,0.8077,1,1,1,1,0.1923,single
180505.0,4.0,5,1,0.7637,1,1,1,1,0.2363,single
180505.0,5.0,6,1,0.8519,1,1,1,1,0.1481,single
180535.0,1.0,2,1,0.0534,0,0,2,2,0.9466,single
180535.0,2.0,3,0,0.0957,0,0,4,4,0.9043,single
180535.0,3.0,4,0,0.0174,0,0,4,4,0.9826,single
181806.0,3.0,4,0,0.0758,0,0,4,4,0.9242,single
181806.0,4.0,5,0,0.015,0,0,4,4,0.985,single
181806.0,5.0,6,0,0.051,0,0,4,4,0.949,single
182041.0,1.0,2,1,0.6935,1,1,1,1,0.3065,single
182443.0,3.0,4,0,0.3862,0,1,4,3,0.6138,single
182443.0,4.0,5,1,0.8179,1,1,1,1,0.1821,single
182443.0,5.0,6,1,0.9371,1,1,1,1,0.0629,single
185346.0,1.0,2,1,0.8452,1,0,1,2,0.1548,single
185346.0,2.0,3,0,0.423,0,0,4,4,0.577,single
185346.0,3.0,4,0,0.1886,0,0,4,4,0.8114,single
186268.0,3.0,4,1,0.811,1,1,1,1,0.189,single
186268.0,4.0,5,1,0.8701,1,1,1,1,0.1299,single
186268.0,5.0,6,1,0.7704,1,1,1,1,0.2296,single
186544.0,1.0,2,1,0.8452,1,0,1,2,0.1548,single
186544.0,2.0,3,0,0.4232,0,1,4,3,0.5768,single
186544.0,3.0,4,1,0.6659,1,1,1,1,0.3341,single
188214.0,7.0,8,0,0.1516,0,0,4,4,0.8484,single
188214.0,8.0,9,0,0.0724,0,0,4,4,0.9276,single
188214.0,9.0,10,0,0.1874,0,1,4,3,0.8126,single
188797.0,5.0,6,0,0.6578,1,0,3,4,0.3422,single
189952.0,1.0,2,1,0.8127,1,0,1,2,0.1873,single
189952.0,2.0,3,0,0.035,0,0,4,4,0.965,single
189952.0,3.0,4,0,0.0048,0,0,4,4,0.9952,single
192511.0,1.0,2,1,0.7779,1,1,1,1,0.2221,single
192511.0,2.0,3,1,0.8516,1,1,1,1,0.1484,single
192511.0,3.0,4,1,0.8565,1,1,1,1,0.1435,single
193031.0,1.0,2,1,0.0066,0,0,2,2,0.9934,single
193031.0,2.0,3,0,0.0154,0,0,4,4,0.9846,single
193230.0,1.0,2,1,0.3916,0,0,2,2,0.6084,single
193669.0,1.0,2,1,0.9352,1,1,1,1,0.0648,single
193978.0,1.0,2,1,0.4567,0,1,2,1,0.5433,single
195540.0,7.0,8,1,0.9699,1,1,1,1,0.0301,single
196493.0,1.0,2,1,0.8828,1,1,1,1,0.1172,single
196493.0,2.0,3,1,0.9538,1,1,1,1,0.0462,single
196493.0,3.0,4,1,0.8631,1,1,1,1,0.1369,single
198978.0,9.0,10,0,0.6712,1,1,3,3,0.3288,single
199080.0,7.0,8,0,0.0503,0,0,4,4,0.9497,single
199080.0,8.0,9,0,0.0471,0,0,4,4,0.9529,single
199080.0,9.0,10,0,0.1605,0,0,4,4,0.8395,single
200891.0,5.0,6,1,0.6551,1,0,1,2,0.3449,single
200891.0,6.0,7,0,0.3903,0,0,4,4,0.6097,single
200891.0,7.0,8,0,0.3983,0,1,4,3,0.6017,single
201181.0,1.0,2,1,0.0027,0,0,2,2,0.9973,single
203185.0,7.0,8,1,0.8342,1,0,1,2,0.1658,single
203974.0,3.0,4,0,0.2545,0,0,4,4,0.7455,single
204158.0,1.0,2,1,0.8218,1,1,1,1,0.1782,single
204422.0,7.0,8,1,0.8461,1,1,1,1,0.1539,single
205237.0,1.0,2,1,0.8208,1,1,1,1,0.1792,single
205615.0,7.0,8,0,0.4131,0,0,4,4,0.5869,single
205674.0,1.0,2,1,0.6669,1,1,1,1,0.3331,single
208369.0,1.0,2,1,0.3378,0,0,2,2,0.6622,single
209635.0,3.0,4,1,0.811,1,1,1,1,0.189,single
209635.0,4.0,5,1,0.9293,1,1,1,1,0.0707,single
209635.0,5.0,6,1,0.9225,1,1,1,1,0.0775,single
209765.0,5.0,6,0,0.0039,0,0,4,4,0.9961,single
209765.0,6.0,7,0,0.0071,0,0,4,4,0.9929,single
209765.0,7.0,8,0,0.046,0,0,4,4,0.954,single
212373.0,1.0,2,1,0.831,1,0,1,2,0.169,single
212373.0,2.0,3,0,0.4116,0,0,4,4,0.5884,single
212373.0,3.0,4,0,0.503,1,1,3,3,0.497,single
212760.0,1.0,2,1,0.9539,1,1,1,1,0.0461,single
213060.0,3.0,4,1,0.7824,1,1,1,1,0.2176,single
213060.0,4.0,5,1,0.8657,1,1,1,1,0.1343,single
213060.0,5.0,6,1,0.8926,1,1,1,1,0.1074,single
213123.0,1.0,2,1,0.3735,0,1,2,1,0.6265,single
213123.0,2.0,3,1,0.6748,1,1,1,1,0.3252,single
213123.0,3.0,4,1,0.6228,1,1,1,1,0.3772,single
213886.0,3.0,4,1,0.9287,1,1,1,1,0.0713,single
213886.0,4.0,5,1,0.9449,1,1,1,1,0.0551,single
213886.0,5.0,6,1,0.9583,1,1,1,1,0.0417,single
214060.0,1.0,2,1,0.7779,1,1,1,1,0.2221,single
214707.0,3.0,4,1,0.8077,1,1,1,1,0.1923,single
214707.0,4.0,5,1,0.8925,1,1,1,1,0.1075,single
214707.0,5.0,6,1,0.9491,1,1,1,1,0.0509,single
215067.0,1.0,2,1,0.3378,0,0,2,2,0.6622,single
216645.0,7.0,8,1,0.9699,1,1,1,1,0.0301,single
218548.0,7.0,8,0,0.1411,0,0,4,4,0.8589,single
218548.0,8.0,9,0,0.0764,0,0,4,4,0.9236,single
218548.0,9.0,10,0,0.1595,0,0,4,4,0.8405,single
219520.0,3.0,4,0,0.006,0,0,4,4,0.994,single
219520.0,4.0,5,0,0.0104,0,0,4,4,0.9896,single
219520.0,5.0,6,0,0.0053,0,0,4,4,0.9947,single
220192.0,5.0,6,0,0.0039,0,0,4,4,0.9961,single
220457.0,1.0,2,1,0.0151,0,0,2,2,0.9849,single
220583.0,5.0,6,1,0.7774,1,0,1,2,0.2226,single
220680.0,1.0,2,1,0.1624,0,0,2,2,0.8376,single
220680.0,2.0,3,0,0.2155,0,0,4,4,0.7845,single
220680.0,3.0,4,0,0.0834,0,0,4,4,0.9166,single
221204.0,1.0,2,1,0.7419,1,0,1,2,0.2581,single
221490.0,7.0,8,0,0.2471,0,1,4,3,0.7529,single
223292.0,1.0,2,1,0.3929,0,0,2,2,0.6071,single
223292.0,2.0,3,0,0.1593,0,0,4,4,0.8407,single
223292.0,3.0,4,0,0.0278,0,0,4,4,0.9722,single
225324.0,1.0,2,1,0.3346,0,0,2,2,0.6654,single
225917.0,7.0,8,1,0.9629,1,1,1,1,0.0371,single
226580.0,1.0,2,1,0.7419,1,0,1,2,0.2581,single
228960.0,3.0,4,0,0.3644,0,0,4,4,0.6356,single
228960.0,4.0,5,0,0.4358,0,1,4,3,0.5642,single
228960.0,5.0,6,1,0.7774,1,1,1,1,0.2226,single
228969.0,1.0,2,1,0.0066,0,0,2,2,0.9934,single
228969.0,2.0,3,0,0.0085,0,0,4,4,0.9915,single
228969.0,3.0,4,0,0.0103,0,0,4,4,0.9897,single
229981.0,1.0,2,1,0.0017,0,0,2,2,0.9983,single
230001.0,1.0,2,1,0.8452,1,1,1,1,0.1548,single
230001.0,2.0,3,1,0.7828,1,1,1,1,0.2172,single
230001.0,3.0,4,1,0.7298,1,1,1,1,0.2702,single
230277.0,7.0,8,0,0.4604,0,0,4,4,0.5396,single
230604.0,1.0,2,1,0.6983,1,0,1,2,0.3017,single
231555.0,1.0,2,1,0.1114,0,0,2,2,0.8886,single
232014.0,1.0,2,1,0.1313,0,0,2,2,0.8687,single
233960.0,3.0,4,1,0.9476,1,1,1,1,0.0524,single
233960.0,4.0,5,1,0.8594,1,1,1,1,0.1406,single
233960.0,5.0,6,1,0.8944,1,1,1,1,0.1056,single
234728.0,1.0,2,1,0.1008,0,0,2,2,0.8992,single
235271.0,5.0,6,1,0.8926,1,0,1,2,0.1074,single
235271.0,6.0,7,0,0.5553,1,0,3,4,0.4447,single
235271.0,7.0,8,0,0.5983,1,0,3,4,0.4017,single
235599.0,9.0,10,0,0.375,0,0,4,4,0.625,single
236658.0,1.0,2,1,0.7903,1,1,1,1,0.2097,single
236658.0,2.0,3,1,0.793,1,1,1,1,0.207,single
236658.0,3.0,4,1,0.763,1,1,1,1,0.237,single
237199.0,1.0,2,1,0.1046,0,0,2,2,0.8954,single
237199.0,2.0,3,0,0.253,0,0,4,4,0.747,single
237199.0,3.0,4,0,0.168,0,0,4,4,0.832,single
238898.0,1.0,2,1,0.2216,0,0,2,2,0.7784,single
238898.0,2.0,3,0,0.3682,0,1,4,3,0.6318,single
238898.0,3.0,4,1,0.644,1,0,1,2,0.356,single
239251.0,7.0,8,0,0.6815,1,0,3,4,0.3185,single
239778.0,1.0,2,1,0.0297,0,0,2,2,0.9703,single
239778.0,2.0,3,0,0.13,0,0,4,4,0.87,single
239778.0,3.0,4,0,0.1303,0,0,4,4,0.8697,single
240565.0,1.0,2,1,0.8127,1,0,1,2,0.1873,single
242868.0,7.0,8,1,0.9171,1,1,1,1,0.0829,single
242978.0,7.0,8,0,0.0655,0,0,4,4,0.9345,single
243323.0,3.0,4,0,0.0229,0,0,4,4,0.9771,single
243323.0,4.0,5,0,0.0062,0,0,4,4,0.9938,single
243323.0,5.0,6,0,0.0081,0,0,4,4,0.9919,single
243582.0,5.0,6,0,0.0081,0,0,4,4,0.9919,single
243582.0,6.0,7,0,0.0996,0,0,4,4,0.9004,single
243582.0,7.0,8,0,0.1489,0,0,4,4,0.8511,single
245648.0,3.0,4,1,0.8677,1,1,1,1,0.1323,single
245648.0,4.0,5,1,0.9449,1,1,1,1,0.0551,single
245648.0,5.0,6,1,0.8257,1,0,1,2,0.1743,single
246369.0,5.0,6,1,0.7704,1,0,1,2,0.2296,single
246369.0,6.0,7,0,0.2499,0,0,4,4,0.7501,single
246369.0,7.0,8,0,0.5704,1,1,3,3,0.4296,single
246831.0,3.0,4,0,0.4632,0,0,4,4,0.5368,single
246831.0,4.0,5,0,0.2429,0,0,4,4,0.7571,single
246831.0,5.0,6,0,0.0468,0,0,4,4,0.9532,single
247131.0,1.0,2,1,0.1391,0,0,2,2,0.8609,single
247580.0,1.0,2,1,0.6143,1,0,1,2,0.3857,single
248115.0,1.0,2,1,0.1046,0,0,2,2,0.8954,single
249728.0,1.0,2,1,0.05,0,0,2,2,0.95,single
250068.0,3.0,4,0,0.0094,0,0,4,4,0.9906,single
250068.0,4.0,5,0,0.0104,0,0,4,4,0.9896,single
250068.0,5.0,6,0,0.0489,0,0,4,4,0.9511,single
250639.0,7.0,8,0,0.0468,0,0,4,4,0.9532,single
250927.0,1.0,2,1,0.6281,1,0,1,2,0.3719,single
250927.0,2.0,3,0,0.3643,0,0,4,4,0.6357,single
250927.0,3.0,4,0,0.0612,0,0,4,4,0.9388,single
251908.0,7.0,8,1,0.9573,1,1,1,1,0.0427,single
251908.0,8.0,9,1,0.9792,1,1,1,1,0.0208,single
251908.0,9.0,10,1,0.9681,1,1,1,1,0.0319,single
252100.0,7.0,8,0,0.1888,0,0,4,4,0.8112,single
252312.0,1.0,2,1,0.8607,1,1,1,1,0.1393,single
252552.0,7.0,8,0,0.1271,0,0,4,4,0.8729,single
254452.0,1.0,2,1,0.0377,0,0,2,2,0.9623,single
255109.0,1.0,2,1,0.7419,1,1,1,1,0.2581,single
255109.0,2.0,3,1,0.8251,1,1,1,1,0.1749,single
255109.0,3.0,4,1,0.6974,1,1,1,1,0.3026,single
255725.0,5.0,6,0,0.084,0,1,4,3,0.916,single
256485.0,1.0,2,1,0.4473,0,0,2,2,0.5527,single
256959.0,3.0,4,0,0.006,0,0,4,4,0.994,single
256959.0,4.0,5,0,0.0046,0,0,4,4,0.9954,single
256959.0,5.0,6,0,0.0069,0,0,4,4,0.9931,single
257711.0,7.0,8,0,0.4833,0,0,4,4,0.5167,single
257925.0,5.0,6,0,0.2545,0,0,4,4,0.7455,single
257925.0,6.0,7,0,0.0974,0,1,4,3,0.9026,single
257925.0,7.0,8,1,0.7706,1,1,1,1,0.2294,single
257945.0,1.0,2,1,0.3511,0,1,2,1,0.6489,single
258233.0,1.0,2,1,0.632,1,1,1,1,0.368,single
258233.0,2.0,3,1,0.7828,1,0,1,2,0.2172,single
258233.0,3.0,4,0,0.2091,0,1,4,3,0.7909,single
260288.0,1.0,2,1,0.1008,0,0,2,2,0.8992,single
261046.0,1.0,2,1,0.6935,1,0,1,2,0.3065,single
261046.0,2.0,3,0,0.1621,0,0,4,4,0.8379,single
261046.0,3.0,4,0,0.0731,0,0,4,4,0.9269,single
261144.0,5.0,6,0,0.0305,0,0,4,4,0.9695,single
261144.0,6.0,7,0,0.082,0,0,4,4,0.918,single
261144.0,7.0,8,0,0.0493,0,0,4,4,0.9507,single
261795.0,3.0,4,1,0.7741,1,0,1,2,0.2259,single
262784.0,1.0,2,1,0.0382,0,0,2,2,0.9618,single
264875.0,3.0,4,1,0.8631,1,1,1,1,0.1369,single
264875.0,4.0,5,1,0.9223,1,1,1,1,0.0777,single
264875.0,5.0,6,1,0.9114,1,1,1,1,0.0886,single
267895.0,1.0,2,1,0.1195,0,0,2,2,0.8805,single
268022.0,9.0,10,1,0.954,1,1,1,1,0.046,single
268208.0,5.0,6,0,0.2316,0,0,4,4,0.7684,single
268208.0,6.0,7,0,0.1026,0,0,4,4,0.8974,single
268208.0,7.0,8,0,0.0619,0,0,4,4,0.9381,single
268455.0,1.0,2,1,0.4567,0,0,2,2,0.5433,single
268654.0,5.0,6,0,0.3747,0,1,4,3,0.6253,single
268654.0,6.0,7,1,0.8335,1,0,1,2,0.1665,single
268654.0,7.0,8,0,0.5453,1,0,3,4,0.4547,single
268698.0,7.0,8,1,0.8267,1,1,1,1,0.1733,single
269087.0,1.0,2,1,0.941,1,1,1,1,0.059,single
269087.0,2.0,3,1,0.9388,1,1,1,1,0.0612,single
269087.0,3.0,4,1,0.8677,1,1,1,1,0.1323,single
270093.0,1.0,2,1,0.8127,1,1,1,1,0.1873,single
270093.0,2.0,3,1,0.8352,1,0,1,2,0.1648,single
270093.0,3.0,4,0,0.1243,0,1,4,3,0.8757,single
270338.0,5.0,6,1,0.8257,1,1,1,1,0.1743,single
270338.0,6.0,7,1,0.8363,1,1,1,1,0.1637,single
270338.0,7.0,8,1,0.9732,1,1,1,1,0.0268,single
270915.0,1.0,2,1,0.7968,1,0,1,2,0.2032,single
270915.0,2.0,3,0,0.5241,1,1,3,3,0.4759,single
270915.0,3.0,4,1,0.9077,1,1,1,1,0.0923,single
271230.0,5.0,6,0,0.1551,0,0,4,4,0.8449,single
271230.0,6.0,7,0,0.1412,0,0,4,4,0.8588,single
271230.0,7.0,8,0,0.6098,1,1,3,3,0.3902,single
276236.0,9.0,10,1,0.9268,1,1,1,1,0.0732,single
277111.0,1.0,2,1,0.05,0,0,2,2,0.95,single
277111.0,2.0,3,0,0.056,0,0,4,4,0.944,single
277111.0,3.0,4,0,0.271,0,1,4,3,0.729,single
277288.0,3.0,4,0,0.1015,0,0,4,4,0.8985,single
277288.0,4.0,5,0,0.4569,0,0,4,4,0.5431,single
277288.0,5.0,6,0,0.1488,0,0,4,4,0.8512,single
279590.0,5.0,6,0,0.0032,0,0,4,4,0.9968,single
279590.0,6.0,7,0,0.005,0,0,4,4,0.995,single
279841.0,7.0,8,1,0.8461,1,1,1,1,0.1539,single
280088.0,7.0,8,1,0.9726,1,1,1,1,0.0274,single
280251.0,1.0,2,1,0.8971,1,1,1,1,0.1029,single
280251.0,2.0,3,1,0.8516,1,0,1,2,0.1484,single
280251.0,3.0,4,0,0.3745,0,0,4,4,0.6255,single
280291.0,5.0,6,0,0.471,0,1,4,3,0.529,single
280291.0,6.0,7,1,0.7004,1,0,1,2,0.2996,single
280291.0,7.0,8,0,0.6569,1,0,3,4,0.3431,single
280422.0,5.0,6,0,0.0405,0,0,4,4,0.9595,single
280422.0,6.0,7,0,0.0345,0,0,4,4,0.9655,single
280422.0,7.0,8,0,0.0696,0,0,4,4,0.9304,single
280826.0,3.0,4,0,0.0275,0,0,4,4,0.9725,single
280826.0,4.0,5,0,0.0094,0,0,4,4,0.9906,single
280826.0,5.0,6,0,0.0042,0,0,4,4,0.9958,single
280933.0,5.0,6,1,0.8227,1,1,1,1,0.1773,single
280933.0,6.0,7,1,0.9556,1,1,1,1,0.0444,single
280933.0,7.0,8,1,0.8977,1,1,1,1,0.1023,single
281136.0,1.0,2,1,0.8127,1,1,1,1,0.1873,single
281667.0,1.0,2,1,0.8828,1,1,1,1,0.1172,single
281996.0,1.0,2,1,0.2138,0,0,2,2,0.7862,single
281996.0,2.0,3,0,0.0714,0,0,4,4,0.9286,single
282134.0,7.0,8,1,0.9515,1,1,1,1,0.0485,single
282154.0,1.0,2,1,0.0063,0,0,2,2,0.9937,single
284957.0,1.0,2,1,0.0051,0,0,2,2,0.9949,single
284957.0,2.0,3,0,0.0098,0,0,4,4,0.9902,single
284957.0,3.0,4,0,0.0176,0,0,4,4,0.9824,single
285770.0,7.0,8,1,0.7784,1,1,1,1,0.2216,single
287076.0,1.0,2,1,0.0744,0,0,2,2,0.9256,single
287076.0,2.0,3,0,0.0385,0,0,4,4,0.9615,single
287076.0,3.0,4,0,0.0201,0,0,4,4,0.9799,single
287587.0,7.0,8,1,0.8342,1,1,1,1,0.1658,single
288293.0,3.0,4,1,0.9287,1,1,1,1,0.0713,single
288293.0,4.0,5,1,0.9371,1,1,1,1,0.0629,single
288293.0,5.0,6,1,0.931,1,1,1,1,0.069,single
288715.0,1.0,2,1,0.8127,1,1,1,1,0.1873,single
288715.0,2.0,3,1,0.8125,1,0,1,2,0.1875,single
288715.0,3.0,4,0,0.1124,0,0,4,4,0.8876,single
288877.0,1.0,2,1,0.1605,0,0,2,2,0.8395,single
288877.0,2.0,3,0,0.0082,0,0,4,4,0.9918,single
288877.0,3.0,4,0,0.0032,0,0,4,4,0.9968,single
293661.0,5.0,6,0,0.4616,0,0,4,4,0.5384,single
293661.0,6.0,7,0,0.3477,0,0,4,4,0.6523,single
293661.0,7.0,8,0,0.3718,0,0,4,4,0.6282,single
294853.0,1.0,2,1,0.2479,0,0,2,2,0.7521,single
294853.0,2.0,3,0,0.254,0,0,4,4,0.746,single
294853.0,3.0,4,0,0.3523,0,0,4,4,0.6477,single
295049.0,1.0,2,1,0.6935,1,1,1,1,0.3065,single
295237.0,1.0,2,1,0.0823,0,0,2,2,0.9177,single
295273.0,1.0,2,1,0.0059,0,0,2,2,0.9941,single
295431.0,7.0,8,0,0.1643,0,0,4,4,0.8357,single
297430.0,1.0,2,1,0.0037,0,0,2,2,0.9963,single
297430.0,2.0,3,0,0.0119,0,0,4,4,0.9881,single
297430.0,3.0,4,0,0.0134,0,0,4,4,0.9866,single
299573.0,3.0,4,0,0.1592,0,0,4,4,0.8408,single
299573.0,4.0,5,0,0.0973,0,0,4,4,0.9027,single
299573.0,5.0,6,0,0.1654,0,0,4,4,0.8346,single
299605.0,5.0,6,1,0.9436,1,1,1,1,0.0564,single
299605.0,6.0,7,1,0.9782,1,1,1,1,0.0218,single
299605.0,7.0,8,1,0.943,1,1,1,1,0.057,single
301364.0,1.0,2,1,0.2523,0,0,2,2,0.7477,single
302600.0,7.0,8,0,0.0816,0,0,4,4,0.9184,single
303150.0,9.0,10,1,0.9681,1,1,1,1,0.0319,single
304353.0,3.0,4,0,0.0073,0,0,4,4,0.9927,single
304353.0,4.0,5,0,0.0034,0,0,4,4,0.9966,single
304353.0,5.0,6,0,0.0069,0,0,4,4,0.9931,single
305989.0,1.0,2,1,0.0915,0,0,2,2,0.9085,single
305989.0,2.0,3,0,0.2082,0,0,4,4,0.7918,single
305989.0,3.0,4,0,0.4244,0,0,4,4,0.5756,single
306053.0,3.0,4,1,0.644,1,1,1,1,0.356,single
306053.0,4.0,5,1,0.7637,1,1,1,1,0.2363,single
306053.0,5.0,6,1,0.7861,1,1,1,1,0.2139,single
306202.0,5.0,6,1,0.9225,1,1,1,1,0.0775,single
306202.0,6.0,7,1,0.9277,1,1,1,1,0.0723,single
306202.0,7.0,8,1,0.9732,1,1,1,1,0.0268,single
306342.0,7.0,8,1,0.8855,1,1,1,1,0.1145,single
306586.0,1.0,2,1,0.0911,0,0,2,2,0.9089,single
307304.0,1.0,2,1,0.4473,0,0,2,2,0.5527,single
307304.0,2.0,3,0,0.297,0,1,4,3,0.703,single
307304.0,3.0,4,1,0.6158,1,0,1,2,0.3842,single
308276.0,1.0,2,1,0.9151,1,1,1,1,0.0849,single
308276.0,2.0,3,1,0.8124,1,1,1,1,0.1876,single
308276.0,3.0,4,1,0.8524,1,1,1,1,0.1476,single
309395.0,5.0,6,1,0.9583,1,1,1,1,0.0417,single
309395.0,6.0,7,1,0.9475,1,1,1,1,0.0525,single
309395.0,7.0,8,1,0.9629,1,1,1,1,0.0371,single
309650.0,3.0,4,1,0.9433,1,1,1,1,0.0567,single
309650.0,4.0,5,1,0.9385,1,1,1,1,0.0615,single
309650.0,5.0,6,1,0.9522,1,1,1,1,0.0478,single
309763.0,1.0,2,1,0.4567,0,0,2,2,0.5433,single
311594.0,1.0,2,1,0.0168,0,0,2,2,0.9832,single
313199.0,3.0,4,1,0.7741,1,0,1,2,0.2259,single
313199.0,4.0,5,0,0.6469,1,1,3,3,0.3531,single
313199.0,5.0,6,1,0.8926,1,0,1,2,0.1074,single
313684.0,1.0,2,1,0.3929,0,0,2,2,0.6071,single
313684.0,2.0,3,0,0.5453,1,0,3,4,0.4547,single
313684.0,3.0,4,0,0.277,0,0,4,4,0.723,single
314955.0,3.0,4,0,0.0053,0,0,4,4,0.9947,single
314955.0,4.0,5,0,0.0136,0,0,4,4,0.9864,single
314955.0,5.0,6,0,0.012,0,0,4,4,0.988,single
316239.0,1.0,2,1,0.0213,0,0,2,2,0.9787,single
316535.0,3.0,4,0,0.1191,0,1,4,3,0.8809,single
316535.0,4.0,5,1,0.6094,1,1,1,1,0.3906,single
316535.0,5.0,6,1,0.6432,1,0,1,2,0.3568,single
317505.0,2.0,3,0,0.0122,0,0,4,4,0.9878,single
319180.0,1.0,2,1,0.8452,1,1,1,1,0.1548,single
320057.0,1.0,2,1,0.0488,0,0,2,2,0.9512,single
320057.0,2.0,3,0,0.0514,0,0,4,4,0.9486,single
320057.0,3.0,4,0,0.0354,0,0,4,4,0.9646,single
320698.0,5.0,6,1,0.9522,1,1,1,1,0.0478,single
320698.0,6.0,7,1,0.861,1,1,1,1,0.139,single
320698.0,7.0,8,1,0.9699,1,1,1,1,0.0301,single
322720.0,3.0,4,0,0.2333,0,0,4,4,0.7667,single
322720.0,4.0,5,0,0.6037,1,0,3,4,0.3963,single
322720.0,5.0,6,0,0.1665,0,0,4,4,0.8335,single
330172.0,9.0,10,1,0.9881,1,1,1,1,0.0119,single
332396.0,1.0,2,1,0.6438,1,1,1,1,0.3562,single
334108.0,5.0,6,1,0.9583,1,1,1,1,0.0417,single
334108.0,6.0,7,1,0.9478,1,1,1,1,0.0522,single
334108.0,7.0,8,1,0.9122,1,1,1,1,0.0878,single
335072.0,1.0,2,1,0.2705,0,0,2,2,0.7295,single
335226.0,7.0,8,1,0.9231,1,1,1,1,0.0769,single
335576.0,5.0,6,1,0.6432,1,1,1,1,0.3568,single
335576.0,6.0,7,1,0.6421,1,1,1,1,0.3579,single
335576.0,7.0,8,1,0.8721,1,0,1,2,0.1279,single
336677.0,5.0,6,0,0.0042,0,0,4,4,0.9958,single
336677.0,6.0,7,0,0.0147,0,0,4,4,0.9853,single
337009.0,3.0,4,0,0.339,0,0,4,4,0.661,single
337720.0,1.0,2,1,0.468,0,0,2,2,0.532,single
337720.0,2.0,3,0,0.1339,0,0,4,4,0.8661,single
337720.0,3.0,4,0,0.1594,0,1,4,3,0.8406,single
341337.0,1.0,2,1,0.6438,1,1,1,1,0.3562,single
341337.0,2.0,3,1,0.7828,1,0,1,2,0.2172,single
341337.0,3.0,4,0,0.2255,0,0,4,4,0.7745,single
343632.0,1.0,2,1,0.8971,1,1,1,1,0.1029,single
343632.0,2.0,3,1,0.8477,1,1,1,1,0.1523,single
343632.0,3.0,4,1,0.8404,1,1,1,1,0.1596,single
343742.0,7.0,8,0,0.0823,0,0,4,4,0.9177,single
344082.0,7.0,8,0,0.0714,0,0,4,4,0.9286,single
344347.0,1.0,2,1,0.6336,1,0,1,2,0.3664,single
344347.0,2.0,3,0,0.2229,0,0,4,4,0.7771,single
344347.0,3.0,4,0,0.0552,0,0,4,4,0.9448,single
345866.0,1.0,2,1,0.8758,1,1,1,1,0.1242,single
345866.0,2.0,3,1,0.7609,1,0,1,2,0.2391,single
345866.0,3.0,4,0,0.3561,0,0,4,4,0.6439,single
346163.0,3.0,4,0,0.0943,0,0,4,4,0.9057,single
346163.0,4.0,5,0,0.2545,0,1,4,3,0.7455,single
346163.0,5.0,6,1,0.7247,1,1,1,1,0.2753,single
347843.0,7.0,8,1,0.934,1,0,1,2,0.066,single
349612.0,5.0,6,0,0.2316,0,0,4,4,0.7684,single
349612.0,6.0,7,0,0.3445,0,0,4,4,0.6555,single
349612.0,7.0,8,0,0.5285,1,1,3,3,0.4715,single
349918.0,1.0,2,1,0.6438,1,1,1,1,0.3562,single
349989.0,1.0,2,1,0.3929,0,0,2,2,0.6071,single
350492.0,3.0,4,1,0.7298,1,1,1,1,0.2702,single
350492.0,4.0,5,1,0.6284,1,1,1,1,0.3716,single
350492.0,5.0,6,1,0.8676,1,1,1,1,0.1324,single
350856.0,3.0,4,0,0.465,0,0,4,4,0.535,single
350856.0,4.0,5,0,0.3652,0,0,4,4,0.6348,single
350856.0,5.0,6,0,0.1896,0,0,4,4,0.8104,single
352791.0,3.0,4,0,0.0076,0,0,4,4,0.9924,single
352791.0,4.0,5,0,0.0052,0,0,4,4,0.9948,single
352791.0,5.0,6,0,0.0122,0,0,4,4,0.9878,single
353386.0,1.0,2,1,0.8607,1,1,1,1,0.1393,single
355033.0,7.0,8,1,0.9629,1,1,1,1,0.0371,single
356240.0,7.0,8,1,0.9601,1,1,1,1,0.0399,single
356240.0,8.0,9,1,0.9754,1,1,1,1,0.0246,single
356240.0,9.0,10,1,0.9848,1,1,1,1,0.0152,single
356303.0,3.0,4,1,0.9464,1,1,1,1,0.0536,single
356303.0,4.0,5,1,0.9589,1,1,1,1,0.0411,single
356303.0,5.0,6,1,0.9235,1,1,1,1,0.0765,single
356320.0,5.0,6,0,0.0105,0,0,4,4,0.9895,single
356320.0,6.0,7,0,0.0298,0,0,4,4,0.9702,single
356320.0,7.0,8,0,0.028,0,0,4,4,0.972,single
358402.0,3.0,4,1,0.811,1,0,1,2,0.189,single
358402.0,4.0,5,0,0.7734,1,1,3,3,0.2266,single
358402.0,5.0,6,1,0.9235,1,1,1,1,0.0765,single
358956.0,1.0,2,1,0.5433,1,1,1,1,0.4567,single
358956.0,2.0,3,1,0.7909,1,1,1,1,0.2091,single
358956.0,3.0,4,1,0.6228,1,1,1,1,0.3772,single
359961.0,5.0,6,0,0.0189,0,0,4,4,0.9811,single
359961.0,6.0,7,0,0.0229,0,0,4,4,0.9771,single
359961.0,7.0,8,0,0.088,0,0,4,4,0.912,single
360247.0,1.0,2,1,0.6497,1,1,1,1,0.3503,single
360247.0,2.0,3,1,0.8251,1,1,1,1,0.1749,single
360247.0,3.0,4,1,0.667,1,1,1,1,0.333,single
360749.0,1.0,2,1,0.7419,1,1,1,1,0.2581,single
360749.0,2.0,3,1,0.8516,1,0,1,2,0.1484,single
360749.0,3.0,4,0,0.4116,0,0,4,4,0.5884,single
360869.0,7.0,8,0,0.0191,0,0,4,4,0.9809,single
361419.0,7.0,8,1,0.9732,1,1,1,1,0.0268,single
362122.0,1.0,2,1,0.0649,0,0,2,2,0.9351,single
362122.0,2.0,3,0,0.2696,0,0,4,4,0.7304,single
362122.0,3.0,4,0,0.2255,0,0,4,4,0.7745,single
362200.0,3.0,4,0,0.0056,0,0,4,4,0.9944,single
362200.0,4.0,5,0,0.0092,0,0,4,4,0.9908,single
362200.0,5.0,6,0,0.0042,0,0,4,4,0.9958,single
362620.0,3.0,4,0,0.0534,0,0,4,4,0.9466,single
362620.0,4.0,5,0,0.0973,0,0,4,4,0.9027,single
362620.0,5.0,6,0,0.1533,0,0,4,4,0.8467,single
363988.0,1.0,2,1,0.8452,1,1,1,1,0.1548,single
364079.0,1.0,2,1,0.3929,0,0,2,2,0.6071,single
364811.0,7.0,8,1,0.9171,1,1,1,1,0.0829,single
365152.0,1.0,2,1,0.6279,1,0,1,2,0.3721,single
365152.0,2.0,3,0,0.0258,0,0,4,4,0.9742,single
365152.0,3.0,4,0,0.0345,0,0,4,4,0.9655,single
365665.0,1.0,2,1,0.1605,0,0,2,2,0.8395,single
365828.0,1.0,2,1,0.0541,0,0,2,2,0.9459,single
366262.0,5.0,6,1,0.9114,1,1,1,1,0.0886,single
366262.0,6.0,7,1,0.9478,1,1,1,1,0.0522,single
366262.0,7.0,8,1,0.9485,1,1,1,1,0.0515,single
366420.0,7.0,8,0,0.162,0,0,4,4,0.838,single
366884.0,7.0,8,0,0.0349,0,0,4,4,0.9651,single
367044.0,7.0,8,0,0.4357,0,0,4,4,0.5643,single
367044.0,8.0,9,0,0.3456,0,0,4,4,0.6544,single
367044.0,9.0,10,0,0.8157,1,0,3,4,0.1843,single
367249.0,3.0,4,0,0.0087,0,0,4,4,0.9913,single
367249.0,4.0,5,0,0.027,0,0,4,4,0.973,single
367249.0,5.0,6,0,0.0082,0,0,4,4,0.9918,single
369023.0,1.0,2,1,0.835,1,1,1,1,0.165,single
369023.0,2.0,3,1,0.9334,1,1,1,1,0.0666,single
369023.0,3.0,4,1,0.6019,1,0,1,2,0.3981,single
370500.0,7.0,8,0,0.4885,0,0,4,4,0.5115,single
372866.0,1.0,2,1,0.831,1,0,1,2,0.169,single
372866.0,2.0,3,0,0.1658,0,1,4,3,0.8342,single
372866.0,3.0,4,1,0.7298,1,1,1,1,0.2702,single
375017.0,7.0,8,0,0.5484,1,0,3,4,0.4516,single
375489.0,1.0,2,1,0.8828,1,1,1,1,0.1172,single
375489.0,2.0,3,1,0.8129,1,1,1,1,0.1871,single
375489.0,3.0,4,1,0.898,1,1,1,1,0.102,single
375781.0,5.0,6,0,0.0053,0,0,4,4,0.9947,single
376225.0,1.0,2,1,0.8607,1,1,1,1,0.1393,single
376225.0,2.0,3,1,0.8189,1,1,1,1,0.1811,single
376225.0,3.0,4,1,0.9338,1,1,1,1,0.0662,single
379050.0,7.0,8,1,0.9646,1,1,1,1,0.0354,single
379076.0,1.0,2,1,0.0031,0,0,2,2,0.9969,single
379076.0,2.0,3,0,0.3649,0,0,4,4,0.6351,single
381335.0,5.0,6,0,0.0867,0,0,4,4,0.9133,single
381335.0,6.0,7,0,0.0237,0,0,4,4,0.9763,single
381335.0,7.0,8,0,0.0385,0,0,4,4,0.9615,single
381769.0,7.0,8,1,0.9485,1,1,1,1,0.0515,single
382249.0,1.0,2,1,0.941,1,1,1,1,0.059,single
382249.0,2.0,3,1,0.9388,1,1,1,1,0.0612,single
382249.0,3.0,4,1,0.8524,1,1,1,1,0.1476,single
382530.0,5.0,6,1,0.9114,1,1,1,1,0.0886,single
382530.0,6.0,7,1,0.9478,1,1,1,1,0.0522,single
382530.0,7.0,8,1,0.9485,1,1,1,1,0.0515,single
387621.0,7.0,8,0,0.6767,1,1,3,3,0.3233,single
387723.0,1.0,2,1,0.6438,1,1,1,1,0.3562,single
387723.0,2.0,3,1,0.7407,1,0,1,2,0.2593,single
387723.0,3.0,4,0,0.3523,0,0,4,4,0.6477,single
388699.0,5.0,6,0,0.1804,0,1,4,3,0.8196,single
388699.0,6.0,7,1,0.6839,1,1,1,1,0.3161,single
388699.0,7.0,8,1,0.7784,1,0,1,2,0.2216,single
389373.0,7.0,8,0,0.6098,1,0,3,4,0.3902,single
389918.0,7.0,8,1,0.9171,1,1,1,1,0.0829,single
390992.0,1.0,2,1,0.0372,0,0,2,2,0.9628,single
390992.0,2.0,3,0,0.0731,0,0,4,4,0.9269,single
390992.0,3.0,4,0,0.0345,0,0,4,4,0.9655,single
391343.0,1.0,2,1,0.1879,0,1,2,1,0.8121,single
393027.0,1.0,2,1,0.5024,1,1,1,1,0.4976,single
393027.0,2.0,3,1,0.8438,1,1,1,1,0.1562,single
393027.0,3.0,4,1,0.7969,1,0,1,2,0.2031,single
393222.0,7.0,8,0,0.1255,0,0,4,4,0.8745,single
393309.0,3.0,4,1,0.8677,1,1,1,1,0.1323,single
393309.0,4.0,5,1,0.6934,1,1,1,1,0.3066,single
393309.0,5.0,6,1,0.9436,1,1,1,1,0.0564,single
393347.0,3.0,4,0,0.0249,0,0,4,4,0.9751,single
393347.0,4.0,5,0,0.0224,0,0,4,4,0.9776,single
393347.0,5.0,6,0,0.0091,0,0,4,4,0.9909,single
393884.0,1.0,2,1,0.9352,1,0,1,2,0.0648,single
394006.0,3.0,4,1,0.7741,1,1,1,1,0.2259,single
394006.0,4.0,5,1,0.7244,1,1,1,1,0.2756,single
394006.0,5.0,6,1,0.8676,1,1,1,1,0.1324,single
394502.0,7.0,8,0,0.2138,0,0,4,4,0.7862,single
394753.0,1.0,2,1,0.3735,0,0,2,2,0.6265,single
394753.0,2.0,3,0,0.1209,0,1,4,3,0.8791,single
394753.0,3.0,4,1,0.6228,1,0,1,2,0.3772,single
395112.0,1.0,2,1,0.6935,1,0,1,2,0.3065,single
395770.0,7.0,8,1,0.9601,1,1,1,1,0.0399,single
395834.0,5.0,6,0,0.5414,1,1,3,3,0.4586,single
395834.0,6.0,7,1,0.6839,1,1,1,1,0.3161,single
395834.0,7.0,8,1,0.9573,1,1,1,1,0.0427,single
396022.0,3.0,4,1,0.9182,1,1,1,1,0.0818,single
396022.0,4.0,5,1,0.9293,1,0,1,2,0.0707,single
396197.0,5.0,6,0,0.0039,0,0,4,4,0.9961,single
396197.0,6.0,7,0,0.0045,0,0,4,4,0.9955,single
396197.0,7.0,8,0,0.0345,0,0,4,4,0.9655,single
396212.0,5.0,6,0,0.1461,0,0,4,4,0.8539,single
396212.0,6.0,7,0,0.1219,0,0,4,4,0.8781,single
396212.0,7.0,8,0,0.1321,0,0,4,4,0.8679,single
396883.0,1.0,2,1,0.056,0,0,2,2,0.944,single
396883.0,2.0,3,0,0.0896,0,0,4,4,0.9104,single
396883.0,3.0,4,0,0.0154,0,0,4,4,0.9846,single
397257.0,1.0,2,1,0.7419,1,1,1,1,0.2581,single
397257.0,2.0,3,1,0.9145,1,1,1,1,0.0855,single
397257.0,3.0,4,1,0.7741,1,1,1,1,0.2259,single
400914.0,1.0,2,1,0.5097,1,0,1,2,0.4903,single
400914.0,2.0,3,0,0.2488,0,1,4,3,0.7512,single
400914.0,3.0,4,1,0.8195,1,1,1,1,0.1805,single
402198.0,1.0,2,1,0.011,0,0,2,2,0.989,single
402831.0,5.0,6,1,0.783,1,1,1,1,0.217,single
402831.0,6.0,7,1,0.8363,1,1,1,1,0.1637,single
402831.0,7.0,8,1,0.9732,1,1,1,1,0.0268,single
404211.0,1.0,2,1,0.7903,1,1,1,1,0.2097,single
404772.0,1.0,2,1,0.2216,0,0,2,2,0.7784,single
404772.0,2.0,3,0,0.0089,0,0,4,4,0.9911,single
404772.0,3.0,4,0,0.0722,0,0,4,4,0.9278,single
404808.0,3.0,4,1,0.9506,1,1,1,1,0.0494,single
404808.0,4.0,5,1,0.8657,1,1,1,1,0.1343,single
404808.0,5.0,6,1,0.7704,1,1,1,1,0.2296,single
405639.0,1.0,2,1,0.8208,1,1,1,1,0.1792,single
405911.0,1.0,2,1,0.0351,0,0,2,2,0.9649,single
407605.0,1.0,2,1,0.616,1,0,1,2,0.384,single
407605.0,2.0,3,0,0.1024,0,0,4,4,0.8976,single
407605.0,3.0,4,0,0.2934,0,0,4,4,0.7066,single
407622.0,1.0,2,1,0.6935,1,1,1,1,0.3065,single
407622.0,2.0,3,1,0.6748,1,1,1,1,0.3252,single
407622.0,3.0,4,1,0.6659,1,1,1,1,0.3341,single
408827.0,1.0,2,1,0.0109,0,0,2,2,0.9891,single
410879.0,3.0,4,0,0.1112,0,0,4,4,0.8888,single
410879.0,4.0,5,0,0.0932,0,0,4,4,0.9068,single
410879.0,5.0,6,0,0.0219,0,0,4,4,0.9781,single
411459.0,1.0,2,1,0.4942,0,0,2,2,0.5058,single
411459.0,2.0,3,0,0.5135,1,0,3,4,0.4865,single
411459.0,3.0,4,0,0.3403,0,1,4,3,0.6597,single
411559.0,5.0,6,0,0.036,0,0,4,4,0.964,single
411559.0,6.0,7,0,0.013,0,0,4,4,0.987,single
411559.0,7.0,8,0,0.1075,0,0,4,4,0.8925,single
412986.0,5.0,6,1,0.8257,1,1,1,1,0.1743,single
412986.0,6.0,7,1,0.9268,1,1,1,1,0.0732,single
412986.0,7.0,8,1,0.9434,1,1,1,1,0.0566,single
413183.0,5.0,6,0,0.0053,0,0,4,4,0.9947,single
413264.0,3.0,4,1,0.8363,1,1,1,1,0.1637,single
413264.0,4.0,5,1,0.925,1,1,1,1,0.075,single
413264.0,5.0,6,1,0.931,1,1,1,1,0.069,single
414095.0,1.0,2,1,0.6497,1,0,1,2,0.3503,single
414095.0,2.0,3,0,0.233,0,1,4,3,0.767,single
414095.0,3.0,4,1,0.6228,1,1,1,1,0.3772,single
414455.0,1.0,2,1,0.7021,1,1,1,1,0.2979,single
414455.0,2.0,3,1,0.9502,1,1,1,1,0.0498,single
414455.0,3.0,4,1,0.811,1,1,1,1,0.189,single
415199.0,3.0,4,0,0.006,0,0,4,4,0.994,single
415199.0,4.0,5,0,0.0045,0,0,4,4,0.9955,single
415199.0,5.0,6,0,0.0061,0,0,4,4,0.9939,single
415304.0,9.0,10,1,0.9881,1,1,1,1,0.0119,single
415441.0,9.0,10,0,0.2,0,0,4,4,0.8,single
415602.0,1.0,2,1,0.8971,1,0,1,2,0.1029,single
415602.0,2.0,3,0,0.5333,1,1,3,3,0.4667,single
415602.0,3.0,4,1,0.7741,1,1,1,1,0.2259,single
415756.0,1.0,2,1,0.8127,1,0,1,2,0.1873,single
415756.0,2.0,3,0,0.5039,1,1,3,3,0.4961,single
415756.0,3.0,4,1,0.7298,1,0,1,2,0.2702,single
416088.0,1.0,2,1,0.1641,0,0,2,2,0.8359,single
416185.0,4.0,5,0,0.0054,0,0,4,4,0.9946,single
416185.0,5.0,6,0,0.0147,0,0,4,4,0.9853,single
417082.0,7.0,8,0,0.2719,0,0,4,4,0.7281,single
417146.0,1.0,2,1,0.8761,1,1,1,1,0.1239,single
417811.0,5.0,6,0,0.0102,0,0,4,4,0.9898,single
417811.0,6.0,7,0,0.1702,0,0,4,4,0.8298,single
417811.0,7.0,8,0,0.1468,0,1,4,3,0.8532,single
420353.0,1.0,2,1,0.8761,1,0,1,2,0.1239,single
421216.0,1.0,2,1,0.9352,1,1,1,1,0.0648,single
421216.0,2.0,3,1,0.7609,1,1,1,1,0.2391,single
421216.0,3.0,4,1,0.7741,1,1,1,1,0.2259,single
421249.0,7.0,8,0,0.2696,0,0,4,4,0.7304,single
421249.0,8.0,9,0,0.2238,0,1,4,3,0.7762,single
421249.0,9.0,10,1,0.9221,1,0,1,2,0.0779,single
423162.0,7.0,8,1,0.9573,1,1,1,1,0.0427,single
424141.0,7.0,8,1,0.9434,1,0,1,2,0.0566,single
424144.0,5.0,6,0,0.0039,0,0,4,4,0.9961,single
424144.0,6.0,7,0,0.0775,0,0,4,4,0.9225,single
424144.0,7.0,8,0,0.0338,0,0,4,4,0.9662,single
424416.0,5.0,6,1,0.8676,1,1,1,1,0.1324,single
424416.0,6.0,7,1,0.8041,1,1,1,1,0.1959,single
424416.0,7.0,8,1,0.9231,1,1,1,1,0.0769,single
426168.0,5.0,6,0,0.0609,0,0,4,4,0.9391,single
426168.0,6.0,7,0,0.0133,0,0,4,4,0.9867,single
426168.0,7.0,8,0,0.0345,0,0,4,4,0.9655,single
426171.0,1.0,2,1,0.006,0,0,2,2,0.994,single
426651.0,1.0,2,1,0.1945,0,0,2,2,0.8055,single
427577.0,5.0,6,1,0.791,1,0,1,2,0.209,single
427577.0,6.0,7,0,0.5361,1,1,3,3,0.4639,single
427577.0,7.0,8,1,0.8461,1,0,1,2,0.1539,single
427585.0,1.0,2,1,0.2974,0,1,2,1,0.7026,single
428691.0,5.0,6,1,0.9436,1,1,1,1,0.0564,single
428691.0,6.0,7,1,0.9268,1,1,1,1,0.0732,single
428691.0,7.0,8,1,0.9231,1,1,1,1,0.0769,single
428841.0,7.0,8,0,0.2989,0,1,4,3,0.7011,single
429077.0,1.0,2,1,0.4473,0,0,2,2,0.5527,single
429262.0,1.0,2,1,0.012,0,0,2,2,0.988,single
431035.0,5.0,6,0,0.2228,0,0,4,4,0.7772,single
431035.0,6.0,7,0,0.1965,0,0,4,4,0.8035,single
431035.0,7.0,8,0,0.0977,0,0,4,4,0.9023,single
431786.0,1.0,2,1,0.0306,0,0,2,2,0.9694,single
432350.0,7.0,8,0,0.5133,1,1,3,3,0.4867,single
432554.0,9.0,10,0,0.8519,1,1,3,3,0.1481,single
432629.0,3.0,4,1,0.6086,1,0,1,2,0.3914,single
432629.0,4.0,5,0,0.2965,0,1,4,3,0.7035,single
432629.0,5.0,6,1,0.7247,1,0,1,2,0.2753,single
435633.0,1.0,2,1,0.8888,1,1,1,1,0.1112,single
435633.0,2.0,3,1,0.9406,1,1,1,1,0.0594,single
435633.0,3.0,4,1,0.9182,1,1,1,1,0.0818,single
437539.0,1.0,2,1,0.4392,0,0,2,2,0.5608,single
438844.0,5.0,6,1,0.9288,1,1,1,1,0.0712,single
438844.0,6.0,7,1,0.822,1,1,1,1,0.178,single
438844.0,7.0,8,1,0.9265,1,1,1,1,0.0735,single
439291.0,5.0,6,0,0.1331,0,0,4,4,0.8669,single
439291.0,6.0,7,0,0.1387,0,0,4,4,0.8613,single
439291.0,7.0,8,0,0.3678,0,0,4,4,0.6322,single
439842.0,5.0,6,0,0.255,0,0,4,4,0.745,single
439842.0,6.0,7,0,0.2923,0,0,4,4,0.7077,single
439842.0,7.0,8,0,0.4888,0,0,4,4,0.5112,single
441552.0,1.0,2,1,0.5091,1,0,1,2,0.4909,single
441552.0,2.0,3,0,0.2155,0,0,4,4,0.7845,single
441552.0,3.0,4,0,0.1916,0,0,4,4,0.8084,single
442818.0,6.0,7,0,0.0631,0,0,4,4,0.9369,single
442818.0,7.0,8,0,0.017,0,0,4,4,0.983,single
443022.0,1.0,2,1,0.0477,0,0,2,2,0.9523,single
444025.0,1.0,2,1,0.845,1,0,1,2,0.155,single
444025.0,2.0,3,0,0.4224,0,0,4,4,0.5776,single
444025.0,3.0,4,0,0.4378,0,1,4,3,0.5622,single
444477.0,3.0,4,0,0.0084,0,0,4,4,0.9916,single
444477.0,4.0,5,0,0.0054,0,0,4,4,0.9946,single
444477.0,5.0,6,0,0.0136,0,0,4,4,0.9864,single
444509.0,1.0,2,1,0.2705,0,0,2,2,0.7295,single
445083.0,5.0,6,1,0.6926,1,1,1,1,0.3074,single
445083.0,6.0,7,1,0.822,1,1,1,1,0.178,single
445083.0,7.0,8,1,0.8637,1,1,1,1,0.1363,single
445552.0,3.0,4,0,0.271,0,1,4,3,0.729,single
445552.0,4.0,5,1,0.91,1,1,1,1,0.09,single
445552.0,5.0,6,1,0.7247,1,1,1,1,0.2753,single
445668.0,1.0,2,1,0.7419,1,1,1,1,0.2581,single
445676.0,1.0,2,1,0.8127,1,0,1,2,0.1873,single
445676.0,2.0,3,0,0.4483,0,0,4,4,0.5517,single
445676.0,3.0,4,0,0.0354,0,0,4,4,0.9646,single
446427.0,3.0,4,0,0.2852,0,0,4,4,0.7148,single
446427.0,4.0,5,0,0.2916,0,0,4,4,0.7084,single
446427.0,5.0,6,0,0.0093,0,0,4,4,0.9907,single
449085.0,1.0,2,1,0.1314,0,0,2,2,0.8686,single
450424.0,7.0,8,0,0.0814,0,0,4,4,0.9186,single
450869.0,1.0,2,1,0.1946,0,1,2,1,0.8054,single
450869.0,2.0,3,1,0.7407,1,0,1,2,0.2593,single
450869.0,3.0,4,0,0.1556,0,0,4,4,0.8444,single
451196.0,5.0,6,0,0.3203,0,0,4,4,0.6797,single
451196.0,6.0,7,0,0.1234,0,0,4,4,0.8766,single
451196.0,7.0,8,0,0.5025,1,1,3,3,0.4975,single
451472.0,1.0,2,1,0.7705,1,0,1,2,0.2295,single
452804.0,1.0,2,1,0.6438,1,0,1,2,0.3562,single
453714.0,3.0,4,0,0.0138,0,1,4,3,0.9862,single
453956.0,7.0,8,0,0.5432,1,0,3,4,0.4568,single
454173.0,1.0,2,1,0.019,0,0,2,2,0.981,single
454173.0,2.0,3,0,0.1401,0,0,4,4,0.8599,single
454173.0,3.0,4,0,0.0045,0,0,4,4,0.9955,single
454345.0,7.0,8,0,0.1205,0,0,4,4,0.8795,single
455842.0,5.0,6,0,0.1925,0,0,4,4,0.8075,single
455842.0,6.0,7,0,0.0139,0,0,4,4,0.9861,single
455842.0,7.0,8,0,0.1219,0,0,4,4,0.8781,single
456779.0,5.0,6,1,0.8926,1,1,1,1,0.1074,single
459634.0,7.0,8,1,0.9756,1,1,1,1,0.0244,single
459634.0,8.0,9,1,0.9813,1,1,1,1,0.0187,single
459634.0,9.0,10,1,0.9848,1,1,1,1,0.0152,single
460361.0,1.0,2,1,0.2091,0,1,2,1,0.7909,single
461799.0,1.0,2,1,0.8971,1,1,1,1,0.1029,single
462625.0,7.0,8,0,0.0403,0,0,4,4,0.9597,single
463162.0,5.0,6,0,0.5779,1,0,3,4,0.4221,single
463162.0,6.0,7,0,0.0239,0,0,4,4,0.9761,single
463162.0,7.0,8,0,0.1283,0,0,4,4,0.8717,single
463393.0,3.0,4,0,0.0214,0,0,4,4,0.9786,single
463393.0,4.0,5,0,0.1678,0,0,4,4,0.8322,single
463393.0,5.0,6,0,0.0308,0,0,4,4,0.9692,single
466208.0,1.0,2,1,0.6281,1,1,1,1,0.3719,single
466208.0,2.0,3,1,0.8124,1,0,1,2,0.1876,single
466208.0,3.0,4,0,0.3772,0,0,4,4,0.6228,single
467841.0,3.0,4,0,0.2615,0,0,4,4,0.7385,single
467841.0,4.0,5,0,0.0071,0,0,4,4,0.9929,single
467841.0,5.0,6,0,0.0043,0,0,4,4,0.9957,single
468790.0,1.0,2,1,0.7419,1,1,1,1,0.2581,single
468819.0,1.0,2,1,0.0019,0,0,2,2,0.9981,single
468819.0,2.0,3,0,0.0052,0,0,4,4,0.9948,single
468819.0,3.0,4,0,0.0195,0,0,4,4,0.9805,single
469228.0,1.0,2,1,0.0239,0,0,2,2,0.9761,single
472427.0,3.0,4,0,0.0053,0,0,4,4,0.9947,single
472540.0,5.0,6,0,0.0468,0,0,4,4,0.9532,single
472540.0,6.0,7,0,0.0113,0,0,4,4,0.9887,single
472540.0,7.0,8,0,0.1075,0,0,4,4,0.8925,single
472551.0,7.0,8,0,0.4937,0,0,4,4,0.5063,single
473630.0,3.0,4,0,0.3191,0,1,4,3,0.6809,single
473630.0,4.0,5,1,0.7637,1,1,1,1,0.2363,single
473630.0,5.0,6,1,0.7861,1,1,1,1,0.2139,single
474164.0,7.0,8,1,0.9434,1,1,1,1,0.0566,single
474988.0,5.0,6,0,0.4543,0,0,4,4,0.5457,single
474988.0,6.0,7,0,0.0039,0,0,4,4,0.9961,single
474988.0,7.0,8,0,0.1411,0,0,4,4,0.8589,single
476136.0,3.0,4,0,0.3327,0,1,4,3,0.6673,single
476136.0,4.0,5,1,0.7289,1,0,1,2,0.2711,single
476136.0,5.0,6,0,0.4616,0,0,4,4,0.5384,single
478734.0,3.0,4,0,0.0084,0,0,4,4,0.9916,single
478734.0,4.0,5,0,0.0034,0,0,4,4,0.9966,single
478734.0,5.0,6,0,0.0042,0,0,4,4,0.9958,single
478885.0,3.0,4,1,0.8195,1,1,1,1,0.1805,single
478885.0,4.0,5,1,0.9449,1,1,1,1,0.0551,single
478885.0,5.0,6,1,0.783,1,1,1,1,0.217,single
479240.0,1.0,2,1,0.831,1,1,1,1,0.169,single
479810.0,3.0,4,1,0.7351,1,1,1,1,0.2649,single
479810.0,4.0,5,1,0.5868,1,0,1,2,0.4132,single
479810.0,5.0,6,0,0.5365,1,1,3,3,0.4635,single
480878.0,1.0,2,1,0.845,1,1,1,1,0.155,single
480878.0,2.0,3,1,0.7961,1,1,1,1,0.2039,single
480878.0,3.0,4,1,0.9182,1,1,1,1,0.0818,single
482509.0,1.0,2,1,0.6438,1,0,1,2,0.3562,single
482597.0,1.0,2,1,0.0296,0,0,2,2,0.9704,single
483246.0,5.0,6,0,0.5088,1,1,3,3,0.4912,single
483246.0,6.0,7,1,0.8335,1,1,1,1,0.1665,single
483246.0,7.0,8,1,0.9573,1,1,1,1,0.0427,single
483343.0,3.0,4,1,0.898,1,0,1,2,0.102,single
483343.0,4.0,5,0,0.4419,0,1,4,3,0.5581,single
483343.0,5.0,6,1,0.7774,1,1,1,1,0.2226,single
483890.0,1.0,2,1,0.1114,0,0,2,2,0.8886,single
488541.0,7.0,8,0,0.0195,0,0,4,4,0.9805,single
489743.0,1.0,2,1,0.0169,0,0,2,2,0.9831,single
489960.0,1.0,2,1,0.8828,1,1,1,1,0.1172,single
489960.0,2.0,3,1,0.934,1,1,1,1,0.066,single
489960.0,3.0,4,1,0.6228,1,1,1,1,0.3772,single
491153.0,1.0,2,1,0.025,0,0,2,2,0.975,single
491153.0,2.0,3,0,0.011,0,0,4,4,0.989,single
491153.0,3.0,4,0,0.021,0,0,4,4,0.979,single
491165.0,3.0,4,1,0.8363,1,1,1,1,0.1637,single
491165.0,4.0,5,1,0.925,1,1,1,1,0.075,single
491165.0,5.0,6,1,0.8519,1,1,1,1,0.1481,single
492267.0,1.0,2,1,0.9036,1,1,1,1,0.0964,single
492267.0,2.0,3,1,0.9145,1,1,1,1,0.0855,single
492267.0,3.0,4,1,0.8274,1,1,1,1,0.1726,single
492871.0,5.0,6,0,0.1146,0,0,4,4,0.8854,single
492871.0,6.0,7,0,0.026,0,0,4,4,0.974,single
492871.0,7.0,8,0,0.0385,0,0,4,4,0.9615,single
493010.0,1.0,2,1,0.0074,0,0,2,2,0.9926,single
495418.0,9.0,10,0,0.1406,0,0,4,4,0.8594,single
497062.0,5.0,6,0,0.003,0,0,4,4,0.997,single
497458.0,1.0,2,1,0.8971,1,1,1,1,0.1029,single
498474.0,7.0,8,1,0.9434,1,1,1,1,0.0566,single
499235.0,1.0,2,1,0.7974,1,1,1,1,0.2026,single
499235.0,2.0,3,1,0.8779,1,1,1,1,0.1221,single
499235.0,3.0,4,1,0.6625,1,0,1,2,0.3375,single
499382.0,1.0,2,1,0.8971,1,1,1,1,0.1029,single
499391.0,7.0,8,1,0.9641,1,1,1,1,0.0359,single
501817.0,1.0,2,1,0.831,1,1,1,1,0.169,single
502154.0,1.0,2,1,0.8971,1,1,1,1,0.1029,single
502154.0,2.0,3,1,0.9388,1,1,1,1,0.0612,single
502154.0,3.0,4,1,0.9287,1,1,1,1,0.0713,single
502849.0,1.0,2,1,0.1605,0,0,2,2,0.8395,single
503192.0,1.0,2,1,0.4567,0,0,2,2,0.5433,single
505876.0,1.0,2,1,0.8208,1,1,1,1,0.1792,single
507353.0,1.0,2,1,0.8761,1,0,1,2,0.1239,single
507555.0,1.0,2,1,0.941,1,1,1,1,0.059,single
507783.0,5.0,6,0,0.1168,0,0,4,4,0.8832,single
507783.0,6.0,7,0,0.0209,0,0,4,4,0.9791,single
507783.0,7.0,8,0,0.0236,0,0,4,4,0.9764,single
509219.0,5.0,6,0,0.0061,0,0,4,4,0.9939,single
509219.0,6.0,7,0,0.0079,0,0,4,4,0.9921,single
509219.0,7.0,8,0,0.0407,0,0,4,4,0.9593,single
509627.0,3.0,4,0,0.0111,0,0,4,4,0.9889,single
509627.0,4.0,5,0,0.0534,0,0,4,4,0.9466,single
509627.0,5.0,6,0,0.0635,0,0,4,4,0.9365,single
510355.0,7.0,8,0,0.0714,0,0,4,4,0.9286,single
510371.0,1.0,2,1,0.7419,1,0,1,2,0.2581,single
510380.0,1.0,2,1,0.0018,0,0,2,2,0.9982,single
510514.0,7.0,8,0,0.2882,0,0,4,4,0.7118,single
510802.0,3.0,4,1,0.6922,1,1,1,1,0.3078,single
510802.0,4.0,5,1,0.8594,1,1,1,1,0.1406,single
510802.0,5.0,6,1,0.8698,1,1,1,1,0.1302,single
510960.0,3.0,4,0,0.2811,0,1,4,3,0.7189,single
510960.0,4.0,5,1,0.5868,1,0,1,2,0.4132,single
510960.0,5.0,6,0,0.3707,0,0,4,4,0.6293,single
511405.0,1.0,2,1,0.6336,1,1,1,1,0.3664,single
511405.0,2.0,3,1,0.7407,1,0,1,2,0.2593,single
511405.0,3.0,4,0,0.2255,0,0,4,4,0.7745,single
516158.0,3.0,4,0,0.0222,0,0,4,4,0.9778,single
516158.0,4.0,5,0,0.0122,0,0,4,4,0.9878,single
516158.0,5.0,6,0,0.0061,0,0,4,4,0.9939,single
516238.0,3.0,4,1,0.9476,1,1,1,1,0.0524,single
516238.0,4.0,5,1,0.9371,1,1,1,1,0.0629,single
516238.0,5.0,6,1,0.931,1,1,1,1,0.069,single
516833.0,1.0,2,1,0.8642,1,1,1,1,0.1358,single
517055.0,3.0,4,0,0.0165,0,0,4,4,0.9835,single
517055.0,4.0,5,0,0.0062,0,0,4,4,0.9938,single
517055.0,5.0,6,0,0.0336,0,0,4,4,0.9664,single
519574.0,6.0,7,1,0.8363,1,0,1,2,0.1637,single
519574.0,7.0,8,0,0.6526,1,1,3,3,0.3474,single
519598.0,7.0,8,0,0.2121,0,1,4,3,0.7879,single
521032.0,5.0,6,1,0.9583,1,1,1,1,0.0417,single
521032.0,6.0,7,1,0.9341,1,1,1,1,0.0659,single
521032.0,7.0,8,1,0.9247,1,1,1,1,0.0753,single
521678.0,9.0,10,1,0.9681,1,1,1,1,0.0319,single
522435.0,5.0,6,0,0.2223,0,0,4,4,0.7777,single
522435.0,6.0,7,0,0.4091,0,0,4,4,0.5909,single
522435.0,7.0,8,0,0.6444,1,1,3,3,0.3556,single
522496.0,7.0,8,1,0.9573,1,1,1,1,0.0427,single
523908.0,5.0,6,0,0.0053,0,0,4,4,0.9947,single
523908.0,6.0,7,0,0.0079,0,0,4,4,0.9921,single
523908.0,7.0,8,0,0.0502,0,0,4,4,0.9498,single
525010.0,1.0,2,1,0.8971,1,1,1,1,0.1029,single
525010.0,2.0,3,1,0.9243,1,1,1,1,0.0757,single
525010.0,3.0,4,1,0.9338,1,1,1,1,0.0662,single
528222.0,7.0,8,0,0.031,0,1,4,3,0.969,single
530269.0,7.0,8,0,0.3535,0,0,4,4,0.6465,single
530269.0,8.0,9,0,0.6064,1,1,3,3,0.3936,single
530269.0,9.0,10,1,0.954,1,1,1,1,0.046,single
530342.0,1.0,2,1,0.941,1,1,1,1,0.059,single
530342.0,2.0,3,1,0.9243,1,1,1,1,0.0757,single
530342.0,3.0,4,1,0.8363,1,1,1,1,0.1637,single
530726.0,1.0,2,1,0.7974,1,1,1,1,0.2026,single
532145.0,1.0,2,1,0.8208,1,1,1,1,0.1792,single
532590.0,7.0,8,1,0.9811,1,1,1,1,0.0189,single
532914.0,1.0,2,1,0.8607,1,1,1,1,0.1393,single
533388.0,3.0,4,0,0.0149,0,0,4,4,0.9851,single
533388.0,4.0,5,0,0.0052,0,0,4,4,0.9948,single
533388.0,5.0,6,0,0.0081,0,0,4,4,0.9919,single
533865.0,1.0,2,1,0.1498,0,0,2,2,0.8502,single
533865.0,2.0,3,0,0.0175,0,0,4,4,0.9825,single
533865.0,3.0,4,0,0.0098,0,0,4,4,0.9902,single
534291.0,1.0,2,1,0.8208,1,1,1,1,0.1792,single
534607.0,1.0,2,1,0.1316,0,0,2,2,0.8684,single
535117.0,1.0,2,1,0.8642,1,1,1,1,0.1358,single
535117.0,2.0,3,1,0.8124,1,1,1,1,0.1876,single
535117.0,3.0,4,1,0.9182,1,1,1,1,0.0818,single
535369.0,3.0,4,0,0.0345,0,0,4,4,0.9655,single
535369.0,4.0,5,0,0.0476,0,0,4,4,0.9524,single
535369.0,5.0,6,0,0.0334,0,0,4,4,0.9666,single
535776.0,1.0,2,1,0.0074,0,0,2,2,0.9926,single
537494.0,9.0,10,1,0.9268,1,1,1,1,0.0732,single
538346.0,5.0,6,1,0.8926,1,1,1,1,0.1074,single
538346.0,6.0,7,1,0.9414,1,1,1,1,0.0586,single
538346.0,7.0,8,1,0.9629,1,1,1,1,0.0371,single
538391.0,6.0,7,0,0.0183,0,0,4,4,0.9817,single
538391.0,7.0,8,0,0.0403,0,0,4,4,0.9597,single
538495.0,1.0,2,1,0.8971,1,1,1,1,0.1029,single
539296.0,3.0,4,1,0.8952,1,1,1,1,0.1048,single
539296.0,4.0,5,1,0.9493,1,1,1,1,0.0507,single
539296.0,5.0,6,1,0.9522,1,1,1,1,0.0478,single
539427.0,3.0,4,1,0.6236,1,1,1,1,0.3764,single
539427.0,4.0,5,1,0.8363,1,1,1,1,0.1637,single
539427.0,5.0,6,1,0.9202,1,1,1,1,0.0798,single
539514.0,7.0,8,0,0.4072,0,1,4,3,0.5928,single
539968.0,9.0,10,1,0.9459,1,1,1,1,0.0541,single
540025.0,1.0,2,1,0.0111,0,0,2,2,0.9889,single
540935.0,1.0,2,1,0.8761,1,1,1,1,0.1239,single
540935.0,2.0,3,1,0.7153,1,0,1,2,0.2847,single
540935.0,3.0,4,0,0.2091,0,0,4,4,0.7909,single
540967.0,5.0,6,0,0.021,0,0,4,4,0.979,single
540967.0,6.0,7,0,0.2858,0,0,4,4,0.7142,single
540967.0,7.0,8,0,0.7603,1,0,3,4,0.2397,single
541212.0,1.0,2,1,0.3929,0,0,2,2,0.6071,single
541212.0,2.0,3,0,0.2133,0,0,4,4,0.7867,single
541212.0,3.0,4,0,0.2502,0,1,4,3,0.7498,single
542433.0,1.0,2,1,0.4567,0,0,2,2,0.5433,single
542433.0,2.0,3,0,0.6037,1,1,3,3,0.3963,single
542433.0,3.0,4,1,0.9077,1,1,1,1,0.0923,single
543201.0,5.0,6,0,0.0639,0,0,4,4,0.9361,single
543575.0,7.0,8,0,0.0655,0,1,4,3,0.9345,single
544098.0,7.0,8,0,0.0407,0,0,4,4,0.9593,single
544295.0,7.0,8,0,0.1841,0,0,4,4,0.8159,single
544295.0,8.0,9,0,0.2011,0,0,4,4,0.7989,single
544295.0,9.0,10,0,0.6637,1,0,3,4,0.3363,single
544462.0,1.0,2,1,0.0947,0,0,2,2,0.9053,single
544790.0,9.0,10,1,0.9268,1,1,1,1,0.0732,single
545146.0,3.0,4,1,0.8524,1,1,1,1,0.1476,single
545146.0,4.0,5,1,0.8657,1,1,1,1,0.1343,single
545146.0,5.0,6,1,0.8926,1,1,1,1,0.1074,single
545342.0,1.0,2,1,0.0225,0,0,2,2,0.9775,single
545898.0,7.0,8,1,0.8365,1,1,1,1,0.1635,single
545898.0,8.0,9,1,0.9231,1,1,1,1,0.0769,single
545898.0,9.0,10,1,0.9268,1,1,1,1,0.0732,single
546299.0,9.0,10,1,0.9268,1,1,1,1,0.0732,single
547280.0,5.0,6,0,0.1017,0,0,4,4,0.8983,single
547280.0,6.0,7,0,0.0094,0,0,4,4,0.9906,single
547280.0,7.0,8,0,0.0273,0,0,4,4,0.9727,single
548034.0,5.0,6,0,0.2044,0,0,4,4,0.7956,single
548555.0,4.0,5,0,0.101,0,0,4,4,0.899,single
548749.0,7.0,8,0,0.1506,0,1,4,3,0.8494,single
549059.0,3.0,4,0,0.0249,0,0,4,4,0.9751,single
549059.0,4.0,5,0,0.0525,0,0,4,4,0.9475,single
549059.0,5.0,6,0,0.0257,0,0,4,4,0.9743,single
549413.0,2.0,3,0,0.0085,0,0,4,4,0.9915,single
549413.0,3.0,4,0,0.0249,0,0,4,4,0.9751,single
550429.0,1.0,2,1,0.0056,0,0,2,2,0.9944,single
551798.0,1.0,2,1,0.831,1,1,1,1,0.169,single
551798.0,2.0,3,1,0.7609,1,0,1,2,0.2391,single
551798.0,3.0,4,0,0.4367,0,1,4,3,0.5633,single
551992.0,9.0,10,0,0.0877,0,0,4,4,0.9123,single
553220.0,7.0,8,0,0.3678,0,0,4,4,0.6322,single
553291.0,1.0,2,1,0.6337,1,0,1,2,0.3663,single
553291.0,2.0,3,0,0.3935,0,1,4,3,0.6065,single
553291.0,3.0,4,1,0.797,1,1,1,1,0.203,single
554395.0,1.0,2,1,0.8607,1,1,1,1,0.1393,single
554395.0,2.0,3,1,0.8129,1,1,1,1,0.1871,single
554395.0,3.0,4,1,0.898,1,1,1,1,0.102,single
554928.0,3.0,4,0,0.009,0,0,4,4,0.991,single
555850.0,1.0,2,1,0.0034,0,0,2,2,0.9966,single
557082.0,3.0,4,1,0.9578,1,1,1,1,0.0422,single
557082.0,4.0,5,1,0.9573,1,1,1,1,0.0427,single
557082.0,5.0,6,1,0.8926,1,1,1,1,0.1074,single
557088.0,3.0,4,1,0.667,1,1,1,1,0.333,single
557088.0,4.0,5,1,0.903,1,1,1,1,0.097,single
557088.0,5.0,6,1,0.8241,1,1,1,1,0.1759,single
557093.0,1.0,2,1,0.0478,0,0,2,2,0.9522,single
557093.0,2.0,3,0,0.0896,0,0,4,4,0.9104,single
557093.0,3.0,4,0,0.0534,0,0,4,4,0.9466,single
557257.0,1.0,2,1,0.6669,1,0,1,2,0.3331,single
557257.0,2.0,3,0,0.3285,0,0,4,4,0.6715,single
557257.0,3.0,4,0,0.1448,0,0,4,4,0.8552,single
558496.0,7.0,8,1,0.7762,1,1,1,1,0.2238,single
559864.0,5.0,6,0,0.0451,0,0,4,4,0.9549,single
559864.0,6.0,7,0,0.4091,0,0,4,4,0.5909,single
559864.0,7.0,8,0,0.4448,0,1,4,3,0.5552,single
560196.0,7.0,8,0,0.4481,0,0,4,4,0.5519,single
561074.0,1.0,2,1,0.0428,0,0,2,2,0.9572,single
561461.0,7.0,8,0,0.0282,0,0,4,4,0.9718,single
561928.0,3.0,4,1,0.9182,1,1,1,1,0.0818,single
561928.0,4.0,5,1,0.8363,1,1,1,1,0.1637,single
561928.0,5.0,6,1,0.8676,1,1,1,1,0.1324,single
562110.0,7.0,8,0,0.0731,0,0,4,4,0.9269,single
562110.0,8.0,9,0,0.0764,0,0,4,4,0.9236,single
562110.0,9.0,10,0,0.2315,0,0,4,4,0.7685,single
562858.0,3.0,4,1,0.622,1,0,1,2,0.378,single
562858.0,4.0,5,0,0.5709,1,1,3,3,0.4291,single
562858.0,5.0,6,1,0.7381,1,0,1,2,0.2619,single
563100.0,7.0,8,0,0.0493,0,0,4,4,0.9507,single
563634.0,7.0,8,0,0.0948,0,0,4,4,0.9052,single
564343.0,1.0,2,1,0.0124,0,0,2,2,0.9876,single
564343.0,2.0,3,0,0.0192,0,0,4,4,0.9808,single
564632.0,1.0,2,1,0.2705,0,0,2,2,0.7295,single
564632.0,2.0,3,0,0.0374,0,0,4,4,0.9626,single
564632.0,3.0,4,0,0.012,0,0,4,4,0.988,single
565554.0,1.0,2,1,0.8971,1,1,1,1,0.1029,single
565554.0,2.0,3,1,0.9337,1,1,1,1,0.0663,single
565554.0,3.0,4,1,0.8631,1,1,1,1,0.1369,single
566718.0,1.0,2,1,0.056,0,0,2,2,0.944,single
567126.0,7.0,8,0,0.0232,0,0,4,4,0.9768,single
568317.0,7.0,8,0,0.3376,0,0,4,4,0.6624,single
569111.0,1.0,2,1,0.7252,1,0,1,2,0.2748,single
570174.0,7.0,8,0,0.6285,1,1,3,3,0.3715,single
570174.0,8.0,9,1,0.8544,1,1,1,1,0.1456,single
570174.0,9.0,10,1,0.9268,1,1,1,1,0.0732,single
570725.0,5.0,6,0,0.4284,0,1,4,3,0.5716,single
570725.0,6.0,7,1,0.8569,1,0,1,2,0.1431,single
570725.0,7.0,8,0,0.6285,1,1,3,3,0.3715,single
571341.0,7.0,8,0,0.3915,0,0,4,4,0.6085,single
571341.0,8.0,9,0,0.2897,0,0,4,4,0.7103,single
571341.0,9.0,10,0,0.5144,1,0,3,4,0.4856,single
571529.0,1.0,2,1,0.8971,1,1,1,1,0.1029,single
571529.0,2.0,3,1,0.8729,1,1,1,1,0.1271,single
571529.0,3.0,4,1,0.9077,1,1,1,1,0.0923,single
571798.0,7.0,8,1,0.9231,1,1,1,1,0.0769,single
571939.0,1.0,2,1,0.7419,1,1,1,1,0.2581,single
571939.0,2.0,3,1,0.7828,1,1,1,1,0.2172,single
571939.0,3.0,4,1,0.9476,1,1,1,1,0.0524,single
573123.0,9.0,10,1,0.9881,1,1,1,1,0.0119,single
573347.0,1.0,2,1,0.7419,1,1,1,1,0.2581,single
574185.0,5.0,6,0,0.0162,0,0,4,4,0.9838,single
574185.0,6.0,7,0,0.013,0,0,4,4,0.987,single
574185.0,7.0,8,0,0.0207,0,0,4,4,0.9793,single
574480.0,7.0,8,0,0.3335,0,0,4,4,0.6665,single
575299.0,1.0,2,1,0.1114,0,0,2,2,0.8886,single
577151.0,5.0,6,1,0.8378,1,1,1,1,0.1622,single
578211.0,7.0,8,0,0.0473,0,0,4,4,0.9527,single
578951.0,1.0,2,1,0.011,0,0,2,2,0.989,single
579652.0,1.0,2,1,0.9352,1,1,1,1,0.0648,single
581523.0,1.0,2,1,0.5091,1,0,1,2,0.4909,single
584281.0,1.0,2,1,0.1313,0,0,2,2,0.8687,single
584426.0,3.0,4,0,0.3356,0,0,4,4,0.6644,single
584426.0,4.0,5,0,0.4067,0,0,4,4,0.5933,single
584426.0,5.0,6,0,0.4184,0,0,4,4,0.5816,single
585231.0,7.0,8,1,0.9699,1,1,1,1,0.0301,single
588504.0,1.0,2,1,0.9036,1,1,1,1,0.0964,single
588732.0,1.0,2,1,0.3378,0,0,2,2,0.6622,single
588732.0,2.0,3,0,0.0127,0,0,4,4,0.9873,single
588732.0,3.0,4,0,0.005,0,0,4,4,0.995,single
589339.0,1.0,2,1,0.6677,1,1,1,1,0.3323,single
589345.0,1.0,2,1,0.7124,1,0,1,2,0.2876,single
589674.0,3.0,4,0,0.006,0,0,4,4,0.994,single
589674.0,4.0,5,0,0.1078,0,0,4,4,0.8922,single
589674.0,5.0,6,0,0.3028,0,0,4,4,0.6972,single
589696.0,3.0,4,0,0.3403,0,0,4,4,0.6597,single
589696.0,4.0,5,0,0.4722,0,0,4,4,0.5278,single
589696.0,5.0,6,0,0.0947,0,0,4,4,0.9053,single
590653.0,5.0,6,1,0.934,1,1,1,1,0.066,single
590653.0,6.0,7,1,0.822,1,1,1,1,0.178,single
590653.0,7.0,8,1,0.9265,1,1,1,1,0.0735,single
590720.0,1.0,2,1,0.6438,1,0,1,2,0.3562,single
591073.0,3.0,4,0,0.3862,0,0,4,4,0.6138,single
591073.0,4.0,5,0,0.26,0,0,4,4,0.74,single
591073.0,5.0,6,0,0.106,0,0,4,4,0.894,single
591337.0,7.0,8,0,0.1721,0,0,4,4,0.8279,single
591337.0,8.0,9,0,0.4128,0,0,4,4,0.5872,single
591337.0,9.0,10,0,0.8057,1,1,3,3,0.1943,single
591414.0,1.0,2,1,0.7419,1,1,1,1,0.2581,single
591414.0,2.0,3,1,0.8516,1,1,1,1,0.1484,single
591414.0,3.0,4,1,0.7298,1,1,1,1,0.2702,single
591950.0,5.0,6,1,0.8926,1,1,1,1,0.1074,single
591950.0,6.0,7,1,0.9556,1,1,1,1,0.0444,single
591950.0,7.0,8,1,0.8977,1,1,1,1,0.1023,single
592842.0,1.0,2,1,0.669,1,0,1,2,0.331,single
592871.0,7.0,8,0,0.6098,1,1,3,3,0.3902,single
594322.0,3.0,4,1,0.9287,1,1,1,1,0.0713,single
594322.0,4.0,5,1,0.925,1,1,1,1,0.075,single
594322.0,5.0,6,1,0.9225,1,1,1,1,0.0775,single
595379.0,1.0,2,1,0.048,0,0,2,2,0.952,single
595379.0,2.0,3,0,0.1255,0,0,4,4,0.8745,single
595379.0,3.0,4,0,0.0414,0,0,4,4,0.9586,single
596775.0,7.0,8,1,0.9756,1,1,1,1,0.0244,single
596775.0,8.0,9,1,0.9813,1,1,1,1,0.0187,single
596775.0,9.0,10,1,0.989,1,1,1,1,0.011,single
597402.0,1.0,2,1,0.7549,1,1,1,1,0.2451,single
597516.0,1.0,2,1,0.1078,0,0,2,2,0.8922,single
597516.0,2.0,3,0,0.0086,0,0,4,4,0.9914,single
597516.0,3.0,4,0,0.0048,0,0,4,4,0.9952,single
598324.0,1.0,2,1,0.1605,0,0,2,2,0.8395,single
598324.0,2.0,3,0,0.0371,0,0,4,4,0.9629,single
598324.0,3.0,4,0,0.0176,0,1,4,3,0.9824,single
598610.0,1.0,2,1,0.5072,1,0,1,2,0.4928,single
598757.0,5.0,6,0,0.3771,0,1,4,3,0.6229,single
598757.0,6.0,7,1,0.8072,1,1,1,1,0.1928,single
598757.0,7.0,8,1,0.9594,1,1,1,1,0.0406,single
598935.0,7.0,8,1,0.9629,1,1,1,1,0.0371,single
599354.0,1.0,2,1,0.8761,1,1,1,1,0.1239,single
601582.0,1.0,2,1,0.0218,0,0,2,2,0.9782,single
602888.0,3.0,4,1,0.6228,1,1,1,1,0.3772,single
602888.0,4.0,5,1,0.8657,1,0,1,2,0.1343,single
602888.0,5.0,6,0,0.5088,1,1,3,3,0.4912,single
603035.0,1.0,2,1,0.3404,0,0,2,2,0.6596,single
603402.0,1.0,2,1,0.8761,1,1,1,1,0.1239,single
603402.0,2.0,3,1,0.8477,1,1,1,1,0.1523,single
603402.0,3.0,4,1,0.8631,1,1,1,1,0.1369,single
603931.0,3.0,4,1,0.7717,1,1,1,1,0.2283,single
603931.0,4.0,5,1,0.8073,1,0,1,2,0.1927,single
604225.0,3.0,4,0,0.006,0,0,4,4,0.994,single
604225.0,4.0,5,0,0.0046,0,0,4,4,0.9954,single
604225.0,5.0,6,0,0.004,0,0,4,4,0.996,single
604995.0,7.0,8,0,0.0786,0,0,4,4,0.9214,single
605179.0,1.0,2,1,0.0026,0,0,2,2,0.9974,single
605179.0,2.0,3,0,0.0068,0,0,4,4,0.9932,single
605179.0,3.0,4,0,0.0071,0,0,4,4,0.9929,single
607569.0,5.0,6,1,0.8676,1,1,1,1,0.1324,single
607569.0,6.0,7,1,0.878,1,1,1,1,0.122,single
607569.0,7.0,8,1,0.9434,1,0,1,2,0.0566,single
607739.0,7.0,8,0,0.6834,1,1,3,3,0.3166,single
607739.0,8.0,9,1,0.8544,1,1,1,1,0.1456,single
607739.0,9.0,10,1,0.9268,1,1,1,1,0.0732,single
608392.0,7.0,8,1,0.8365,1,0,1,2,0.1635,single
608392.0,8.0,9,0,0.5984,1,0,3,4,0.4016,single
608392.0,9.0,10,0,0.8064,1,1,3,3,0.1936,single
609302.0,1.0,2,1,0.8971,1,1,1,1,0.1029,single
609302.0,2.0,3,1,0.8682,1,0,1,2,0.1318,single
609302.0,3.0,4,0,0.2214,0,0,4,4,0.7786,single
610173.0,3.0,4,1,0.6199,1,1,1,1,0.3801,single
610173.0,4.0,5,1,0.7095,1,1,1,1,0.2905,single
610173.0,5.0,6,1,0.8257,1,1,1,1,0.1743,single
611870.0,1.0,2,1,0.0823,0,0,2,2,0.9177,single
611870.0,2.0,3,0,0.1211,0,0,4,4,0.8789,single
611870.0,3.0,4,0,0.1752,0,0,4,4,0.8248,single
611941.0,3.0,4,0,0.4298,0,0,4,4,0.5702,single
611941.0,4.0,5,0,0.3655,0,0,4,4,0.6345,single
611941.0,5.0,6,0,0.1677,0,0,4,4,0.8323,single
614215.0,1.0,2,1,0.931,1,1,1,1,0.069,single
614615.0,5.0,6,1,0.9522,1,1,1,1,0.0478,single
614615.0,6.0,7,1,0.9556,1,1,1,1,0.0444,single
614615.0,7.0,8,1,0.9629,1,1,1,1,0.0371,single
615687.0,1.0,2,1,0.8208,1,0,1,2,0.1792,single
617669.0,5.0,6,1,0.6551,1,1,1,1,0.3449,single
617669.0,6.0,7,1,0.9268,1,1,1,1,0.0732,single
617669.0,7.0,8,1,0.9601,1,0,1,2,0.0399,single
618051.0,1.0,2,1,0.3929,0,1,2,1,0.6071,single
618567.0,7.0,8,0,0.047,0,0,4,4,0.953,single
619437.0,5.0,6,0,0.0067,0,0,4,4,0.9933,single
619437.0,6.0,7,0,0.0059,0,0,4,4,0.9941,single
619437.0,7.0,8,0,0.1057,0,0,4,4,0.8943,single
619696.0,7.0,8,1,0.9699,1,1,1,1,0.0301,single
621223.0,5.0,6,1,0.7861,1,0,1,2,0.2139,single
621223.0,6.0,7,0,0.1048,0,0,4,4,0.8952,single
621223.0,7.0,8,0,0.0438,0,0,4,4,0.9562,single
624512.0,5.0,6,0,0.1043,0,0,4,4,0.8957,single
625335.0,1.0,2,1,0.4021,0,1,2,1,0.5979,single
626472.0,5.0,6,0,0.1459,0,1,4,3,0.8541,single
627374.0,1.0,2,1,0.0042,0,0,2,2,0.9958,single
627446.0,1.0,2,1,0.8607,1,1,1,1,0.1393,single
627969.0,1.0,2,1,0.8127,1,0,1,2,0.1873,single
629598.0,3.0,4,0,0.0455,0,0,4,4,0.9545,single
629598.0,4.0,5,0,0.3634,0,0,4,4,0.6366,single
629598.0,5.0,6,0,0.4608,0,0,4,4,0.5392,single
629869.0,1.0,2,1,0.0455,0,0,2,2,0.9545,single
629869.0,2.0,3,0,0.1767,0,0,4,4,0.8233,single
629869.0,3.0,4,0,0.0219,0,0,4,4,0.9781,single
630724.0,3.0,4,0,0.3327,0,0,4,4,0.6673,single
630724.0,4.0,5,0,0.247,0,0,4,4,0.753,single
630724.0,5.0,6,0,0.4616,0,0,4,4,0.5384,single
630766.0,7.0,8,1,0.9096,1,1,1,1,0.0904,single
631085.0,5.0,6,0,0.0091,0,0,4,4,0.9909,single
631085.0,6.0,7,0,0.0074,0,0,4,4,0.9926,single
631085.0,7.0,8,0,0.0349,0,0,4,4,0.9651,single
632110.0,5.0,6,0,0.0699,0,0,4,4,0.9301,single
632110.0,6.0,7,0,0.0122,0,0,4,4,0.9878,single
632110.0,7.0,8,0,0.2845,0,1,4,3,0.7155,single
632129.0,7.0,8,0,0.1557,0,0,4,4,0.8443,single
632677.0,3.0,4,0,0.3843,0,0,4,4,0.6157,single
632677.0,4.0,5,0,0.3031,0,1,4,3,0.6969,single
632677.0,5.0,6,1,0.6432,1,0,1,2,0.3568,single
632706.0,5.0,6,1,0.9225,1,1,1,1,0.0775,single
632706.0,6.0,7,1,0.7617,1,1,1,1,0.2383,single
632706.0,7.0,8,1,0.9601,1,1,1,1,0.0399,single
632725.0,3.0,4,1,0.644,1,1,1,1,0.356,single
632725.0,4.0,5,1,0.6284,1,0,1,2,0.3716,single
632725.0,5.0,6,0,0.3079,0,0,4,4,0.6921,single
633069.0,5.0,6,1,0.9583,1,1,1,1,0.0417,single
633069.0,6.0,7,1,0.9268,1,1,1,1,0.0732,single
633069.0,7.0,8,1,0.9726,1,1,1,1,0.0274,single
633705.0,1.0,2,1,0.8452,1,1,1,1,0.1548,single
634606.0,1.0,2,1,0.0176,0,0,2,2,0.9824,single
634606.0,2.0,3,0,0.0049,0,0,4,4,0.9951,single
636100.0,1.0,2,1,0.137,0,1,2,1,0.863,single
636353.0,5.0,6,1,0.9436,1,1,1,1,0.0564,single
636353.0,6.0,7,1,0.7948,1,1,1,1,0.2052,single
636353.0,7.0,8,1,0.9756,1,1,1,1,0.0244,single
636848.0,1.0,2,1,0.6935,1,1,1,1,0.3065,single
636848.0,2.0,3,1,0.8477,1,1,1,1,0.1523,single
636848.0,3.0,4,1,0.8404,1,1,1,1,0.1596,single
637504.0,3.0,4,1,0.6199,1,1,1,1,0.3801,single
637504.0,4.0,5,1,0.5998,1,0,1,2,0.4002,single
637504.0,5.0,6,0,0.2842,0,0,4,4,0.7158,single
638085.0,1.0,2,1,0.6935,1,1,1,1,0.3065,single
638934.0,7.0,8,0,0.1468,0,0,4,4,0.8532,single
638942.0,5.0,6,0,0.0122,0,0,4,4,0.9878,single
638942.0,6.0,7,0,0.0115,0,0,4,4,0.9885,single
638942.0,7.0,8,0,0.0828,0,0,4,4,0.9172,single
639212.0,1.0,2,1,0.3786,0,1,2,1,0.6214,single
639212.0,2.0,3,1,0.9334,1,1,1,1,0.0666,single
639212.0,3.0,4,1,0.6625,1,1,1,1,0.3375,single
639430.0,5.0,6,0,0.1043,0,0,4,4,0.8957,single
639430.0,6.0,7,0,0.0261,0,0,4,4,0.9739,single
639430.0,7.0,8,0,0.4752,0,0,4,4,0.5248,single
640338.0,5.0,6,1,0.8676,1,1,1,1,0.1324,single
640338.0,6.0,7,1,0.9478,1,1,1,1,0.0522,single
640338.0,7.0,8,1,0.9122,1,1,1,1,0.0878,single
640399.0,5.0,6,0,0.0244,0,0,4,4,0.9756,single
640399.0,6.0,7,0,0.3799,0,0,4,4,0.6201,single
640399.0,7.0,8,0,0.6767,1,0,3,4,0.3233,single
643047.0,7.0,8,1,0.9008,1,1,1,1,0.0992,single
643149.0,1.0,2,1,0.616,1,0,1,2,0.384,single
643446.0,7.0,8,0,0.2281,0,0,4,4,0.7719,single
643898.0,1.0,2,1,0.3346,0,0,2,2,0.6654,single
643898.0,2.0,3,0,0.1339,0,0,4,4,0.8661,single
643898.0,3.0,4,0,0.1243,0,0,4,4,0.8757,single
644040.0,1.0,2,1,0.5853,1,0,1,2,0.4147,single
644160.0,1.0,2,1,0.0428,0,0,2,2,0.9572,single
645321.0,5.0,6,0,0.4284,0,0,4,4,0.5716,single
645321.0,6.0,7,0,0.2056,0,0,4,4,0.7944,single
645321.0,7.0,8,0,0.5025,1,1,3,3,0.4975,single
646868.0,1.0,2,1,0.0881,0,1,2,1,0.9119,single
646868.0,2.0,3,1,0.7153,1,0,1,2,0.2847,single
647207.0,3.0,4,0,0.0049,0,0,4,4,0.9951,single
647207.0,4.0,5,0,0.0038,0,0,4,4,0.9962,single
647207.0,5.0,6,0,0.0103,0,0,4,4,0.9897,single
648022.0,3.0,4,0,0.007,0,0,4,4,0.993,single
648022.0,4.0,5,0,0.0157,0,0,4,4,0.9843,single
648022.0,5.0,6,0,0.0135,0,0,4,4,0.9865,single
648794.0,3.0,4,0,0.0156,0,0,4,4,0.9844,single
651595.0,5.0,6,0,0.0079,0,0,4,4,0.9921,single
651595.0,6.0,7,0,0.0038,0,0,4,4,0.9962,single
651595.0,7.0,8,0,0.1057,0,0,4,4,0.8943,single
651850.0,7.0,8,1,0.962,1,1,1,1,0.038,single
651882.0,1.0,2,1,0.9151,1,1,1,1,0.0849,single
651882.0,2.0,3,1,0.8124,1,1,1,1,0.1876,single
651882.0,3.0,4,1,0.9182,1,1,1,1,0.0818,single
652127.0,1.0,2,1,0.0638,0,0,2,2,0.9362,single
652127.0,2.0,3,0,0.0331,0,0,4,4,0.9669,single
652127.0,3.0,4,0,0.0103,0,0,4,4,0.9897,single
653735.0,3.0,4,1,0.6922,1,1,1,1,0.3078,single
653735.0,4.0,5,1,0.7754,1,1,1,1,0.2246,single
653735.0,5.0,6,1,0.791,1,1,1,1,0.209,single
654371.0,1.0,2,1,0.3929,0,0,2,2,0.6071,single
655164.0,7.0,8,1,0.9096,1,1,1,1,0.0904,single
655164.0,8.0,9,1,0.9641,1,1,1,1,0.0359,single
655164.0,9.0,10,1,0.9848,1,1,1,1,0.0152,single
655572.0,1.0,2,1,0.3929,0,1,2,1,0.6071,single
655572.0,2.0,3,1,0.7828,1,1,1,1,0.2172,single
655572.0,3.0,4,1,0.8195,1,1,1,1,0.1805,single
655619.0,3.0,4,0,0.3855,0,0,4,4,0.6145,single
655619.0,4.0,5,0,0.3652,0,1,4,3,0.6348,single
655619.0,5.0,6,1,0.8676,1,1,1,1,0.1324,single
655917.0,1.0,2,1,0.0604,0,0,2,2,0.9396,single
655917.0,2.0,3,0,0.0041,0,0,4,4,0.9959,single
655917.0,3.0,4,0,0.1243,0,0,4,4,0.8757,single
656425.0,1.0,2,1,0.941,1,1,1,1,0.059,single
656596.0,1.0,2,1,0.4567,0,0,2,2,0.5433,single
656596.0,2.0,3,0,0.4735,0,0,4,4,0.5265,single
656596.0,3.0,4,0,0.4915,0,1,4,3,0.5085,single
656912.0,1.0,2,1,0.6935,1,1,1,1,0.3065,single
656912.0,2.0,3,1,0.7828,1,1,1,1,0.2172,single
656912.0,3.0,4,1,0.7969,1,1,1,1,0.2031,single
656981.0,5.0,6,0,0.1821,0,0,4,4,0.8179,single
656981.0,6.0,7,0,0.1353,0,0,4,4,0.8647,single
656981.0,7.0,8,0,0.1901,0,0,4,4,0.8099,single
657643.0,7.0,8,1,0.9629,1,1,1,1,0.0371,single
657643.0,8.0,9,1,0.9737,1,1,1,1,0.0263,single
657643.0,9.0,10,1,0.9848,1,1,1,1,0.0152,single
658244.0,5.0,6,0,0.0042,0,0,4,4,0.9958,single
658313.0,3.0,4,1,0.7705,1,0,1,2,0.2295,single
658313.0,4.0,5,0,0.5234,1,1,3,3,0.4766,single
658313.0,5.0,6,1,0.7704,1,0,1,2,0.2296,single
658585.0,3.0,4,1,0.629,1,1,1,1,0.371,single
658585.0,4.0,5,1,0.8172,1,1,1,1,0.1828,single
658585.0,5.0,6,1,0.931,1,1,1,1,0.069,single
659281.0,7.0,8,1,0.9629,1,1,1,1,0.0371,single
659663.0,3.0,4,1,0.622,1,1,1,1,0.378,single
659663.0,4.0,5,1,0.7738,1,0,1,2,0.2262,single
659663.0,5.0,6,0,0.0989,0,0,4,4,0.9011,single
659905.0,9.0,10,0,0.095,0,0,4,4,0.905,single
661234.0,1.0,2,1,0.0656,0,0,2,2,0.9344,single
661234.0,2.0,3,0,0.1242,0,0,4,4,0.8758,single
661234.0,3.0,4,0,0.3523,0,0,4,4,0.6477,single
662371.0,5.0,6,0,0.051,0,0,4,4,0.949,single
662371.0,6.0,7,0,0.0645,0,0,4,4,0.9355,single
662371.0,7.0,8,0,0.2719,0,0,4,4,0.7281,single
663756.0,1.0,2,1,0.8607,1,1,1,1,0.1393,single
664166.0,1.0,2,1,0.3916,0,0,2,2,0.6084,single
665159.0,9.0,10,1,0.954,1,1,1,1,0.046,single
665542.0,7.0,8,1,0.9273,1,1,1,1,0.0727,single
665592.0,7.0,8,1,0.8267,1,1,1,1,0.1733,single
665683.0,7.0,8,1,0.8431,1,1,1,1,0.1569,single
665852.0,1.0,2,1,0.8761,1,1,1,1,0.1239,single
666315.0,1.0,2,1,0.6438,1,1,1,1,0.3562,single
666645.0,1.0,2,1,0.2572,0,1,2,1,0.7428,single
666837.0,3.0,4,0,0.2825,0,0,4,4,0.7175,single
668006.0,1.0,2,1,0.7419,1,1,1,1,0.2581,single
668115.0,5.0,6,1,0.9465,1,1,1,1,0.0535,single
668115.0,6.0,7,1,0.9782,1,1,1,1,0.0218,single
668115.0,7.0,8,1,0.9629,1,1,1,1,0.0371,single
668953.0,3.0,4,1,0.6659,1,1,1,1,0.3341,single
668953.0,4.0,5,1,0.8162,1,1,1,1,0.1838,single
668953.0,5.0,6,1,0.8508,1,1,1,1,0.1492,single
670916.0,1.0,2,1,0.2216,0,1,2,1,0.7784,single
670916.0,2.0,3,1,0.9388,1,1,1,1,0.0612,single
670916.0,3.0,4,1,0.9182,1,1,1,1,0.0818,single
671581.0,3.0,4,0,0.0249,0,0,4,4,0.9751,single
671581.0,4.0,5,0,0.0476,0,0,4,4,0.9524,single
671581.0,5.0,6,0,0.2301,0,1,4,3,0.7699,single
672207.0,3.0,4,1,0.6236,1,1,1,1,0.3764,single
672207.0,4.0,5,1,0.6779,1,0,1,2,0.3221,single
672207.0,5.0,6,0,0.0778,0,1,4,3,0.9222,single
674520.0,1.0,2,1,0.0298,0,0,2,2,0.9702,single
674520.0,2.0,3,0,0.039,0,0,4,4,0.961,single
674520.0,3.0,4,0,0.0067,0,0,4,4,0.9933,single
675046.0,1.0,2,1,0.8971,1,1,1,1,0.1029,single
675046.0,2.0,3,1,0.9388,1,1,1,1,0.0612,single
675046.0,3.0,4,1,0.8677,1,1,1,1,0.1323,single
675240.0,7.0,8,1,0.9641,1,1,1,1,0.0359,single
675340.0,3.0,4,1,0.8952,1,0,1,2,0.1048,single
675340.0,4.0,5,0,0.5094,1,1,3,3,0.4906,single
675340.0,5.0,6,1,0.8227,1,0,1,2,0.1773,single
675348.0,1.0,2,1,0.941,1,1,1,1,0.059,single
675544.0,1.0,2,1,0.6281,1,1,1,1,0.3719,single
676653.0,5.0,6,0,0.031,0,0,4,4,0.969,single
676653.0,6.0,7,0,0.0229,0,0,4,4,0.9771,single
676653.0,7.0,8,0,0.2738,0,0,4,4,0.7262,single
676812.0,1.0,2,1,0.8971,1,1,1,1,0.1029,single
676812.0,2.0,3,1,0.8898,1,0,1,2,0.1102,single
676812.0,3.0,4,0,0.4378,0,0,4,4,0.5622,single
677316.0,1.0,2,1,0.7834,1,1,1,1,0.2166,single
677316.0,2.0,3,1,0.7352,1,1,1,1,0.2648,single
677316.0,3.0,4,1,0.898,1,1,1,1,0.102,single
677700.0,7.0,8,0,0.0487,0,0,4,4,0.9513,single
677833.0,1.0,2,1,0.6281,1,1,1,1,0.3719,single
677833.0,2.0,3,1,0.8771,1,0,1,2,0.1229,single
677833.0,3.0,4,0,0.3523,0,0,4,4,0.6477,single
682223.0,7.0,8,1,0.9699,1,1,1,1,0.0301,single
684000.0,1.0,2,1,0.7419,1,0,1,2,0.2581,single
684048.0,3.0,4,1,0.667,1,1,1,1,0.333,single
684048.0,4.0,5,1,0.8594,1,1,1,1,0.1406,single
684048.0,5.0,6,1,0.7247,1,1,1,1,0.2753,single
684756.0,3.0,4,0,0.0069,0,0,4,4,0.9931,single
684789.0,1.0,2,1,0.1391,0,0,2,2,0.8609,single
684789.0,2.0,3,0,0.1296,0,0,4,4,0.8704,single
684789.0,3.0,4,0,0.1377,0,0,4,4,0.8623,single
684949.0,1.0,2,1,0.6336,1,1,1,1,0.3664,single
684949.0,2.0,3,1,0.7407,1,0,1,2,0.2593,single
684949.0,3.0,4,0,0.3163,0,0,4,4,0.6837,single
688672.0,5.0,6,0,0.0117,0,0,4,4,0.9883,single
688672.0,6.0,7,0,0.0974,0,0,4,4,0.9026,single
688672.0,7.0,8,0,0.1104,0,0,4,4,0.8896,single
689342.0,3.0,4,0,0.1802,0,0,4,4,0.8198,single
689571.0,5.0,6,1,0.6281,1,1,1,1,0.3719,single
689571.0,6.0,7,1,0.7835,1,1,1,1,0.2165,single
689571.0,7.0,8,1,0.8977,1,1,1,1,0.1023,single
691610.0,7.0,8,0,0.6761,1,1,3,3,0.3239,single
692709.0,7.0,8,0,0.3625,0,0,4,4,0.6375,single
692942.0,7.0,8,1,0.9485,1,1,1,1,0.0515,single
693688.0,5.0,6,0,0.0053,0,0,4,4,0.9947,single
693688.0,6.0,7,0,0.0153,0,0,4,4,0.9847,single
693688.0,7.0,8,0,0.0345,0,0,4,4,0.9655,single
694744.0,5.0,6,0,0.0506,0,0,4,4,0.9494,single
694744.0,6.0,7,0,0.0315,0,0,4,4,0.9685,single
694744.0,7.0,8,0,0.0385,0,0,4,4,0.9615,single
695122.0,7.0,8,0,0.3885,0,0,4,4,0.6115,single
695907.0,1.0,2,1,0.895,1,1,1,1,0.105,single
696465.0,3.0,4,1,0.7037,1,0,1,2,0.2963,single
696465.0,4.0,5,0,0.1858,0,0,4,4,0.8142,single
696465.0,5.0,6,0,0.0555,0,0,4,4,0.9445,single
697504.0,1.0,2,1,0.5853,1,1,1,1,0.4147,single
698316.0,1.0,2,1,0.7974,1,1,1,1,0.2026,single
698316.0,2.0,3,1,0.8771,1,0,1,2,0.1229,single
698316.0,3.0,4,0,0.4244,0,0,4,4,0.5756,single
698441.0,1.0,2,1,0.8828,1,1,1,1,0.1172,single
699561.0,7.0,8,0,0.0379,0,0,4,4,0.9621,single
699620.0,1.0,2,1,0.8971,1,1,1,1,0.1029,single
699620.0,2.0,3,1,0.9388,1,1,1,1,0.0612,single
699620.0,3.0,4,1,0.797,1,1,1,1,0.203,single
699709.0,1.0,2,1,0.2482,0,0,2,2,0.7518,single
700017.0,1.0,2,1,0.6421,1,0,1,2,0.3579,single
701009.0,1.0,2,1,0.0087,0,0,2,2,0.9913,single
701009.0,2.0,3,0,0.0146,0,0,4,4,0.9854,single
701009.0,3.0,4,0,0.013,0,0,4,4,0.987,single
702536.0,7.0,8,0,0.1219,0,0,4,4,0.8781,single
702536.0,8.0,9,0,0.1257,0,0,4,4,0.8743,single
702536.0,9.0,10,0,0.199,0,0,4,4,0.801,single
702599.0,1.0,2,1,0.669,1,1,1,1,0.331,single
702599.0,2.0,3,1,0.8516,1,0,1,2,0.1484,single
702599.0,3.0,4,0,0.1916,0,0,4,4,0.8084,single
702768.0,9.0,10,1,0.954,1,1,1,1,0.046,single
703802.0,1.0,2,1,0.9352,1,1,1,1,0.0648,single
703802.0,2.0,3,1,0.9145,1,1,1,1,0.0855,single
703802.0,3.0,4,1,0.9149,1,1,1,1,0.0851,single
703945.0,7.0,8,1,0.8855,1,1,1,1,0.1145,single
703945.0,8.0,9,1,0.9444,1,1,1,1,0.0556,single
703945.0,9.0,10,1,0.954,1,1,1,1,0.046,single
704469.0,1.0,2,1,0.0656,0,0,2,2,0.9344,single
704469.0,2.0,3,0,0.0085,0,0,4,4,0.9915,single
704469.0,3.0,4,0,0.0141,0,0,4,4,0.9859,single
704755.0,9.0,10,0,0.1596,0,0,4,4,0.8404,single
706272.0,9.0,10,1,0.9681,1,1,1,1,0.0319,single
707218.0,1.0,2,1,0.1316,0,0,2,2,0.8684,single
707218.0,2.0,3,0,0.0193,0,0,4,4,0.9807,single
707218.0,3.0,4,0,0.0345,0,0,4,4,0.9655,single
707462.0,5.0,6,1,0.8508,1,1,1,1,0.1492,single
707462.0,6.0,7,1,0.9562,1,1,1,1,0.0438,single
707462.0,7.0,8,1,0.9171,1,1,1,1,0.0829,single
709662.0,1.0,2,1,0.8607,1,1,1,1,0.1393,single
709662.0,2.0,3,1,0.8516,1,1,1,1,0.1484,single
709662.0,3.0,4,1,0.7744,1,1,1,1,0.2256,single
710838.0,7.0,8,1,0.9315,1,1,1,1,0.0685,single
712074.0,7.0,8,1,0.9629,1,1,1,1,0.0371,single
715396.0,1.0,2,1,0.9151,1,1,1,1,0.0849,single
715396.0,2.0,3,1,0.8124,1,1,1,1,0.1876,single
715396.0,3.0,4,1,0.9182,1,1,1,1,0.0818,single
715690.0,1.0,2,1,0.7974,1,1,1,1,0.2026,single
715690.0,2.0,3,1,0.7609,1,1,1,1,0.2391,single
715690.0,3.0,4,1,0.6182,1,0,1,2,0.3818,single
715896.0,1.0,2,1,0.616,1,0,1,2,0.384,single
716517.0,5.0,6,0,0.4323,0,1,4,3,0.5677,single
716543.0,7.0,8,1,0.9699,1,1,1,1,0.0301,single
717227.0,7.0,8,0,0.031,0,1,4,3,0.969,single
718565.0,7.0,8,0,0.7753,1,1,3,3,0.2247,single
719766.0,5.0,6,0,0.0454,0,0,4,4,0.9546,single
719766.0,6.0,7,0,0.0146,0,0,4,4,0.9854,single
719766.0,7.0,8,0,0.0445,0,0,4,4,0.9555,single
721021.0,4.0,5,0,0.1994,0,0,4,4,0.8006,single
722325.0,1.0,2,1,0.7252,1,1,1,1,0.2748,single
722325.0,2.0,3,1,0.6748,1,1,1,1,0.3252,single
722325.0,3.0,4,1,0.7969,1,0,1,2,0.2031,single
724238.0,4.0,5,0,0.0039,0,0,4,4,0.9961,single
726897.0,1.0,2,1,0.019,0,0,2,2,0.981,single
726897.0,2.0,3,0,0.012,0,0,4,4,0.988,single
726897.0,3.0,4,0,0.0047,0,0,4,4,0.9953,single
728335.0,1.0,2,1,0.2216,0,1,2,1,0.7784,single
728335.0,2.0,3,1,0.7523,1,1,1,1,0.2477,single
728335.0,3.0,4,1,0.644,1,1,1,1,0.356,single
728465.0,3.0,4,1,0.9355,1,1,1,1,0.0645,single
728465.0,4.0,5,1,0.925,1,1,1,1,0.075,single
728465.0,5.0,6,1,0.9371,1,1,1,1,0.0629,single
732422.0,1.0,2,1,0.2509,0,0,2,2,0.7491,single
732422.0,2.0,3,0,0.3508,0,1,4,3,0.6492,single
732422.0,3.0,4,1,0.7741,1,0,1,2,0.2259,single
733799.0,1.0,2,1,0.05,0,0,2,2,0.95,single
734705.0,1.0,2,1,0.6438,1,0,1,2,0.3562,single
735836.0,7.0,8,1,0.9231,1,1,1,1,0.0769,single
735836.0,8.0,9,1,0.9231,1,1,1,1,0.0769,single
735836.0,9.0,10,1,0.954,1,1,1,1,0.046,single
736501.0,1.0,2,1,0.8971,1,1,1,1,0.1029,single
736501.0,2.0,3,1,0.9388,1,1,1,1,0.0612,single
736501.0,3.0,4,1,0.9287,1,1,1,1,0.0713,single
737410.0,4.0,5,0,0.0043,0,0,4,4,0.9957,single
737410.0,5.0,6,0,0.0086,0,0,4,4,0.9914,single
737687.0,3.0,4,0,0.1303,0,0,4,4,0.8697,single
737687.0,4.0,5,0,0.3652,0,1,4,3,0.6348,single
737687.0,5.0,6,1,0.9522,1,0,1,2,0.0478,single
737979.0,7.0,8,0,0.0384,0,0,4,4,0.9616,single
738864.0,7.0,8,1,0.9122,1,1,1,1,0.0878,single
739194.0,7.0,8,0,0.5025,1,0,3,4,0.4975,single
739194.0,8.0,9,0,0.713,1,1,3,3,0.287,single
739194.0,9.0,10,1,0.9213,1,0,1,2,0.0787,single
740054.0,3.0,4,0,0.2846,0,0,4,4,0.7154,single
740054.0,4.0,5,0,0.0129,0,0,4,4,0.9871,single
740054.0,5.0,6,0,0.0235,0,0,4,4,0.9765,single
742024.0,1.0,2,1,0.9036,1,1,1,1,0.0964,single
743368.0,1.0,2,1,0.8218,1,1,1,1,0.1782,single
743368.0,2.0,3,1,0.8438,1,1,1,1,0.1562,single
743368.0,3.0,4,1,0.8363,1,0,1,2,0.1637,single
743756.0,5.0,6,0,0.0053,0,0,4,4,0.9947,single
743756.0,6.0,7,0,0.067,0,0,4,4,0.933,single
743756.0,7.0,8,0,0.1407,0,0,4,4,0.8593,single
743999.0,3.0,4,0,0.3561,0,1,4,3,0.6439,single
743999.0,4.0,5,1,0.7754,1,1,1,1,0.2246,single
743999.0,5.0,6,1,0.8241,1,1,1,1,0.1759,single
744815.0,1.0,2,1,0.9352,1,1,1,1,0.0648,single
744815.0,2.0,3,1,0.9388,1,1,1,1,0.0612,single
744815.0,3.0,4,1,0.9476,1,1,1,1,0.0524,single
745163.0,1.0,2,1,0.2572,0,0,2,2,0.7428,single
745163.0,2.0,3,0,0.1395,0,0,4,4,0.8605,single
745310.0,5.0,6,1,0.6527,1,1,1,1,0.3473,single
745310.0,6.0,7,1,0.9268,1,1,1,1,0.0732,single
745310.0,7.0,8,1,0.9008,1,1,1,1,0.0992,single
746897.0,2.0,3,0,0.0727,0,0,4,4,0.9273,single
746897.0,3.0,4,0,0.0313,0,0,4,4,0.9687,single
747185.0,1.0,2,1,0.0085,0,0,2,2,0.9915,single
747185.0,2.0,3,0,0.0082,0,0,4,4,0.9918,single
747185.0,3.0,4,0,0.0113,0,0,4,4,0.9887,single
748961.0,1.0,2,1,0.468,0,1,2,1,0.532,single
748961.0,2.0,3,1,0.7407,1,1,1,1,0.2593,single
748961.0,3.0,4,1,0.8677,1,1,1,1,0.1323,single
749366.0,1.0,2,1,0.2974,0,1,2,1,0.7026,single
749680.0,3.0,4,0,0.013,0,0,4,4,0.987,single
749680.0,4.0,5,0,0.0016,0,0,4,4,0.9984,single
750323.0,1.0,2,1,0.0477,0,0,2,2,0.9523,single
750961.0,1.0,2,1,0.0038,0,0,2,2,0.9962,single
750961.0,2.0,3,0,0.0075,0,0,4,4,0.9925,single
752428.0,1.0,2,1,0.8127,1,1,1,1,0.1873,single
752428.0,2.0,3,1,0.7828,1,1,1,1,0.2172,single
752428.0,3.0,4,1,0.7969,1,1,1,1,0.2031,single
753600.0,1.0,2,1,0.1391,0,0,2,2,0.8609,single
754817.0,5.0,6,0,0.0454,0,0,4,4,0.9546,single
754817.0,6.0,7,0,0.6004,1,1,3,3,0.3996,single
754817.0,7.0,8,1,0.8431,1,0,1,2,0.1569,single
755546.0,7.0,8,0,0.0303,0,0,4,4,0.9697,single
755630.0,7.0,8,1,0.943,1,1,1,1,0.057,single
756974.0,5.0,6,1,0.791,1,0,1,2,0.209,single
756974.0,6.0,7,0,0.4236,0,1,4,3,0.5764,single
756974.0,7.0,8,1,0.8272,1,1,1,1,0.1728,single
757139.0,1.0,2,1,0.8127,1,0,1,2,0.1873,single
757509.0,1.0,2,1,0.5091,1,1,1,1,0.4909,single
757509.0,2.0,3,1,0.8516,1,1,1,1,0.1484,single
757509.0,3.0,4,1,0.9476,1,1,1,1,0.0524,single
757662.0,1.0,2,1,0.6669,1,0,1,2,0.3331,single
759043.0,3.0,4,1,0.7744,1,1,1,1,0.2256,single
759043.0,4.0,5,1,0.925,1,1,1,1,0.075,single
759043.0,5.0,6,1,0.8227,1,1,1,1,0.1773,single
759048.0,5.0,6,1,0.8227,1,0,1,2,0.1773,single
759048.0,6.0,7,0,0.8372,1,1,3,3,0.1628,single
759048.0,7.0,8,1,0.9629,1,1,1,1,0.0371,single
759605.0,7.0,8,0,0.3946,0,1,4,3,0.6054,single
760058.0,1.0,2,1,0.7903,1,1,1,1,0.2097,single
760058.0,2.0,3,1,0.8125,1,1,1,1,0.1875,single
760058.0,3.0,4,1,0.9073,1,1,1,1,0.0927,single
760173.0,1.0,2,1,0.2482,0,0,2,2,0.7518,single
760583.0,1.0,2,1,0.8127,1,1,1,1,0.1873,single
760607.0,1.0,2,1,0.0085,0,0,2,2,0.9915,single
761258.0,1.0,2,1,0.8607,1,1,1,1,0.1393,single
762318.0,1.0,2,1,0.7779,1,0,1,2,0.2221,single
763281.0,1.0,2,1,0.0225,0,0,2,2,0.9775,single
763301.0,5.0,6,1,0.8378,1,0,1,2,0.1622,single
763301.0,6.0,7,0,0.2607,0,1,4,3,0.7393,single
763301.0,7.0,8,1,0.8533,1,1,1,1,0.1467,single
764326.0,7.0,8,0,0.3758,0,0,4,4,0.6242,single
765070.0,5.0,6,0,0.5422,1,0,3,4,0.4578,single
765070.0,6.0,7,0,0.5361,1,1,3,3,0.4639,single
765070.0,7.0,8,1,0.9122,1,0,1,2,0.0878,single
765109.0,7.0,8,0,0.0628,0,0,4,4,0.9372,single
765699.0,5.0,6,1,0.8676,1,1,1,1,0.1324,single
765699.0,6.0,7,1,0.9562,1,1,1,1,0.0438,single
765699.0,7.0,8,1,0.9231,1,0,1,2,0.0769,single
765846.0,1.0,2,1,0.2755,0,0,2,2,0.7245,single
765846.0,2.0,3,0,0.1552,0,1,4,3,0.8448,single
765846.0,3.0,4,1,0.644,1,0,1,2,0.356,single
765962.0,1.0,2,1,0.2091,0,1,2,1,0.7909,single
767060.0,9.0,10,1,0.954,1,1,1,1,0.046,single
767292.0,1.0,2,1,0.3786,0,1,2,1,0.6214,single
767292.0,2.0,3,1,0.6857,1,0,1,2,0.3143,single
767292.0,3.0,4,0,0.1038,0,0,4,4,0.8962,single
767314.0,5.0,6,1,0.7391,1,0,1,2,0.2609,single
767314.0,6.0,7,0,0.1124,0,0,4,4,0.8876,single
767314.0,7.0,8,0,0.4562,0,1,4,3,0.5438,single
767715.0,1.0,2,1,0.0031,0,0,2,2,0.9969,single
767715.0,2.0,3,0,0.0085,0,0,4,4,0.9915,single
768551.0,7.0,8,1,0.8637,1,1,1,1,0.1363,single
768913.0,5.0,6,0,0.0585,0,0,4,4,0.9415,single
768913.0,6.0,7,0,0.2411,0,0,4,4,0.7589,single
768913.0,7.0,8,0,0.0802,0,0,4,4,0.9198,single
769673.0,1.0,2,1,0.6281,1,0,1,2,0.3719,single
770329.0,5.0,6,0,0.0691,0,0,4,4,0.9309,single
770329.0,6.0,7,0,0.015,0,0,4,4,0.985,single
770329.0,7.0,8,0,0.509,1,1,3,3,0.491,single
771321.0,3.0,4,0,0.1015,0,0,4,4,0.8985,single
771321.0,4.0,5,0,0.1721,0,0,4,4,0.8279,single
771321.0,5.0,6,0,0.474,0,1,4,3,0.526,single
772385.0,1.0,2,1,0.6935,1,0,1,2,0.3065,single
772385.0,2.0,3,0,0.4326,0,1,4,3,0.5674,single
772385.0,3.0,4,1,0.811,1,0,1,2,0.189,single
773381.0,1.0,2,1,0.0264,0,0,2,2,0.9736,single
773474.0,1.0,2,1,0.941,1,1,1,1,0.059,single
774625.0,1.0,2,1,0.0061,0,0,2,2,0.9939,single
776479.0,7.0,8,0,0.1557,0,0,4,4,0.8443,single
776558.0,7.0,8,1,0.943,1,1,1,1,0.057,single
777322.0,3.0,4,1,0.6922,1,1,1,1,0.3078,single
777322.0,4.0,5,1,0.8594,1,1,1,1,0.1406,single
777322.0,5.0,6,1,0.9202,1,1,1,1,0.0798,single
779835.0,3.0,4,0,0.0957,0,0,4,4,0.9043,single
779835.0,4.0,5,0,0.0546,0,0,4,4,0.9454,single
779835.0,5.0,6,0,0.0331,0,0,4,4,0.9669,single
781366.0,1.0,2,1,0.6312,1,1,1,1,0.3688,single
781366.0,2.0,3,1,0.633,1,1,1,1,0.367,single
781366.0,3.0,4,1,0.6199,1,0,1,2,0.3801,single
782693.0,1.0,2,1,0.8127,1,1,1,1,0.1873,single
782693.0,2.0,3,1,0.8124,1,1,1,1,0.1876,single
782693.0,3.0,4,1,0.9338,1,1,1,1,0.0662,single
783024.0,3.0,4,0,0.1736,0,0,4,4,0.8264,single
783024.0,4.0,5,0,0.1444,0,0,4,4,0.8556,single
783024.0,5.0,6,0,0.0503,0,0,4,4,0.9497,single
783793.0,7.0,8,0,0.6036,1,1,3,3,0.3964,single
784414.0,1.0,2,1,0.0298,0,0,2,2,0.9702,single
785205.0,3.0,4,0,0.3403,0,0,4,4,0.6597,single
785205.0,4.0,5,0,0.1313,0,0,4,4,0.8687,single
785205.0,5.0,6,0,0.5061,1,0,3,4,0.4939,single
785935.0,5.0,6,1,0.9583,1,1,1,1,0.0417,single
785935.0,6.0,7,1,0.9475,1,1,1,1,0.0525,single
785935.0,7.0,8,1,0.9629,1,1,1,1,0.0371,single
786362.0,5.0,6,0,0.0075,0,0,4,4,0.9925,single
786362.0,6.0,7,0,0.0038,0,0,4,4,0.9962,single
786362.0,7.0,8,0,0.0445,0,0,4,4,0.9555,single
786491.0,7.0,8,0,0.0278,0,0,4,4,0.9722,single
788307.0,3.0,4,1,0.8677,1,1,1,1,0.1323,single
788307.0,4.0,5,1,0.925,1,1,1,1,0.075,single
788307.0,5.0,6,1,0.9436,1,1,1,1,0.0564,single
789820.0,1.0,2,1,0.941,1,1,1,1,0.059,single
790130.0,7.0,8,1,0.8977,1,1,1,1,0.1023,single
792476.0,3.0,4,1,0.6158,1,1,1,1,0.3842,single
792476.0,4.0,5,1,0.925,1,1,1,1,0.075,single
792476.0,5.0,6,1,0.9522,1,1,1,1,0.0478,single
793526.0,1.0,2,1,0.8673,1,1,1,1,0.1327,single
796598.0,3.0,4,1,0.8677,1,0,1,2,0.1323,single
796598.0,4.0,5,0,0.5725,1,1,3,3,0.4275,single
796598.0,5.0,6,1,0.9225,1,1,1,1,0.0775,single
797307.0,7.0,8,0,0.0345,0,0,4,4,0.9655,single
797711.0,7.0,8,1,0.8977,1,1,1,1,0.1023,single
800177.0,1.0,2,1,0.0181,0,0,2,2,0.9819,single
801527.0,1.0,2,1,0.048,0,0,2,2,0.952,single
805687.0,5.0,6,0,0.0838,0,0,4,4,0.9162,single
805923.0,5.0,6,0,0.0835,0,0,4,4,0.9165,single
805923.0,6.0,7,0,0.0946,0,0,4,4,0.9054,single
805923.0,7.0,8,0,0.1143,0,0,4,4,0.8857,single
806249.0,7.0,8,0,0.5715,1,0,3,4,0.4285,single
806249.0,8.0,9,0,0.7496,1,0,3,4,0.2504,single
806249.0,9.0,10,0,0.7591,1,1,3,3,0.2409,single
807887.0,7.0,8,0,0.5645,1,0,3,4,0.4355,single
808350.0,7.0,8,1,0.9699,1,1,1,1,0.0301,single
808572.0,1.0,2,1,0.5097,1,1,1,1,0.4903,single
808572.0,2.0,3,1,0.7523,1,1,1,1,0.2477,single
808572.0,3.0,4,1,0.7037,1,1,1,1,0.2963,single
809049.0,1.0,2,1,0.0405,0,0,2,2,0.9595,single
809049.0,2.0,3,0,0.0542,0,0,4,4,0.9458,single
809049.0,3.0,4,0,0.1748,0,0,4,4,0.8252,single
809454.0,1.0,2,1,0.2755,0,0,2,2,0.7245,single
809454.0,2.0,3,0,0.2696,0,0,4,4,0.7304,single
809454.0,3.0,4,0,0.1112,0,0,4,4,0.8888,single
809505.0,4.0,5,0,0.0184,0,0,4,4,0.9816,single
809505.0,5.0,6,0,0.3457,0,0,4,4,0.6543,single
812322.0,1.0,2,1,0.6438,1,1,1,1,0.3562,single
812322.0,2.0,3,1,0.7523,1,1,1,1,0.2477,single
812322.0,3.0,4,1,0.7741,1,1,1,1,0.2259,single
812394.0,1.0,2,1,0.7419,1,1,1,1,0.2581,single
813397.0,3.0,4,1,0.9287,1,1,1,1,0.0713,single
813397.0,4.0,5,1,0.9449,1,1,1,1,0.0551,single
813397.0,5.0,6,1,0.9436,1,1,1,1,0.0564,single
815470.0,1.0,2,1,0.9352,1,1,1,1,0.0648,single
815470.0,2.0,3,1,0.7961,1,1,1,1,0.2039,single
815470.0,3.0,4,1,0.7741,1,1,1,1,0.2259,single
815619.0,1.0,2,1,0.685,1,0,1,2,0.315,single
815629.0,1.0,2,1,0.0295,0,0,2,2,0.9705,single
816097.0,3.0,4,0,0.3463,0,1,4,3,0.6537,single
816097.0,4.0,5,1,0.6248,1,1,1,1,0.3752,single
816097.0,5.0,6,1,0.8257,1,1,1,1,0.1743,single
817966.0,1.0,2,1,0.4021,0,0,2,2,0.5979,single
817966.0,2.0,3,0,0.2488,0,1,4,3,0.7512,single
817966.0,3.0,4,1,0.7741,1,1,1,1,0.2259,single
818550.0,7.0,8,0,0.1721,0,0,4,4,0.8279,single
818550.0,8.0,9,0,0.5602,1,0,3,4,0.4398,single
818550.0,9.0,10,0,0.8057,1,0,3,4,0.1943,single
819100.0,1.0,2,1,0.0125,0,0,2,2,0.9875,single
819100.0,2.0,3,0,0.0171,0,0,4,4,0.9829,single
819100.0,3.0,4,0,0.0111,0,0,4,4,0.9889,single
819556.0,7.0,8,0,0.5719,1,1,3,3,0.4281,single
819662.0,5.0,6,1,0.9114,1,1,1,1,0.0886,single
819662.0,6.0,7,1,0.9268,1,1,1,1,0.0732,single
819662.0,7.0,8,1,0.9485,1,1,1,1,0.0515,single
820195.0,1.0,2,1,0.6281,1,0,1,2,0.3719,single
820195.0,2.0,3,0,0.253,0,0,4,4,0.747,single
820195.0,3.0,4,0,0.3695,0,0,4,4,0.6305,single
820262.0,7.0,8,1,0.8461,1,1,1,1,0.1539,single
820396.0,7.0,8,1,0.934,1,1,1,1,0.066,single
822714.0,1.0,2,1,0.7419,1,1,1,1,0.2581,single
824933.0,1.0,2,1,0.6983,1,1,1,1,0.3017,single
825855.0,5.0,6,0,0.008,0,0,4,4,0.992,single
825855.0,6.0,7,0,0.0636,0,0,4,4,0.9364,single
825855.0,7.0,8,0,0.3516,0,0,4,4,0.6484,single
826128.0,3.0,4,1,0.7037,1,1,1,1,0.2963,single
826128.0,4.0,5,1,0.7095,1,0,1,2,0.2905,single
826128.0,5.0,6,0,0.3751,0,1,4,3,0.6249,single
829233.0,3.0,4,1,0.9338,1,1,1,1,0.0662,single
829233.0,4.0,5,1,0.971,1,1,1,1,0.029,single
829233.0,5.0,6,1,0.9522,1,1,1,1,0.0478,single
829448.0,7.0,8,0,0.0718,0,0,4,4,0.9282,single
829749.0,9.0,10,1,0.9881,1,1,1,1,0.0119,single
830001.0,7.0,8,0,0.2138,0,0,4,4,0.7862,single
831303.0,7.0,8,0,0.0195,0,0,4,4,0.9805,single
832244.0,5.0,6,1,0.8519,1,1,1,1,0.1481,single
832244.0,6.0,7,1,0.9514,1,1,1,1,0.0486,single
832244.0,7.0,8,1,0.9573,1,1,1,1,0.0427,single
832409.0,3.0,4,1,0.9355,1,1,1,1,0.0645,single
832409.0,4.0,5,1,0.91,1,1,1,1,0.09,single
832409.0,5.0,6,1,0.9436,1,1,1,1,0.0564,single
832486.0,1.0,2,1,0.8971,1,1,1,1,0.1029,single
833915.0,3.0,4,1,0.9464,1,1,1,1,0.0536,single
833915.0,4.0,5,1,0.9589,1,1,1,1,0.0411,single
833915.0,5.0,6,1,0.8726,1,1,1,1,0.1274,single
834331.0,3.0,4,0,0.0099,0,0,4,4,0.9901,single
836257.0,1.0,2,1,0.1283,0,0,2,2,0.8717,single
837030.0,1.0,2,1,0.2482,0,1,2,1,0.7518,single
837030.0,2.0,3,1,0.8129,1,1,1,1,0.1871,single
837030.0,3.0,4,1,0.6357,1,1,1,1,0.3643,single
839756.0,5.0,6,1,0.8926,1,1,1,1,0.1074,single
839820.0,5.0,6,0,0.3111,0,0,4,4,0.6889,single
839820.0,6.0,7,0,0.0858,0,1,4,3,0.9142,single
839820.0,7.0,8,1,0.8624,1,1,1,1,0.1376,single
839878.0,1.0,2,1,0.8607,1,1,1,1,0.1393,single
840412.0,7.0,8,0,0.2138,0,0,4,4,0.7862,single
840730.0,7.0,8,0,0.4673,0,1,4,3,0.5327,single
841417.0,1.0,2,1,0.6279,1,1,1,1,0.3721,single
841417.0,2.0,3,1,0.6857,1,1,1,1,0.3143,single
841417.0,3.0,4,1,0.6019,1,0,1,2,0.3981,single
842886.0,7.0,8,0,0.1115,0,0,4,4,0.8885,single
843441.0,3.0,4,1,0.6922,1,1,1,1,0.3078,single
843441.0,4.0,5,1,0.8363,1,1,1,1,0.1637,single
843441.0,5.0,6,1,0.9202,1,1,1,1,0.0798,single
843656.0,5.0,6,1,0.9114,1,1,1,1,0.0886,single
843656.0,6.0,7,1,0.8761,1,1,1,1,0.1239,single
843656.0,7.0,8,1,0.9573,1,1,1,1,0.0427,single
844392.0,1.0,2,1,0.3511,0,1,2,1,0.6489,single
844392.0,2.0,3,1,0.9388,1,0,1,2,0.0612,single
844392.0,3.0,4,0,0.5116,1,0,3,4,0.4884,single
844648.0,3.0,4,1,0.7351,1,1,1,1,0.2649,single
844648.0,4.0,5,1,0.8172,1,1,1,1,0.1828,single
844648.0,5.0,6,1,0.8519,1,1,1,1,0.1481,single
846966.0,3.0,4,0,0.0028,0,0,4,4,0.9972,single
846966.0,4.0,5,0,0.0089,0,0,4,4,0.9911,single
846966.0,5.0,6,0,0.0088,0,0,4,4,0.9912,single
847412.0,3.0,4,0,0.1152,0,0,4,4,0.8848,single
847412.0,4.0,5,0,0.0227,0,0,4,4,0.9773,single
847412.0,5.0,6,0,0.0344,0,0,4,4,0.9656,single
847896.0,1.0,2,1,0.103,0,0,2,2,0.897,single
848276.0,1.0,2,1,0.1541,0,0,2,2,0.8459,single
848624.0,4.0,5,0,0.4321,0,0,4,4,0.5679,single
848624.0,5.0,6,0,0.2368,0,0,4,4,0.7632,single
848990.0,1.0,2,1,0.0603,0,0,2,2,0.9397,single
848990.0,2.0,3,0,0.1078,0,0,4,4,0.8922,single
848990.0,3.0,4,0,0.0505,0,1,4,3,0.9495,single
849326.0,5.0,6,1,0.6527,1,0,1,2,0.3473,single
849429.0,3.0,4,0,0.0316,0,0,4,4,0.9684,single
849429.0,4.0,5,0,0.0543,0,0,4,4,0.9457,single
849429.0,5.0,6,0,0.0044,0,0,4,4,0.9956,single
850143.0,1.0,2,1,0.0572,0,0,2,2,0.9428,single
850143.0,2.0,3,0,0.0319,0,0,4,4,0.9681,single
851836.0,7.0,8,0,0.0838,0,0,4,4,0.9162,single
853648.0,3.0,4,0,0.0534,0,0,4,4,0.9466,single
853648.0,4.0,5,0,0.032,0,0,4,4,0.968,single
853648.0,5.0,6,0,0.0251,0,0,4,4,0.9749,single
856847.0,1.0,2,1,0.8607,1,1,1,1,0.1393,single
856877.0,7.0,8,1,0.9699,1,1,1,1,0.0301,single
857018.0,5.0,6,1,0.9583,1,1,1,1,0.0417,single
857018.0,6.0,7,1,0.9475,1,1,1,1,0.0525,single
857018.0,7.0,8,1,0.9756,1,1,1,1,0.0244,single
857083.0,3.0,4,1,0.7298,1,1,1,1,0.2702,single
857083.0,4.0,5,1,0.7244,1,0,1,2,0.2756,single
857083.0,5.0,6,0,0.2368,0,1,4,3,0.7632,single
857142.0,1.0,2,1,0.6336,1,1,1,1,0.3664,single
857142.0,2.0,3,1,0.8771,1,1,1,1,0.1229,single
857142.0,3.0,4,1,0.9287,1,1,1,1,0.0713,single
858111.0,3.0,4,0,0.0363,0,0,4,4,0.9637,single
859103.0,1.0,2,1,0.8758,1,0,1,2,0.1242,single
859103.0,2.0,3,0,0.4244,0,0,4,4,0.5756,single
859103.0,3.0,4,0,0.0444,0,0,4,4,0.9556,single
859155.0,1.0,2,1,0.8884,1,1,1,1,0.1116,single
859459.0,7.0,8,1,0.7784,1,1,1,1,0.2216,single
859459.0,8.0,9,1,0.9231,1,1,1,1,0.0769,single
859459.0,9.0,10,1,0.954,1,1,1,1,0.046,single
860634.0,5.0,6,1,0.8519,1,1,1,1,0.1481,single
860634.0,6.0,7,1,0.9514,1,1,1,1,0.0486,single
860634.0,7.0,8,1,0.9573,1,1,1,1,0.0427,single
861129.0,3.0,4,0,0.0512,0,0,4,4,0.9488,single
861129.0,4.0,5,0,0.276,0,0,4,4,0.724,single
861129.0,5.0,6,0,0.1357,0,0,4,4,0.8643,single
861326.0,1.0,2,1,0.0031,0,0,2,2,0.9969,single
861619.0,7.0,8,0,0.3983,0,0,4,4,0.6017,single
861619.0,8.0,9,0,0.3321,0,0,4,4,0.6679,single
861619.0,9.0,10,0,0.7775,1,0,3,4,0.2225,single
861823.0,7.0,8,0,0.0454,0,1,4,3,0.9546,single
862890.0,1.0,2,1,0.0085,0,0,2,2,0.9915,single
862890.0,2.0,3,0,0.0433,0,0,4,4,0.9567,single
862890.0,3.0,4,0,0.0249,0,0,4,4,0.9751,single
864105.0,1.0,2,1,0.3272,0,0,2,2,0.6728,single
864275.0,1.0,2,1,0.3631,0,0,2,2,0.6369,single
864275.0,2.0,3,0,0.1899,0,0,4,4,0.8101,single
864275.0,3.0,4,0,0.2214,0,0,4,4,0.7786,single
864624.0,7.0,8,0,0.484,0,0,4,4,0.516,single
864624.0,8.0,9,0,0.0964,0,0,4,4,0.9036,single
864624.0,9.0,10,0,0.4437,0,0,4,4,0.5563,single
864899.0,7.0,8,1,0.8624,1,1,1,1,0.1376,single
865820.0,1.0,2,1,0.6497,1,0,1,2,0.3503,single
865820.0,2.0,3,0,0.0569,0,1,4,3,0.9431,single
865820.0,3.0,4,1,0.6659,1,1,1,1,0.3341,single
866285.0,3.0,4,0,0.5493,1,0,3,4,0.4507,single
866285.0,4.0,5,0,0.6168,1,1,3,3,0.3832,single
866285.0,5.0,6,1,0.931,1,1,1,1,0.069,single
866944.0,3.0,4,0,0.2006,0,0,4,4,0.7994,single
866944.0,4.0,5,0,0.1572,0,0,4,4,0.8428,single
866944.0,5.0,6,0,0.2588,0,0,4,4,0.7412,single
867321.0,3.0,4,0,0.0316,0,0,4,4,0.9684,single
867321.0,4.0,5,0,0.0562,0,0,4,4,0.9438,single
867321.0,5.0,6,0,0.0212,0,0,4,4,0.9788,single
869263.0,3.0,4,1,0.6659,1,1,1,1,0.3341,single
869263.0,4.0,5,1,0.7754,1,1,1,1,0.2246,single
869263.0,5.0,6,1,0.791,1,1,1,1,0.209,single
870893.0,1.0,2,1,0.1046,0,0,2,2,0.8954,single
870893.0,2.0,3,0,0.2774,0,0,4,4,0.7226,single
870893.0,3.0,4,0,0.2374,0,1,4,3,0.7626,single
871984.0,1.0,2,1,0.7419,1,1,1,1,0.2581,single
871984.0,2.0,3,1,0.8693,1,1,1,1,0.1307,single
871984.0,3.0,4,1,0.9506,1,1,1,1,0.0494,single
872453.0,3.0,4,1,0.644,1,1,1,1,0.356,single
872453.0,4.0,5,1,0.6284,1,1,1,1,0.3716,single
872453.0,5.0,6,1,0.6551,1,1,1,1,0.3449,single
872783.0,3.0,4,0,0.4288,0,1,4,3,0.5712,single
872783.0,4.0,5,1,0.7721,1,0,1,2,0.2279,single
872783.0,5.0,6,0,0.4543,0,1,4,3,0.5457,single
873012.0,1.0,2,1,0.3346,0,0,2,2,0.6654,single
873438.0,1.0,2,1,0.1313,0,0,2,2,0.8687,single
873438.0,2.0,3,0,0.0698,0,0,4,4,0.9302,single
873438.0,3.0,4,0,0.0534,0,0,4,4,0.9466,single
873493.0,3.0,4,1,0.6236,1,1,1,1,0.3764,single
873493.0,4.0,5,1,0.7908,1,1,1,1,0.2092,single
874827.0,1.0,2,1,0.8607,1,1,1,1,0.1393,single
875508.0,3.0,4,1,0.8295,1,1,1,1,0.1705,single
875508.0,4.0,5,1,0.8179,1,1,1,1,0.1821,single
875508.0,5.0,6,1,0.614,1,0,1,2,0.386,single
875712.0,7.0,8,1,0.7706,1,1,1,1,0.2294,single
875937.0,1.0,2,1,0.9151,1,1,1,1,0.0849,single
876544.0,1.0,2,1,0.6336,1,1,1,1,0.3664,single
878199.0,7.0,8,1,0.9573,1,1,1,1,0.0427,single
879509.0,7.0,8,1,0.962,1,1,1,1,0.038,single
879532.0,1.0,2,1,0.3346,0,1,2,1,0.6654,single
879933.0,5.0,6,1,0.9371,1,1,1,1,0.0629,single
879933.0,6.0,7,1,0.9618,1,1,1,1,0.0382,single
879933.0,7.0,8,1,0.9726,1,1,1,1,0.0274,single
881737.0,7.0,8,0,0.0232,0,0,4,4,0.9768,single
883295.0,1.0,2,1,0.011,0,0,2,2,0.989,single
883496.0,1.0,2,1,0.0431,0,0,2,2,0.9569,single
883920.0,1.0,2,1,0.0019,0,0,2,2,0.9981,single
883966.0,1.0,2,1,0.006,0,0,2,2,0.994,single
883998.0,7.0,8,1,0.8721,1,0,1,2,0.1279,single
884485.0,5.0,6,1,0.9583,1,1,1,1,0.0417,single
884485.0,6.0,7,1,0.9478,1,1,1,1,0.0522,single
884485.0,7.0,8,1,0.9726,1,1,1,1,0.0274,single
885089.0,1.0,2,1,0.6935,1,0,1,2,0.3065,single
885089.0,2.0,3,0,0.182,0,1,4,3,0.818,single
885089.0,3.0,4,1,0.6158,1,0,1,2,0.3842,single
885657.0,3.0,4,0,0.0159,0,0,4,4,0.9841,single
886488.0,5.0,6,0,0.0192,0,0,4,4,0.9808,single
886488.0,6.0,7,0,0.0062,0,0,4,4,0.9938,single
886488.0,7.0,8,0,0.0789,0,0,4,4,0.9211,single
886701.0,1.0,2,1,0.1046,0,0,2,2,0.8954,single
887294.0,5.0,6,1,0.8181,1,0,1,2,0.1819,single
887294.0,6.0,7,0,0.1353,0,1,4,3,0.8647,single
887294.0,7.0,8,1,0.9096,1,1,1,1,0.0904,single
888334.0,3.0,4,0,0.2156,0,0,4,4,0.7844,single
888334.0,4.0,5,0,0.544,1,0,3,4,0.456,single
888334.0,5.0,6,0,0.4616,0,0,4,4,0.5384,single
888823.0,3.0,4,0,0.0627,0,0,4,4,0.9373,single
888823.0,4.0,5,0,0.0562,0,0,4,4,0.9438,single
888823.0,5.0,6,0,0.0815,0,0,4,4,0.9185,single
889131.0,5.0,6,0,0.0217,0,0,4,4,0.9783,single
889131.0,6.0,7,0,0.0176,0,0,4,4,0.9824,single
889131.0,7.0,8,0,0.518,1,0,3,4,0.482,single
889457.0,5.0,6,0,0.095,0,0,4,4,0.905,single
889457.0,6.0,7,0,0.0267,0,0,4,4,0.9733,single
889457.0,7.0,8,0,0.108,0,0,4,4,0.892,single
891149.0,5.0,6,1,0.8227,1,1,1,1,0.1773,single
891149.0,6.0,7,1,0.9618,1,1,1,1,0.0382,single
891149.0,7.0,8,1,0.9601,1,1,1,1,0.0399,single
891351.0,1.0,2,1,0.7419,1,1,1,1,0.2581,single
891351.0,2.0,3,1,0.9722,1,1,1,1,0.0278,single
891351.0,3.0,4,1,0.9077,1,1,1,1,0.0923,single
891647.0,3.0,4,1,0.9578,1,1,1,1,0.0422,single
891647.0,4.0,5,1,0.9449,1,1,1,1,0.0551,single
891647.0,5.0,6,1,0.9583,1,1,1,1,0.0417,single
891938.0,6.0,7,0,0.0095,0,0,4,4,0.9905,single
891938.0,7.0,8,0,0.0191,0,0,4,4,0.9809,single
892525.0,1.0,2,1,0.6935,1,0,1,2,0.3065,single
892525.0,2.0,3,0,0.151,0,0,4,4,0.849,single
892525.0,3.0,4,0,0.0278,0,0,4,4,0.9722,single
892798.0,3.0,4,0,0.0714,0,0,4,4,0.9286,single
892798.0,4.0,5,0,0.0013,0,0,4,4,0.9987,single
893284.0,1.0,2,1,0.7779,1,1,1,1,0.2221,single
893284.0,2.0,3,1,0.6189,1,0,1,2,0.3811,single
893284.0,3.0,4,0,0.0898,0,0,4,4,0.9102,single
893745.0,1.0,2,1,0.8127,1,0,1,2,0.1873,single
893745.0,2.0,3,0,0.6043,1,1,3,3,0.3957,single
893745.0,3.0,4,1,0.8677,1,0,1,2,0.1323,single
894481.0,1.0,2,1,0.3786,0,0,2,2,0.6214,single
895099.0,5.0,6,0,0.1283,0,0,4,4,0.8717,single
895099.0,6.0,7,0,0.0087,0,0,4,4,0.9913,single
895099.0,7.0,8,0,0.1219,0,0,4,4,0.8781,single
895216.0,1.0,2,1,0.0225,0,0,2,2,0.9775,single
895216.0,2.0,3,0,0.0132,0,0,4,4,0.9868,single
895216.0,3.0,4,0,0.0173,0,0,4,4,0.9827,single
897767.0,5.0,6,1,0.7704,1,1,1,1,0.2296,single
897767.0,6.0,7,1,0.8761,1,1,1,1,0.1239,single
897767.0,7.0,8,1,0.8257,1,1,1,1,0.1743,single
898788.0,3.0,4,1,0.8077,1,1,1,1,0.1923,single
898788.0,4.0,5,1,0.8172,1,1,1,1,0.1828,single
898788.0,5.0,6,1,0.8241,1,1,1,1,0.1759,single
899296.0,3.0,4,0,0.2852,0,0,4,4,0.7148,single
899296.0,4.0,5,0,0.2881,0,1,4,3,0.7119,single
899296.0,5.0,6,1,0.7391,1,0,1,2,0.2609,single
899917.0,1.0,2,1,0.468,0,1,2,1,0.532,single
899917.0,2.0,3,1,0.8251,1,0,1,2,0.1749,single
899917.0,3.0,4,0,0.0739,0,0,4,4,0.9261,single
900541.0,3.0,4,0,0.8678,1,0,3,4,0.1322,single
900541.0,4.0,5,0,0.544,1,1,3,3,0.456,single
900541.0,5.0,6,1,0.9114,1,1,1,1,0.0886,single
901038.0,5.0,6,0,0.0867,0,0,4,4,0.9133,single
901038.0,6.0,7,0,0.0233,0,0,4,4,0.9767,single
901038.0,7.0,8,0,0.0628,0,0,4,4,0.9372,single
903616.0,1.0,2,1,0.1605,0,0,2,2,0.8395,single
903948.0,1.0,2,1,0.0019,0,0,2,2,0.9981,single
903948.0,2.0,3,0,0.0052,0,0,4,4,0.9948,single
903948.0,3.0,4,0,0.01,0,0,4,4,0.99,single
903955.0,5.0,6,0,0.0251,0,0,4,4,0.9749,single
903955.0,6.0,7,0,0.0095,0,0,4,4,0.9905,single
903955.0,7.0,8,0,0.0225,0,0,4,4,0.9775,single
904034.0,1.0,2,1,0.8607,1,1,1,1,0.1393,single
904034.0,2.0,3,1,0.7523,1,1,1,1,0.2477,single
904034.0,3.0,4,1,0.811,1,1,1,1,0.189,single
904050.0,7.0,8,0,0.5432,1,1,3,3,0.4568,single
904710.0,1.0,2,1,0.0018,0,0,2,2,0.9982,single
904710.0,2.0,3,0,0.0097,0,0,4,4,0.9903,single
905132.0,3.0,4,1,0.8077,1,1,1,1,0.1923,single
905132.0,4.0,5,1,0.8172,1,1,1,1,0.1828,single
905132.0,5.0,6,1,0.8519,1,1,1,1,0.1481,single
906553.0,5.0,6,1,0.9235,1,1,1,1,0.0765,single
906553.0,6.0,7,1,0.9562,1,1,1,1,0.0438,single
906553.0,7.0,8,1,0.9171,1,1,1,1,0.0829,single
907005.0,1.0,2,1,0.104,0,0,2,2,0.896,single
907005.0,2.0,3,0,0.1246,0,0,4,4,0.8754,single
907005.0,3.0,4,0,0.2255,0,0,4,4,0.7745,single
908479.0,1.0,2,1,0.2216,0,0,2,2,0.7784,single
909697.0,1.0,2,1,0.6281,1,0,1,2,0.3719,single
909697.0,2.0,3,0,0.5591,1,1,3,3,0.4409,single
909697.0,3.0,4,1,0.8195,1,1,1,1,0.1805,single
909748.0,1.0,2,1,0.7903,1,1,1,1,0.2097,single
909955.0,1.0,2,1,0.8888,1,1,1,1,0.1112,single
910047.0,1.0,2,1,0.0656,0,0,2,2,0.9344,single
910956.0,1.0,2,1,0.2573,0,0,2,2,0.7427,single
912422.0,1.0,2,1,0.0028,0,0,2,2,0.9972,single
912444.0,1.0,2,1,0.7866,1,0,1,2,0.2134,single
913883.0,5.0,6,1,0.8926,1,0,1,2,0.1074,single
913883.0,6.0,7,0,0.8773,1,1,3,3,0.1227,single
913883.0,7.0,8,1,0.9629,1,1,1,1,0.0371,single
914232.0,5.0,6,0,0.5425,1,0,3,4,0.4575,single
914232.0,6.0,7,0,0.3903,0,1,4,3,0.6097,single
914232.0,7.0,8,1,0.8365,1,1,1,1,0.1635,single
914982.0,1.0,2,1,0.8208,1,0,1,2,0.1792,single
915106.0,3.0,4,0,0.0149,0,0,4,4,0.9851,single
915106.0,4.0,5,0,0.0191,0,0,4,4,0.9809,single
915106.0,5.0,6,0,0.0126,0,0,4,4,0.9874,single
917102.0,5.0,6,1,0.9225,1,1,1,1,0.0775,single
917102.0,6.0,7,1,0.9449,1,1,1,1,0.0551,single
917102.0,7.0,8,1,0.9715,1,1,1,1,0.0285,single
917768.0,7.0,8,0,0.5056,1,0,3,4,0.4944,single
918795.0,7.0,8,0,0.1178,0,0,4,4,0.8822,single
918859.0,3.0,4,0,0.0699,0,1,4,3,0.9301,single
918859.0,4.0,5,1,0.5998,1,0,1,2,0.4002,single
918859.0,5.0,6,0,0.0823,0,0,4,4,0.9177,single
919286.0,1.0,2,1,0.103,0,0,2,2,0.897,single
919286.0,2.0,3,0,0.0119,0,0,4,4,0.9881,single
919286.0,3.0,4,0,0.0455,0,0,4,4,0.9545,single
920132.0,7.0,8,1,0.9171,1,1,1,1,0.0829,single
920994.0,1.0,2,1,0.0457,0,0,2,2,0.9543,single
922208.0,1.0,2,1,0.7419,1,0,1,2,0.2581,single
922510.0,5.0,6,0,0.0786,0,0,4,4,0.9214,single
922510.0,6.0,7,0,0.3271,0,0,4,4,0.6729,single
922510.0,7.0,8,0,0.4604,0,0,4,4,0.5396,single
924381.0,1.0,2,1,0.0028,0,0,2,2,0.9972,single
924381.0,2.0,3,0,0.0098,0,0,4,4,0.9902,single
924448.0,3.0,4,0,0.0153,0,0,4,4,0.9847,single
924448.0,4.0,5,0,0.036,0,0,4,4,0.964,single
924448.0,5.0,6,0,0.0376,0,0,4,4,0.9624,single
924533.0,1.0,2,1,0.0149,0,0,2,2,0.9851,single
924533.0,2.0,3,0,0.0093,0,0,4,4,0.9907,single
924533.0,3.0,4,0,0.0038,0,0,4,4,0.9962,single
925111.0,5.0,6,0,0.0079,0,0,4,4,0.9921,single
925111.0,6.0,7,0,0.0115,0,0,4,4,0.9885,single
925111.0,7.0,8,0,0.0454,0,0,4,4,0.9546,single
926858.0,1.0,2,1,0.2277,0,0,2,2,0.7723,single
926866.0,7.0,8,0,0.1489,0,0,4,4,0.8511,single
927400.0,5.0,6,1,0.6432,1,0,1,2,0.3568,single
927400.0,6.0,7,0,0.0491,0,0,4,4,0.9509,single
927400.0,7.0,8,0,0.3345,0,1,4,3,0.6655,single
927843.0,1.0,2,1,0.0085,0,0,2,2,0.9915,single
927843.0,2.0,3,0,0.1233,0,0,4,4,0.8767,single
927843.0,3.0,4,0,0.0129,0,0,4,4,0.9871,single
928990.0,1.0,2,1,0.7903,1,1,1,1,0.2097,single
932035.0,1.0,2,1,0.3346,0,0,2,2,0.6654,single
932355.0,3.0,4,0,0.0076,0,0,4,4,0.9924,single
932355.0,4.0,5,0,0.034,0,0,4,4,0.966,single
932355.0,5.0,6,0,0.0214,0,0,4,4,0.9786,single
932694.0,5.0,6,1,0.8926,1,1,1,1,0.1074,single
933273.0,3.0,4,0,0.0758,0,0,4,4,0.9242,single
933273.0,4.0,5,0,0.1457,0,0,4,4,0.8543,single
933273.0,5.0,6,0,0.0262,0,0,4,4,0.9738,single
933655.0,3.0,4,0,0.4426,0,0,4,4,0.5574,single
933655.0,4.0,5,0,0.0063,0,0,4,4,0.9937,single
933655.0,5.0,6,0,0.0115,0,0,4,4,0.9885,single
934639.0,5.0,6,0,0.0102,0,0,4,4,0.9898,single
934639.0,6.0,7,0,0.0633,0,0,4,4,0.9367,single
934639.0,7.0,8,0,0.0445,0,0,4,4,0.9555,single
934927.0,1.0,2,1,0.0073,0,0,2,2,0.9927,single
935287.0,1.0,2,1,0.7509,1,1,1,1,0.2491,single
935295.0,7.0,8,0,0.1219,0,1,4,3,0.8781,single
935442.0,7.0,8,1,0.9629,1,1,1,1,0.0371,single
936569.0,1.0,2,1,0.0051,0,0,2,2,0.9949,single
937561.0,7.0,8,1,0.9315,1,1,1,1,0.0685,single
938200.0,1.0,2,1,0.8758,1,1,1,1,0.1242,single
939049.0,1.0,2,1,0.2904,0,0,2,2,0.7096,single
939049.0,2.0,3,0,0.4244,0,1,4,3,0.5756,single
939049.0,3.0,4,1,0.7969,1,0,1,2,0.2031,single
939303.0,9.0,10,1,0.9681,1,1,1,1,0.0319,single
939422.0,5.0,6,0,0.4609,0,0,4,4,0.5391,single
939422.0,6.0,7,0,0.4463,0,1,4,3,0.5537,single
939422.0,7.0,8,1,0.9573,1,1,1,1,0.0427,single
939670.0,3.0,4,0,0.3141,0,1,4,3,0.6859,single
939670.0,4.0,5,1,0.7095,1,0,1,2,0.2905,single
939670.0,5.0,6,0,0.2584,0,0,4,4,0.7416,single
939895.0,1.0,2,1,0.1284,0,0,2,2,0.8716,single
940298.0,5.0,6,1,0.944,1,1,1,1,0.056,single
940298.0,6.0,7,1,0.822,1,1,1,1,0.178,single
940298.0,7.0,8,1,0.9353,1,1,1,1,0.0647,single
942033.0,5.0,6,0,0.4284,0,0,4,4,0.5716,single
942033.0,6.0,7,0,0.0552,0,0,4,4,0.9448,single
942033.0,7.0,8,0,0.1262,0,0,4,4,0.8738,single
943468.0,3.0,4,0,0.1263,0,0,4,4,0.8737,single
943468.0,4.0,5,0,0.1178,0,0,4,4,0.8822,single
943468.0,5.0,6,0,0.0786,0,0,4,4,0.9214,single
943807.0,1.0,2,1,0.6669,1,1,1,1,0.3331,single
944527.0,7.0,8,1,0.9646,1,1,1,1,0.0354,single
945554.0,1.0,2,1,0.2216,0,0,2,2,0.7784,single
945554.0,2.0,3,0,0.1946,0,0,4,4,0.8054,single
945554.0,3.0,4,0,0.0956,0,0,4,4,0.9044,single
947611.0,1.0,2,1,0.8761,1,1,1,1,0.1239,single
950751.0,1.0,2,1,0.0192,0,0,2,2,0.9808,single
951272.0,7.0,8,1,0.943,1,1,1,1,0.057,single
953438.0,7.0,8,1,0.7706,1,1,1,1,0.2294,single
953508.0,1.0,2,1,0.1035,0,0,2,2,0.8965,single
953508.0,2.0,3,0,0.0146,0,0,4,4,0.9854,single
953508.0,3.0,4,0,0.2852,0,1,4,3,0.7148,single
954431.0,5.0,6,1,0.9522,1,1,1,1,0.0478,single
954431.0,6.0,7,1,0.8335,1,1,1,1,0.1665,single
954431.0,7.0,8,1,0.9699,1,1,1,1,0.0301,single
954662.0,1.0,2,1,0.8761,1,1,1,1,0.1239,single
954662.0,2.0,3,1,0.8331,1,1,1,1,0.1669,single
954662.0,3.0,4,1,0.9077,1,1,1,1,0.0923,single
954986.0,1.0,2,1,0.7419,1,0,1,2,0.2581,single
956229.0,9.0,10,0,0.0821,0,0,4,4,0.9179,single
958257.0,7.0,8,0,0.0489,0,0,4,4,0.9511,single
961504.0,5.0,6,0,0.1051,0,0,4,4,0.8949,single
961504.0,6.0,7,0,0.3071,0,0,4,4,0.6929,single
961504.0,7.0,8,0,0.7513,1,1,3,3,0.2487,single
962322.0,7.0,8,0,0.0339,0,0,4,4,0.9661,single
962349.0,1.0,2,1,0.2573,0,0,2,2,0.7427,single
962349.0,2.0,3,0,0.253,0,0,4,4,0.747,single
962349.0,3.0,4,0,0.2554,0,0,4,4,0.7446,single
963587.0,5.0,6,0,0.0086,0,0,4,4,0.9914,single
963587.0,6.0,7,0,0.014,0,0,4,4,0.986,single
964029.0,7.0,8,1,0.9434,1,1,1,1,0.0566,single
964334.0,5.0,6,0,0.4604,0,1,4,3,0.5396,single
964334.0,6.0,7,1,0.878,1,0,1,2,0.122,single
964334.0,7.0,8,0,0.3946,0,0,4,4,0.6054,single
964360.0,1.0,2,1,0.0031,0,0,2,2,0.9969,single
964769.0,7.0,8,0,0.0503,0,0,4,4,0.9497,single
964769.0,8.0,9,0,0.0974,0,0,4,4,0.9026,single
964769.0,9.0,10,0,0.1887,0,0,4,4,0.8113,single
965930.0,3.0,4,1,0.8565,1,1,1,1,0.1435,single
965930.0,4.0,5,1,0.9502,1,1,1,1,0.0498,single
965930.0,5.0,6,1,0.9235,1,1,1,1,0.0765,single
967998.0,1.0,2,1,0.0455,0,0,2,2,0.9545,single
967998.0,2.0,3,0,0.0886,0,0,4,4,0.9114,single
967998.0,3.0,4,0,0.4244,0,0,4,4,0.5756,single
968079.0,1.0,2,1,0.3511,0,0,2,2,0.6489,single
969674.0,7.0,8,0,0.025,0,0,4,4,0.975,single
970140.0,1.0,2,1,0.9548,1,1,1,1,0.0452,single
970357.0,3.0,4,0,0.006,0,0,4,4,0.994,single
970357.0,4.0,5,0,0.0111,0,0,4,4,0.9889,single
970357.0,5.0,6,0,0.0115,0,0,4,4,0.9885,single
970802.0,7.0,8,1,0.8342,1,1,1,1,0.1658,single
971797.0,1.0,2,1,0.0756,0,1,2,1,0.9244,single
971797.0,2.0,3,1,0.7793,1,1,1,1,0.2207,single
971797.0,3.0,4,1,0.622,1,0,1,2,0.378,single
972902.0,7.0,8,0,0.0503,0,0,4,4,0.9497,single
972902.0,8.0,9,0,0.0687,0,0,4,4,0.9313,single
972902.0,9.0,10,0,0.1046,0,0,4,4,0.8954,single
975029.0,1.0,2,1,0.6935,1,1,1,1,0.3065,single
975785.0,3.0,4,0,0.1152,0,0,4,4,0.8848,single
975785.0,4.0,5,0,0.1572,0,0,4,4,0.8428,single
975785.0,5.0,6,0,0.044,0,0,4,4,0.956,single
976990.0,7.0,8,0,0.141,0,0,4,4,0.859,single
978009.0,7.0,8,0,0.0721,0,0,4,4,0.9279,single
978152.0,1.0,2,1,0.2467,0,0,2,2,0.7533,single
978152.0,2.0,3,0,0.2096,0,0,4,4,0.7904,single
978152.0,3.0,4,0,0.097,0,0,4,4,0.903,single
979541.0,9.0,10,1,0.9681,1,1,1,1,0.0319,single
980675.0,1.0,2,1,0.3916,0,1,2,1,0.6084,single
980846.0,1.0,2,1,0.2705,0,0,2,2,0.7295,single
980846.0,2.0,3,0,0.0424,0,0,4,4,0.9576,single
980975.0,7.0,8,0,0.0828,0,0,4,4,0.9172,single
981577.0,7.0,8,0,0.2191,0,1,4,3,0.7809,single
981577.0,8.0,9,1,0.9537,1,1,1,1,0.0463,single
981577.0,9.0,10,1,0.9213,1,0,1,2,0.0787,single
982393.0,1.0,2,1,0.8758,1,1,1,1,0.1242,single
982393.0,2.0,3,1,0.934,1,1,1,1,0.066,single
982393.0,3.0,4,1,0.9287,1,1,1,1,0.0713,single
983714.0,1.0,2,1,0.8642,1,0,1,2,0.1358,single
983750.0,1.0,2,1,0.1219,0,0,2,2,0.8781,single
983750.0,2.0,3,0,0.2884,0,0,4,4,0.7116,single
983750.0,3.0,4,0,0.0834,0,0,4,4,0.9166,single
985471.0,7.0,8,0,0.6565,1,1,3,3,0.3435,single
985535.0,3.0,4,0,0.0061,0,0,4,4,0.9939,single
987377.0,1.0,2,1,0.0382,0,0,2,2,0.9618,single
987704.0,3.0,4,1,0.9476,1,1,1,1,0.0524,single
987704.0,4.0,5,1,0.8594,1,1,1,1,0.1406,single
987704.0,5.0,6,1,0.9347,1,1,1,1,0.0653,single
987916.0,5.0,6,0,0.0126,0,0,4,4,0.9874,single
987916.0,6.0,7,0,0.0113,0,0,4,4,0.9887,single
987916.0,7.0,8,0,0.0191,0,0,4,4,0.9809,single
988170.0,6.0,7,0,0.0058,0,0,4,4,0.9942,single
988170.0,7.0,8,0,0.0303,0,0,4,4,0.9697,single
988442.0,5.0,6,1,0.8257,1,1,1,1,0.1743,single
988442.0,6.0,7,1,0.9478,1,0,1,2,0.0522,single
988442.0,7.0,8,0,0.6834,1,1,3,3,0.3166,single
988816.0,1.0,2,1,0.0382,0,0,2,2,0.9618,single
988816.0,2.0,3,0,0.0025,0,0,4,4,0.9975,single
989115.0,1.0,2,1,0.4015,0,0,2,2,0.5985,single
989115.0,2.0,3,0,0.162,0,0,4,4,0.838,single
989115.0,3.0,4,0,0.4244,0,0,4,4,0.5756,single
989893.0,1.0,2,1,0.0101,0,0,2,2,0.9899,single
989970.0,1.0,2,1,0.8127,1,0,1,2,0.1873,single
989970.0,2.0,3,0,0.3623,0,1,4,3,0.6377,single
989970.0,3.0,4,1,0.6659,1,1,1,1,0.3341,single
990181.0,5.0,6,1,0.9225,1,1,1,1,0.0775,single
990181.0,6.0,7,1,0.9475,1,1,1,1,0.0525,single
990181.0,7.0,8,1,0.9699,1,1,1,1,0.0301,single
990313.0,1.0,2,1,0.0066,0,0,2,2,0.9934,single
990313.0,2.0,3,0,0.0055,0,0,4,4,0.9945,single
990313.0,3.0,4,0,0.0084,0,0,4,4,0.9916,single
991011.0,3.0,4,0,0.0813,0,0,4,4,0.9187,single
991011.0,4.0,5,0,0.0169,0,0,4,4,0.9831,single
991011.0,5.0,6,0,0.0893,0,0,4,4,0.9107,single
991219.0,7.0,8,1,0.8113,1,0,1,2,0.1887,single
991818.0,1.0,2,1,0.1822,0,0,2,2,0.8178,single
993829.0,1.0,2,1,0.3225,0,0,2,2,0.6775,single
993829.0,2.0,3,0,0.1233,0,0,4,4,0.8767,single
993829.0,3.0,4,0,0.0412,0,0,4,4,0.9588,single
994975.0,1.0,2,1,0.8828,1,1,1,1,0.1172,single
995562.0,1.0,2,1,0.8127,1,0,1,2,0.1873,single
995562.0,2.0,3,0,0.3935,0,0,4,4,0.6065,single
995562.0,3.0,4,0,0.2285,0,1,4,3,0.7715,single
995688.0,1.0,2,1,0.0101,0,0,2,2,0.9899,single
995710.0,4.0,5,0,0.0064,0,0,4,4,0.9936,single
995710.0,5.0,6,0,0.0042,0,0,4,4,0.9958,single
996017.0,5.0,6,0,0.2368,0,0,4,4,0.7632,single
996017.0,6.0,7,0,0.089,0,0,4,4,0.911,single
996017.0,7.0,8,0,0.5921,1,1,3,3,0.4079,single
996417.0,5.0,6,1,0.8926,1,1,1,1,0.1074,single
996417.0,6.0,7,1,0.9414,1,1,1,1,0.0586,single
996417.0,7.0,8,1,0.9641,1,1,1,1,0.0359,single
997130.0,3.0,4,1,0.7824,1,1,1,1,0.2176,single
997130.0,4.0,5,1,0.8657,1,1,1,1,0.1343,single
997130.0,5.0,6,1,0.8227,1,1,1,1,0.1773,single
997884.0,1.0,2,1,0.7419,1,0,1,2,0.2581,single
997989.0,3.0,4,0,0.0198,0,0,4,4,0.9802,single
997989.0,4.0,5,0,0.1755,0,0,4,4,0.8245,single
997989.0,5.0,6,0,0.021,0,0,4,4,0.979,single
