ЗачетнаяКнижка,sem_num,target_sem,prev_scholarship,prob_scholarship,pred_scholarship,actual_scholarship,pred_class_B,actual_class_B,risk_score,model_used
100388.0,1.0,2,1,0.2856,0,0,2,2,0.7144,XGBoost
100388.0,2.0,3,0,0.1944,0,0,4,4,0.8056,XGBoost
100388.0,3.0,4,0,0.2618,0,0,4,4,0.7382,XGBoost
100389.0,5.0,6,1,0.8662,1,0,1,2,0.1338,XGBoost
100389.0,6.0,7,0,0.8358,1,1,3,3,0.1642,XGBoost
100389.0,7.0,8,1,0.9431,1,1,1,1,0.0569,XGBoost
100480.0,1.0,2,1,0.1809,0,0,2,2,0.8191,XGBoost
100480.0,2.0,3,0,0.0573,0,0,4,4,0.9427,XGBoost
100480.0,3.0,4,0,0.1823,0,0,4,4,0.8177,XGBoost
101054.0,5.0,6,1,0.8683,1,1,1,1,0.1317,XGBoost
101054.0,6.0,7,1,0.8911,1,0,1,2,0.1089,XGBoost
101054.0,7.0,8,0,0.5383,1,1,3,3,0.4617,XGBoost
101998.0,1.0,2,1,0.6079,1,0,1,2,0.3921,XGBoost
101998.0,2.0,3,0,0.4295,0,0,4,4,0.5705,XGBoost
101998.0,3.0,4,0,0.1818,0,0,4,4,0.8182,XGBoost
104323.0,1.0,2,1,0.9419,1,1,1,1,0.0581,XGBoost
104323.0,2.0,3,1,0.9192,1,1,1,1,0.0808,XGBoost
104323.0,3.0,4,1,0.7245,1,1,1,1,0.2755,XGBoost
106879.0,7.0,8,1,0.8795,1,1,1,1,0.1205,XGBoost
106901.0,3.0,4,1,0.8623,1,1,1,1,0.1377,XGBoost
106901.0,4.0,5,1,0.793,1,1,1,1,0.207,XGBoost
106901.0,5.0,6,1,0.8053,1,1,1,1,0.1947,XGBoost
108624.0,1.0,2,1,0.0776,0,0,2,2,0.9224,XGBoost
108748.0,5.0,6,1,0.9318,1,1,1,1,0.0682,XGBoost
108748.0,6.0,7,1,0.9745,1,1,1,1,0.0255,XGBoost
108748.0,7.0,8,1,0.963,1,1,1,1,0.037,XGBoost
109622.0,1.0,2,1,0.0325,0,1,2,1,0.9675,XGBoost
113088.0,1.0,2,1,0.8336,1,1,1,1,0.1664,XGBoost
113937.0,5.0,6,1,0.9007,1,1,1,1,0.0993,XGBoost
113937.0,6.0,7,1,0.9629,1,1,1,1,0.0371,XGBoost
113937.0,7.0,8,1,0.9903,1,1,1,1,0.0097,XGBoost
117131.0,5.0,6,1,0.8743,1,1,1,1,0.1257,XGBoost
117131.0,6.0,7,1,0.9792,1,1,1,1,0.0208,XGBoost
117131.0,7.0,8,1,0.9758,1,1,1,1,0.0242,XGBoost
117179.0,3.0,4,0,0.0081,0,0,4,4,0.9919,XGBoost
117179.0,4.0,5,0,0.0068,0,0,4,4,0.9932,XGBoost
117179.0,5.0,6,0,0.0108,0,0,4,4,0.9892,XGBoost
117245.0,3.0,4,0,0.0048,0,0,4,4,0.9952,XGBoost
117245.0,4.0,5,0,0.0043,0,0,4,4,0.9957,XGBoost
117245.0,5.0,6,0,0.012,0,0,4,4,0.988,XGBoost
117429.0,1.0,2,1,0.0307,0,0,2,2,0.9693,XGBoost
117760.0,1.0,2,1,0.8301,1,0,1,2,0.1699,XGBoost
117805.0,9.0,10,0,0.4785,0,1,4,3,0.5215,XGBoost
117863.0,1.0,2,1,0.8336,1,0,1,2,0.1664,XGBoost
117863.0,2.0,3,0,0.4032,0,0,4,4,0.5968,XGBoost
117863.0,3.0,4,0,0.3778,0,1,4,3,0.6222,XGBoost
118167.0,3.0,4,1,0.7382,1,1,1,1,0.2618,XGBoost
118167.0,4.0,5,1,0.6173,1,1,1,1,0.3827,XGBoost
118167.0,5.0,6,1,0.77,1,1,1,1,0.23,XGBoost
118474.0,1.0,2,1,0.9295,1,1,1,1,0.0705,XGBoost
118961.0,5.0,6,1,0.9325,1,1,1,1,0.0675,XGBoost
118961.0,6.0,7,1,0.917,1,1,1,1,0.083,XGBoost
118961.0,7.0,8,1,0.9097,1,1,1,1,0.0903,XGBoost
119787.0,7.0,8,0,0.6766,1,1,3,3,0.3234,XGBoost
120240.0,5.0,6,1,0.7474,1,1,1,1,0.2526,XGBoost
120240.0,6.0,7,1,0.7749,1,0,1,2,0.2251,XGBoost
120240.0,7.0,8,0,0.1793,0,1,4,3,0.8207,XGBoost
121371.0,5.0,6,0,0.0364,0,0,4,4,0.9636,XGBoost
121371.0,6.0,7,0,0.1547,0,0,4,4,0.8453,XGBoost
121371.0,7.0,8,0,0.0538,0,0,4,4,0.9462,XGBoost
122590.0,7.0,8,1,0.9903,1,1,1,1,0.0097,XGBoost
122960.0,3.0,4,1,0.8922,1,1,1,1,0.1078,XGBoost
122960.0,4.0,5,1,0.905,1,1,1,1,0.095,XGBoost
122960.0,5.0,6,1,0.9419,1,1,1,1,0.0581,XGBoost
123596.0,5.0,6,1,0.9585,1,0,1,2,0.0415,XGBoost
123596.0,6.0,7,0,0.1758,0,0,4,4,0.8242,XGBoost
123596.0,7.0,8,0,0.0748,0,0,4,4,0.9252,XGBoost
127318.0,1.0,2,1,0.1967,0,0,2,2,0.8033,XGBoost
127318.0,2.0,3,0,0.1213,0,0,4,4,0.8787,XGBoost
127350.0,1.0,2,1,0.0582,0,0,2,2,0.9418,XGBoost
127350.0,2.0,3,0,0.0984,0,0,4,4,0.9016,XGBoost
127350.0,3.0,4,0,0.0914,0,0,4,4,0.9086,XGBoost
128664.0,1.0,2,1,0.1308,0,0,2,2,0.8692,XGBoost
128664.0,2.0,3,0,0.2244,0,1,4,3,0.7756,XGBoost
128664.0,3.0,4,1,0.7423,1,0,1,2,0.2577,XGBoost
128972.0,1.0,2,1,0.0064,0,0,2,2,0.9936,XGBoost
128996.0,5.0,6,0,0.4236,0,0,4,4,0.5764,XGBoost
128996.0,6.0,7,0,0.3021,0,1,4,3,0.6979,XGBoost
128996.0,7.0,8,1,0.8153,1,0,1,2,0.1847,XGBoost
129270.0,3.0,4,0,0.0037,0,0,4,4,0.9963,XGBoost
129771.0,1.0,2,1,0.0542,0,0,2,2,0.9458,XGBoost
133155.0,5.0,6,0,0.6503,1,1,3,3,0.3497,XGBoost
133155.0,6.0,7,1,0.8477,1,1,1,1,0.1523,XGBoost
133155.0,7.0,8,1,0.9065,1,1,1,1,0.0935,XGBoost
133203.0,1.0,2,1,0.7948,1,0,1,2,0.2052,XGBoost
133635.0,1.0,2,1,0.2157,0,0,2,2,0.7843,XGBoost
134505.0,3.0,4,0,0.0056,0,0,4,4,0.9944,XGBoost
134505.0,4.0,5,0,0.0062,0,0,4,4,0.9938,XGBoost
134505.0,5.0,6,0,0.0081,0,0,4,4,0.9919,XGBoost
134610.0,7.0,8,1,0.8571,1,1,1,1,0.1429,XGBoost
135086.0,3.0,4,0,0.4082,0,0,4,4,0.5918,XGBoost
135086.0,4.0,5,0,0.0096,0,0,4,4,0.9904,XGBoost
135086.0,5.0,6,0,0.0108,0,0,4,4,0.9892,XGBoost
135374.0,1.0,2,1,0.1914,0,0,2,2,0.8086,XGBoost
136139.0,1.0,2,1,0.7373,1,1,1,1,0.2627,XGBoost
136599.0,1.0,2,1,0.5405,1,1,1,1,0.4595,XGBoost
136997.0,7.0,8,1,0.9236,1,1,1,1,0.0764,XGBoost
137634.0,3.0,4,1,0.9654,1,1,1,1,0.0346,XGBoost
137634.0,4.0,5,1,0.5612,1,1,1,1,0.4388,XGBoost
137634.0,5.0,6,1,0.9585,1,1,1,1,0.0415,XGBoost
138086.0,3.0,4,1,0.6916,1,1,1,1,0.3084,XGBoost
138086.0,4.0,5,1,0.6056,1,0,1,2,0.3944,XGBoost
138086.0,5.0,6,0,0.5212,1,0,3,4,0.4788,XGBoost
141164.0,1.0,2,1,0.0384,0,0,2,2,0.9616,XGBoost
141868.0,5.0,6,0,0.0079,0,0,4,4,0.9921,XGBoost
141868.0,6.0,7,0,0.0074,0,0,4,4,0.9926,XGBoost
144772.0,5.0,6,0,0.0057,0,0,4,4,0.9943,XGBoost
144772.0,6.0,7,0,0.0708,0,0,4,4,0.9292,XGBoost
144772.0,7.0,8,0,0.0295,0,0,4,4,0.9705,XGBoost
144802.0,7.0,8,1,0.9746,1,1,1,1,0.0254,XGBoost
147389.0,7.0,8,0,0.1266,0,0,4,4,0.8734,XGBoost
148131.0,3.0,4,0,0.007,0,0,4,4,0.993,XGBoost
148131.0,4.0,5,0,0.0215,0,0,4,4,0.9785,XGBoost
148131.0,5.0,6,0,0.0042,0,0,4,4,0.9958,XGBoost
149441.0,7.0,8,0,0.217,0,0,4,4,0.783,XGBoost
149441.0,8.0,9,0,0.1748,0,0,4,4,0.8252,XGBoost
149441.0,9.0,10,0,0.1345,0,0,4,4,0.8655,XGBoost
149654.0,7.0,8,0,0.1021,0,0,4,4,0.8979,XGBoost
150662.0,5.0,6,1,0.9318,1,1,1,1,0.0682,XGBoost
150662.0,6.0,7,1,0.9745,1,1,1,1,0.0255,XGBoost
150662.0,7.0,8,1,0.9795,1,1,1,1,0.0205,XGBoost
151273.0,1.0,2,1,0.2591,0,0,2,2,0.7409,XGBoost
153172.0,5.0,6,1,0.7103,1,0,1,2,0.2897,XGBoost
153172.0,6.0,7,0,0.7576,1,0,3,4,0.2424,XGBoost
153172.0,7.0,8,0,0.5383,1,1,3,3,0.4617,XGBoost
153466.0,3.0,4,0,0.1924,0,0,4,4,0.8076,XGBoost
153466.0,4.0,5,0,0.4066,0,1,4,3,0.5934,XGBoost
153466.0,5.0,6,1,0.9281,1,1,1,1,0.0719,XGBoost
153675.0,1.0,2,1,0.4869,0,1,2,1,0.5131,XGBoost
153675.0,2.0,3,1,0.5926,1,0,1,2,0.4074,XGBoost
153675.0,3.0,4,0,0.2215,0,1,4,3,0.7785,XGBoost
155261.0,1.0,2,1,0.97,1,1,1,1,0.03,XGBoost
155734.0,1.0,2,1,0.9419,1,1,1,1,0.0581,XGBoost
155734.0,2.0,3,1,0.9192,1,1,1,1,0.0808,XGBoost
155734.0,3.0,4,1,0.8392,1,0,1,2,0.1608,XGBoost
156384.0,5.0,6,1,0.7735,1,1,1,1,0.2265,XGBoost
156384.0,6.0,7,1,0.7903,1,1,1,1,0.2097,XGBoost
156384.0,7.0,8,1,0.8536,1,0,1,2,0.1464,XGBoost
156464.0,1.0,2,1,0.6079,1,0,1,2,0.3921,XGBoost
156892.0,1.0,2,1,0.0079,0,0,2,2,0.9921,XGBoost
157266.0,1.0,2,1,0.3552,0,0,2,2,0.6448,XGBoost
157266.0,2.0,3,0,0.033,0,0,4,4,0.967,XGBoost
157266.0,3.0,4,0,0.0865,0,0,4,4,0.9135,XGBoost
157537.0,5.0,6,0,0.0073,0,0,4,4,0.9927,XGBoost
157537.0,6.0,7,0,0.0078,0,0,4,4,0.9922,XGBoost
157537.0,7.0,8,0,0.0318,0,0,4,4,0.9682,XGBoost
160254.0,3.0,4,0,0.2784,0,0,4,4,0.7216,XGBoost
160254.0,4.0,5,0,0.4386,0,0,4,4,0.5614,XGBoost
160254.0,5.0,6,0,0.0369,0,0,4,4,0.9631,XGBoost
163139.0,7.0,8,1,0.9758,1,1,1,1,0.0242,XGBoost
163684.0,5.0,6,0,0.0066,0,0,4,4,0.9934,XGBoost
163684.0,6.0,7,0,0.0089,0,0,4,4,0.9911,XGBoost
163684.0,7.0,8,0,0.0833,0,0,4,4,0.9167,XGBoost
163922.0,7.0,8,0,0.6967,1,1,3,3,0.3033,XGBoost
169176.0,7.0,8,0,0.0669,0,0,4,4,0.9331,XGBoost
169176.0,8.0,9,0,0.0331,0,0,4,4,0.9669,XGBoost
169176.0,9.0,10,0,0.1345,0,0,4,4,0.8655,XGBoost
171939.0,7.0,8,1,0.9739,1,1,1,1,0.0261,XGBoost
171939.0,8.0,9,1,0.9696,1,1,1,1,0.0304,XGBoost
171939.0,9.0,10,1,0.9797,1,1,1,1,0.0203,XGBoost
171988.0,7.0,8,1,0.985,1,1,1,1,0.015,XGBoost
172339.0,3.0,4,0,0.0118,0,0,4,4,0.9882,XGBoost
172339.0,4.0,5,0,0.038,0,0,4,4,0.962,XGBoost
172339.0,5.0,6,0,0.0171,0,0,4,4,0.9829,XGBoost
173169.0,1.0,2,1,0.012,0,0,2,2,0.988,XGBoost
173169.0,2.0,3,0,0.0057,0,0,4,4,0.9943,XGBoost
173169.0,3.0,4,0,0.0119,0,0,4,4,0.9881,XGBoost
173553.0,1.0,2,1,0.4692,0,1,2,1,0.5308,XGBoost
176090.0,5.0,6,0,0.5784,1,1,3,3,0.4216,XGBoost
176090.0,6.0,7,1,0.9623,1,1,1,1,0.0377,XGBoost
176090.0,7.0,8,1,0.9898,1,1,1,1,0.0102,XGBoost
176429.0,5.0,6,0,0.0437,0,0,4,4,0.9563,XGBoost
176429.0,6.0,7,0,0.0347,0,0,4,4,0.9653,XGBoost
176429.0,7.0,8,0,0.175,0,1,4,3,0.825,XGBoost
177579.0,5.0,6,1,0.7702,1,1,1,1,0.2298,XGBoost
177579.0,6.0,7,1,0.9485,1,1,1,1,0.0515,XGBoost
177579.0,7.0,8,1,0.9159,1,1,1,1,0.0841,XGBoost
178546.0,5.0,6,1,0.9438,1,1,1,1,0.0562,XGBoost
178546.0,6.0,7,1,0.8266,1,1,1,1,0.1734,XGBoost
178546.0,7.0,8,1,0.9739,1,1,1,1,0.0261,XGBoost
178615.0,1.0,2,1,0.6087,1,1,1,1,0.3913,XGBoost
178615.0,2.0,3,1,0.832,1,1,1,1,0.168,XGBoost
178615.0,3.0,4,1,0.9527,1,1,1,1,0.0473,XGBoost
179193.0,1.0,2,1,0.9798,1,1,1,1,0.0202,XGBoost
179479.0,5.0,6,0,0.0076,0,0,4,4,0.9924,XGBoost
179479.0,6.0,7,0,0.0078,0,0,4,4,0.9922,XGBoost
179479.0,7.0,8,0,0.0559,0,0,4,4,0.9441,XGBoost
179502.0,5.0,6,1,0.6648,1,0,1,2,0.3352,XGBoost
179502.0,6.0,7,0,0.1156,0,0,4,4,0.8844,XGBoost
179502.0,7.0,8,0,0.1178,0,0,4,4,0.8822,XGBoost
180470.0,1.0,2,1,0.8113,1,1,1,1,0.1887,XGBoost
180505.0,3.0,4,1,0.9349,1,1,1,1,0.0651,XGBoost
180505.0,4.0,5,1,0.793,1,1,1,1,0.207,XGBoost
180505.0,5.0,6,1,0.8883,1,1,1,1,0.1117,XGBoost
180535.0,1.0,2,1,0.029,0,0,2,2,0.971,XGBoost
180535.0,2.0,3,0,0.0781,0,0,4,4,0.9219,XGBoost
180535.0,3.0,4,0,0.012,0,0,4,4,0.988,XGBoost
181806.0,3.0,4,0,0.0526,0,0,4,4,0.9474,XGBoost
181806.0,4.0,5,0,0.0107,0,0,4,4,0.9893,XGBoost
181806.0,5.0,6,0,0.0203,0,0,4,4,0.9797,XGBoost
182041.0,1.0,2,1,0.5305,1,1,1,1,0.4695,XGBoost
182443.0,3.0,4,0,0.3631,0,1,4,3,0.6369,XGBoost
182443.0,4.0,5,1,0.8646,1,1,1,1,0.1354,XGBoost
182443.0,5.0,6,1,0.9318,1,1,1,1,0.0682,XGBoost
185346.0,1.0,2,1,0.9211,1,0,1,2,0.0789,XGBoost
185346.0,2.0,3,0,0.4485,0,0,4,4,0.5515,XGBoost
185346.0,3.0,4,0,0.2397,0,0,4,4,0.7603,XGBoost
186268.0,3.0,4,1,0.7382,1,1,1,1,0.2618,XGBoost
186268.0,4.0,5,1,0.8356,1,1,1,1,0.1644,XGBoost
186268.0,5.0,6,1,0.649,1,1,1,1,0.351,XGBoost
186544.0,1.0,2,1,0.7779,1,0,1,2,0.2221,XGBoost
186544.0,2.0,3,0,0.4544,0,1,4,3,0.5456,XGBoost
186544.0,3.0,4,1,0.5445,1,1,1,1,0.4555,XGBoost
188214.0,7.0,8,0,0.1557,0,0,4,4,0.8443,XGBoost
188214.0,8.0,9,0,0.1231,0,0,4,4,0.8769,XGBoost
188214.0,9.0,10,0,0.1883,0,1,4,3,0.8117,XGBoost
188797.0,5.0,6,0,0.6178,1,0,3,4,0.3822,XGBoost
189952.0,1.0,2,1,0.8739,1,0,1,2,0.1261,XGBoost
189952.0,2.0,3,0,0.025,0,0,4,4,0.975,XGBoost
189952.0,3.0,4,0,0.0058,0,0,4,4,0.9942,XGBoost
192511.0,1.0,2,1,0.603,1,1,1,1,0.397,XGBoost
192511.0,2.0,3,1,0.832,1,1,1,1,0.168,XGBoost
192511.0,3.0,4,1,0.9193,1,1,1,1,0.0807,XGBoost
193031.0,1.0,2,1,0.0064,0,0,2,2,0.9936,XGBoost
193031.0,2.0,3,0,0.0058,0,0,4,4,0.9942,XGBoost
193230.0,1.0,2,1,0.2517,0,0,2,2,0.7483,XGBoost
193669.0,1.0,2,1,0.97,1,1,1,1,0.03,XGBoost
193978.0,1.0,2,1,0.4377,0,1,2,1,0.5623,XGBoost
195540.0,7.0,8,1,0.983,1,1,1,1,0.017,XGBoost
196493.0,1.0,2,1,0.8808,1,1,1,1,0.1192,XGBoost
196493.0,2.0,3,1,0.9678,1,1,1,1,0.0322,XGBoost
196493.0,3.0,4,1,0.8181,1,1,1,1,0.1819,XGBoost
198978.0,9.0,10,0,0.6971,1,1,3,3,0.3029,XGBoost
199080.0,7.0,8,0,0.0373,0,0,4,4,0.9627,XGBoost
199080.0,8.0,9,0,0.0443,0,0,4,4,0.9557,XGBoost
199080.0,9.0,10,0,0.1272,0,0,4,4,0.8728,XGBoost
200891.0,5.0,6,1,0.6857,1,0,1,2,0.3143,XGBoost
200891.0,6.0,7,0,0.4077,0,0,4,4,0.5923,XGBoost
200891.0,7.0,8,0,0.5269,1,1,3,3,0.4731,XGBoost
201181.0,1.0,2,1,0.0038,0,0,2,2,0.9962,XGBoost
203185.0,7.0,8,1,0.8692,1,0,1,2,0.1308,XGBoost
203974.0,3.0,4,0,0.1989,0,0,4,4,0.8011,XGBoost
204158.0,1.0,2,1,0.8231,1,1,1,1,0.1769,XGBoost
204422.0,7.0,8,1,0.7515,1,1,1,1,0.2485,XGBoost
205237.0,1.0,2,1,0.9344,1,1,1,1,0.0656,XGBoost
205615.0,7.0,8,0,0.4786,0,0,4,4,0.5214,XGBoost
205674.0,1.0,2,1,0.7829,1,1,1,1,0.2171,XGBoost
208369.0,1.0,2,1,0.1678,0,0,2,2,0.8322,XGBoost
209635.0,3.0,4,1,0.7382,1,1,1,1,0.2618,XGBoost
209635.0,4.0,5,1,0.9346,1,1,1,1,0.0654,XGBoost
209635.0,5.0,6,1,0.9232,1,1,1,1,0.0768,XGBoost
209765.0,5.0,6,0,0.0051,0,0,4,4,0.9949,XGBoost
209765.0,6.0,7,0,0.0103,0,0,4,4,0.9897,XGBoost
209765.0,7.0,8,0,0.0551,0,0,4,4,0.9449,XGBoost
212373.0,1.0,2,1,0.7128,1,0,1,2,0.2872,XGBoost
212373.0,2.0,3,0,0.558,1,0,3,4,0.442,XGBoost
212373.0,3.0,4,0,0.5454,1,1,3,3,0.4546,XGBoost
212760.0,1.0,2,1,0.945,1,1,1,1,0.055,XGBoost
213060.0,3.0,4,1,0.7382,1,1,1,1,0.2618,XGBoost
213060.0,4.0,5,1,0.8362,1,1,1,1,0.1638,XGBoost
213060.0,5.0,6,1,0.8743,1,1,1,1,0.1257,XGBoost
213123.0,1.0,2,1,0.3185,0,1,2,1,0.6815,XGBoost
213123.0,2.0,3,1,0.5136,1,1,1,1,0.4864,XGBoost
213123.0,3.0,4,1,0.6417,1,1,1,1,0.3583,XGBoost
213886.0,3.0,4,1,0.9069,1,1,1,1,0.0931,XGBoost
213886.0,4.0,5,1,0.9533,1,1,1,1,0.0467,XGBoost
213886.0,5.0,6,1,0.9647,1,1,1,1,0.0353,XGBoost
214060.0,1.0,2,1,0.8846,1,1,1,1,0.1154,XGBoost
214707.0,3.0,4,1,0.9349,1,1,1,1,0.0651,XGBoost
214707.0,4.0,5,1,0.9193,1,1,1,1,0.0807,XGBoost
214707.0,5.0,6,1,0.9535,1,1,1,1,0.0465,XGBoost
215067.0,1.0,2,1,0.1678,0,0,2,2,0.8322,XGBoost
216645.0,7.0,8,1,0.983,1,1,1,1,0.017,XGBoost
218548.0,7.0,8,0,0.2565,0,0,4,4,0.7435,XGBoost
218548.0,8.0,9,0,0.0688,0,0,4,4,0.9312,XGBoost
218548.0,9.0,10,0,0.1345,0,0,4,4,0.8655,XGBoost
219520.0,3.0,4,0,0.0064,0,0,4,4,0.9936,XGBoost
219520.0,4.0,5,0,0.0067,0,0,4,4,0.9933,XGBoost
219520.0,5.0,6,0,0.0062,0,0,4,4,0.9938,XGBoost
220192.0,5.0,6,0,0.0051,0,0,4,4,0.9949,XGBoost
220457.0,1.0,2,1,0.011,0,0,2,2,0.989,XGBoost
220583.0,5.0,6,1,0.6907,1,0,1,2,0.3093,XGBoost
220680.0,1.0,2,1,0.2089,0,0,2,2,0.7911,XGBoost
220680.0,2.0,3,0,0.1453,0,0,4,4,0.8547,XGBoost
220680.0,3.0,4,0,0.1177,0,0,4,4,0.8823,XGBoost
221204.0,1.0,2,1,0.7373,1,0,1,2,0.2627,XGBoost
221490.0,7.0,8,0,0.152,0,1,4,3,0.848,XGBoost
223292.0,1.0,2,1,0.2642,0,0,2,2,0.7358,XGBoost
223292.0,2.0,3,0,0.2252,0,0,4,4,0.7748,XGBoost
223292.0,3.0,4,0,0.0214,0,0,4,4,0.9786,XGBoost
225324.0,1.0,2,1,0.1346,0,0,2,2,0.8654,XGBoost
225917.0,7.0,8,1,0.9739,1,1,1,1,0.0261,XGBoost
226580.0,1.0,2,1,0.7373,1,0,1,2,0.2627,XGBoost
228960.0,3.0,4,0,0.4551,0,0,4,4,0.5449,XGBoost
228960.0,4.0,5,0,0.4496,0,1,4,3,0.5504,XGBoost
228960.0,5.0,6,1,0.6907,1,1,1,1,0.3093,XGBoost
228969.0,1.0,2,1,0.0069,0,0,2,2,0.9931,XGBoost
228969.0,2.0,3,0,0.0053,0,0,4,4,0.9947,XGBoost
228969.0,3.0,4,0,0.0049,0,0,4,4,0.9951,XGBoost
229981.0,1.0,2,1,0.0061,0,0,2,2,0.9939,XGBoost
230001.0,1.0,2,1,0.7779,1,1,1,1,0.2221,XGBoost
230001.0,2.0,3,1,0.7112,1,1,1,1,0.2888,XGBoost
230001.0,3.0,4,1,0.7398,1,1,1,1,0.2602,XGBoost
230277.0,7.0,8,0,0.7362,1,0,3,4,0.2638,XGBoost
230604.0,1.0,2,1,0.8113,1,0,1,2,0.1887,XGBoost
231555.0,1.0,2,1,0.0755,0,0,2,2,0.9245,XGBoost
232014.0,1.0,2,1,0.1311,0,0,2,2,0.8689,XGBoost
233960.0,3.0,4,1,0.9654,1,1,1,1,0.0346,XGBoost
233960.0,4.0,5,1,0.9417,1,1,1,1,0.0583,XGBoost
233960.0,5.0,6,1,0.8181,1,1,1,1,0.1819,XGBoost
234728.0,1.0,2,1,0.0617,0,0,2,2,0.9383,XGBoost
235271.0,5.0,6,1,0.8947,1,0,1,2,0.1053,XGBoost
235271.0,6.0,7,0,0.4253,0,0,4,4,0.5747,XGBoost
235271.0,7.0,8,0,0.6596,1,0,3,4,0.3404,XGBoost
235599.0,9.0,10,0,0.6662,1,0,3,4,0.3338,XGBoost
236658.0,1.0,2,1,0.8991,1,1,1,1,0.1009,XGBoost
236658.0,2.0,3,1,0.7886,1,1,1,1,0.2114,XGBoost
236658.0,3.0,4,1,0.6868,1,1,1,1,0.3132,XGBoost
237199.0,1.0,2,1,0.1166,0,0,2,2,0.8834,XGBoost
237199.0,2.0,3,0,0.3872,0,0,4,4,0.6128,XGBoost
237199.0,3.0,4,0,0.1315,0,0,4,4,0.8685,XGBoost
238898.0,1.0,2,1,0.3458,0,0,2,2,0.6542,XGBoost
238898.0,2.0,3,0,0.3824,0,1,4,3,0.6176,XGBoost
238898.0,3.0,4,1,0.7376,1,0,1,2,0.2624,XGBoost
239251.0,7.0,8,0,0.6086,1,0,3,4,0.3914,XGBoost
239778.0,1.0,2,1,0.0344,0,0,2,2,0.9656,XGBoost
239778.0,2.0,3,0,0.1043,0,0,4,4,0.8957,XGBoost
239778.0,3.0,4,0,0.1131,0,0,4,4,0.8869,XGBoost
240565.0,1.0,2,1,0.7611,1,0,1,2,0.2389,XGBoost
242868.0,7.0,8,1,0.9615,1,1,1,1,0.0385,XGBoost
242978.0,7.0,8,0,0.0313,0,0,4,4,0.9687,XGBoost
243323.0,3.0,4,0,0.0089,0,0,4,4,0.9911,XGBoost
243323.0,4.0,5,0,0.0062,0,0,4,4,0.9938,XGBoost
243323.0,5.0,6,0,0.0051,0,0,4,4,0.9949,XGBoost
243582.0,5.0,6,0,0.0051,0,0,4,4,0.9949,XGBoost
243582.0,6.0,7,0,0.0885,0,0,4,4,0.9115,XGBoost
243582.0,7.0,8,0,0.0887,0,0,4,4,0.9113,XGBoost
245648.0,3.0,4,1,0.9012,1,1,1,1,0.0988,XGBoost
245648.0,4.0,5,1,0.9457,1,1,1,1,0.0543,XGBoost
245648.0,5.0,6,1,0.7103,1,0,1,2,0.2897,XGBoost
246369.0,5.0,6,1,0.7756,1,0,1,2,0.2244,XGBoost
246369.0,6.0,7,0,0.27,0,0,4,4,0.73,XGBoost
246369.0,7.0,8,0,0.5138,1,1,3,3,0.4862,XGBoost
246831.0,3.0,4,0,0.2451,0,0,4,4,0.7549,XGBoost
246831.0,4.0,5,0,0.2444,0,0,4,4,0.7556,XGBoost
246831.0,5.0,6,0,0.0472,0,0,4,4,0.9528,XGBoost
247131.0,1.0,2,1,0.1119,0,0,2,2,0.8881,XGBoost
247580.0,1.0,2,1,0.518,1,0,1,2,0.482,XGBoost
248115.0,1.0,2,1,0.0633,0,0,2,2,0.9367,XGBoost
249728.0,1.0,2,1,0.0874,0,0,2,2,0.9126,XGBoost
250068.0,3.0,4,0,0.0064,0,0,4,4,0.9936,XGBoost
250068.0,4.0,5,0,0.0074,0,0,4,4,0.9926,XGBoost
250068.0,5.0,6,0,0.0414,0,0,4,4,0.9586,XGBoost
250639.0,7.0,8,0,0.0572,0,0,4,4,0.9428,XGBoost
250927.0,1.0,2,1,0.6273,1,0,1,2,0.3727,XGBoost
250927.0,2.0,3,0,0.3965,0,0,4,4,0.6035,XGBoost
250927.0,3.0,4,0,0.0851,0,0,4,4,0.9149,XGBoost
251908.0,7.0,8,1,0.9635,1,1,1,1,0.0365,XGBoost
251908.0,8.0,9,1,0.9845,1,1,1,1,0.0155,XGBoost
251908.0,9.0,10,1,0.9806,1,1,1,1,0.0194,XGBoost
252100.0,7.0,8,0,0.0868,0,0,4,4,0.9132,XGBoost
252312.0,1.0,2,1,0.8922,1,1,1,1,0.1078,XGBoost
252552.0,7.0,8,0,0.0664,0,0,4,4,0.9336,XGBoost
254452.0,1.0,2,1,0.1149,0,0,2,2,0.8851,XGBoost
255109.0,1.0,2,1,0.7373,1,1,1,1,0.2627,XGBoost
255109.0,2.0,3,1,0.7663,1,1,1,1,0.2337,XGBoost
255109.0,3.0,4,1,0.717,1,1,1,1,0.283,XGBoost
255725.0,5.0,6,0,0.3629,0,1,4,3,0.6371,XGBoost
256485.0,1.0,2,1,0.5662,1,0,1,2,0.4338,XGBoost
256959.0,3.0,4,0,0.0064,0,0,4,4,0.9936,XGBoost
256959.0,4.0,5,0,0.0062,0,0,4,4,0.9938,XGBoost
256959.0,5.0,6,0,0.0118,0,0,4,4,0.9882,XGBoost
257711.0,7.0,8,0,0.551,1,0,3,4,0.449,XGBoost
257925.0,5.0,6,0,0.1657,0,0,4,4,0.8343,XGBoost
257925.0,6.0,7,0,0.1229,0,1,4,3,0.8771,XGBoost
257925.0,7.0,8,1,0.5776,1,1,1,1,0.4224,XGBoost
257945.0,1.0,2,1,0.3369,0,1,2,1,0.6631,XGBoost
258233.0,1.0,2,1,0.4122,0,1,2,1,0.5878,XGBoost
258233.0,2.0,3,1,0.7057,1,0,1,2,0.2943,XGBoost
258233.0,3.0,4,0,0.485,0,1,4,3,0.515,XGBoost
260288.0,1.0,2,1,0.0756,0,0,2,2,0.9244,XGBoost
261046.0,1.0,2,1,0.5305,1,0,1,2,0.4695,XGBoost
261046.0,2.0,3,0,0.2101,0,0,4,4,0.7899,XGBoost
261046.0,3.0,4,0,0.0379,0,0,4,4,0.9621,XGBoost
261144.0,5.0,6,0,0.0169,0,0,4,4,0.9831,XGBoost
261144.0,6.0,7,0,0.102,0,0,4,4,0.898,XGBoost
261144.0,7.0,8,0,0.0209,0,0,4,4,0.9791,XGBoost
261795.0,3.0,4,1,0.6387,1,0,1,2,0.3613,XGBoost
262784.0,1.0,2,1,0.0345,0,0,2,2,0.9655,XGBoost
264875.0,3.0,4,1,0.9378,1,1,1,1,0.0622,XGBoost
264875.0,4.0,5,1,0.9215,1,1,1,1,0.0785,XGBoost
264875.0,5.0,6,1,0.9415,1,1,1,1,0.0585,XGBoost
267895.0,1.0,2,1,0.2383,0,0,2,2,0.7617,XGBoost
268022.0,9.0,10,1,0.9479,1,1,1,1,0.0521,XGBoost
268208.0,5.0,6,0,0.2979,0,0,4,4,0.7021,XGBoost
268208.0,6.0,7,0,0.0836,0,0,4,4,0.9164,XGBoost
268208.0,7.0,8,0,0.0404,0,0,4,4,0.9596,XGBoost
268455.0,1.0,2,1,0.4377,0,0,2,2,0.5623,XGBoost
268654.0,5.0,6,0,0.4799,0,1,4,3,0.5201,XGBoost
268654.0,6.0,7,1,0.7455,1,0,1,2,0.2545,XGBoost
268654.0,7.0,8,0,0.525,1,0,3,4,0.475,XGBoost
268698.0,7.0,8,1,0.8055,1,1,1,1,0.1945,XGBoost
269087.0,1.0,2,1,0.9392,1,1,1,1,0.0608,XGBoost
269087.0,2.0,3,1,0.952,1,1,1,1,0.048,XGBoost
269087.0,3.0,4,1,0.9012,1,1,1,1,0.0988,XGBoost
270093.0,1.0,2,1,0.8739,1,1,1,1,0.1261,XGBoost
270093.0,2.0,3,1,0.8887,1,0,1,2,0.1113,XGBoost
270093.0,3.0,4,0,0.0699,0,1,4,3,0.9301,XGBoost
270338.0,5.0,6,1,0.8869,1,1,1,1,0.1131,XGBoost
270338.0,6.0,7,1,0.8982,1,1,1,1,0.1018,XGBoost
270338.0,7.0,8,1,0.9903,1,1,1,1,0.0097,XGBoost
270915.0,1.0,2,1,0.7888,1,0,1,2,0.2112,XGBoost
270915.0,2.0,3,0,0.4538,0,1,4,3,0.5462,XGBoost
270915.0,3.0,4,1,0.8912,1,1,1,1,0.1088,XGBoost
271230.0,5.0,6,0,0.133,0,0,4,4,0.867,XGBoost
271230.0,6.0,7,0,0.2667,0,0,4,4,0.7333,XGBoost
271230.0,7.0,8,0,0.4122,0,1,4,3,0.5878,XGBoost
276236.0,9.0,10,1,0.9385,1,1,1,1,0.0615,XGBoost
277111.0,1.0,2,1,0.0874,0,0,2,2,0.9126,XGBoost
277111.0,2.0,3,0,0.0316,0,0,4,4,0.9684,XGBoost
277111.0,3.0,4,0,0.3643,0,1,4,3,0.6357,XGBoost
277288.0,3.0,4,0,0.0483,0,0,4,4,0.9517,XGBoost
277288.0,4.0,5,0,0.4798,0,0,4,4,0.5202,XGBoost
277288.0,5.0,6,0,0.1588,0,0,4,4,0.8412,XGBoost
279590.0,5.0,6,0,0.0066,0,0,4,4,0.9934,XGBoost
279590.0,6.0,7,0,0.0077,0,0,4,4,0.9923,XGBoost
279841.0,7.0,8,1,0.8207,1,1,1,1,0.1793,XGBoost
280088.0,7.0,8,1,0.9795,1,1,1,1,0.0205,XGBoost
280251.0,1.0,2,1,0.9467,1,1,1,1,0.0533,XGBoost
280251.0,2.0,3,1,0.8947,1,0,1,2,0.1053,XGBoost
280251.0,3.0,4,0,0.4681,0,0,4,4,0.5319,XGBoost
280291.0,5.0,6,0,0.5066,1,1,3,3,0.4934,XGBoost
280291.0,6.0,7,1,0.6395,1,0,1,2,0.3605,XGBoost
280291.0,7.0,8,0,0.4416,0,0,4,4,0.5584,XGBoost
280422.0,5.0,6,0,0.0253,0,0,4,4,0.9747,XGBoost
280422.0,6.0,7,0,0.0368,0,0,4,4,0.9632,XGBoost
280422.0,7.0,8,0,0.0853,0,0,4,4,0.9147,XGBoost
280826.0,3.0,4,0,0.0091,0,0,4,4,0.9909,XGBoost
280826.0,4.0,5,0,0.0057,0,0,4,4,0.9943,XGBoost
280826.0,5.0,6,0,0.0042,0,0,4,4,0.9958,XGBoost
280933.0,5.0,6,1,0.733,1,1,1,1,0.267,XGBoost
280933.0,6.0,7,1,0.9792,1,1,1,1,0.0208,XGBoost
280933.0,7.0,8,1,0.8795,1,1,1,1,0.1205,XGBoost
281136.0,1.0,2,1,0.7611,1,1,1,1,0.2389,XGBoost
281667.0,1.0,2,1,0.9185,1,1,1,1,0.0815,XGBoost
281996.0,1.0,2,1,0.0999,0,0,2,2,0.9001,XGBoost
281996.0,2.0,3,0,0.2268,0,0,4,4,0.7732,XGBoost
282134.0,7.0,8,1,0.9359,1,1,1,1,0.0641,XGBoost
282154.0,1.0,2,1,0.0078,0,0,2,2,0.9922,XGBoost
284957.0,1.0,2,1,0.0074,0,0,2,2,0.9926,XGBoost
284957.0,2.0,3,0,0.0098,0,0,4,4,0.9902,XGBoost
284957.0,3.0,4,0,0.0079,0,0,4,4,0.9921,XGBoost
285770.0,7.0,8,1,0.7242,1,1,1,1,0.2758,XGBoost
287076.0,1.0,2,1,0.0325,0,0,2,2,0.9675,XGBoost
287076.0,2.0,3,0,0.0303,0,0,4,4,0.9697,XGBoost
287076.0,3.0,4,0,0.0077,0,0,4,4,0.9923,XGBoost
287587.0,7.0,8,1,0.77,1,1,1,1,0.23,XGBoost
288293.0,3.0,4,1,0.9069,1,1,1,1,0.0931,XGBoost
288293.0,4.0,5,1,0.9483,1,1,1,1,0.0517,XGBoost
288293.0,5.0,6,1,0.9282,1,1,1,1,0.0718,XGBoost
288715.0,1.0,2,1,0.8689,1,1,1,1,0.1311,XGBoost
288715.0,2.0,3,1,0.7926,1,0,1,2,0.2074,XGBoost
288715.0,3.0,4,0,0.241,0,0,4,4,0.759,XGBoost
288877.0,1.0,2,1,0.1295,0,0,2,2,0.8705,XGBoost
288877.0,2.0,3,0,0.0095,0,0,4,4,0.9905,XGBoost
288877.0,3.0,4,0,0.0064,0,0,4,4,0.9936,XGBoost
293661.0,5.0,6,0,0.7417,1,0,3,4,0.2583,XGBoost
293661.0,6.0,7,0,0.2336,0,0,4,4,0.7664,XGBoost
293661.0,7.0,8,0,0.5582,1,0,3,4,0.4418,XGBoost
294853.0,1.0,2,1,0.2856,0,0,2,2,0.7144,XGBoost
294853.0,2.0,3,0,0.1861,0,0,4,4,0.8139,XGBoost
294853.0,3.0,4,0,0.345,0,0,4,4,0.655,XGBoost
295049.0,1.0,2,1,0.6818,1,1,1,1,0.3182,XGBoost
295237.0,1.0,2,1,0.085,0,0,2,2,0.915,XGBoost
295273.0,1.0,2,1,0.011,0,0,2,2,0.989,XGBoost
295431.0,7.0,8,0,0.0988,0,0,4,4,0.9012,XGBoost
297430.0,1.0,2,1,0.0057,0,0,2,2,0.9943,XGBoost
297430.0,2.0,3,0,0.0096,0,0,4,4,0.9904,XGBoost
297430.0,3.0,4,0,0.011,0,0,4,4,0.989,XGBoost
299573.0,3.0,4,0,0.1749,0,0,4,4,0.8251,XGBoost
299573.0,4.0,5,0,0.0546,0,0,4,4,0.9454,XGBoost
299573.0,5.0,6,0,0.1488,0,0,4,4,0.8512,XGBoost
299605.0,5.0,6,1,0.9398,1,1,1,1,0.0602,XGBoost
299605.0,6.0,7,1,0.9804,1,1,1,1,0.0196,XGBoost
299605.0,7.0,8,1,0.9456,1,1,1,1,0.0544,XGBoost
301364.0,1.0,2,1,0.2349,0,0,2,2,0.7651,XGBoost
302600.0,7.0,8,0,0.1131,0,0,4,4,0.8869,XGBoost
303150.0,9.0,10,1,0.9806,1,1,1,1,0.0194,XGBoost
304353.0,3.0,4,0,0.008,0,0,4,4,0.992,XGBoost
304353.0,4.0,5,0,0.007,0,0,4,4,0.993,XGBoost
304353.0,5.0,6,0,0.0066,0,0,4,4,0.9934,XGBoost
305989.0,1.0,2,1,0.0717,0,0,2,2,0.9283,XGBoost
305989.0,2.0,3,0,0.2,0,0,4,4,0.8,XGBoost
305989.0,3.0,4,0,0.4974,0,0,4,4,0.5026,XGBoost
306053.0,3.0,4,1,0.7056,1,1,1,1,0.2944,XGBoost
306053.0,4.0,5,1,0.6996,1,1,1,1,0.3004,XGBoost
306053.0,5.0,6,1,0.7458,1,1,1,1,0.2542,XGBoost
306202.0,5.0,6,1,0.9403,1,1,1,1,0.0597,XGBoost
306202.0,6.0,7,1,0.9629,1,1,1,1,0.0371,XGBoost
306202.0,7.0,8,1,0.9903,1,1,1,1,0.0097,XGBoost
306342.0,7.0,8,1,0.8419,1,1,1,1,0.1581,XGBoost
306586.0,1.0,2,1,0.2215,0,0,2,2,0.7785,XGBoost
307304.0,1.0,2,1,0.5662,1,0,1,2,0.4338,XGBoost
307304.0,2.0,3,0,0.251,0,1,4,3,0.749,XGBoost
307304.0,3.0,4,1,0.4759,0,0,2,2,0.5241,XGBoost
308276.0,1.0,2,1,0.9217,1,1,1,1,0.0783,XGBoost
308276.0,2.0,3,1,0.9289,1,1,1,1,0.0711,XGBoost
308276.0,3.0,4,1,0.9128,1,1,1,1,0.0872,XGBoost
309395.0,5.0,6,1,0.9647,1,1,1,1,0.0353,XGBoost
309395.0,6.0,7,1,0.9623,1,1,1,1,0.0377,XGBoost
309395.0,7.0,8,1,0.9739,1,1,1,1,0.0261,XGBoost
309650.0,3.0,4,1,0.9726,1,1,1,1,0.0274,XGBoost
309650.0,4.0,5,1,0.9689,1,1,1,1,0.0311,XGBoost
309650.0,5.0,6,1,0.9676,1,1,1,1,0.0324,XGBoost
309763.0,1.0,2,1,0.3382,0,0,2,2,0.6618,XGBoost
311594.0,1.0,2,1,0.0147,0,0,2,2,0.9853,XGBoost
313199.0,3.0,4,1,0.6387,1,0,1,2,0.3613,XGBoost
313199.0,4.0,5,0,0.6276,1,1,3,3,0.3724,XGBoost
313199.0,5.0,6,1,0.8662,1,0,1,2,0.1338,XGBoost
313684.0,1.0,2,1,0.2642,0,0,2,2,0.7358,XGBoost
313684.0,2.0,3,0,0.4984,0,0,4,4,0.5016,XGBoost
313684.0,3.0,4,0,0.2796,0,0,4,4,0.7204,XGBoost
314955.0,3.0,4,0,0.0067,0,0,4,4,0.9933,XGBoost
314955.0,4.0,5,0,0.0063,0,0,4,4,0.9937,XGBoost
314955.0,5.0,6,0,0.0097,0,0,4,4,0.9903,XGBoost
316239.0,1.0,2,1,0.0397,0,0,2,2,0.9603,XGBoost
316535.0,3.0,4,0,0.1618,0,1,4,3,0.8382,XGBoost
316535.0,4.0,5,1,0.4457,0,1,2,1,0.5543,XGBoost
316535.0,5.0,6,1,0.5443,1,0,1,2,0.4557,XGBoost
317505.0,2.0,3,0,0.0375,0,0,4,4,0.9625,XGBoost
319180.0,1.0,2,1,0.7779,1,1,1,1,0.2221,XGBoost
320057.0,1.0,2,1,0.0306,0,0,2,2,0.9694,XGBoost
320057.0,2.0,3,0,0.0346,0,0,4,4,0.9654,XGBoost
320057.0,3.0,4,0,0.0221,0,0,4,4,0.9779,XGBoost
320698.0,5.0,6,1,0.9676,1,1,1,1,0.0324,XGBoost
320698.0,6.0,7,1,0.9538,1,1,1,1,0.0462,XGBoost
320698.0,7.0,8,1,0.983,1,1,1,1,0.017,XGBoost
322720.0,3.0,4,0,0.2323,0,0,4,4,0.7677,XGBoost
322720.0,4.0,5,0,0.4862,0,0,4,4,0.5138,XGBoost
322720.0,5.0,6,0,0.0975,0,0,4,4,0.9025,XGBoost
330172.0,9.0,10,1,0.9848,1,1,1,1,0.0152,XGBoost
332396.0,1.0,2,1,0.6079,1,1,1,1,0.3921,XGBoost
334108.0,5.0,6,1,0.9647,1,1,1,1,0.0353,XGBoost
334108.0,6.0,7,1,0.9629,1,1,1,1,0.0371,XGBoost
334108.0,7.0,8,1,0.8982,1,1,1,1,0.1018,XGBoost
335072.0,1.0,2,1,0.1665,0,0,2,2,0.8335,XGBoost
335226.0,7.0,8,1,0.9097,1,1,1,1,0.0903,XGBoost
335576.0,5.0,6,1,0.6726,1,1,1,1,0.3274,XGBoost
335576.0,6.0,7,1,0.6205,1,1,1,1,0.3795,XGBoost
335576.0,7.0,8,1,0.8079,1,0,1,2,0.1921,XGBoost
336677.0,5.0,6,0,0.0042,0,0,4,4,0.9958,XGBoost
336677.0,6.0,7,0,0.0077,0,0,4,4,0.9923,XGBoost
337009.0,3.0,4,0,0.4944,0,0,4,4,0.5056,XGBoost
337720.0,1.0,2,1,0.4102,0,0,2,2,0.5898,XGBoost
337720.0,2.0,3,0,0.0908,0,0,4,4,0.9092,XGBoost
337720.0,3.0,4,0,0.2673,0,1,4,3,0.7327,XGBoost
341337.0,1.0,2,1,0.6079,1,1,1,1,0.3921,XGBoost
341337.0,2.0,3,1,0.7112,1,0,1,2,0.2888,XGBoost
341337.0,3.0,4,0,0.1818,0,0,4,4,0.8182,XGBoost
343632.0,1.0,2,1,0.8883,1,1,1,1,0.1117,XGBoost
343632.0,2.0,3,1,0.7947,1,1,1,1,0.2053,XGBoost
343632.0,3.0,4,1,0.805,1,1,1,1,0.195,XGBoost
343742.0,7.0,8,0,0.1497,0,0,4,4,0.8503,XGBoost
344082.0,7.0,8,0,0.0343,0,0,4,4,0.9657,XGBoost
344347.0,1.0,2,1,0.7447,1,0,1,2,0.2553,XGBoost
344347.0,2.0,3,0,0.197,0,0,4,4,0.803,XGBoost
344347.0,3.0,4,0,0.0296,0,0,4,4,0.9704,XGBoost
345866.0,1.0,2,1,0.8462,1,1,1,1,0.1538,XGBoost
345866.0,2.0,3,1,0.7309,1,0,1,2,0.2691,XGBoost
345866.0,3.0,4,0,0.3058,0,0,4,4,0.6942,XGBoost
346163.0,3.0,4,0,0.1928,0,0,4,4,0.8072,XGBoost
346163.0,4.0,5,0,0.0904,0,1,4,3,0.9096,XGBoost
346163.0,5.0,6,1,0.7677,1,1,1,1,0.2323,XGBoost
347843.0,7.0,8,1,0.9494,1,0,1,2,0.0506,XGBoost
349612.0,5.0,6,0,0.2979,0,0,4,4,0.7021,XGBoost
349612.0,6.0,7,0,0.3377,0,0,4,4,0.6623,XGBoost
349612.0,7.0,8,0,0.5205,1,1,3,3,0.4795,XGBoost
349918.0,1.0,2,1,0.6079,1,1,1,1,0.3921,XGBoost
349989.0,1.0,2,1,0.5067,1,0,1,2,0.4933,XGBoost
350492.0,3.0,4,1,0.7398,1,1,1,1,0.2602,XGBoost
350492.0,4.0,5,1,0.6636,1,1,1,1,0.3364,XGBoost
350492.0,5.0,6,1,0.8683,1,1,1,1,0.1317,XGBoost
350856.0,3.0,4,0,0.4462,0,0,4,4,0.5538,XGBoost
350856.0,4.0,5,0,0.3507,0,0,4,4,0.6493,XGBoost
350856.0,5.0,6,0,0.1623,0,0,4,4,0.8377,XGBoost
352791.0,3.0,4,0,0.0055,0,0,4,4,0.9945,XGBoost
352791.0,4.0,5,0,0.0061,0,0,4,4,0.9939,XGBoost
352791.0,5.0,6,0,0.0108,0,0,4,4,0.9892,XGBoost
353386.0,1.0,2,1,0.8922,1,1,1,1,0.1078,XGBoost
355033.0,7.0,8,1,0.9739,1,1,1,1,0.0261,XGBoost
356240.0,7.0,8,1,0.9748,1,1,1,1,0.0252,XGBoost
356240.0,8.0,9,1,0.9725,1,1,1,1,0.0275,XGBoost
356240.0,9.0,10,1,0.9866,1,1,1,1,0.0134,XGBoost
356303.0,3.0,4,1,0.9606,1,1,1,1,0.0394,XGBoost
356303.0,4.0,5,1,0.9681,1,1,1,1,0.0319,XGBoost
356303.0,5.0,6,1,0.9281,1,1,1,1,0.0719,XGBoost
356320.0,5.0,6,0,0.0069,0,0,4,4,0.9931,XGBoost
356320.0,6.0,7,0,0.0176,0,0,4,4,0.9824,XGBoost
356320.0,7.0,8,0,0.0204,0,0,4,4,0.9796,XGBoost
358402.0,3.0,4,1,0.8528,1,0,1,2,0.1472,XGBoost
358402.0,4.0,5,0,0.7531,1,1,3,3,0.2469,XGBoost
358402.0,5.0,6,1,0.9281,1,1,1,1,0.0719,XGBoost
358956.0,1.0,2,1,0.6161,1,1,1,1,0.3839,XGBoost
358956.0,2.0,3,1,0.7463,1,1,1,1,0.2537,XGBoost
358956.0,3.0,4,1,0.6417,1,1,1,1,0.3583,XGBoost
359961.0,5.0,6,0,0.012,0,0,4,4,0.988,XGBoost
359961.0,6.0,7,0,0.0121,0,0,4,4,0.9879,XGBoost
359961.0,7.0,8,0,0.0375,0,0,4,4,0.9625,XGBoost
360247.0,1.0,2,1,0.5273,1,1,1,1,0.4727,XGBoost
360247.0,2.0,3,1,0.7663,1,1,1,1,0.2337,XGBoost
360247.0,3.0,4,1,0.761,1,1,1,1,0.239,XGBoost
360749.0,1.0,2,1,0.7373,1,1,1,1,0.2627,XGBoost
360749.0,2.0,3,1,0.8721,1,0,1,2,0.1279,XGBoost
360749.0,3.0,4,0,0.3521,0,0,4,4,0.6479,XGBoost
360869.0,7.0,8,0,0.0204,0,0,4,4,0.9796,XGBoost
361419.0,7.0,8,1,0.9903,1,1,1,1,0.0097,XGBoost
362122.0,1.0,2,1,0.0769,0,0,2,2,0.9231,XGBoost
362122.0,2.0,3,0,0.3052,0,0,4,4,0.6948,XGBoost
362122.0,3.0,4,0,0.1818,0,0,4,4,0.8182,XGBoost
362200.0,3.0,4,0,0.0056,0,0,4,4,0.9944,XGBoost
362200.0,4.0,5,0,0.0118,0,0,4,4,0.9882,XGBoost
362200.0,5.0,6,0,0.0042,0,0,4,4,0.9958,XGBoost
362620.0,3.0,4,0,0.0299,0,0,4,4,0.9701,XGBoost
362620.0,4.0,5,0,0.0726,0,0,4,4,0.9274,XGBoost
362620.0,5.0,6,0,0.1349,0,0,4,4,0.8651,XGBoost
363988.0,1.0,2,1,0.9211,1,1,1,1,0.0789,XGBoost
364079.0,1.0,2,1,0.4702,0,0,2,2,0.5298,XGBoost
364811.0,7.0,8,1,0.9615,1,1,1,1,0.0385,XGBoost
365152.0,1.0,2,1,0.4869,0,0,2,2,0.5131,XGBoost
365152.0,2.0,3,0,0.023,0,0,4,4,0.977,XGBoost
365152.0,3.0,4,0,0.0206,0,0,4,4,0.9794,XGBoost
365665.0,1.0,2,1,0.1295,0,0,2,2,0.8705,XGBoost
365828.0,1.0,2,1,0.0254,0,0,2,2,0.9746,XGBoost
366262.0,5.0,6,1,0.9058,1,1,1,1,0.0942,XGBoost
366262.0,6.0,7,1,0.9629,1,1,1,1,0.0371,XGBoost
366262.0,7.0,8,1,0.9526,1,1,1,1,0.0474,XGBoost
366420.0,7.0,8,0,0.0512,0,0,4,4,0.9488,XGBoost
366884.0,7.0,8,0,0.0146,0,0,4,4,0.9854,XGBoost
367044.0,7.0,8,0,0.5427,1,0,3,4,0.4573,XGBoost
367044.0,8.0,9,0,0.4013,0,0,4,4,0.5987,XGBoost
367044.0,9.0,10,0,0.7721,1,0,3,4,0.2279,XGBoost
367249.0,3.0,4,0,0.0083,0,0,4,4,0.9917,XGBoost
367249.0,4.0,5,0,0.0122,0,0,4,4,0.9878,XGBoost
367249.0,5.0,6,0,0.0041,0,0,4,4,0.9959,XGBoost
369023.0,1.0,2,1,0.9419,1,1,1,1,0.0581,XGBoost
369023.0,2.0,3,1,0.9192,1,1,1,1,0.0808,XGBoost
369023.0,3.0,4,1,0.5706,1,0,1,2,0.4294,XGBoost
370500.0,7.0,8,0,0.3056,0,0,4,4,0.6944,XGBoost
372866.0,1.0,2,1,0.8018,1,0,1,2,0.1982,XGBoost
372866.0,2.0,3,0,0.1609,0,1,4,3,0.8391,XGBoost
372866.0,3.0,4,1,0.801,1,1,1,1,0.199,XGBoost
375017.0,7.0,8,0,0.516,1,0,3,4,0.484,XGBoost
375489.0,1.0,2,1,0.9185,1,1,1,1,0.0815,XGBoost
375489.0,2.0,3,1,0.9595,1,1,1,1,0.0405,XGBoost
375489.0,3.0,4,1,0.8213,1,1,1,1,0.1787,XGBoost
375781.0,5.0,6,0,0.0062,0,0,4,4,0.9938,XGBoost
376225.0,1.0,2,1,0.841,1,1,1,1,0.159,XGBoost
376225.0,2.0,3,1,0.9221,1,1,1,1,0.0779,XGBoost
376225.0,3.0,4,1,0.9281,1,1,1,1,0.0719,XGBoost
379050.0,7.0,8,1,0.9707,1,1,1,1,0.0293,XGBoost
379076.0,1.0,2,1,0.0047,0,0,2,2,0.9953,XGBoost
379076.0,2.0,3,0,0.2528,0,0,4,4,0.7472,XGBoost
381335.0,5.0,6,0,0.0179,0,0,4,4,0.9821,XGBoost
381335.0,6.0,7,0,0.0113,0,0,4,4,0.9887,XGBoost
381335.0,7.0,8,0,0.0354,0,0,4,4,0.9646,XGBoost
381769.0,7.0,8,1,0.9468,1,1,1,1,0.0532,XGBoost
382249.0,1.0,2,1,0.9392,1,1,1,1,0.0608,XGBoost
382249.0,2.0,3,1,0.952,1,1,1,1,0.048,XGBoost
382249.0,3.0,4,1,0.9128,1,1,1,1,0.0872,XGBoost
382530.0,5.0,6,1,0.9058,1,1,1,1,0.0942,XGBoost
382530.0,6.0,7,1,0.9629,1,1,1,1,0.0371,XGBoost
382530.0,7.0,8,1,0.9526,1,1,1,1,0.0474,XGBoost
387621.0,7.0,8,0,0.5819,1,1,3,3,0.4181,XGBoost
387723.0,1.0,2,1,0.6079,1,1,1,1,0.3921,XGBoost
387723.0,2.0,3,1,0.6622,1,0,1,2,0.3378,XGBoost
387723.0,3.0,4,0,0.418,0,0,4,4,0.582,XGBoost
388699.0,5.0,6,0,0.1585,0,1,4,3,0.8415,XGBoost
388699.0,6.0,7,1,0.7624,1,1,1,1,0.2376,XGBoost
388699.0,7.0,8,1,0.9204,1,0,1,2,0.0796,XGBoost
389373.0,7.0,8,0,0.6464,1,0,3,4,0.3536,XGBoost
389918.0,7.0,8,1,0.9615,1,1,1,1,0.0385,XGBoost
390992.0,1.0,2,1,0.0389,0,0,2,2,0.9611,XGBoost
390992.0,2.0,3,0,0.0768,0,0,4,4,0.9232,XGBoost
390992.0,3.0,4,0,0.0206,0,0,4,4,0.9794,XGBoost
391343.0,1.0,2,1,0.2347,0,1,2,1,0.7653,XGBoost
393027.0,1.0,2,1,0.6562,1,1,1,1,0.3438,XGBoost
393027.0,2.0,3,1,0.8439,1,1,1,1,0.1561,XGBoost
393027.0,3.0,4,1,0.6564,1,0,1,2,0.3436,XGBoost
393222.0,7.0,8,0,0.1803,0,0,4,4,0.8197,XGBoost
393309.0,3.0,4,1,0.9012,1,1,1,1,0.0988,XGBoost
393309.0,4.0,5,1,0.5484,1,1,1,1,0.4516,XGBoost
393309.0,5.0,6,1,0.9398,1,1,1,1,0.0602,XGBoost
393347.0,3.0,4,0,0.0185,0,0,4,4,0.9815,XGBoost
393347.0,4.0,5,0,0.0242,0,0,4,4,0.9758,XGBoost
393347.0,5.0,6,0,0.0083,0,0,4,4,0.9917,XGBoost
393884.0,1.0,2,1,0.97,1,0,1,2,0.03,XGBoost
394006.0,3.0,4,1,0.6387,1,1,1,1,0.3613,XGBoost
394006.0,4.0,5,1,0.6825,1,1,1,1,0.3175,XGBoost
394006.0,5.0,6,1,0.8483,1,1,1,1,0.1517,XGBoost
394502.0,7.0,8,0,0.1173,0,0,4,4,0.8827,XGBoost
394753.0,1.0,2,1,0.6428,1,0,1,2,0.3572,XGBoost
394753.0,2.0,3,0,0.1643,0,1,4,3,0.8357,XGBoost
394753.0,3.0,4,1,0.6628,1,0,1,2,0.3372,XGBoost
395112.0,1.0,2,1,0.5305,1,0,1,2,0.4695,XGBoost
395770.0,7.0,8,1,0.963,1,1,1,1,0.037,XGBoost
395834.0,5.0,6,0,0.605,1,1,3,3,0.395,XGBoost
395834.0,6.0,7,1,0.7624,1,1,1,1,0.2376,XGBoost
395834.0,7.0,8,1,0.9724,1,1,1,1,0.0276,XGBoost
396022.0,3.0,4,1,0.9399,1,1,1,1,0.0601,XGBoost
396022.0,4.0,5,1,0.9346,1,0,1,2,0.0654,XGBoost
396197.0,5.0,6,0,0.0051,0,0,4,4,0.9949,XGBoost
396197.0,6.0,7,0,0.0078,0,0,4,4,0.9922,XGBoost
396197.0,7.0,8,0,0.024,0,0,4,4,0.976,XGBoost
396212.0,5.0,6,0,0.0863,0,0,4,4,0.9137,XGBoost
396212.0,6.0,7,0,0.0517,0,0,4,4,0.9483,XGBoost
396212.0,7.0,8,0,0.0698,0,0,4,4,0.9302,XGBoost
396883.0,1.0,2,1,0.075,0,0,2,2,0.925,XGBoost
396883.0,2.0,3,0,0.082,0,0,4,4,0.918,XGBoost
396883.0,3.0,4,0,0.0051,0,0,4,4,0.9949,XGBoost
397257.0,1.0,2,1,0.7373,1,1,1,1,0.2627,XGBoost
397257.0,2.0,3,1,0.9143,1,1,1,1,0.0857,XGBoost
397257.0,3.0,4,1,0.7311,1,1,1,1,0.2689,XGBoost
400914.0,1.0,2,1,0.409,0,0,2,2,0.591,XGBoost
400914.0,2.0,3,0,0.5199,1,1,3,3,0.4801,XGBoost
400914.0,3.0,4,1,0.7975,1,1,1,1,0.2025,XGBoost
402198.0,1.0,2,1,0.0117,0,0,2,2,0.9883,XGBoost
402831.0,5.0,6,1,0.7657,1,1,1,1,0.2343,XGBoost
402831.0,6.0,7,1,0.8982,1,1,1,1,0.1018,XGBoost
402831.0,7.0,8,1,0.9903,1,1,1,1,0.0097,XGBoost
404211.0,1.0,2,1,0.8991,1,1,1,1,0.1009,XGBoost
404772.0,1.0,2,1,0.3458,0,0,2,2,0.6542,XGBoost
404772.0,2.0,3,0,0.0063,0,0,4,4,0.9937,XGBoost
404772.0,3.0,4,0,0.0981,0,0,4,4,0.9019,XGBoost
404808.0,3.0,4,1,0.9574,1,1,1,1,0.0426,XGBoost
404808.0,4.0,5,1,0.8362,1,1,1,1,0.1638,XGBoost
404808.0,5.0,6,1,0.7455,1,1,1,1,0.2545,XGBoost
405639.0,1.0,2,1,0.7933,1,1,1,1,0.2067,XGBoost
405911.0,1.0,2,1,0.1914,0,0,2,2,0.8086,XGBoost
407605.0,1.0,2,1,0.5991,1,0,1,2,0.4009,XGBoost
407605.0,2.0,3,0,0.0894,0,0,4,4,0.9106,XGBoost
407605.0,3.0,4,0,0.27,0,0,4,4,0.73,XGBoost
407622.0,1.0,2,1,0.5305,1,1,1,1,0.4695,XGBoost
407622.0,2.0,3,1,0.5136,1,1,1,1,0.4864,XGBoost
407622.0,3.0,4,1,0.5445,1,1,1,1,0.4555,XGBoost
408827.0,1.0,2,1,0.0086,0,0,2,2,0.9914,XGBoost
410879.0,3.0,4,0,0.1458,0,0,4,4,0.8542,XGBoost
410879.0,4.0,5,0,0.0575,0,0,4,4,0.9425,XGBoost
410879.0,5.0,6,0,0.0145,0,0,4,4,0.9855,XGBoost
411459.0,1.0,2,1,0.4849,0,0,2,2,0.5151,XGBoost
411459.0,2.0,3,0,0.4747,0,0,4,4,0.5253,XGBoost
411459.0,3.0,4,0,0.2396,0,1,4,3,0.7604,XGBoost
411559.0,5.0,6,0,0.0317,0,0,4,4,0.9683,XGBoost
411559.0,6.0,7,0,0.0099,0,0,4,4,0.9901,XGBoost
411559.0,7.0,8,0,0.1857,0,0,4,4,0.8143,XGBoost
412986.0,5.0,6,1,0.7103,1,1,1,1,0.2897,XGBoost
412986.0,6.0,7,1,0.9353,1,1,1,1,0.0647,XGBoost
412986.0,7.0,8,1,0.9415,1,1,1,1,0.0585,XGBoost
413183.0,5.0,6,0,0.0062,0,0,4,4,0.9938,XGBoost
413264.0,3.0,4,1,0.7056,1,1,1,1,0.2944,XGBoost
413264.0,4.0,5,1,0.9122,1,1,1,1,0.0878,XGBoost
413264.0,5.0,6,1,0.9284,1,1,1,1,0.0716,XGBoost
414095.0,1.0,2,1,0.5273,1,0,1,2,0.4727,XGBoost
414095.0,2.0,3,0,0.2246,0,1,4,3,0.7754,XGBoost
414095.0,3.0,4,1,0.6417,1,1,1,1,0.3583,XGBoost
414455.0,1.0,2,1,0.7482,1,1,1,1,0.2518,XGBoost
414455.0,2.0,3,1,0.9427,1,1,1,1,0.0573,XGBoost
414455.0,3.0,4,1,0.7219,1,1,1,1,0.2781,XGBoost
415199.0,3.0,4,0,0.0056,0,0,4,4,0.9944,XGBoost
415199.0,4.0,5,0,0.0036,0,0,4,4,0.9964,XGBoost
415199.0,5.0,6,0,0.0118,0,0,4,4,0.9882,XGBoost
415304.0,9.0,10,1,0.9848,1,1,1,1,0.0152,XGBoost
415441.0,9.0,10,0,0.4031,0,0,4,4,0.5969,XGBoost
415602.0,1.0,2,1,0.8883,1,0,1,2,0.1117,XGBoost
415602.0,2.0,3,0,0.3508,0,1,4,3,0.6492,XGBoost
415602.0,3.0,4,1,0.6387,1,1,1,1,0.3613,XGBoost
415756.0,1.0,2,1,0.7611,1,0,1,2,0.2389,XGBoost
415756.0,2.0,3,0,0.4032,0,1,4,3,0.5968,XGBoost
415756.0,3.0,4,1,0.7398,1,0,1,2,0.2602,XGBoost
416088.0,1.0,2,1,0.1239,0,0,2,2,0.8761,XGBoost
416185.0,4.0,5,0,0.0062,0,0,4,4,0.9938,XGBoost
416185.0,5.0,6,0,0.0144,0,0,4,4,0.9856,XGBoost
417082.0,7.0,8,0,0.1476,0,0,4,4,0.8524,XGBoost
417146.0,1.0,2,1,0.8336,1,1,1,1,0.1664,XGBoost
417811.0,5.0,6,0,0.0095,0,0,4,4,0.9905,XGBoost
417811.0,6.0,7,0,0.1642,0,0,4,4,0.8358,XGBoost
417811.0,7.0,8,0,0.2209,0,1,4,3,0.7791,XGBoost
420353.0,1.0,2,1,0.8336,1,0,1,2,0.1664,XGBoost
421216.0,1.0,2,1,0.9277,1,1,1,1,0.0723,XGBoost
421216.0,2.0,3,1,0.9242,1,1,1,1,0.0758,XGBoost
421216.0,3.0,4,1,0.9322,1,1,1,1,0.0678,XGBoost
421249.0,7.0,8,0,0.8341,1,0,3,4,0.1659,XGBoost
421249.0,8.0,9,0,0.3546,0,1,4,3,0.6454,XGBoost
421249.0,9.0,10,1,0.9048,1,0,1,2,0.0952,XGBoost
423162.0,7.0,8,1,0.9732,1,1,1,1,0.0268,XGBoost
424141.0,7.0,8,1,0.9689,1,0,1,2,0.0311,XGBoost
424144.0,5.0,6,0,0.0051,0,0,4,4,0.9949,XGBoost
424144.0,6.0,7,0,0.0719,0,0,4,4,0.9281,XGBoost
424144.0,7.0,8,0,0.0204,0,0,4,4,0.9796,XGBoost
424416.0,5.0,6,1,0.8483,1,1,1,1,0.1517,XGBoost
424416.0,6.0,7,1,0.6776,1,1,1,1,0.3224,XGBoost
424416.0,7.0,8,1,0.9582,1,1,1,1,0.0418,XGBoost
426168.0,5.0,6,0,0.1117,0,0,4,4,0.8883,XGBoost
426168.0,6.0,7,0,0.0134,0,0,4,4,0.9866,XGBoost
426168.0,7.0,8,0,0.1141,0,0,4,4,0.8859,XGBoost
426171.0,1.0,2,1,0.0028,0,0,2,2,0.9972,XGBoost
426651.0,1.0,2,1,0.3446,0,0,2,2,0.6554,XGBoost
427577.0,5.0,6,1,0.7697,1,0,1,2,0.2303,XGBoost
427577.0,6.0,7,0,0.4265,0,1,4,3,0.5735,XGBoost
427577.0,7.0,8,1,0.9318,1,0,1,2,0.0682,XGBoost
427585.0,1.0,2,1,0.2291,0,1,2,1,0.7709,XGBoost
428691.0,5.0,6,1,0.9398,1,1,1,1,0.0602,XGBoost
428691.0,6.0,7,1,0.8911,1,1,1,1,0.1089,XGBoost
428691.0,7.0,8,1,0.9159,1,1,1,1,0.0841,XGBoost
428841.0,7.0,8,0,0.4039,0,1,4,3,0.5961,XGBoost
429077.0,1.0,2,1,0.5662,1,0,1,2,0.4338,XGBoost
429262.0,1.0,2,1,0.0132,0,0,2,2,0.9868,XGBoost
431035.0,5.0,6,0,0.1704,0,0,4,4,0.8296,XGBoost
431035.0,6.0,7,0,0.1569,0,0,4,4,0.8431,XGBoost
431035.0,7.0,8,0,0.0848,0,0,4,4,0.9152,XGBoost
431786.0,1.0,2,1,0.0168,0,0,2,2,0.9832,XGBoost
432350.0,7.0,8,0,0.4918,0,1,4,3,0.5082,XGBoost
432554.0,9.0,10,0,0.9122,1,1,3,3,0.0878,XGBoost
432629.0,3.0,4,1,0.6916,1,0,1,2,0.3084,XGBoost
432629.0,4.0,5,0,0.1256,0,1,4,3,0.8744,XGBoost
432629.0,5.0,6,1,0.7677,1,0,1,2,0.2323,XGBoost
435633.0,1.0,2,1,0.9382,1,1,1,1,0.0618,XGBoost
435633.0,2.0,3,1,0.9664,1,1,1,1,0.0336,XGBoost
435633.0,3.0,4,1,0.8922,1,1,1,1,0.1078,XGBoost
437539.0,1.0,2,1,0.3205,0,0,2,2,0.6795,XGBoost
438844.0,5.0,6,1,0.9303,1,1,1,1,0.0697,XGBoost
438844.0,6.0,7,1,0.9472,1,1,1,1,0.0528,XGBoost
438844.0,7.0,8,1,0.9364,1,1,1,1,0.0636,XGBoost
439291.0,5.0,6,0,0.2383,0,0,4,4,0.7617,XGBoost
439291.0,6.0,7,0,0.0869,0,0,4,4,0.9131,XGBoost
439291.0,7.0,8,0,0.1773,0,0,4,4,0.8227,XGBoost
439842.0,5.0,6,0,0.1894,0,0,4,4,0.8106,XGBoost
439842.0,6.0,7,0,0.1464,0,0,4,4,0.8536,XGBoost
439842.0,7.0,8,0,0.4329,0,0,4,4,0.5671,XGBoost
441552.0,1.0,2,1,0.4182,0,0,2,2,0.5818,XGBoost
441552.0,2.0,3,0,0.0996,0,0,4,4,0.9004,XGBoost
441552.0,3.0,4,0,0.0751,0,0,4,4,0.9249,XGBoost
442818.0,6.0,7,0,0.0176,0,0,4,4,0.9824,XGBoost
442818.0,7.0,8,0,0.0204,0,0,4,4,0.9796,XGBoost
443022.0,1.0,2,1,0.0302,0,0,2,2,0.9698,XGBoost
444025.0,1.0,2,1,0.9216,1,0,1,2,0.0784,XGBoost
444025.0,2.0,3,0,0.4952,0,0,4,4,0.5048,XGBoost
444025.0,3.0,4,0,0.3491,0,1,4,3,0.6509,XGBoost
444477.0,3.0,4,0,0.0053,0,0,4,4,0.9947,XGBoost
444477.0,4.0,5,0,0.0058,0,0,4,4,0.9942,XGBoost
444477.0,5.0,6,0,0.0076,0,0,4,4,0.9924,XGBoost
444509.0,1.0,2,1,0.1665,0,0,2,2,0.8335,XGBoost
445083.0,5.0,6,1,0.7058,1,1,1,1,0.2942,XGBoost
445083.0,6.0,7,1,0.8618,1,1,1,1,0.1382,XGBoost
445083.0,7.0,8,1,0.8983,1,1,1,1,0.1017,XGBoost
445552.0,3.0,4,0,0.3643,0,1,4,3,0.6357,XGBoost
445552.0,4.0,5,1,0.905,1,1,1,1,0.095,XGBoost
445552.0,5.0,6,1,0.7677,1,1,1,1,0.2323,XGBoost
445668.0,1.0,2,1,0.5947,1,1,1,1,0.4053,XGBoost
445676.0,1.0,2,1,0.8739,1,0,1,2,0.1261,XGBoost
445676.0,2.0,3,0,0.4466,0,0,4,4,0.5534,XGBoost
445676.0,3.0,4,0,0.0141,0,0,4,4,0.9859,XGBoost
446427.0,3.0,4,0,0.1775,0,0,4,4,0.8225,XGBoost
446427.0,4.0,5,0,0.3122,0,0,4,4,0.6878,XGBoost
446427.0,5.0,6,0,0.005,0,0,4,4,0.995,XGBoost
449085.0,1.0,2,1,0.183,0,0,2,2,0.817,XGBoost
450424.0,7.0,8,0,0.0487,0,0,4,4,0.9513,XGBoost
450869.0,1.0,2,1,0.3019,0,1,2,1,0.6981,XGBoost
450869.0,2.0,3,1,0.6622,1,0,1,2,0.3378,XGBoost
450869.0,3.0,4,0,0.2269,0,0,4,4,0.7731,XGBoost
451196.0,5.0,6,0,0.4435,0,0,4,4,0.5565,XGBoost
451196.0,6.0,7,0,0.0998,0,0,4,4,0.9002,XGBoost
451196.0,7.0,8,0,0.7349,1,1,3,3,0.2651,XGBoost
451472.0,1.0,2,1,0.5472,1,0,1,2,0.4528,XGBoost
452804.0,1.0,2,1,0.6079,1,0,1,2,0.3921,XGBoost
453714.0,3.0,4,0,0.0173,0,1,4,3,0.9827,XGBoost
453956.0,7.0,8,0,0.526,1,0,3,4,0.474,XGBoost
454173.0,1.0,2,1,0.0095,0,0,2,2,0.9905,XGBoost
454173.0,2.0,3,0,0.0202,0,0,4,4,0.9798,XGBoost
454173.0,3.0,4,0,0.0052,0,0,4,4,0.9948,XGBoost
454345.0,7.0,8,0,0.2033,0,0,4,4,0.7967,XGBoost
455842.0,5.0,6,0,0.0675,0,0,4,4,0.9325,XGBoost
455842.0,6.0,7,0,0.0086,0,0,4,4,0.9914,XGBoost
455842.0,7.0,8,0,0.1325,0,0,4,4,0.8675,XGBoost
456779.0,5.0,6,1,0.8662,1,1,1,1,0.1338,XGBoost
459634.0,7.0,8,1,0.9898,1,1,1,1,0.0102,XGBoost
459634.0,8.0,9,1,0.981,1,1,1,1,0.019,XGBoost
459634.0,9.0,10,1,0.9866,1,1,1,1,0.0134,XGBoost
460361.0,1.0,2,1,0.2697,0,1,2,1,0.7303,XGBoost
461799.0,1.0,2,1,0.8883,1,1,1,1,0.1117,XGBoost
462625.0,7.0,8,0,0.0376,0,0,4,4,0.9624,XGBoost
463162.0,5.0,6,0,0.5053,1,0,3,4,0.4947,XGBoost
463162.0,6.0,7,0,0.0332,0,0,4,4,0.9668,XGBoost
463162.0,7.0,8,0,0.1802,0,0,4,4,0.8198,XGBoost
463393.0,3.0,4,0,0.0149,0,0,4,4,0.9851,XGBoost
463393.0,4.0,5,0,0.0723,0,0,4,4,0.9277,XGBoost
463393.0,5.0,6,0,0.019,0,0,4,4,0.981,XGBoost
466208.0,1.0,2,1,0.7325,1,1,1,1,0.2675,XGBoost
466208.0,2.0,3,1,0.8959,1,0,1,2,0.1041,XGBoost
466208.0,3.0,4,0,0.3561,0,0,4,4,0.6439,XGBoost
467841.0,3.0,4,0,0.0938,0,0,4,4,0.9062,XGBoost
467841.0,4.0,5,0,0.0032,0,0,4,4,0.9968,XGBoost
467841.0,5.0,6,0,0.0036,0,0,4,4,0.9964,XGBoost
468790.0,1.0,2,1,0.5947,1,1,1,1,0.4053,XGBoost
468819.0,1.0,2,1,0.0032,0,0,2,2,0.9968,XGBoost
468819.0,2.0,3,0,0.0058,0,0,4,4,0.9942,XGBoost
468819.0,3.0,4,0,0.0062,0,0,4,4,0.9938,XGBoost
469228.0,1.0,2,1,0.0085,0,0,2,2,0.9915,XGBoost
472427.0,3.0,4,0,0.0067,0,0,4,4,0.9933,XGBoost
472540.0,5.0,6,0,0.0472,0,0,4,4,0.9528,XGBoost
472540.0,6.0,7,0,0.0073,0,0,4,4,0.9927,XGBoost
472540.0,7.0,8,0,0.1857,0,0,4,4,0.8143,XGBoost
472551.0,7.0,8,0,0.5402,1,0,3,4,0.4598,XGBoost
473630.0,3.0,4,0,0.3217,0,1,4,3,0.6783,XGBoost
473630.0,4.0,5,1,0.6996,1,1,1,1,0.3004,XGBoost
473630.0,5.0,6,1,0.7458,1,1,1,1,0.2542,XGBoost
474164.0,7.0,8,1,0.9689,1,1,1,1,0.0311,XGBoost
474988.0,5.0,6,0,0.3773,0,0,4,4,0.6227,XGBoost
474988.0,6.0,7,0,0.0077,0,0,4,4,0.9923,XGBoost
474988.0,7.0,8,0,0.0544,0,0,4,4,0.9456,XGBoost
476136.0,3.0,4,0,0.3467,0,1,4,3,0.6533,XGBoost
476136.0,4.0,5,1,0.6056,1,0,1,2,0.3944,XGBoost
476136.0,5.0,6,0,0.6852,1,0,3,4,0.3148,XGBoost
478734.0,3.0,4,0,0.0042,0,0,4,4,0.9958,XGBoost
478734.0,4.0,5,0,0.0032,0,0,4,4,0.9968,XGBoost
478734.0,5.0,6,0,0.0042,0,0,4,4,0.9958,XGBoost
478885.0,3.0,4,1,0.8562,1,1,1,1,0.1438,XGBoost
478885.0,4.0,5,1,0.9457,1,1,1,1,0.0543,XGBoost
478885.0,5.0,6,1,0.7517,1,1,1,1,0.2483,XGBoost
479240.0,1.0,2,1,0.9364,1,1,1,1,0.0636,XGBoost
479810.0,3.0,4,1,0.8623,1,1,1,1,0.1377,XGBoost
479810.0,4.0,5,1,0.4291,0,0,2,2,0.5709,XGBoost
479810.0,5.0,6,0,0.4891,0,1,4,3,0.5109,XGBoost
480878.0,1.0,2,1,0.9089,1,1,1,1,0.0911,XGBoost
480878.0,2.0,3,1,0.709,1,1,1,1,0.291,XGBoost
480878.0,3.0,4,1,0.8922,1,1,1,1,0.1078,XGBoost
482509.0,1.0,2,1,0.6319,1,0,1,2,0.3681,XGBoost
482597.0,1.0,2,1,0.0664,0,0,2,2,0.9336,XGBoost
483246.0,5.0,6,0,0.5885,1,1,3,3,0.4115,XGBoost
483246.0,6.0,7,1,0.9632,1,1,1,1,0.0368,XGBoost
483246.0,7.0,8,1,0.9724,1,1,1,1,0.0276,XGBoost
483343.0,3.0,4,1,0.8213,1,0,1,2,0.1787,XGBoost
483343.0,4.0,5,0,0.321,0,1,4,3,0.679,XGBoost
483343.0,5.0,6,1,0.6907,1,1,1,1,0.3093,XGBoost
483890.0,1.0,2,1,0.0755,0,0,2,2,0.9245,XGBoost
488541.0,7.0,8,0,0.0397,0,0,4,4,0.9603,XGBoost
489743.0,1.0,2,1,0.0171,0,0,2,2,0.9829,XGBoost
489960.0,1.0,2,1,0.8808,1,1,1,1,0.1192,XGBoost
489960.0,2.0,3,1,0.9519,1,1,1,1,0.0481,XGBoost
489960.0,3.0,4,1,0.6417,1,1,1,1,0.3583,XGBoost
491153.0,1.0,2,1,0.0124,0,0,2,2,0.9876,XGBoost
491153.0,2.0,3,0,0.0101,0,0,4,4,0.9899,XGBoost
491153.0,3.0,4,0,0.014,0,0,4,4,0.986,XGBoost
491165.0,3.0,4,1,0.7056,1,1,1,1,0.2944,XGBoost
491165.0,4.0,5,1,0.9122,1,1,1,1,0.0878,XGBoost
491165.0,5.0,6,1,0.8883,1,1,1,1,0.1117,XGBoost
492267.0,1.0,2,1,0.8865,1,1,1,1,0.1135,XGBoost
492267.0,2.0,3,1,0.9143,1,1,1,1,0.0857,XGBoost
492267.0,3.0,4,1,0.8105,1,1,1,1,0.1895,XGBoost
492871.0,5.0,6,0,0.0284,0,0,4,4,0.9716,XGBoost
492871.0,6.0,7,0,0.0149,0,0,4,4,0.9851,XGBoost
492871.0,7.0,8,0,0.0354,0,0,4,4,0.9646,XGBoost
493010.0,1.0,2,1,0.0076,0,0,2,2,0.9924,XGBoost
495418.0,9.0,10,0,0.1002,0,0,4,4,0.8998,XGBoost
497062.0,5.0,6,0,0.0097,0,0,4,4,0.9903,XGBoost
497458.0,1.0,2,1,0.8883,1,1,1,1,0.1117,XGBoost
498474.0,7.0,8,1,0.9689,1,1,1,1,0.0311,XGBoost
499235.0,1.0,2,1,0.8804,1,1,1,1,0.1196,XGBoost
499235.0,2.0,3,1,0.7289,1,1,1,1,0.2711,XGBoost
499235.0,3.0,4,1,0.7245,1,0,1,2,0.2755,XGBoost
499382.0,1.0,2,1,0.8883,1,1,1,1,0.1117,XGBoost
499391.0,7.0,8,1,0.9758,1,1,1,1,0.0242,XGBoost
501817.0,1.0,2,1,0.9364,1,1,1,1,0.0636,XGBoost
502154.0,1.0,2,1,0.8883,1,1,1,1,0.1117,XGBoost
502154.0,2.0,3,1,0.952,1,1,1,1,0.048,XGBoost
502154.0,3.0,4,1,0.9527,1,1,1,1,0.0473,XGBoost
502849.0,1.0,2,1,0.1295,0,0,2,2,0.8705,XGBoost
503192.0,1.0,2,1,0.4377,0,0,2,2,0.5623,XGBoost
505876.0,1.0,2,1,0.9344,1,1,1,1,0.0656,XGBoost
507353.0,1.0,2,1,0.8336,1,0,1,2,0.1664,XGBoost
507555.0,1.0,2,1,0.9392,1,1,1,1,0.0608,XGBoost
507783.0,5.0,6,0,0.0529,0,0,4,4,0.9471,XGBoost
507783.0,6.0,7,0,0.0116,0,0,4,4,0.9884,XGBoost
507783.0,7.0,8,0,0.027,0,0,4,4,0.973,XGBoost
509219.0,5.0,6,0,0.0066,0,0,4,4,0.9934,XGBoost
509219.0,6.0,7,0,0.0103,0,0,4,4,0.9897,XGBoost
509219.0,7.0,8,0,0.0295,0,0,4,4,0.9705,XGBoost
509627.0,3.0,4,0,0.0062,0,0,4,4,0.9938,XGBoost
509627.0,4.0,5,0,0.0261,0,0,4,4,0.9739,XGBoost
509627.0,5.0,6,0,0.0637,0,0,4,4,0.9363,XGBoost
510355.0,7.0,8,0,0.0343,0,0,4,4,0.9657,XGBoost
510371.0,1.0,2,1,0.8604,1,0,1,2,0.1396,XGBoost
510380.0,1.0,2,1,0.0039,0,0,2,2,0.9961,XGBoost
510514.0,7.0,8,0,0.1312,0,0,4,4,0.8688,XGBoost
510802.0,3.0,4,1,0.9443,1,1,1,1,0.0557,XGBoost
510802.0,4.0,5,1,0.9417,1,1,1,1,0.0583,XGBoost
510802.0,5.0,6,1,0.929,1,1,1,1,0.071,XGBoost
510960.0,3.0,4,0,0.3215,0,1,4,3,0.6785,XGBoost
510960.0,4.0,5,1,0.4291,0,0,2,2,0.5709,XGBoost
510960.0,5.0,6,0,0.336,0,0,4,4,0.664,XGBoost
511405.0,1.0,2,1,0.475,0,1,2,1,0.525,XGBoost
511405.0,2.0,3,1,0.5926,1,0,1,2,0.4074,XGBoost
511405.0,3.0,4,0,0.2191,0,0,4,4,0.7809,XGBoost
516158.0,3.0,4,0,0.0112,0,0,4,4,0.9888,XGBoost
516158.0,4.0,5,0,0.0051,0,0,4,4,0.9949,XGBoost
516158.0,5.0,6,0,0.0118,0,0,4,4,0.9882,XGBoost
516238.0,3.0,4,1,0.9551,1,1,1,1,0.0449,XGBoost
516238.0,4.0,5,1,0.9483,1,1,1,1,0.0517,XGBoost
516238.0,5.0,6,1,0.9282,1,1,1,1,0.0718,XGBoost
516833.0,1.0,2,1,0.9026,1,1,1,1,0.0974,XGBoost
517055.0,3.0,4,0,0.0168,0,0,4,4,0.9832,XGBoost
517055.0,4.0,5,0,0.0099,0,0,4,4,0.9901,XGBoost
517055.0,5.0,6,0,0.0322,0,0,4,4,0.9678,XGBoost
519574.0,6.0,7,1,0.8982,1,0,1,2,0.1018,XGBoost
519574.0,7.0,8,0,0.5737,1,1,3,3,0.4263,XGBoost
519598.0,7.0,8,0,0.2208,0,1,4,3,0.7792,XGBoost
521032.0,5.0,6,1,0.9647,1,1,1,1,0.0353,XGBoost
521032.0,6.0,7,1,0.9419,1,1,1,1,0.0581,XGBoost
521032.0,7.0,8,1,0.9082,1,1,1,1,0.0918,XGBoost
521678.0,9.0,10,1,0.9806,1,1,1,1,0.0194,XGBoost
522435.0,5.0,6,0,0.2472,0,0,4,4,0.7528,XGBoost
522435.0,6.0,7,0,0.3935,0,0,4,4,0.6065,XGBoost
522435.0,7.0,8,0,0.6951,1,1,3,3,0.3049,XGBoost
522496.0,7.0,8,1,0.9724,1,1,1,1,0.0276,XGBoost
523908.0,5.0,6,0,0.0076,0,0,4,4,0.9924,XGBoost
523908.0,6.0,7,0,0.0103,0,0,4,4,0.9897,XGBoost
523908.0,7.0,8,0,0.0415,0,0,4,4,0.9585,XGBoost
525010.0,1.0,2,1,0.8883,1,1,1,1,0.1117,XGBoost
525010.0,2.0,3,1,0.9352,1,1,1,1,0.0648,XGBoost
525010.0,3.0,4,1,0.9323,1,1,1,1,0.0677,XGBoost
528222.0,7.0,8,0,0.0285,0,1,4,3,0.9715,XGBoost
530269.0,7.0,8,0,0.5621,1,0,3,4,0.4379,XGBoost
530269.0,8.0,9,0,0.6411,1,1,3,3,0.3589,XGBoost
530269.0,9.0,10,1,0.9699,1,1,1,1,0.0301,XGBoost
530342.0,1.0,2,1,0.9392,1,1,1,1,0.0608,XGBoost
530342.0,2.0,3,1,0.9352,1,1,1,1,0.0648,XGBoost
530342.0,3.0,4,1,0.9174,1,1,1,1,0.0826,XGBoost
530726.0,1.0,2,1,0.7454,1,1,1,1,0.2546,XGBoost
532145.0,1.0,2,1,0.9227,1,1,1,1,0.0773,XGBoost
532590.0,7.0,8,1,0.985,1,1,1,1,0.015,XGBoost
532914.0,1.0,2,1,0.841,1,1,1,1,0.159,XGBoost
533388.0,3.0,4,0,0.0048,0,0,4,4,0.9952,XGBoost
533388.0,4.0,5,0,0.0062,0,0,4,4,0.9938,XGBoost
533388.0,5.0,6,0,0.0051,0,0,4,4,0.9949,XGBoost
533865.0,1.0,2,1,0.1001,0,0,2,2,0.8999,XGBoost
533865.0,2.0,3,0,0.0109,0,0,4,4,0.9891,XGBoost
533865.0,3.0,4,0,0.0081,0,0,4,4,0.9919,XGBoost
534291.0,1.0,2,1,0.9344,1,1,1,1,0.0656,XGBoost
534607.0,1.0,2,1,0.1053,0,0,2,2,0.8947,XGBoost
535117.0,1.0,2,1,0.9026,1,1,1,1,0.0974,XGBoost
535117.0,2.0,3,1,0.933,1,1,1,1,0.067,XGBoost
535117.0,3.0,4,1,0.8922,1,1,1,1,0.1078,XGBoost
535369.0,3.0,4,0,0.0477,0,0,4,4,0.9523,XGBoost
535369.0,4.0,5,0,0.0271,0,0,4,4,0.9729,XGBoost
535369.0,5.0,6,0,0.0244,0,0,4,4,0.9756,XGBoost
535776.0,1.0,2,1,0.0065,0,0,2,2,0.9935,XGBoost
537494.0,9.0,10,1,0.9763,1,1,1,1,0.0237,XGBoost
538346.0,5.0,6,1,0.8662,1,1,1,1,0.1338,XGBoost
538346.0,6.0,7,1,0.9648,1,1,1,1,0.0352,XGBoost
538346.0,7.0,8,1,0.9739,1,1,1,1,0.0261,XGBoost
538391.0,6.0,7,0,0.0056,0,0,4,4,0.9944,XGBoost
538391.0,7.0,8,0,0.086,0,0,4,4,0.914,XGBoost
538495.0,1.0,2,1,0.9467,1,1,1,1,0.0533,XGBoost
539296.0,3.0,4,1,0.9293,1,1,1,1,0.0707,XGBoost
539296.0,4.0,5,1,0.9694,1,1,1,1,0.0306,XGBoost
539296.0,5.0,6,1,0.9676,1,1,1,1,0.0324,XGBoost
539427.0,3.0,4,1,0.6676,1,1,1,1,0.3324,XGBoost
539427.0,4.0,5,1,0.894,1,1,1,1,0.106,XGBoost
539427.0,5.0,6,1,0.9642,1,1,1,1,0.0358,XGBoost
539514.0,7.0,8,0,0.4422,0,1,4,3,0.5578,XGBoost
539968.0,9.0,10,1,0.9228,1,1,1,1,0.0772,XGBoost
540025.0,1.0,2,1,0.0049,0,0,2,2,0.9951,XGBoost
540935.0,1.0,2,1,0.9295,1,1,1,1,0.0705,XGBoost
540935.0,2.0,3,1,0.6955,1,0,1,2,0.3045,XGBoost
540935.0,3.0,4,0,0.485,0,0,4,4,0.515,XGBoost
540967.0,5.0,6,0,0.0171,0,0,4,4,0.9829,XGBoost
540967.0,6.0,7,0,0.2101,0,0,4,4,0.7899,XGBoost
540967.0,7.0,8,0,0.5689,1,0,3,4,0.4311,XGBoost
541212.0,1.0,2,1,0.4702,0,0,2,2,0.5298,XGBoost
541212.0,2.0,3,0,0.2941,0,0,4,4,0.7059,XGBoost
541212.0,3.0,4,0,0.3034,0,1,4,3,0.6966,XGBoost
542433.0,1.0,2,1,0.3382,0,0,2,2,0.6618,XGBoost
542433.0,2.0,3,0,0.4865,0,1,4,3,0.5135,XGBoost
542433.0,3.0,4,1,0.8193,1,1,1,1,0.1807,XGBoost
543201.0,5.0,6,0,0.0405,0,0,4,4,0.9595,XGBoost
543575.0,7.0,8,0,0.0313,0,1,4,3,0.9687,XGBoost
544098.0,7.0,8,0,0.0503,0,0,4,4,0.9497,XGBoost
544295.0,7.0,8,0,0.0816,0,0,4,4,0.9184,XGBoost
544295.0,8.0,9,0,0.1402,0,0,4,4,0.8598,XGBoost
544295.0,9.0,10,0,0.6749,1,0,3,4,0.3251,XGBoost
544462.0,1.0,2,1,0.138,0,0,2,2,0.862,XGBoost
544790.0,9.0,10,1,0.9589,1,1,1,1,0.0411,XGBoost
545146.0,3.0,4,1,0.9128,1,1,1,1,0.0872,XGBoost
545146.0,4.0,5,1,0.8362,1,1,1,1,0.1638,XGBoost
545146.0,5.0,6,1,0.8743,1,1,1,1,0.1257,XGBoost
545342.0,1.0,2,1,0.0149,0,0,2,2,0.9851,XGBoost
545898.0,7.0,8,1,0.8153,1,1,1,1,0.1847,XGBoost
545898.0,8.0,9,1,0.8651,1,1,1,1,0.1349,XGBoost
545898.0,9.0,10,1,0.9589,1,1,1,1,0.0411,XGBoost
546299.0,9.0,10,1,0.9589,1,1,1,1,0.0411,XGBoost
547280.0,5.0,6,0,0.2385,0,0,4,4,0.7615,XGBoost
547280.0,6.0,7,0,0.0096,0,0,4,4,0.9904,XGBoost
547280.0,7.0,8,0,0.0294,0,0,4,4,0.9706,XGBoost
548034.0,5.0,6,0,0.0918,0,0,4,4,0.9082,XGBoost
548555.0,4.0,5,0,0.1091,0,0,4,4,0.8909,XGBoost
548749.0,7.0,8,0,0.0844,0,1,4,3,0.9156,XGBoost
549059.0,3.0,4,0,0.0185,0,0,4,4,0.9815,XGBoost
549059.0,4.0,5,0,0.0814,0,0,4,4,0.9186,XGBoost
549059.0,5.0,6,0,0.0198,0,0,4,4,0.9802,XGBoost
549413.0,2.0,3,0,0.0053,0,0,4,4,0.9947,XGBoost
549413.0,3.0,4,0,0.0185,0,0,4,4,0.9815,XGBoost
550429.0,1.0,2,1,0.007,0,0,2,2,0.993,XGBoost
551798.0,1.0,2,1,0.7128,1,1,1,1,0.2872,XGBoost
551798.0,2.0,3,1,0.7309,1,0,1,2,0.2691,XGBoost
551798.0,3.0,4,0,0.4727,0,1,4,3,0.5273,XGBoost
551992.0,9.0,10,0,0.0845,0,0,4,4,0.9155,XGBoost
553220.0,7.0,8,0,0.1773,0,0,4,4,0.8227,XGBoost
553291.0,1.0,2,1,0.8176,1,0,1,2,0.1824,XGBoost
553291.0,2.0,3,0,0.3008,0,1,4,3,0.6992,XGBoost
553291.0,3.0,4,1,0.8229,1,1,1,1,0.1771,XGBoost
554395.0,1.0,2,1,0.8922,1,1,1,1,0.1078,XGBoost
554395.0,2.0,3,1,0.9595,1,1,1,1,0.0405,XGBoost
554395.0,3.0,4,1,0.8213,1,1,1,1,0.1787,XGBoost
554928.0,3.0,4,0,0.008,0,0,4,4,0.992,XGBoost
555850.0,1.0,2,1,0.0037,0,0,2,2,0.9963,XGBoost
557082.0,3.0,4,1,0.9728,1,1,1,1,0.0272,XGBoost
557082.0,4.0,5,1,0.967,1,1,1,1,0.033,XGBoost
557082.0,5.0,6,1,0.8743,1,1,1,1,0.1257,XGBoost
557088.0,3.0,4,1,0.761,1,1,1,1,0.239,XGBoost
557088.0,4.0,5,1,0.9058,1,1,1,1,0.0942,XGBoost
557088.0,5.0,6,1,0.8687,1,1,1,1,0.1313,XGBoost
557093.0,1.0,2,1,0.0356,0,0,2,2,0.9644,XGBoost
557093.0,2.0,3,0,0.1468,0,0,4,4,0.8532,XGBoost
557093.0,3.0,4,0,0.0299,0,0,4,4,0.9701,XGBoost
557257.0,1.0,2,1,0.5711,1,0,1,2,0.4289,XGBoost
557257.0,2.0,3,0,0.3071,0,0,4,4,0.6929,XGBoost
557257.0,3.0,4,0,0.121,0,0,4,4,0.879,XGBoost
558496.0,7.0,8,1,0.9098,1,1,1,1,0.0902,XGBoost
559864.0,5.0,6,0,0.0423,0,0,4,4,0.9577,XGBoost
559864.0,6.0,7,0,0.3935,0,0,4,4,0.6065,XGBoost
559864.0,7.0,8,0,0.4912,0,1,4,3,0.5088,XGBoost
560196.0,7.0,8,0,0.5024,1,0,3,4,0.4976,XGBoost
561074.0,1.0,2,1,0.0376,0,0,2,2,0.9624,XGBoost
561461.0,7.0,8,0,0.0218,0,0,4,4,0.9782,XGBoost
561928.0,3.0,4,1,0.9399,1,1,1,1,0.0601,XGBoost
561928.0,4.0,5,1,0.8699,1,1,1,1,0.1301,XGBoost
561928.0,5.0,6,1,0.8683,1,1,1,1,0.1317,XGBoost
562110.0,7.0,8,0,0.0881,0,0,4,4,0.9119,XGBoost
562110.0,8.0,9,0,0.0688,0,0,4,4,0.9312,XGBoost
562110.0,9.0,10,0,0.2194,0,0,4,4,0.7806,XGBoost
562858.0,3.0,4,1,0.4847,0,0,2,2,0.5153,XGBoost
562858.0,4.0,5,0,0.427,0,1,4,3,0.573,XGBoost
562858.0,5.0,6,1,0.6286,1,0,1,2,0.3714,XGBoost
563100.0,7.0,8,0,0.0112,0,0,4,4,0.9888,XGBoost
563634.0,7.0,8,0,0.0299,0,0,4,4,0.9701,XGBoost
564343.0,1.0,2,1,0.019,0,0,2,2,0.981,XGBoost
564343.0,2.0,3,0,0.0112,0,0,4,4,0.9888,XGBoost
564632.0,1.0,2,1,0.3581,0,0,2,2,0.6419,XGBoost
564632.0,2.0,3,0,0.0279,0,0,4,4,0.9721,XGBoost
564632.0,3.0,4,0,0.005,0,0,4,4,0.995,XGBoost
565554.0,1.0,2,1,0.9467,1,1,1,1,0.0533,XGBoost
565554.0,2.0,3,1,0.931,1,1,1,1,0.069,XGBoost
565554.0,3.0,4,1,0.9279,1,1,1,1,0.0721,XGBoost
566718.0,1.0,2,1,0.0549,0,0,2,2,0.9451,XGBoost
567126.0,7.0,8,0,0.0204,0,0,4,4,0.9796,XGBoost
568317.0,7.0,8,0,0.2153,0,0,4,4,0.7847,XGBoost
569111.0,1.0,2,1,0.7625,1,0,1,2,0.2375,XGBoost
570174.0,7.0,8,0,0.4984,0,1,4,3,0.5016,XGBoost
570174.0,8.0,9,1,0.7629,1,1,1,1,0.2371,XGBoost
570174.0,9.0,10,1,0.9589,1,1,1,1,0.0411,XGBoost
570725.0,5.0,6,0,0.4283,0,1,4,3,0.5717,XGBoost
570725.0,6.0,7,1,0.8723,1,0,1,2,0.1277,XGBoost
570725.0,7.0,8,0,0.4984,0,1,4,3,0.5016,XGBoost
571341.0,7.0,8,0,0.336,0,0,4,4,0.664,XGBoost
571341.0,8.0,9,0,0.2573,0,0,4,4,0.7427,XGBoost
571341.0,9.0,10,0,0.5316,1,0,3,4,0.4684,XGBoost
571529.0,1.0,2,1,0.8883,1,1,1,1,0.1117,XGBoost
571529.0,2.0,3,1,0.8811,1,1,1,1,0.1189,XGBoost
571529.0,3.0,4,1,0.8912,1,1,1,1,0.1088,XGBoost
571798.0,7.0,8,1,0.9097,1,1,1,1,0.0903,XGBoost
571939.0,1.0,2,1,0.7373,1,1,1,1,0.2627,XGBoost
571939.0,2.0,3,1,0.7453,1,1,1,1,0.2547,XGBoost
571939.0,3.0,4,1,0.9654,1,1,1,1,0.0346,XGBoost
573123.0,9.0,10,1,0.9848,1,1,1,1,0.0152,XGBoost
573347.0,1.0,2,1,0.5947,1,1,1,1,0.4053,XGBoost
574185.0,5.0,6,0,0.0117,0,0,4,4,0.9883,XGBoost
574185.0,6.0,7,0,0.0093,0,0,4,4,0.9907,XGBoost
574185.0,7.0,8,0,0.0174,0,0,4,4,0.9826,XGBoost
574480.0,7.0,8,0,0.3236,0,0,4,4,0.6764,XGBoost
575299.0,1.0,2,1,0.0755,0,0,2,2,0.9245,XGBoost
577151.0,5.0,6,1,0.7847,1,1,1,1,0.2153,XGBoost
578211.0,7.0,8,0,0.0468,0,0,4,4,0.9532,XGBoost
578951.0,1.0,2,1,0.0154,0,0,2,2,0.9846,XGBoost
579652.0,1.0,2,1,0.97,1,1,1,1,0.03,XGBoost
581523.0,1.0,2,1,0.4182,0,0,2,2,0.5818,XGBoost
584281.0,1.0,2,1,0.1311,0,0,2,2,0.8689,XGBoost
584426.0,3.0,4,0,0.2665,0,0,4,4,0.7335,XGBoost
584426.0,4.0,5,0,0.487,0,0,4,4,0.513,XGBoost
584426.0,5.0,6,0,0.5212,1,0,3,4,0.4788,XGBoost
585231.0,7.0,8,1,0.9849,1,1,1,1,0.0151,XGBoost
588504.0,1.0,2,1,0.9798,1,1,1,1,0.0202,XGBoost
588732.0,1.0,2,1,0.1678,0,0,2,2,0.8322,XGBoost
588732.0,2.0,3,0,0.0049,0,0,4,4,0.9951,XGBoost
588732.0,3.0,4,0,0.0052,0,0,4,4,0.9948,XGBoost
589339.0,1.0,2,1,0.5918,1,1,1,1,0.4082,XGBoost
589345.0,1.0,2,1,0.3444,0,0,2,2,0.6556,XGBoost
589674.0,3.0,4,0,0.0056,0,0,4,4,0.9944,XGBoost
589674.0,4.0,5,0,0.1323,0,0,4,4,0.8677,XGBoost
589674.0,5.0,6,0,0.3487,0,0,4,4,0.6513,XGBoost
589696.0,3.0,4,0,0.2396,0,0,4,4,0.7604,XGBoost
589696.0,4.0,5,0,0.5156,1,0,3,4,0.4844,XGBoost
589696.0,5.0,6,0,0.0676,0,0,4,4,0.9324,XGBoost
590653.0,5.0,6,1,0.9502,1,1,1,1,0.0498,XGBoost
590653.0,6.0,7,1,0.9472,1,1,1,1,0.0528,XGBoost
590653.0,7.0,8,1,0.9364,1,1,1,1,0.0636,XGBoost
590720.0,1.0,2,1,0.7052,1,0,1,2,0.2948,XGBoost
591073.0,3.0,4,0,0.2181,0,0,4,4,0.7819,XGBoost
591073.0,4.0,5,0,0.2808,0,0,4,4,0.7192,XGBoost
591073.0,5.0,6,0,0.1056,0,0,4,4,0.8944,XGBoost
591337.0,7.0,8,0,0.1497,0,0,4,4,0.8503,XGBoost
591337.0,8.0,9,0,0.2281,0,0,4,4,0.7719,XGBoost
591337.0,9.0,10,0,0.6479,1,1,3,3,0.3521,XGBoost
591414.0,1.0,2,1,0.7373,1,1,1,1,0.2627,XGBoost
591414.0,2.0,3,1,0.832,1,1,1,1,0.168,XGBoost
591414.0,3.0,4,1,0.6849,1,1,1,1,0.3151,XGBoost
591950.0,5.0,6,1,0.8947,1,1,1,1,0.1053,XGBoost
591950.0,6.0,7,1,0.9792,1,1,1,1,0.0208,XGBoost
591950.0,7.0,8,1,0.8795,1,1,1,1,0.1205,XGBoost
592842.0,1.0,2,1,0.6676,1,0,1,2,0.3324,XGBoost
592871.0,7.0,8,0,0.6464,1,1,3,3,0.3536,XGBoost
594322.0,3.0,4,1,0.9069,1,1,1,1,0.0931,XGBoost
594322.0,4.0,5,1,0.9338,1,1,1,1,0.0662,XGBoost
594322.0,5.0,6,1,0.9171,1,1,1,1,0.0829,XGBoost
595379.0,1.0,2,1,0.0635,0,0,2,2,0.9365,XGBoost
595379.0,2.0,3,0,0.1564,0,0,4,4,0.8436,XGBoost
595379.0,3.0,4,0,0.0432,0,0,4,4,0.9568,XGBoost
596775.0,7.0,8,1,0.9898,1,1,1,1,0.0102,XGBoost
596775.0,8.0,9,1,0.981,1,1,1,1,0.019,XGBoost
596775.0,9.0,10,1,0.9905,1,1,1,1,0.0095,XGBoost
597402.0,1.0,2,1,0.8261,1,1,1,1,0.1739,XGBoost
597516.0,1.0,2,1,0.0906,0,0,2,2,0.9094,XGBoost
597516.0,2.0,3,0,0.0098,0,0,4,4,0.9902,XGBoost
597516.0,3.0,4,0,0.0058,0,0,4,4,0.9942,XGBoost
598324.0,1.0,2,1,0.1273,0,0,2,2,0.8727,XGBoost
598324.0,2.0,3,0,0.0241,0,0,4,4,0.9759,XGBoost
598324.0,3.0,4,0,0.0153,0,1,4,3,0.9847,XGBoost
598610.0,1.0,2,1,0.5232,1,0,1,2,0.4768,XGBoost
598757.0,5.0,6,0,0.43,0,1,4,3,0.57,XGBoost
598757.0,6.0,7,1,0.7448,1,1,1,1,0.2552,XGBoost
598757.0,7.0,8,1,0.9431,1,1,1,1,0.0569,XGBoost
598935.0,7.0,8,1,0.9739,1,1,1,1,0.0261,XGBoost
599354.0,1.0,2,1,0.8336,1,1,1,1,0.1664,XGBoost
601582.0,1.0,2,1,0.0103,0,0,2,2,0.9897,XGBoost
602888.0,3.0,4,1,0.6417,1,1,1,1,0.3583,XGBoost
602888.0,4.0,5,1,0.8697,1,0,1,2,0.1303,XGBoost
602888.0,5.0,6,0,0.5885,1,1,3,3,0.4115,XGBoost
603035.0,1.0,2,1,0.3715,0,0,2,2,0.6285,XGBoost
603402.0,1.0,2,1,0.8336,1,1,1,1,0.1664,XGBoost
603402.0,2.0,3,1,0.7947,1,1,1,1,0.2053,XGBoost
603402.0,3.0,4,1,0.9279,1,1,1,1,0.0721,XGBoost
603931.0,3.0,4,1,0.7752,1,1,1,1,0.2248,XGBoost
603931.0,4.0,5,1,0.7356,1,0,1,2,0.2644,XGBoost
604225.0,3.0,4,0,0.0064,0,0,4,4,0.9936,XGBoost
604225.0,4.0,5,0,0.0062,0,0,4,4,0.9938,XGBoost
604225.0,5.0,6,0,0.0081,0,0,4,4,0.9919,XGBoost
604995.0,7.0,8,0,0.0148,0,0,4,4,0.9852,XGBoost
605179.0,1.0,2,1,0.0046,0,0,2,2,0.9954,XGBoost
605179.0,2.0,3,0,0.0047,0,0,4,4,0.9953,XGBoost
605179.0,3.0,4,0,0.0042,0,0,4,4,0.9958,XGBoost
607569.0,5.0,6,1,0.8483,1,1,1,1,0.1517,XGBoost
607569.0,6.0,7,1,0.9278,1,1,1,1,0.0722,XGBoost
607569.0,7.0,8,1,0.9415,1,0,1,2,0.0585,XGBoost
607739.0,7.0,8,0,0.5383,1,1,3,3,0.4617,XGBoost
607739.0,8.0,9,1,0.7629,1,1,1,1,0.2371,XGBoost
607739.0,9.0,10,1,0.9589,1,1,1,1,0.0411,XGBoost
608392.0,7.0,8,1,0.8153,1,0,1,2,0.1847,XGBoost
608392.0,8.0,9,0,0.4734,0,0,4,4,0.5266,XGBoost
608392.0,9.0,10,0,0.7295,1,1,3,3,0.2705,XGBoost
609302.0,1.0,2,1,0.9674,1,1,1,1,0.0326,XGBoost
609302.0,2.0,3,1,0.906,1,0,1,2,0.094,XGBoost
609302.0,3.0,4,0,0.2541,0,0,4,4,0.7459,XGBoost
610173.0,3.0,4,1,0.6596,1,1,1,1,0.3404,XGBoost
610173.0,4.0,5,1,0.6344,1,1,1,1,0.3656,XGBoost
610173.0,5.0,6,1,0.7702,1,1,1,1,0.2298,XGBoost
611870.0,1.0,2,1,0.085,0,0,2,2,0.915,XGBoost
611870.0,2.0,3,0,0.1416,0,0,4,4,0.8584,XGBoost
611870.0,3.0,4,0,0.2889,0,0,4,4,0.7111,XGBoost
611941.0,3.0,4,0,0.5945,1,0,3,4,0.4055,XGBoost
611941.0,4.0,5,0,0.5671,1,0,3,4,0.4329,XGBoost
611941.0,5.0,6,0,0.18,0,0,4,4,0.82,XGBoost
614215.0,1.0,2,1,0.834,1,1,1,1,0.166,XGBoost
614615.0,5.0,6,1,0.9676,1,1,1,1,0.0324,XGBoost
614615.0,6.0,7,1,0.9792,1,1,1,1,0.0208,XGBoost
614615.0,7.0,8,1,0.9739,1,1,1,1,0.0261,XGBoost
615687.0,1.0,2,1,0.9227,1,0,1,2,0.0773,XGBoost
617669.0,5.0,6,1,0.6857,1,1,1,1,0.3143,XGBoost
617669.0,6.0,7,1,0.9353,1,1,1,1,0.0647,XGBoost
617669.0,7.0,8,1,0.963,1,0,1,2,0.037,XGBoost
618051.0,1.0,2,1,0.5067,1,1,1,1,0.4933,XGBoost
618567.0,7.0,8,0,0.0261,0,0,4,4,0.9739,XGBoost
619437.0,5.0,6,0,0.0053,0,0,4,4,0.9947,XGBoost
619437.0,6.0,7,0,0.0077,0,0,4,4,0.9923,XGBoost
619437.0,7.0,8,0,0.0571,0,0,4,4,0.9429,XGBoost
619696.0,7.0,8,1,0.983,1,1,1,1,0.017,XGBoost
621223.0,5.0,6,1,0.7893,1,0,1,2,0.2107,XGBoost
621223.0,6.0,7,0,0.0973,0,0,4,4,0.9027,XGBoost
621223.0,7.0,8,0,0.0339,0,0,4,4,0.9661,XGBoost
624512.0,5.0,6,0,0.1507,0,0,4,4,0.8493,XGBoost
625335.0,1.0,2,1,0.3928,0,1,2,1,0.6072,XGBoost
626472.0,5.0,6,0,0.2104,0,1,4,3,0.7896,XGBoost
627374.0,1.0,2,1,0.0054,0,0,2,2,0.9946,XGBoost
627446.0,1.0,2,1,0.8922,1,1,1,1,0.1078,XGBoost
627969.0,1.0,2,1,0.7611,1,0,1,2,0.2389,XGBoost
629598.0,3.0,4,0,0.0467,0,0,4,4,0.9533,XGBoost
629598.0,4.0,5,0,0.369,0,0,4,4,0.631,XGBoost
629598.0,5.0,6,0,0.3861,0,0,4,4,0.6139,XGBoost
629869.0,1.0,2,1,0.0335,0,0,2,2,0.9665,XGBoost
629869.0,2.0,3,0,0.224,0,0,4,4,0.776,XGBoost
629869.0,3.0,4,0,0.0281,0,0,4,4,0.9719,XGBoost
630724.0,3.0,4,0,0.3467,0,0,4,4,0.6533,XGBoost
630724.0,4.0,5,0,0.1429,0,0,4,4,0.8571,XGBoost
630724.0,5.0,6,0,0.6852,1,0,3,4,0.3148,XGBoost
630766.0,7.0,8,1,0.8041,1,1,1,1,0.1959,XGBoost
631085.0,5.0,6,0,0.0067,0,0,4,4,0.9933,XGBoost
631085.0,6.0,7,0,0.0069,0,0,4,4,0.9931,XGBoost
631085.0,7.0,8,0,0.0146,0,0,4,4,0.9854,XGBoost
632110.0,5.0,6,0,0.0655,0,0,4,4,0.9345,XGBoost
632110.0,6.0,7,0,0.0053,0,0,4,4,0.9947,XGBoost
632110.0,7.0,8,0,0.2062,0,1,4,3,0.7938,XGBoost
632129.0,7.0,8,0,0.0677,0,0,4,4,0.9323,XGBoost
632677.0,3.0,4,0,0.3771,0,0,4,4,0.6229,XGBoost
632677.0,4.0,5,0,0.3878,0,1,4,3,0.6122,XGBoost
632677.0,5.0,6,1,0.5443,1,0,1,2,0.4557,XGBoost
632706.0,5.0,6,1,0.9171,1,1,1,1,0.0829,XGBoost
632706.0,6.0,7,1,0.721,1,1,1,1,0.279,XGBoost
632706.0,7.0,8,1,0.9748,1,1,1,1,0.0252,XGBoost
632725.0,3.0,4,1,0.7376,1,1,1,1,0.2624,XGBoost
632725.0,4.0,5,1,0.6636,1,0,1,2,0.3364,XGBoost
632725.0,5.0,6,0,0.3457,0,0,4,4,0.6543,XGBoost
633069.0,5.0,6,1,0.9647,1,1,1,1,0.0353,XGBoost
633069.0,6.0,7,1,0.9353,1,1,1,1,0.0647,XGBoost
633069.0,7.0,8,1,0.9795,1,1,1,1,0.0205,XGBoost
633705.0,1.0,2,1,0.8709,1,1,1,1,0.1291,XGBoost
634606.0,1.0,2,1,0.0164,0,0,2,2,0.9836,XGBoost
634606.0,2.0,3,0,0.0058,0,0,4,4,0.9942,XGBoost
636100.0,1.0,2,1,0.1228,0,1,2,1,0.8772,XGBoost
636353.0,5.0,6,1,0.9465,1,1,1,1,0.0535,XGBoost
636353.0,6.0,7,1,0.7593,1,1,1,1,0.2407,XGBoost
636353.0,7.0,8,1,0.9898,1,1,1,1,0.0102,XGBoost
636848.0,1.0,2,1,0.5305,1,1,1,1,0.4695,XGBoost
636848.0,2.0,3,1,0.7947,1,1,1,1,0.2053,XGBoost
636848.0,3.0,4,1,0.805,1,1,1,1,0.195,XGBoost
637504.0,3.0,4,1,0.5307,1,1,1,1,0.4693,XGBoost
637504.0,4.0,5,1,0.6727,1,0,1,2,0.3273,XGBoost
637504.0,5.0,6,0,0.2626,0,0,4,4,0.7374,XGBoost
638085.0,1.0,2,1,0.5305,1,1,1,1,0.4695,XGBoost
638934.0,7.0,8,0,0.0931,0,0,4,4,0.9069,XGBoost
638942.0,5.0,6,0,0.0079,0,0,4,4,0.9921,XGBoost
638942.0,6.0,7,0,0.0093,0,0,4,4,0.9907,XGBoost
638942.0,7.0,8,0,0.0769,0,0,4,4,0.9231,XGBoost
639212.0,1.0,2,1,0.5295,1,1,1,1,0.4705,XGBoost
639212.0,2.0,3,1,0.9192,1,1,1,1,0.0808,XGBoost
639212.0,3.0,4,1,0.7245,1,1,1,1,0.2755,XGBoost
639430.0,5.0,6,0,0.1507,0,0,4,4,0.8493,XGBoost
639430.0,6.0,7,0,0.0125,0,0,4,4,0.9875,XGBoost
639430.0,7.0,8,0,0.6718,1,0,3,4,0.3282,XGBoost
640338.0,5.0,6,1,0.8483,1,1,1,1,0.1517,XGBoost
640338.0,6.0,7,1,0.9629,1,1,1,1,0.0371,XGBoost
640338.0,7.0,8,1,0.8982,1,1,1,1,0.1018,XGBoost
640399.0,5.0,6,0,0.0142,0,0,4,4,0.9858,XGBoost
640399.0,6.0,7,0,0.3377,0,0,4,4,0.6623,XGBoost
640399.0,7.0,8,0,0.7375,1,0,3,4,0.2625,XGBoost
643047.0,7.0,8,1,0.9162,1,1,1,1,0.0838,XGBoost
643149.0,1.0,2,1,0.5991,1,0,1,2,0.4009,XGBoost
643446.0,7.0,8,0,0.2862,0,0,4,4,0.7138,XGBoost
643898.0,1.0,2,1,0.2737,0,0,2,2,0.7263,XGBoost
643898.0,2.0,3,0,0.0908,0,0,4,4,0.9092,XGBoost
643898.0,3.0,4,0,0.0557,0,0,4,4,0.9443,XGBoost
644040.0,1.0,2,1,0.5111,1,0,1,2,0.4889,XGBoost
644160.0,1.0,2,1,0.0376,0,0,2,2,0.9624,XGBoost
645321.0,5.0,6,0,0.5409,1,0,3,4,0.4591,XGBoost
645321.0,6.0,7,0,0.1638,0,0,4,4,0.8362,XGBoost
645321.0,7.0,8,0,0.4689,0,1,4,3,0.5311,XGBoost
646868.0,1.0,2,1,0.0878,0,1,2,1,0.9122,XGBoost
646868.0,2.0,3,1,0.5694,1,0,1,2,0.4306,XGBoost
647207.0,3.0,4,0,0.0056,0,0,4,4,0.9944,XGBoost
647207.0,4.0,5,0,0.0036,0,0,4,4,0.9964,XGBoost
647207.0,5.0,6,0,0.0134,0,0,4,4,0.9866,XGBoost
648022.0,3.0,4,0,0.0056,0,0,4,4,0.9944,XGBoost
648022.0,4.0,5,0,0.0071,0,0,4,4,0.9929,XGBoost
648022.0,5.0,6,0,0.007,0,0,4,4,0.993,XGBoost
648794.0,3.0,4,0,0.0209,0,0,4,4,0.9791,XGBoost
651595.0,5.0,6,0,0.0053,0,0,4,4,0.9947,XGBoost
651595.0,6.0,7,0,0.0077,0,0,4,4,0.9923,XGBoost
651595.0,7.0,8,0,0.0571,0,0,4,4,0.9429,XGBoost
651850.0,7.0,8,1,0.9677,1,1,1,1,0.0323,XGBoost
651882.0,1.0,2,1,0.9601,1,1,1,1,0.0399,XGBoost
651882.0,2.0,3,1,0.933,1,1,1,1,0.067,XGBoost
651882.0,3.0,4,1,0.8922,1,1,1,1,0.1078,XGBoost
652127.0,1.0,2,1,0.0738,0,0,2,2,0.9262,XGBoost
652127.0,2.0,3,0,0.014,0,0,4,4,0.986,XGBoost
652127.0,3.0,4,0,0.0121,0,0,4,4,0.9879,XGBoost
653735.0,3.0,4,1,0.5709,1,1,1,1,0.4291,XGBoost
653735.0,4.0,5,1,0.691,1,1,1,1,0.309,XGBoost
653735.0,5.0,6,1,0.7674,1,1,1,1,0.2326,XGBoost
654371.0,1.0,2,1,0.3232,0,0,2,2,0.6768,XGBoost
655164.0,7.0,8,1,0.9481,1,1,1,1,0.0519,XGBoost
655164.0,8.0,9,1,0.9487,1,1,1,1,0.0513,XGBoost
655164.0,9.0,10,1,0.9866,1,1,1,1,0.0134,XGBoost
655572.0,1.0,2,1,0.3232,0,1,2,1,0.6768,XGBoost
655572.0,2.0,3,1,0.7112,1,1,1,1,0.2888,XGBoost
655572.0,3.0,4,1,0.6204,1,1,1,1,0.3796,XGBoost
655619.0,3.0,4,0,0.371,0,0,4,4,0.629,XGBoost
655619.0,4.0,5,0,0.3486,0,1,4,3,0.6514,XGBoost
655619.0,5.0,6,1,0.8483,1,1,1,1,0.1517,XGBoost
655917.0,1.0,2,1,0.1365,0,0,2,2,0.8635,XGBoost
655917.0,2.0,3,0,0.0057,0,0,4,4,0.9943,XGBoost
655917.0,3.0,4,0,0.1619,0,0,4,4,0.8381,XGBoost
656425.0,1.0,2,1,0.9392,1,1,1,1,0.0608,XGBoost
656596.0,1.0,2,1,0.4377,0,0,2,2,0.5623,XGBoost
656596.0,2.0,3,0,0.5042,1,0,3,4,0.4958,XGBoost
656596.0,3.0,4,0,0.5362,1,1,3,3,0.4638,XGBoost
656912.0,1.0,2,1,0.5305,1,1,1,1,0.4695,XGBoost
656912.0,2.0,3,1,0.7057,1,1,1,1,0.2943,XGBoost
656912.0,3.0,4,1,0.6564,1,1,1,1,0.3436,XGBoost
656981.0,5.0,6,0,0.2321,0,0,4,4,0.7679,XGBoost
656981.0,6.0,7,0,0.1245,0,0,4,4,0.8755,XGBoost
656981.0,7.0,8,0,0.2022,0,0,4,4,0.7978,XGBoost
657643.0,7.0,8,1,0.9739,1,1,1,1,0.0261,XGBoost
657643.0,8.0,9,1,0.9767,1,1,1,1,0.0233,XGBoost
657643.0,9.0,10,1,0.9797,1,1,1,1,0.0203,XGBoost
658244.0,5.0,6,0,0.0042,0,0,4,4,0.9958,XGBoost
658313.0,3.0,4,1,0.7293,1,0,1,2,0.2707,XGBoost
658313.0,4.0,5,0,0.7033,1,1,3,3,0.2967,XGBoost
658313.0,5.0,6,1,0.7455,1,0,1,2,0.2545,XGBoost
658585.0,3.0,4,1,0.7858,1,1,1,1,0.2142,XGBoost
658585.0,4.0,5,1,0.7673,1,1,1,1,0.2327,XGBoost
658585.0,5.0,6,1,0.9284,1,1,1,1,0.0716,XGBoost
659281.0,7.0,8,1,0.9739,1,1,1,1,0.0261,XGBoost
659663.0,3.0,4,1,0.6691,1,1,1,1,0.3309,XGBoost
659663.0,4.0,5,1,0.6574,1,0,1,2,0.3426,XGBoost
659663.0,5.0,6,0,0.1319,0,0,4,4,0.8681,XGBoost
659905.0,9.0,10,0,0.1233,0,0,4,4,0.8767,XGBoost
661234.0,1.0,2,1,0.0518,0,0,2,2,0.9482,XGBoost
661234.0,2.0,3,0,0.145,0,0,4,4,0.855,XGBoost
661234.0,3.0,4,0,0.345,0,0,4,4,0.655,XGBoost
662371.0,5.0,6,0,0.0801,0,0,4,4,0.9199,XGBoost
662371.0,6.0,7,0,0.0252,0,0,4,4,0.9748,XGBoost
662371.0,7.0,8,0,0.1705,0,0,4,4,0.8295,XGBoost
663756.0,1.0,2,1,0.8922,1,1,1,1,0.1078,XGBoost
664166.0,1.0,2,1,0.4203,0,0,2,2,0.5797,XGBoost
665159.0,9.0,10,1,0.9852,1,1,1,1,0.0148,XGBoost
665542.0,7.0,8,1,0.9115,1,1,1,1,0.0885,XGBoost
665592.0,7.0,8,1,0.8055,1,1,1,1,0.1945,XGBoost
665683.0,7.0,8,1,0.8829,1,1,1,1,0.1171,XGBoost
665852.0,1.0,2,1,0.8336,1,1,1,1,0.1664,XGBoost
666315.0,1.0,2,1,0.6079,1,1,1,1,0.3921,XGBoost
666645.0,1.0,2,1,0.3552,0,1,2,1,0.6448,XGBoost
666837.0,3.0,4,0,0.252,0,0,4,4,0.748,XGBoost
668006.0,1.0,2,1,0.5947,1,1,1,1,0.4053,XGBoost
668115.0,5.0,6,1,0.9485,1,1,1,1,0.0515,XGBoost
668115.0,6.0,7,1,0.9804,1,1,1,1,0.0196,XGBoost
668115.0,7.0,8,1,0.9739,1,1,1,1,0.0261,XGBoost
668953.0,3.0,4,1,0.7628,1,1,1,1,0.2372,XGBoost
668953.0,4.0,5,1,0.6966,1,1,1,1,0.3034,XGBoost
668953.0,5.0,6,1,0.8462,1,1,1,1,0.1538,XGBoost
670916.0,1.0,2,1,0.1564,0,1,2,1,0.8436,XGBoost
670916.0,2.0,3,1,0.9413,1,1,1,1,0.0587,XGBoost
670916.0,3.0,4,1,0.8922,1,1,1,1,0.1078,XGBoost
671581.0,3.0,4,0,0.0185,0,0,4,4,0.9815,XGBoost
671581.0,4.0,5,0,0.0308,0,0,4,4,0.9692,XGBoost
671581.0,5.0,6,0,0.185,0,1,4,3,0.815,XGBoost
672207.0,3.0,4,1,0.6676,1,1,1,1,0.3324,XGBoost
672207.0,4.0,5,1,0.7744,1,0,1,2,0.2256,XGBoost
672207.0,5.0,6,0,0.2057,0,1,4,3,0.7943,XGBoost
674520.0,1.0,2,1,0.0109,0,0,2,2,0.9891,XGBoost
674520.0,2.0,3,0,0.0057,0,0,4,4,0.9943,XGBoost
674520.0,3.0,4,0,0.0063,0,0,4,4,0.9937,XGBoost
675046.0,1.0,2,1,0.8883,1,1,1,1,0.1117,XGBoost
675046.0,2.0,3,1,0.952,1,1,1,1,0.048,XGBoost
675046.0,3.0,4,1,0.9012,1,1,1,1,0.0988,XGBoost
675240.0,7.0,8,1,0.9758,1,1,1,1,0.0242,XGBoost
675340.0,3.0,4,1,0.8245,1,0,1,2,0.1755,XGBoost
675340.0,4.0,5,0,0.315,0,1,4,3,0.685,XGBoost
675340.0,5.0,6,1,0.8583,1,0,1,2,0.1417,XGBoost
675348.0,1.0,2,1,0.9392,1,1,1,1,0.0608,XGBoost
675544.0,1.0,2,1,0.6273,1,1,1,1,0.3727,XGBoost
676653.0,5.0,6,0,0.0196,0,0,4,4,0.9804,XGBoost
676653.0,6.0,7,0,0.0195,0,0,4,4,0.9805,XGBoost
676653.0,7.0,8,0,0.155,0,0,4,4,0.845,XGBoost
676812.0,1.0,2,1,0.9674,1,1,1,1,0.0326,XGBoost
676812.0,2.0,3,1,0.9581,1,0,1,2,0.0419,XGBoost
676812.0,3.0,4,0,0.3491,0,0,4,4,0.6509,XGBoost
677316.0,1.0,2,1,0.7566,1,1,1,1,0.2434,XGBoost
677316.0,2.0,3,1,0.8178,1,1,1,1,0.1822,XGBoost
677316.0,3.0,4,1,0.8213,1,1,1,1,0.1787,XGBoost
677700.0,7.0,8,0,0.0192,0,0,4,4,0.9808,XGBoost
677833.0,1.0,2,1,0.6273,1,1,1,1,0.3727,XGBoost
677833.0,2.0,3,1,0.9077,1,0,1,2,0.0923,XGBoost
677833.0,3.0,4,0,0.418,0,0,4,4,0.582,XGBoost
682223.0,7.0,8,1,0.983,1,1,1,1,0.017,XGBoost
684000.0,1.0,2,1,0.7373,1,0,1,2,0.2627,XGBoost
684048.0,3.0,4,1,0.761,1,1,1,1,0.239,XGBoost
684048.0,4.0,5,1,0.8874,1,1,1,1,0.1126,XGBoost
684048.0,5.0,6,1,0.7888,1,1,1,1,0.2112,XGBoost
684756.0,3.0,4,0,0.0077,0,0,4,4,0.9923,XGBoost
684789.0,1.0,2,1,0.1119,0,0,2,2,0.8881,XGBoost
684789.0,2.0,3,0,0.1309,0,0,4,4,0.8691,XGBoost
684789.0,3.0,4,0,0.1513,0,0,4,4,0.8487,XGBoost
684949.0,1.0,2,1,0.475,0,1,2,1,0.525,XGBoost
684949.0,2.0,3,1,0.5926,1,0,1,2,0.4074,XGBoost
684949.0,3.0,4,0,0.4232,0,0,4,4,0.5768,XGBoost
688672.0,5.0,6,0,0.0093,0,0,4,4,0.9907,XGBoost
688672.0,6.0,7,0,0.0487,0,0,4,4,0.9513,XGBoost
688672.0,7.0,8,0,0.0763,0,0,4,4,0.9237,XGBoost
689342.0,3.0,4,0,0.1899,0,0,4,4,0.8101,XGBoost
689571.0,5.0,6,1,0.645,1,1,1,1,0.355,XGBoost
689571.0,6.0,7,1,0.7539,1,1,1,1,0.2461,XGBoost
689571.0,7.0,8,1,0.8747,1,1,1,1,0.1253,XGBoost
691610.0,7.0,8,0,0.7063,1,1,3,3,0.2937,XGBoost
692709.0,7.0,8,0,0.3453,0,0,4,4,0.6547,XGBoost
692942.0,7.0,8,1,0.9526,1,1,1,1,0.0474,XGBoost
693688.0,5.0,6,0,0.0076,0,0,4,4,0.9924,XGBoost
693688.0,6.0,7,0,0.02,0,0,4,4,0.98,XGBoost
693688.0,7.0,8,0,0.024,0,0,4,4,0.976,XGBoost
694744.0,5.0,6,0,0.0451,0,0,4,4,0.9549,XGBoost
694744.0,6.0,7,0,0.0215,0,0,4,4,0.9785,XGBoost
694744.0,7.0,8,0,0.0354,0,0,4,4,0.9646,XGBoost
695122.0,7.0,8,0,0.3686,0,0,4,4,0.6314,XGBoost
695907.0,1.0,2,1,0.9235,1,1,1,1,0.0765,XGBoost
696465.0,3.0,4,1,0.6801,1,0,1,2,0.3199,XGBoost
696465.0,4.0,5,0,0.2353,0,0,4,4,0.7647,XGBoost
696465.0,5.0,6,0,0.0486,0,0,4,4,0.9514,XGBoost
697504.0,1.0,2,1,0.5111,1,1,1,1,0.4889,XGBoost
698316.0,1.0,2,1,0.7454,1,1,1,1,0.2546,XGBoost
698316.0,2.0,3,1,0.8674,1,0,1,2,0.1326,XGBoost
698316.0,3.0,4,0,0.4012,0,0,4,4,0.5988,XGBoost
698441.0,1.0,2,1,0.9185,1,1,1,1,0.0815,XGBoost
699561.0,7.0,8,0,0.0247,0,0,4,4,0.9753,XGBoost
699620.0,1.0,2,1,0.8883,1,1,1,1,0.1117,XGBoost
699620.0,2.0,3,1,0.952,1,1,1,1,0.048,XGBoost
699620.0,3.0,4,1,0.8229,1,1,1,1,0.1771,XGBoost
699709.0,1.0,2,1,0.2017,0,0,2,2,0.7983,XGBoost
700017.0,1.0,2,1,0.7956,1,0,1,2,0.2044,XGBoost
701009.0,1.0,2,1,0.0068,0,0,2,2,0.9932,XGBoost
701009.0,2.0,3,0,0.0129,0,0,4,4,0.9871,XGBoost
701009.0,3.0,4,0,0.0049,0,0,4,4,0.9951,XGBoost
702536.0,7.0,8,0,0.1325,0,0,4,4,0.8675,XGBoost
702536.0,8.0,9,0,0.16,0,0,4,4,0.84,XGBoost
702536.0,9.0,10,0,0.1876,0,0,4,4,0.8124,XGBoost
702599.0,1.0,2,1,0.8132,1,1,1,1,0.1868,XGBoost
702599.0,2.0,3,1,0.8947,1,0,1,2,0.1053,XGBoost
702599.0,3.0,4,0,0.2124,0,0,4,4,0.7876,XGBoost
702768.0,9.0,10,1,0.9852,1,1,1,1,0.0148,XGBoost
703802.0,1.0,2,1,0.97,1,1,1,1,0.03,XGBoost
703802.0,2.0,3,1,0.9134,1,1,1,1,0.0866,XGBoost
703802.0,3.0,4,1,0.9479,1,1,1,1,0.0521,XGBoost
703945.0,7.0,8,1,0.9079,1,1,1,1,0.0921,XGBoost
703945.0,8.0,9,1,0.9238,1,1,1,1,0.0762,XGBoost
703945.0,9.0,10,1,0.9699,1,1,1,1,0.0301,XGBoost
704469.0,1.0,2,1,0.0518,0,0,2,2,0.9482,XGBoost
704469.0,2.0,3,0,0.0053,0,0,4,4,0.9947,XGBoost
704469.0,3.0,4,0,0.0084,0,0,4,4,0.9916,XGBoost
704755.0,9.0,10,0,0.0998,0,0,4,4,0.9002,XGBoost
706272.0,9.0,10,1,0.9806,1,1,1,1,0.0194,XGBoost
707218.0,1.0,2,1,0.1053,0,0,2,2,0.8947,XGBoost
707218.0,2.0,3,0,0.0123,0,0,4,4,0.9877,XGBoost
707218.0,3.0,4,0,0.0206,0,0,4,4,0.9794,XGBoost
707462.0,5.0,6,1,0.8462,1,1,1,1,0.1538,XGBoost
707462.0,6.0,7,1,0.9667,1,1,1,1,0.0333,XGBoost
707462.0,7.0,8,1,0.9615,1,1,1,1,0.0385,XGBoost
709662.0,1.0,2,1,0.8922,1,1,1,1,0.1078,XGBoost
709662.0,2.0,3,1,0.8721,1,1,1,1,0.1279,XGBoost
709662.0,3.0,4,1,0.7205,1,1,1,1,0.2795,XGBoost
710838.0,7.0,8,1,0.9236,1,1,1,1,0.0764,XGBoost
712074.0,7.0,8,1,0.9739,1,1,1,1,0.0261,XGBoost
715396.0,1.0,2,1,0.9601,1,1,1,1,0.0399,XGBoost
715396.0,2.0,3,1,0.933,1,1,1,1,0.067,XGBoost
715396.0,3.0,4,1,0.8922,1,1,1,1,0.1078,XGBoost
715690.0,1.0,2,1,0.6358,1,1,1,1,0.3642,XGBoost
715690.0,2.0,3,1,0.7309,1,1,1,1,0.2691,XGBoost
715690.0,3.0,4,1,0.614,1,0,1,2,0.386,XGBoost
715896.0,1.0,2,1,0.5991,1,0,1,2,0.4009,XGBoost
716517.0,5.0,6,0,0.5189,1,1,3,3,0.4811,XGBoost
716543.0,7.0,8,1,0.983,1,1,1,1,0.017,XGBoost
717227.0,7.0,8,0,0.0285,0,1,4,3,0.9715,XGBoost
718565.0,7.0,8,0,0.765,1,1,3,3,0.235,XGBoost
719766.0,5.0,6,0,0.0547,0,0,4,4,0.9453,XGBoost
719766.0,6.0,7,0,0.0142,0,0,4,4,0.9858,XGBoost
719766.0,7.0,8,0,0.0384,0,0,4,4,0.9616,XGBoost
721021.0,4.0,5,0,0.404,0,0,4,4,0.596,XGBoost
722325.0,1.0,2,1,0.7625,1,1,1,1,0.2375,XGBoost
722325.0,2.0,3,1,0.5122,1,1,1,1,0.4878,XGBoost
722325.0,3.0,4,1,0.6564,1,0,1,2,0.3436,XGBoost
724238.0,4.0,5,0,0.0052,0,0,4,4,0.9948,XGBoost
726897.0,1.0,2,1,0.0095,0,0,2,2,0.9905,XGBoost
726897.0,2.0,3,0,0.0049,0,0,4,4,0.9951,XGBoost
726897.0,3.0,4,0,0.0052,0,0,4,4,0.9948,XGBoost
728335.0,1.0,2,1,0.3458,0,1,2,1,0.6542,XGBoost
728335.0,2.0,3,1,0.7967,1,1,1,1,0.2033,XGBoost
728335.0,3.0,4,1,0.7376,1,1,1,1,0.2624,XGBoost
728465.0,3.0,4,1,0.9612,1,1,1,1,0.0388,XGBoost
728465.0,4.0,5,1,0.9467,1,1,1,1,0.0533,XGBoost
728465.0,5.0,6,1,0.9318,1,1,1,1,0.0682,XGBoost
732422.0,1.0,2,1,0.3345,0,0,2,2,0.6655,XGBoost
732422.0,2.0,3,0,0.3269,0,1,4,3,0.6731,XGBoost
732422.0,3.0,4,1,0.893,1,0,1,2,0.107,XGBoost
733799.0,1.0,2,1,0.0874,0,0,2,2,0.9126,XGBoost
734705.0,1.0,2,1,0.5068,1,0,1,2,0.4932,XGBoost
735836.0,7.0,8,1,0.9159,1,1,1,1,0.0841,XGBoost
735836.0,8.0,9,1,0.8651,1,1,1,1,0.1349,XGBoost
735836.0,9.0,10,1,0.9699,1,1,1,1,0.0301,XGBoost
736501.0,1.0,2,1,0.8883,1,1,1,1,0.1117,XGBoost
736501.0,2.0,3,1,0.952,1,1,1,1,0.048,XGBoost
736501.0,3.0,4,1,0.9527,1,1,1,1,0.0473,XGBoost
737410.0,4.0,5,0,0.0028,0,0,4,4,0.9972,XGBoost
737410.0,5.0,6,0,0.008,0,0,4,4,0.992,XGBoost
737687.0,3.0,4,0,0.1131,0,0,4,4,0.8869,XGBoost
737687.0,4.0,5,0,0.3507,0,1,4,3,0.6493,XGBoost
737687.0,5.0,6,1,0.9676,1,0,1,2,0.0324,XGBoost
737979.0,7.0,8,0,0.0116,0,0,4,4,0.9884,XGBoost
738864.0,7.0,8,1,0.9746,1,1,1,1,0.0254,XGBoost
739194.0,7.0,8,0,0.7349,1,0,3,4,0.2651,XGBoost
739194.0,8.0,9,0,0.7762,1,1,3,3,0.2238,XGBoost
739194.0,9.0,10,1,0.9503,1,0,1,2,0.0497,XGBoost
740054.0,3.0,4,0,0.1468,0,0,4,4,0.8532,XGBoost
740054.0,4.0,5,0,0.0113,0,0,4,4,0.9887,XGBoost
740054.0,5.0,6,0,0.0161,0,0,4,4,0.9839,XGBoost
742024.0,1.0,2,1,0.9798,1,1,1,1,0.0202,XGBoost
743368.0,1.0,2,1,0.8852,1,1,1,1,0.1148,XGBoost
743368.0,2.0,3,1,0.8439,1,1,1,1,0.1561,XGBoost
743368.0,3.0,4,1,0.7056,1,0,1,2,0.2944,XGBoost
743756.0,5.0,6,0,0.0076,0,0,4,4,0.9924,XGBoost
743756.0,6.0,7,0,0.0275,0,0,4,4,0.9725,XGBoost
743756.0,7.0,8,0,0.1208,0,0,4,4,0.8792,XGBoost
743999.0,3.0,4,0,0.3056,0,1,4,3,0.6944,XGBoost
743999.0,4.0,5,1,0.6412,1,1,1,1,0.3588,XGBoost
743999.0,5.0,6,1,0.8687,1,1,1,1,0.1313,XGBoost
744815.0,1.0,2,1,0.97,1,1,1,1,0.03,XGBoost
744815.0,2.0,3,1,0.952,1,1,1,1,0.048,XGBoost
744815.0,3.0,4,1,0.9654,1,1,1,1,0.0346,XGBoost
745163.0,1.0,2,1,0.3552,0,0,2,2,0.6448,XGBoost
745163.0,2.0,3,0,0.3866,0,0,4,4,0.6134,XGBoost
745310.0,5.0,6,1,0.7135,1,1,1,1,0.2865,XGBoost
745310.0,6.0,7,1,0.8911,1,1,1,1,0.1089,XGBoost
745310.0,7.0,8,1,0.9162,1,1,1,1,0.0838,XGBoost
746897.0,2.0,3,0,0.1026,0,0,4,4,0.8974,XGBoost
746897.0,3.0,4,0,0.0232,0,0,4,4,0.9768,XGBoost
747185.0,1.0,2,1,0.0109,0,0,2,2,0.9891,XGBoost
747185.0,2.0,3,0,0.0061,0,0,4,4,0.9939,XGBoost
747185.0,3.0,4,0,0.0143,0,0,4,4,0.9857,XGBoost
748961.0,1.0,2,1,0.6154,1,1,1,1,0.3846,XGBoost
748961.0,2.0,3,1,0.6622,1,1,1,1,0.3378,XGBoost
748961.0,3.0,4,1,0.8677,1,1,1,1,0.1323,XGBoost
749366.0,1.0,2,1,0.2291,0,1,2,1,0.7709,XGBoost
749680.0,3.0,4,0,0.0121,0,0,4,4,0.9879,XGBoost
749680.0,4.0,5,0,0.0062,0,0,4,4,0.9938,XGBoost
750323.0,1.0,2,1,0.0302,0,0,2,2,0.9698,XGBoost
750961.0,1.0,2,1,0.0083,0,0,2,2,0.9917,XGBoost
750961.0,2.0,3,0,0.0088,0,0,4,4,0.9912,XGBoost
752428.0,1.0,2,1,0.7611,1,1,1,1,0.2389,XGBoost
752428.0,2.0,3,1,0.7057,1,1,1,1,0.2943,XGBoost
752428.0,3.0,4,1,0.8264,1,1,1,1,0.1736,XGBoost
753600.0,1.0,2,1,0.0533,0,0,2,2,0.9467,XGBoost
754817.0,5.0,6,0,0.0547,0,0,4,4,0.9453,XGBoost
754817.0,6.0,7,0,0.6681,1,1,3,3,0.3319,XGBoost
754817.0,7.0,8,1,0.8571,1,0,1,2,0.1429,XGBoost
755546.0,7.0,8,0,0.0163,0,0,4,4,0.9837,XGBoost
755630.0,7.0,8,1,0.9456,1,1,1,1,0.0544,XGBoost
756974.0,5.0,6,1,0.9339,1,0,1,2,0.0661,XGBoost
756974.0,6.0,7,0,0.4369,0,1,4,3,0.5631,XGBoost
756974.0,7.0,8,1,0.8196,1,1,1,1,0.1804,XGBoost
757139.0,1.0,2,1,0.7611,1,0,1,2,0.2389,XGBoost
757509.0,1.0,2,1,0.4182,0,1,2,1,0.5818,XGBoost
757509.0,2.0,3,1,0.832,1,1,1,1,0.168,XGBoost
757509.0,3.0,4,1,0.9551,1,1,1,1,0.0449,XGBoost
757662.0,1.0,2,1,0.7829,1,0,1,2,0.2171,XGBoost
759043.0,3.0,4,1,0.7205,1,1,1,1,0.2795,XGBoost
759043.0,4.0,5,1,0.9467,1,1,1,1,0.0533,XGBoost
759043.0,5.0,6,1,0.8583,1,1,1,1,0.1417,XGBoost
759048.0,5.0,6,1,0.7574,1,0,1,2,0.2426,XGBoost
759048.0,6.0,7,0,0.8383,1,1,3,3,0.1617,XGBoost
759048.0,7.0,8,1,0.9739,1,1,1,1,0.0261,XGBoost
759605.0,7.0,8,0,0.7835,1,1,3,3,0.2165,XGBoost
760058.0,1.0,2,1,0.8991,1,1,1,1,0.1009,XGBoost
760058.0,2.0,3,1,0.9166,1,1,1,1,0.0834,XGBoost
760058.0,3.0,4,1,0.9472,1,1,1,1,0.0528,XGBoost
760173.0,1.0,2,1,0.2017,0,0,2,2,0.7983,XGBoost
760583.0,1.0,2,1,0.8739,1,1,1,1,0.1261,XGBoost
760607.0,1.0,2,1,0.0108,0,0,2,2,0.9892,XGBoost
761258.0,1.0,2,1,0.841,1,1,1,1,0.159,XGBoost
762318.0,1.0,2,1,0.8846,1,0,1,2,0.1154,XGBoost
763281.0,1.0,2,1,0.0209,0,0,2,2,0.9791,XGBoost
763301.0,5.0,6,1,0.5575,1,0,1,2,0.4425,XGBoost
763301.0,6.0,7,0,0.2639,0,1,4,3,0.7361,XGBoost
763301.0,7.0,8,1,0.8443,1,1,1,1,0.1557,XGBoost
764326.0,7.0,8,0,0.2828,0,0,4,4,0.7172,XGBoost
765070.0,5.0,6,0,0.7787,1,0,3,4,0.2213,XGBoost
765070.0,6.0,7,0,0.6337,1,1,3,3,0.3663,XGBoost
765070.0,7.0,8,1,0.8982,1,0,1,2,0.1018,XGBoost
765109.0,7.0,8,0,0.0563,0,0,4,4,0.9437,XGBoost
765699.0,5.0,6,1,0.8683,1,1,1,1,0.1317,XGBoost
765699.0,6.0,7,1,0.9667,1,1,1,1,0.0333,XGBoost
765699.0,7.0,8,1,0.9159,1,0,1,2,0.0841,XGBoost
765846.0,1.0,2,1,0.2975,0,0,2,2,0.7025,XGBoost
765846.0,2.0,3,0,0.1764,0,1,4,3,0.8236,XGBoost
765846.0,3.0,4,1,0.7519,1,0,1,2,0.2481,XGBoost
765962.0,1.0,2,1,0.2697,0,1,2,1,0.7303,XGBoost
767060.0,9.0,10,1,0.9852,1,1,1,1,0.0148,XGBoost
767292.0,1.0,2,1,0.5295,1,1,1,1,0.4705,XGBoost
767292.0,2.0,3,1,0.3581,0,0,2,2,0.6419,XGBoost
767292.0,3.0,4,0,0.0559,0,0,4,4,0.9441,XGBoost
767314.0,5.0,6,1,0.8151,1,0,1,2,0.1849,XGBoost
767314.0,6.0,7,0,0.0602,0,0,4,4,0.9398,XGBoost
767314.0,7.0,8,0,0.4138,0,1,4,3,0.5862,XGBoost
767715.0,1.0,2,1,0.0047,0,0,2,2,0.9953,XGBoost
767715.0,2.0,3,0,0.0053,0,0,4,4,0.9947,XGBoost
768551.0,7.0,8,1,0.7971,1,1,1,1,0.2029,XGBoost
768913.0,5.0,6,0,0.1157,0,0,4,4,0.8843,XGBoost
768913.0,6.0,7,0,0.2447,0,0,4,4,0.7553,XGBoost
768913.0,7.0,8,0,0.1056,0,0,4,4,0.8944,XGBoost
769673.0,1.0,2,1,0.6273,1,0,1,2,0.3727,XGBoost
770329.0,5.0,6,0,0.0495,0,0,4,4,0.9505,XGBoost
770329.0,6.0,7,0,0.0148,0,0,4,4,0.9852,XGBoost
770329.0,7.0,8,0,0.8971,1,1,3,3,0.1029,XGBoost
771321.0,3.0,4,0,0.0634,0,0,4,4,0.9366,XGBoost
771321.0,4.0,5,0,0.3258,0,0,4,4,0.6742,XGBoost
771321.0,5.0,6,0,0.4605,0,1,4,3,0.5395,XGBoost
772385.0,1.0,2,1,0.8301,1,0,1,2,0.1699,XGBoost
772385.0,2.0,3,0,0.4443,0,1,4,3,0.5557,XGBoost
772385.0,3.0,4,1,0.7185,1,0,1,2,0.2815,XGBoost
773381.0,1.0,2,1,0.0459,0,0,2,2,0.9541,XGBoost
773474.0,1.0,2,1,0.9392,1,1,1,1,0.0608,XGBoost
774625.0,1.0,2,1,0.0104,0,0,2,2,0.9896,XGBoost
776479.0,7.0,8,0,0.2917,0,0,4,4,0.7083,XGBoost
776558.0,7.0,8,1,0.9456,1,1,1,1,0.0544,XGBoost
777322.0,3.0,4,1,0.9443,1,1,1,1,0.0557,XGBoost
777322.0,4.0,5,1,0.9417,1,1,1,1,0.0583,XGBoost
777322.0,5.0,6,1,0.9642,1,1,1,1,0.0358,XGBoost
779835.0,3.0,4,0,0.1308,0,0,4,4,0.8692,XGBoost
779835.0,4.0,5,0,0.061,0,0,4,4,0.939,XGBoost
779835.0,5.0,6,0,0.0398,0,0,4,4,0.9602,XGBoost
781366.0,1.0,2,1,0.6797,1,1,1,1,0.3203,XGBoost
781366.0,2.0,3,1,0.8009,1,1,1,1,0.1991,XGBoost
781366.0,3.0,4,1,0.6838,1,0,1,2,0.3162,XGBoost
782693.0,1.0,2,1,0.7611,1,1,1,1,0.2389,XGBoost
782693.0,2.0,3,1,0.7205,1,1,1,1,0.2795,XGBoost
782693.0,3.0,4,1,0.9323,1,1,1,1,0.0677,XGBoost
783024.0,3.0,4,0,0.3334,0,0,4,4,0.6666,XGBoost
783024.0,4.0,5,0,0.0768,0,0,4,4,0.9232,XGBoost
783024.0,5.0,6,0,0.0322,0,0,4,4,0.9678,XGBoost
783793.0,7.0,8,0,0.6687,1,1,3,3,0.3313,XGBoost
784414.0,1.0,2,1,0.0109,0,0,2,2,0.9891,XGBoost
785205.0,3.0,4,0,0.2396,0,0,4,4,0.7604,XGBoost
785205.0,4.0,5,0,0.2032,0,0,4,4,0.7968,XGBoost
785205.0,5.0,6,0,0.4761,0,0,4,4,0.5239,XGBoost
785935.0,5.0,6,1,0.9647,1,1,1,1,0.0353,XGBoost
785935.0,6.0,7,1,0.9623,1,1,1,1,0.0377,XGBoost
785935.0,7.0,8,1,0.9739,1,1,1,1,0.0261,XGBoost
786362.0,5.0,6,0,0.0062,0,0,4,4,0.9938,XGBoost
786362.0,6.0,7,0,0.0078,0,0,4,4,0.9922,XGBoost
786362.0,7.0,8,0,0.0384,0,0,4,4,0.9616,XGBoost
786491.0,7.0,8,0,0.0368,0,0,4,4,0.9632,XGBoost
788307.0,3.0,4,1,0.8551,1,1,1,1,0.1449,XGBoost
788307.0,4.0,5,1,0.9338,1,1,1,1,0.0662,XGBoost
788307.0,5.0,6,1,0.9465,1,1,1,1,0.0535,XGBoost
789820.0,1.0,2,1,0.9392,1,1,1,1,0.0608,XGBoost
790130.0,7.0,8,1,0.8795,1,1,1,1,0.1205,XGBoost
792476.0,3.0,4,1,0.4759,0,1,2,1,0.5241,XGBoost
792476.0,4.0,5,1,0.9338,1,1,1,1,0.0662,XGBoost
792476.0,5.0,6,1,0.9676,1,1,1,1,0.0324,XGBoost
793526.0,1.0,2,1,0.9509,1,1,1,1,0.0491,XGBoost
796598.0,3.0,4,1,0.8677,1,0,1,2,0.1323,XGBoost
796598.0,4.0,5,0,0.7122,1,1,3,3,0.2878,XGBoost
796598.0,5.0,6,1,0.9232,1,1,1,1,0.0768,XGBoost
797307.0,7.0,8,0,0.024,0,0,4,4,0.976,XGBoost
797711.0,7.0,8,1,0.8795,1,1,1,1,0.1205,XGBoost
800177.0,1.0,2,1,0.0284,0,0,2,2,0.9716,XGBoost
801527.0,1.0,2,1,0.0431,0,0,2,2,0.9569,XGBoost
805687.0,5.0,6,0,0.4059,0,0,4,4,0.5941,XGBoost
805923.0,5.0,6,0,0.058,0,0,4,4,0.942,XGBoost
805923.0,6.0,7,0,0.1499,0,0,4,4,0.8501,XGBoost
805923.0,7.0,8,0,0.1854,0,0,4,4,0.8146,XGBoost
806249.0,7.0,8,0,0.4956,0,0,4,4,0.5044,XGBoost
806249.0,8.0,9,0,0.6637,1,0,3,4,0.3363,XGBoost
806249.0,9.0,10,0,0.7367,1,1,3,3,0.2633,XGBoost
807887.0,7.0,8,0,0.4609,0,0,4,4,0.5391,XGBoost
808350.0,7.0,8,1,0.983,1,1,1,1,0.017,XGBoost
808572.0,1.0,2,1,0.7374,1,1,1,1,0.2626,XGBoost
808572.0,2.0,3,1,0.7967,1,1,1,1,0.2033,XGBoost
808572.0,3.0,4,1,0.7282,1,1,1,1,0.2718,XGBoost
809049.0,1.0,2,1,0.0427,0,0,2,2,0.9573,XGBoost
809049.0,2.0,3,0,0.0201,0,0,4,4,0.9799,XGBoost
809049.0,3.0,4,0,0.2327,0,0,4,4,0.7673,XGBoost
809454.0,1.0,2,1,0.2833,0,0,2,2,0.7167,XGBoost
809454.0,2.0,3,0,0.3052,0,0,4,4,0.6948,XGBoost
809454.0,3.0,4,0,0.1439,0,0,4,4,0.8561,XGBoost
809505.0,4.0,5,0,0.0087,0,0,4,4,0.9913,XGBoost
809505.0,5.0,6,0,0.4094,0,0,4,4,0.5906,XGBoost
812322.0,1.0,2,1,0.7052,1,1,1,1,0.2948,XGBoost
812322.0,2.0,3,1,0.7967,1,1,1,1,0.2033,XGBoost
812322.0,3.0,4,1,0.6387,1,1,1,1,0.3613,XGBoost
812394.0,1.0,2,1,0.7373,1,1,1,1,0.2627,XGBoost
813397.0,3.0,4,1,0.9527,1,1,1,1,0.0473,XGBoost
813397.0,4.0,5,1,0.9457,1,1,1,1,0.0543,XGBoost
813397.0,5.0,6,1,0.9465,1,1,1,1,0.0535,XGBoost
815470.0,1.0,2,1,0.9277,1,1,1,1,0.0723,XGBoost
815470.0,2.0,3,1,0.9798,1,1,1,1,0.0202,XGBoost
815470.0,3.0,4,1,0.9322,1,1,1,1,0.0678,XGBoost
815619.0,1.0,2,1,0.7348,1,0,1,2,0.2652,XGBoost
815629.0,1.0,2,1,0.0222,0,0,2,2,0.9778,XGBoost
816097.0,3.0,4,0,0.2821,0,1,4,3,0.7179,XGBoost
816097.0,4.0,5,1,0.6018,1,1,1,1,0.3982,XGBoost
816097.0,5.0,6,1,0.7702,1,1,1,1,0.2298,XGBoost
817966.0,1.0,2,1,0.3928,0,0,2,2,0.6072,XGBoost
817966.0,2.0,3,0,0.5199,1,1,3,3,0.4801,XGBoost
817966.0,3.0,4,1,0.893,1,1,1,1,0.107,XGBoost
818550.0,7.0,8,0,0.1497,0,0,4,4,0.8503,XGBoost
818550.0,8.0,9,0,0.461,0,0,4,4,0.539,XGBoost
818550.0,9.0,10,0,0.6479,1,0,3,4,0.3521,XGBoost
819100.0,1.0,2,1,0.0261,0,0,2,2,0.9739,XGBoost
819100.0,2.0,3,0,0.0119,0,0,4,4,0.9881,XGBoost
819100.0,3.0,4,0,0.0037,0,0,4,4,0.9963,XGBoost
819556.0,7.0,8,0,0.6821,1,1,3,3,0.3179,XGBoost
819662.0,5.0,6,1,0.9058,1,1,1,1,0.0942,XGBoost
819662.0,6.0,7,1,0.9353,1,1,1,1,0.0647,XGBoost
819662.0,7.0,8,1,0.9526,1,1,1,1,0.0474,XGBoost
820195.0,1.0,2,1,0.7325,1,0,1,2,0.2675,XGBoost
820195.0,2.0,3,0,0.3872,0,0,4,4,0.6128,XGBoost
820195.0,3.0,4,0,0.3778,0,0,4,4,0.6222,XGBoost
820262.0,7.0,8,1,0.7515,1,1,1,1,0.2485,XGBoost
820396.0,7.0,8,1,0.9494,1,1,1,1,0.0506,XGBoost
822714.0,1.0,2,1,0.7373,1,1,1,1,0.2627,XGBoost
824933.0,1.0,2,1,0.7222,1,1,1,1,0.2778,XGBoost
825855.0,5.0,6,0,0.0057,0,0,4,4,0.9943,XGBoost
825855.0,6.0,7,0,0.0586,0,0,4,4,0.9414,XGBoost
825855.0,7.0,8,0,0.3537,0,0,4,4,0.6463,XGBoost
826128.0,3.0,4,1,0.6801,1,1,1,1,0.3199,XGBoost
826128.0,4.0,5,1,0.6694,1,0,1,2,0.3306,XGBoost
826128.0,5.0,6,0,0.3868,0,1,4,3,0.6132,XGBoost
829233.0,3.0,4,1,0.9323,1,1,1,1,0.0677,XGBoost
829233.0,4.0,5,1,0.9689,1,1,1,1,0.0311,XGBoost
829233.0,5.0,6,1,0.9676,1,1,1,1,0.0324,XGBoost
829448.0,7.0,8,0,0.0317,0,0,4,4,0.9683,XGBoost
829749.0,9.0,10,1,0.9848,1,1,1,1,0.0152,XGBoost
830001.0,7.0,8,0,0.1281,0,0,4,4,0.8719,XGBoost
831303.0,7.0,8,0,0.0397,0,0,4,4,0.9603,XGBoost
832244.0,5.0,6,1,0.9419,1,1,1,1,0.0581,XGBoost
832244.0,6.0,7,1,0.9652,1,1,1,1,0.0348,XGBoost
832244.0,7.0,8,1,0.9635,1,1,1,1,0.0365,XGBoost
832409.0,3.0,4,1,0.9612,1,1,1,1,0.0388,XGBoost
832409.0,4.0,5,1,0.905,1,1,1,1,0.095,XGBoost
832409.0,5.0,6,1,0.9398,1,1,1,1,0.0602,XGBoost
832486.0,1.0,2,1,0.8883,1,1,1,1,0.1117,XGBoost
833915.0,3.0,4,1,0.9606,1,1,1,1,0.0394,XGBoost
833915.0,4.0,5,1,0.9681,1,1,1,1,0.0319,XGBoost
833915.0,5.0,6,1,0.8949,1,1,1,1,0.1051,XGBoost
834331.0,3.0,4,0,0.0613,0,0,4,4,0.9387,XGBoost
836257.0,1.0,2,1,0.0362,0,0,2,2,0.9638,XGBoost
837030.0,1.0,2,1,0.2766,0,1,2,1,0.7234,XGBoost
837030.0,2.0,3,1,0.9595,1,1,1,1,0.0405,XGBoost
837030.0,3.0,4,1,0.4066,0,1,2,1,0.5934,XGBoost
839756.0,5.0,6,1,0.8662,1,1,1,1,0.1338,XGBoost
839820.0,5.0,6,0,0.299,0,0,4,4,0.701,XGBoost
839820.0,6.0,7,0,0.0645,0,1,4,3,0.9355,XGBoost
839820.0,7.0,8,1,0.9302,1,1,1,1,0.0698,XGBoost
839878.0,1.0,2,1,0.8922,1,1,1,1,0.1078,XGBoost
840412.0,7.0,8,0,0.1881,0,0,4,4,0.8119,XGBoost
840730.0,7.0,8,0,0.5639,1,1,3,3,0.4361,XGBoost
841417.0,1.0,2,1,0.798,1,1,1,1,0.202,XGBoost
841417.0,2.0,3,1,0.3581,0,1,2,1,0.6419,XGBoost
841417.0,3.0,4,1,0.5706,1,0,1,2,0.4294,XGBoost
842886.0,7.0,8,0,0.2662,0,0,4,4,0.7338,XGBoost
843441.0,3.0,4,1,0.9443,1,1,1,1,0.0557,XGBoost
843441.0,4.0,5,1,0.894,1,1,1,1,0.106,XGBoost
843441.0,5.0,6,1,0.9642,1,1,1,1,0.0358,XGBoost
843656.0,5.0,6,1,0.9325,1,1,1,1,0.0675,XGBoost
843656.0,6.0,7,1,0.917,1,1,1,1,0.083,XGBoost
843656.0,7.0,8,1,0.9724,1,1,1,1,0.0276,XGBoost
844392.0,1.0,2,1,0.3369,0,1,2,1,0.6631,XGBoost
844392.0,2.0,3,1,0.9413,1,0,1,2,0.0587,XGBoost
844392.0,3.0,4,0,0.3456,0,0,4,4,0.6544,XGBoost
844648.0,3.0,4,1,0.8623,1,1,1,1,0.1377,XGBoost
844648.0,4.0,5,1,0.7673,1,1,1,1,0.2327,XGBoost
844648.0,5.0,6,1,0.8883,1,1,1,1,0.1117,XGBoost
846966.0,3.0,4,0,0.0036,0,0,4,4,0.9964,XGBoost
846966.0,4.0,5,0,0.0057,0,0,4,4,0.9943,XGBoost
846966.0,5.0,6,0,0.0041,0,0,4,4,0.9959,XGBoost
847412.0,3.0,4,0,0.0728,0,0,4,4,0.9272,XGBoost
847412.0,4.0,5,0,0.0175,0,0,4,4,0.9825,XGBoost
847412.0,5.0,6,0,0.0189,0,0,4,4,0.9811,XGBoost
847896.0,1.0,2,1,0.0598,0,0,2,2,0.9402,XGBoost
848276.0,1.0,2,1,0.087,0,0,2,2,0.913,XGBoost
848624.0,4.0,5,0,0.234,0,0,4,4,0.766,XGBoost
848624.0,5.0,6,0,0.1093,0,0,4,4,0.8907,XGBoost
848990.0,1.0,2,1,0.0353,0,0,2,2,0.9647,XGBoost
848990.0,2.0,3,0,0.0967,0,0,4,4,0.9033,XGBoost
848990.0,3.0,4,0,0.0813,0,1,4,3,0.9187,XGBoost
849326.0,5.0,6,1,0.619,1,0,1,2,0.381,XGBoost
849429.0,3.0,4,0,0.0136,0,0,4,4,0.9864,XGBoost
849429.0,4.0,5,0,0.0214,0,0,4,4,0.9786,XGBoost
849429.0,5.0,6,0,0.0081,0,0,4,4,0.9919,XGBoost
850143.0,1.0,2,1,0.1216,0,0,2,2,0.8784,XGBoost
850143.0,2.0,3,0,0.026,0,0,4,4,0.974,XGBoost
851836.0,7.0,8,0,0.038,0,0,4,4,0.962,XGBoost
853648.0,3.0,4,0,0.0299,0,0,4,4,0.9701,XGBoost
853648.0,4.0,5,0,0.0228,0,0,4,4,0.9772,XGBoost
853648.0,5.0,6,0,0.0262,0,0,4,4,0.9738,XGBoost
856847.0,1.0,2,1,0.7768,1,1,1,1,0.2232,XGBoost
856877.0,7.0,8,1,0.983,1,1,1,1,0.017,XGBoost
857018.0,5.0,6,1,0.9647,1,1,1,1,0.0353,XGBoost
857018.0,6.0,7,1,0.9623,1,1,1,1,0.0377,XGBoost
857018.0,7.0,8,1,0.9898,1,1,1,1,0.0102,XGBoost
857083.0,3.0,4,1,0.7398,1,1,1,1,0.2602,XGBoost
857083.0,4.0,5,1,0.6825,1,0,1,2,0.3175,XGBoost
857083.0,5.0,6,0,0.4333,0,1,4,3,0.5667,XGBoost
857142.0,1.0,2,1,0.475,0,1,2,1,0.525,XGBoost
857142.0,2.0,3,1,0.8674,1,1,1,1,0.1326,XGBoost
857142.0,3.0,4,1,0.9527,1,1,1,1,0.0473,XGBoost
858111.0,3.0,4,0,0.0587,0,0,4,4,0.9413,XGBoost
859103.0,1.0,2,1,0.8462,1,0,1,2,0.1538,XGBoost
859103.0,2.0,3,0,0.316,0,0,4,4,0.684,XGBoost
859103.0,3.0,4,0,0.0167,0,0,4,4,0.9833,XGBoost
859155.0,1.0,2,1,0.9654,1,1,1,1,0.0346,XGBoost
859459.0,7.0,8,1,0.7242,1,1,1,1,0.2758,XGBoost
859459.0,8.0,9,1,0.8651,1,1,1,1,0.1349,XGBoost
859459.0,9.0,10,1,0.9699,1,1,1,1,0.0301,XGBoost
860634.0,5.0,6,1,0.9419,1,1,1,1,0.0581,XGBoost
860634.0,6.0,7,1,0.9652,1,1,1,1,0.0348,XGBoost
860634.0,7.0,8,1,0.9635,1,1,1,1,0.0365,XGBoost
861129.0,3.0,4,0,0.0384,0,0,4,4,0.9616,XGBoost
861129.0,4.0,5,0,0.2471,0,0,4,4,0.7529,XGBoost
861129.0,5.0,6,0,0.2864,0,0,4,4,0.7136,XGBoost
861326.0,1.0,2,1,0.0053,0,0,2,2,0.9947,XGBoost
861619.0,7.0,8,0,0.5269,1,0,3,4,0.4731,XGBoost
861619.0,8.0,9,0,0.3483,0,0,4,4,0.6517,XGBoost
861619.0,9.0,10,0,0.8396,1,0,3,4,0.1604,XGBoost
861823.0,7.0,8,0,0.0669,0,1,4,3,0.9331,XGBoost
862890.0,1.0,2,1,0.0108,0,0,2,2,0.9892,XGBoost
862890.0,2.0,3,0,0.0487,0,0,4,4,0.9513,XGBoost
862890.0,3.0,4,0,0.0185,0,0,4,4,0.9815,XGBoost
864105.0,1.0,2,1,0.3771,0,0,2,2,0.6229,XGBoost
864275.0,1.0,2,1,0.3016,0,0,2,2,0.6984,XGBoost
864275.0,2.0,3,0,0.1124,0,0,4,4,0.8876,XGBoost
864275.0,3.0,4,0,0.235,0,0,4,4,0.765,XGBoost
864624.0,7.0,8,0,0.4356,0,0,4,4,0.5644,XGBoost
864624.0,8.0,9,0,0.1608,0,0,4,4,0.8392,XGBoost
864624.0,9.0,10,0,0.5624,1,0,3,4,0.4376,XGBoost
864899.0,7.0,8,1,0.84,1,1,1,1,0.16,XGBoost
865820.0,1.0,2,1,0.5764,1,0,1,2,0.4236,XGBoost
865820.0,2.0,3,0,0.0624,0,1,4,3,0.9376,XGBoost
865820.0,3.0,4,1,0.7628,1,1,1,1,0.2372,XGBoost
866285.0,3.0,4,0,0.4121,0,0,4,4,0.5879,XGBoost
866285.0,4.0,5,0,0.7932,1,1,3,3,0.2068,XGBoost
866285.0,5.0,6,1,0.9284,1,1,1,1,0.0716,XGBoost
866944.0,3.0,4,0,0.124,0,0,4,4,0.876,XGBoost
866944.0,4.0,5,0,0.1548,0,0,4,4,0.8452,XGBoost
866944.0,5.0,6,0,0.2836,0,0,4,4,0.7164,XGBoost
867321.0,3.0,4,0,0.0279,0,0,4,4,0.9721,XGBoost
867321.0,4.0,5,0,0.1148,0,0,4,4,0.8852,XGBoost
867321.0,5.0,6,0,0.0135,0,0,4,4,0.9865,XGBoost
869263.0,3.0,4,1,0.7628,1,1,1,1,0.2372,XGBoost
869263.0,4.0,5,1,0.6412,1,1,1,1,0.3588,XGBoost
869263.0,5.0,6,1,0.7674,1,1,1,1,0.2326,XGBoost
870893.0,1.0,2,1,0.0633,0,0,2,2,0.9367,XGBoost
870893.0,2.0,3,0,0.261,0,0,4,4,0.739,XGBoost
870893.0,3.0,4,0,0.2055,0,1,4,3,0.7945,XGBoost
871984.0,1.0,2,1,0.5947,1,1,1,1,0.4053,XGBoost
871984.0,2.0,3,1,0.9688,1,1,1,1,0.0312,XGBoost
871984.0,3.0,4,1,0.9574,1,1,1,1,0.0426,XGBoost
872453.0,3.0,4,1,0.7376,1,1,1,1,0.2624,XGBoost
872453.0,4.0,5,1,0.6636,1,1,1,1,0.3364,XGBoost
872453.0,5.0,6,1,0.7294,1,1,1,1,0.2706,XGBoost
872783.0,3.0,4,0,0.4595,0,1,4,3,0.5405,XGBoost
872783.0,4.0,5,1,0.8645,1,0,1,2,0.1355,XGBoost
872783.0,5.0,6,0,0.5954,1,1,3,3,0.4046,XGBoost
873012.0,1.0,2,1,0.3821,0,0,2,2,0.6179,XGBoost
873438.0,1.0,2,1,0.1311,0,0,2,2,0.8689,XGBoost
873438.0,2.0,3,0,0.0678,0,0,4,4,0.9322,XGBoost
873438.0,3.0,4,0,0.0299,0,0,4,4,0.9701,XGBoost
873493.0,3.0,4,1,0.6676,1,1,1,1,0.3324,XGBoost
873493.0,4.0,5,1,0.8018,1,1,1,1,0.1982,XGBoost
874827.0,1.0,2,1,0.8922,1,1,1,1,0.1078,XGBoost
875508.0,3.0,4,1,0.8695,1,1,1,1,0.1305,XGBoost
875508.0,4.0,5,1,0.8646,1,1,1,1,0.1354,XGBoost
875508.0,5.0,6,1,0.5856,1,0,1,2,0.4144,XGBoost
875712.0,7.0,8,1,0.8682,1,1,1,1,0.1318,XGBoost
875937.0,1.0,2,1,0.9601,1,1,1,1,0.0399,XGBoost
876544.0,1.0,2,1,0.475,0,1,2,1,0.525,XGBoost
878199.0,7.0,8,1,0.9724,1,1,1,1,0.0276,XGBoost
879509.0,7.0,8,1,0.9677,1,1,1,1,0.0323,XGBoost
879532.0,1.0,2,1,0.4892,0,1,2,1,0.5108,XGBoost
879933.0,5.0,6,1,0.9318,1,1,1,1,0.0682,XGBoost
879933.0,6.0,7,1,0.9745,1,1,1,1,0.0255,XGBoost
879933.0,7.0,8,1,0.9795,1,1,1,1,0.0205,XGBoost
881737.0,7.0,8,0,0.0204,0,0,4,4,0.9796,XGBoost
883295.0,1.0,2,1,0.0178,0,0,2,2,0.9822,XGBoost
883496.0,1.0,2,1,0.0565,0,0,2,2,0.9435,XGBoost
883920.0,1.0,2,1,0.0034,0,0,2,2,0.9966,XGBoost
883966.0,1.0,2,1,0.0137,0,0,2,2,0.9863,XGBoost
883998.0,7.0,8,1,0.8302,1,0,1,2,0.1698,XGBoost
884485.0,5.0,6,1,0.9647,1,1,1,1,0.0353,XGBoost
884485.0,6.0,7,1,0.9629,1,1,1,1,0.0371,XGBoost
884485.0,7.0,8,1,0.9795,1,1,1,1,0.0205,XGBoost
885089.0,1.0,2,1,0.5305,1,0,1,2,0.4695,XGBoost
885089.0,2.0,3,0,0.2171,0,1,4,3,0.7829,XGBoost
885089.0,3.0,4,1,0.6708,1,0,1,2,0.3292,XGBoost
885657.0,3.0,4,0,0.0306,0,0,4,4,0.9694,XGBoost
886488.0,5.0,6,0,0.0173,0,0,4,4,0.9827,XGBoost
886488.0,6.0,7,0,0.0103,0,0,4,4,0.9897,XGBoost
886488.0,7.0,8,0,0.071,0,0,4,4,0.929,XGBoost
886701.0,1.0,2,1,0.1109,0,0,2,2,0.8891,XGBoost
887294.0,5.0,6,1,0.9248,1,0,1,2,0.0752,XGBoost
887294.0,6.0,7,0,0.1665,0,1,4,3,0.8335,XGBoost
887294.0,7.0,8,1,0.9341,1,1,1,1,0.0659,XGBoost
888334.0,3.0,4,0,0.226,0,0,4,4,0.774,XGBoost
888334.0,4.0,5,0,0.5348,1,0,3,4,0.4652,XGBoost
888334.0,5.0,6,0,0.6852,1,0,3,4,0.3148,XGBoost
888823.0,3.0,4,0,0.0508,0,0,4,4,0.9492,XGBoost
888823.0,4.0,5,0,0.009,0,0,4,4,0.991,XGBoost
888823.0,5.0,6,0,0.1019,0,0,4,4,0.8981,XGBoost
889131.0,5.0,6,0,0.0169,0,0,4,4,0.9831,XGBoost
889131.0,6.0,7,0,0.0104,0,0,4,4,0.9896,XGBoost
889131.0,7.0,8,0,0.7571,1,0,3,4,0.2429,XGBoost
889457.0,5.0,6,0,0.0407,0,0,4,4,0.9593,XGBoost
889457.0,6.0,7,0,0.025,0,0,4,4,0.975,XGBoost
889457.0,7.0,8,0,0.0442,0,0,4,4,0.9558,XGBoost
891149.0,5.0,6,1,0.8583,1,1,1,1,0.1417,XGBoost
891149.0,6.0,7,1,0.9745,1,1,1,1,0.0255,XGBoost
891149.0,7.0,8,1,0.963,1,1,1,1,0.037,XGBoost
891351.0,1.0,2,1,0.7373,1,1,1,1,0.2627,XGBoost
891351.0,2.0,3,1,0.978,1,1,1,1,0.022,XGBoost
891351.0,3.0,4,1,0.9431,1,1,1,1,0.0569,XGBoost
891647.0,3.0,4,1,0.9728,1,1,1,1,0.0272,XGBoost
891647.0,4.0,5,1,0.9533,1,1,1,1,0.0467,XGBoost
891647.0,5.0,6,1,0.9647,1,1,1,1,0.0353,XGBoost
891938.0,6.0,7,0,0.0067,0,0,4,4,0.9933,XGBoost
891938.0,7.0,8,0,0.0204,0,0,4,4,0.9796,XGBoost
892525.0,1.0,2,1,0.5305,1,0,1,2,0.4695,XGBoost
892525.0,2.0,3,0,0.2018,0,0,4,4,0.7982,XGBoost
892525.0,3.0,4,0,0.0135,0,0,4,4,0.9865,XGBoost
892798.0,3.0,4,0,0.065,0,0,4,4,0.935,XGBoost
892798.0,4.0,5,0,0.0052,0,0,4,4,0.9948,XGBoost
893284.0,1.0,2,1,0.603,1,1,1,1,0.397,XGBoost
893284.0,2.0,3,1,0.4942,0,0,2,2,0.5058,XGBoost
893284.0,3.0,4,0,0.0546,0,0,4,4,0.9454,XGBoost
893745.0,1.0,2,1,0.7611,1,0,1,2,0.2389,XGBoost
893745.0,2.0,3,0,0.6006,1,1,3,3,0.3994,XGBoost
893745.0,3.0,4,1,0.9012,1,0,1,2,0.0988,XGBoost
894481.0,1.0,2,1,0.323,0,0,2,2,0.677,XGBoost
895099.0,5.0,6,0,0.1499,0,0,4,4,0.8501,XGBoost
895099.0,6.0,7,0,0.0069,0,0,4,4,0.9931,XGBoost
895099.0,7.0,8,0,0.1325,0,0,4,4,0.8675,XGBoost
895216.0,1.0,2,1,0.0101,0,0,2,2,0.9899,XGBoost
895216.0,2.0,3,0,0.0096,0,0,4,4,0.9904,XGBoost
895216.0,3.0,4,0,0.0055,0,0,4,4,0.9945,XGBoost
897767.0,5.0,6,1,0.649,1,1,1,1,0.351,XGBoost
897767.0,6.0,7,1,0.8772,1,1,1,1,0.1228,XGBoost
897767.0,7.0,8,1,0.6032,1,1,1,1,0.3968,XGBoost
898788.0,3.0,4,1,0.9349,1,1,1,1,0.0651,XGBoost
898788.0,4.0,5,1,0.7673,1,1,1,1,0.2327,XGBoost
898788.0,5.0,6,1,0.8053,1,1,1,1,0.1947,XGBoost
899296.0,3.0,4,0,0.2995,0,0,4,4,0.7005,XGBoost
899296.0,4.0,5,0,0.2483,0,1,4,3,0.7517,XGBoost
899296.0,5.0,6,1,0.7103,1,0,1,2,0.2897,XGBoost
899917.0,1.0,2,1,0.6799,1,1,1,1,0.3201,XGBoost
899917.0,2.0,3,1,0.8615,1,0,1,2,0.1385,XGBoost
899917.0,3.0,4,0,0.0778,0,0,4,4,0.9222,XGBoost
900541.0,3.0,4,0,0.841,1,0,3,4,0.159,XGBoost
900541.0,4.0,5,0,0.5348,1,1,3,3,0.4652,XGBoost
900541.0,5.0,6,1,0.9325,1,1,1,1,0.0675,XGBoost
901038.0,5.0,6,0,0.0179,0,0,4,4,0.9821,XGBoost
901038.0,6.0,7,0,0.0182,0,0,4,4,0.9818,XGBoost
901038.0,7.0,8,0,0.0563,0,0,4,4,0.9437,XGBoost
903616.0,1.0,2,1,0.1273,0,0,2,2,0.8727,XGBoost
903948.0,1.0,2,1,0.0032,0,0,2,2,0.9968,XGBoost
903948.0,2.0,3,0,0.0058,0,0,4,4,0.9942,XGBoost
903948.0,3.0,4,0,0.0056,0,0,4,4,0.9944,XGBoost
903955.0,5.0,6,0,0.0088,0,0,4,4,0.9912,XGBoost
903955.0,6.0,7,0,0.0067,0,0,4,4,0.9933,XGBoost
903955.0,7.0,8,0,0.0294,0,0,4,4,0.9706,XGBoost
904034.0,1.0,2,1,0.8922,1,1,1,1,0.1078,XGBoost
904034.0,2.0,3,1,0.7967,1,1,1,1,0.2033,XGBoost
904034.0,3.0,4,1,0.8366,1,1,1,1,0.1634,XGBoost
904050.0,7.0,8,0,0.5599,1,1,3,3,0.4401,XGBoost
904710.0,1.0,2,1,0.0039,0,0,2,2,0.9961,XGBoost
904710.0,2.0,3,0,0.0051,0,0,4,4,0.9949,XGBoost
905132.0,3.0,4,1,0.9349,1,1,1,1,0.0651,XGBoost
905132.0,4.0,5,1,0.7673,1,1,1,1,0.2327,XGBoost
905132.0,5.0,6,1,0.8883,1,1,1,1,0.1117,XGBoost
906553.0,5.0,6,1,0.9281,1,1,1,1,0.0719,XGBoost
906553.0,6.0,7,1,0.9667,1,1,1,1,0.0333,XGBoost
906553.0,7.0,8,1,0.9615,1,1,1,1,0.0385,XGBoost
907005.0,1.0,2,1,0.0849,0,0,2,2,0.9151,XGBoost
907005.0,2.0,3,0,0.111,0,0,4,4,0.889,XGBoost
907005.0,3.0,4,0,0.2191,0,0,4,4,0.7809,XGBoost
908479.0,1.0,2,1,0.2186,0,0,2,2,0.7814,XGBoost
909697.0,1.0,2,1,0.6273,1,0,1,2,0.3727,XGBoost
909697.0,2.0,3,0,0.5054,1,1,3,3,0.4946,XGBoost
909697.0,3.0,4,1,0.6204,1,1,1,1,0.3796,XGBoost
909748.0,1.0,2,1,0.8991,1,1,1,1,0.1009,XGBoost
909955.0,1.0,2,1,0.958,1,1,1,1,0.042,XGBoost
910047.0,1.0,2,1,0.0518,0,0,2,2,0.9482,XGBoost
910956.0,1.0,2,1,0.1775,0,0,2,2,0.8225,XGBoost
912422.0,1.0,2,1,0.0047,0,0,2,2,0.9953,XGBoost
912444.0,1.0,2,1,0.746,1,0,1,2,0.254,XGBoost
913883.0,5.0,6,1,0.8662,1,0,1,2,0.1338,XGBoost
913883.0,6.0,7,0,0.9037,1,1,3,3,0.0963,XGBoost
913883.0,7.0,8,1,0.9739,1,1,1,1,0.0261,XGBoost
914232.0,5.0,6,0,0.6242,1,0,3,4,0.3758,XGBoost
914232.0,6.0,7,0,0.3933,0,1,4,3,0.6067,XGBoost
914232.0,7.0,8,1,0.7277,1,1,1,1,0.2723,XGBoost
914982.0,1.0,2,1,0.7933,1,0,1,2,0.2067,XGBoost
915106.0,3.0,4,0,0.0048,0,0,4,4,0.9952,XGBoost
915106.0,4.0,5,0,0.013,0,0,4,4,0.987,XGBoost
915106.0,5.0,6,0,0.0083,0,0,4,4,0.9917,XGBoost
917102.0,5.0,6,1,0.9232,1,1,1,1,0.0768,XGBoost
917102.0,6.0,7,1,0.9505,1,1,1,1,0.0495,XGBoost
917102.0,7.0,8,1,0.9789,1,1,1,1,0.0211,XGBoost
917768.0,7.0,8,0,0.3803,0,0,4,4,0.6197,XGBoost
918795.0,7.0,8,0,0.241,0,0,4,4,0.759,XGBoost
918859.0,3.0,4,0,0.0775,0,1,4,3,0.9225,XGBoost
918859.0,4.0,5,1,0.5575,1,0,1,2,0.4425,XGBoost
918859.0,5.0,6,0,0.0585,0,0,4,4,0.9415,XGBoost
919286.0,1.0,2,1,0.1253,0,0,2,2,0.8747,XGBoost
919286.0,2.0,3,0,0.0101,0,0,4,4,0.9899,XGBoost
919286.0,3.0,4,0,0.1049,0,0,4,4,0.8951,XGBoost
920132.0,7.0,8,1,0.9028,1,1,1,1,0.0972,XGBoost
920994.0,1.0,2,1,0.0569,0,0,2,2,0.9431,XGBoost
922208.0,1.0,2,1,0.5947,1,0,1,2,0.4053,XGBoost
922510.0,5.0,6,0,0.1283,0,0,4,4,0.8717,XGBoost
922510.0,6.0,7,0,0.3572,0,0,4,4,0.6428,XGBoost
922510.0,7.0,8,0,0.3767,0,0,4,4,0.6233,XGBoost
924381.0,1.0,2,1,0.0038,0,0,2,2,0.9962,XGBoost
924381.0,2.0,3,0,0.0098,0,0,4,4,0.9902,XGBoost
924448.0,3.0,4,0,0.011,0,0,4,4,0.989,XGBoost
924448.0,4.0,5,0,0.0565,0,0,4,4,0.9435,XGBoost
924448.0,5.0,6,0,0.0436,0,0,4,4,0.9564,XGBoost
924533.0,1.0,2,1,0.0137,0,0,2,2,0.9863,XGBoost
924533.0,2.0,3,0,0.0061,0,0,4,4,0.9939,XGBoost
924533.0,3.0,4,0,0.0079,0,0,4,4,0.9921,XGBoost
925111.0,5.0,6,0,0.0066,0,0,4,4,0.9934,XGBoost
925111.0,6.0,7,0,0.0093,0,0,4,4,0.9907,XGBoost
925111.0,7.0,8,0,0.0669,0,0,4,4,0.9331,XGBoost
926858.0,1.0,2,1,0.2033,0,0,2,2,0.7967,XGBoost
926866.0,7.0,8,0,0.0887,0,0,4,4,0.9113,XGBoost
927400.0,5.0,6,1,0.5443,1,0,1,2,0.4557,XGBoost
927400.0,6.0,7,0,0.0328,0,0,4,4,0.9672,XGBoost
927400.0,7.0,8,0,0.2767,0,1,4,3,0.7233,XGBoost
927843.0,1.0,2,1,0.0076,0,0,2,2,0.9924,XGBoost
927843.0,2.0,3,0,0.0457,0,0,4,4,0.9543,XGBoost
927843.0,3.0,4,0,0.0065,0,0,4,4,0.9935,XGBoost
928990.0,1.0,2,1,0.8991,1,1,1,1,0.1009,XGBoost
932035.0,1.0,2,1,0.2737,0,0,2,2,0.7263,XGBoost
932355.0,3.0,4,0,0.0055,0,0,4,4,0.9945,XGBoost
932355.0,4.0,5,0,0.0228,0,0,4,4,0.9772,XGBoost
932355.0,5.0,6,0,0.0096,0,0,4,4,0.9904,XGBoost
932694.0,5.0,6,1,0.8662,1,1,1,1,0.1338,XGBoost
933273.0,3.0,4,0,0.0526,0,0,4,4,0.9474,XGBoost
933273.0,4.0,5,0,0.199,0,0,4,4,0.801,XGBoost
933273.0,5.0,6,0,0.0383,0,0,4,4,0.9617,XGBoost
933655.0,3.0,4,0,0.4078,0,0,4,4,0.5922,XGBoost
933655.0,4.0,5,0,0.0082,0,0,4,4,0.9918,XGBoost
933655.0,5.0,6,0,0.0076,0,0,4,4,0.9924,XGBoost
934639.0,5.0,6,0,0.0095,0,0,4,4,0.9905,XGBoost
934639.0,6.0,7,0,0.0403,0,0,4,4,0.9597,XGBoost
934639.0,7.0,8,0,0.0384,0,0,4,4,0.9616,XGBoost
934927.0,1.0,2,1,0.0122,0,0,2,2,0.9878,XGBoost
935287.0,1.0,2,1,0.5771,1,1,1,1,0.4229,XGBoost
935295.0,7.0,8,0,0.1325,0,1,4,3,0.8675,XGBoost
935442.0,7.0,8,1,0.9739,1,1,1,1,0.0261,XGBoost
936569.0,1.0,2,1,0.0081,0,0,2,2,0.9919,XGBoost
937561.0,7.0,8,1,0.9236,1,1,1,1,0.0764,XGBoost
938200.0,1.0,2,1,0.8673,1,1,1,1,0.1327,XGBoost
939049.0,1.0,2,1,0.4359,0,0,2,2,0.5641,XGBoost
939049.0,2.0,3,0,0.2948,0,1,4,3,0.7052,XGBoost
939049.0,3.0,4,1,0.6564,1,0,1,2,0.3436,XGBoost
939303.0,9.0,10,1,0.9646,1,1,1,1,0.0354,XGBoost
939422.0,5.0,6,0,0.363,0,0,4,4,0.637,XGBoost
939422.0,6.0,7,0,0.4002,0,1,4,3,0.5998,XGBoost
939422.0,7.0,8,1,0.9635,1,1,1,1,0.0365,XGBoost
939670.0,3.0,4,0,0.1924,0,1,4,3,0.8076,XGBoost
939670.0,4.0,5,1,0.6694,1,0,1,2,0.3306,XGBoost
939670.0,5.0,6,0,0.2237,0,0,4,4,0.7763,XGBoost
939895.0,1.0,2,1,0.1642,0,0,2,2,0.8358,XGBoost
940298.0,5.0,6,1,0.9644,1,1,1,1,0.0356,XGBoost
940298.0,6.0,7,1,0.9472,1,1,1,1,0.0528,XGBoost
940298.0,7.0,8,1,0.963,1,1,1,1,0.037,XGBoost
942033.0,5.0,6,0,0.4591,0,0,4,4,0.5409,XGBoost
942033.0,6.0,7,0,0.0228,0,0,4,4,0.9772,XGBoost
942033.0,7.0,8,0,0.0818,0,0,4,4,0.9182,XGBoost
943468.0,3.0,4,0,0.4134,0,0,4,4,0.5866,XGBoost
943468.0,4.0,5,0,0.0781,0,0,4,4,0.9219,XGBoost
943468.0,5.0,6,0,0.1283,0,0,4,4,0.8717,XGBoost
943807.0,1.0,2,1,0.7829,1,1,1,1,0.2171,XGBoost
944527.0,7.0,8,1,0.9707,1,1,1,1,0.0293,XGBoost
945554.0,1.0,2,1,0.2186,0,0,2,2,0.7814,XGBoost
945554.0,2.0,3,0,0.1941,0,0,4,4,0.8059,XGBoost
945554.0,3.0,4,0,0.1568,0,0,4,4,0.8432,XGBoost
947611.0,1.0,2,1,0.8336,1,1,1,1,0.1664,XGBoost
950751.0,1.0,2,1,0.0157,0,0,2,2,0.9843,XGBoost
951272.0,7.0,8,1,0.9456,1,1,1,1,0.0544,XGBoost
953438.0,7.0,8,1,0.8682,1,1,1,1,0.1318,XGBoost
953508.0,1.0,2,1,0.076,0,0,2,2,0.924,XGBoost
953508.0,2.0,3,0,0.0129,0,0,4,4,0.9871,XGBoost
953508.0,3.0,4,0,0.1775,0,1,4,3,0.8225,XGBoost
954431.0,5.0,6,1,0.9676,1,1,1,1,0.0324,XGBoost
954431.0,6.0,7,1,0.9632,1,1,1,1,0.0368,XGBoost
954431.0,7.0,8,1,0.983,1,1,1,1,0.017,XGBoost
954662.0,1.0,2,1,0.9295,1,1,1,1,0.0705,XGBoost
954662.0,2.0,3,1,0.8007,1,1,1,1,0.1993,XGBoost
954662.0,3.0,4,1,0.91,1,1,1,1,0.09,XGBoost
954986.0,1.0,2,1,0.7373,1,0,1,2,0.2627,XGBoost
956229.0,9.0,10,0,0.1163,0,0,4,4,0.8837,XGBoost
958257.0,7.0,8,0,0.0163,0,0,4,4,0.9837,XGBoost
961504.0,5.0,6,0,0.1548,0,0,4,4,0.8452,XGBoost
961504.0,6.0,7,0,0.2078,0,0,4,4,0.7922,XGBoost
961504.0,7.0,8,0,0.7349,1,1,3,3,0.2651,XGBoost
962322.0,7.0,8,0,0.0247,0,0,4,4,0.9753,XGBoost
962349.0,1.0,2,1,0.1775,0,0,2,2,0.8225,XGBoost
962349.0,2.0,3,0,0.2344,0,0,4,4,0.7656,XGBoost
962349.0,3.0,4,0,0.239,0,0,4,4,0.761,XGBoost
963587.0,5.0,6,0,0.0093,0,0,4,4,0.9907,XGBoost
963587.0,6.0,7,0,0.0069,0,0,4,4,0.9931,XGBoost
964029.0,7.0,8,1,0.9689,1,1,1,1,0.0311,XGBoost
964334.0,5.0,6,0,0.5477,1,1,3,3,0.4523,XGBoost
964334.0,6.0,7,1,0.8647,1,0,1,2,0.1353,XGBoost
964334.0,7.0,8,0,0.3484,0,0,4,4,0.6516,XGBoost
964360.0,1.0,2,1,0.0053,0,0,2,2,0.9947,XGBoost
964769.0,7.0,8,0,0.0373,0,0,4,4,0.9627,XGBoost
964769.0,8.0,9,0,0.0661,0,0,4,4,0.9339,XGBoost
964769.0,9.0,10,0,0.1642,0,0,4,4,0.8358,XGBoost
965930.0,3.0,4,1,0.9193,1,1,1,1,0.0807,XGBoost
965930.0,4.0,5,1,0.9556,1,1,1,1,0.0444,XGBoost
965930.0,5.0,6,1,0.9281,1,1,1,1,0.0719,XGBoost
967998.0,1.0,2,1,0.0517,0,0,2,2,0.9483,XGBoost
967998.0,2.0,3,0,0.0848,0,0,4,4,0.9152,XGBoost
967998.0,3.0,4,0,0.254,0,0,4,4,0.746,XGBoost
968079.0,1.0,2,1,0.3369,0,0,2,2,0.6631,XGBoost
969674.0,7.0,8,0,0.0163,0,0,4,4,0.9837,XGBoost
970140.0,1.0,2,1,0.9621,1,1,1,1,0.0379,XGBoost
970357.0,3.0,4,0,0.0056,0,0,4,4,0.9944,XGBoost
970357.0,4.0,5,0,0.0111,0,0,4,4,0.9889,XGBoost
970357.0,5.0,6,0,0.0134,0,0,4,4,0.9866,XGBoost
970802.0,7.0,8,1,0.8692,1,1,1,1,0.1308,XGBoost
971797.0,1.0,2,1,0.1046,0,1,2,1,0.8954,XGBoost
971797.0,2.0,3,1,0.8033,1,1,1,1,0.1967,XGBoost
971797.0,3.0,4,1,0.6919,1,0,1,2,0.3081,XGBoost
972902.0,7.0,8,0,0.0373,0,0,4,4,0.9627,XGBoost
972902.0,8.0,9,0,0.0691,0,0,4,4,0.9309,XGBoost
972902.0,9.0,10,0,0.1052,0,0,4,4,0.8948,XGBoost
975029.0,1.0,2,1,0.8301,1,1,1,1,0.1699,XGBoost
975785.0,3.0,4,0,0.0728,0,0,4,4,0.9272,XGBoost
975785.0,4.0,5,0,0.1548,0,0,4,4,0.8452,XGBoost
975785.0,5.0,6,0,0.0259,0,0,4,4,0.9741,XGBoost
976990.0,7.0,8,0,0.1163,0,0,4,4,0.8837,XGBoost
978009.0,7.0,8,0,0.0312,0,0,4,4,0.9688,XGBoost
978152.0,1.0,2,1,0.1914,0,0,2,2,0.8086,XGBoost
978152.0,2.0,3,0,0.1799,0,0,4,4,0.8201,XGBoost
978152.0,3.0,4,0,0.205,0,0,4,4,0.795,XGBoost
979541.0,9.0,10,1,0.9806,1,1,1,1,0.0194,XGBoost
980675.0,1.0,2,1,0.4203,0,1,2,1,0.5797,XGBoost
980846.0,1.0,2,1,0.3581,0,0,2,2,0.6419,XGBoost
980846.0,2.0,3,0,0.022,0,0,4,4,0.978,XGBoost
980975.0,7.0,8,0,0.0358,0,0,4,4,0.9642,XGBoost
981577.0,7.0,8,0,0.4384,0,1,4,3,0.5616,XGBoost
981577.0,8.0,9,1,0.9141,1,1,1,1,0.0859,XGBoost
981577.0,9.0,10,1,0.9503,1,0,1,2,0.0497,XGBoost
982393.0,1.0,2,1,0.8673,1,1,1,1,0.1327,XGBoost
982393.0,2.0,3,1,0.9519,1,1,1,1,0.0481,XGBoost
982393.0,3.0,4,1,0.9527,1,1,1,1,0.0473,XGBoost
983714.0,1.0,2,1,0.9026,1,0,1,2,0.0974,XGBoost
983750.0,1.0,2,1,0.0938,0,0,2,2,0.9062,XGBoost
983750.0,2.0,3,0,0.4073,0,0,4,4,0.5927,XGBoost
983750.0,3.0,4,0,0.1177,0,0,4,4,0.8823,XGBoost
985471.0,7.0,8,0,0.8102,1,1,3,3,0.1898,XGBoost
985535.0,3.0,4,0,0.0091,0,0,4,4,0.9909,XGBoost
987377.0,1.0,2,1,0.0344,0,0,2,2,0.9656,XGBoost
987704.0,3.0,4,1,0.9654,1,1,1,1,0.0346,XGBoost
987704.0,4.0,5,1,0.9417,1,1,1,1,0.0583,XGBoost
987704.0,5.0,6,1,0.9039,1,1,1,1,0.0961,XGBoost
987916.0,5.0,6,0,0.0083,0,0,4,4,0.9917,XGBoost
987916.0,6.0,7,0,0.0073,0,0,4,4,0.9927,XGBoost
987916.0,7.0,8,0,0.0204,0,0,4,4,0.9796,XGBoost
988170.0,6.0,7,0,0.0078,0,0,4,4,0.9922,XGBoost
988170.0,7.0,8,0,0.0163,0,0,4,4,0.9837,XGBoost
988442.0,5.0,6,1,0.7702,1,1,1,1,0.2298,XGBoost
988442.0,6.0,7,1,0.9485,1,0,1,2,0.0515,XGBoost
988442.0,7.0,8,0,0.5383,1,1,3,3,0.4617,XGBoost
988816.0,1.0,2,1,0.0345,0,0,2,2,0.9655,XGBoost
988816.0,2.0,3,0,0.0052,0,0,4,4,0.9948,XGBoost
989115.0,1.0,2,1,0.3422,0,0,2,2,0.6578,XGBoost
989115.0,2.0,3,0,0.1444,0,0,4,4,0.8556,XGBoost
989115.0,3.0,4,0,0.254,0,0,4,4,0.746,XGBoost
989893.0,1.0,2,1,0.0094,0,0,2,2,0.9906,XGBoost
989970.0,1.0,2,1,0.8689,1,0,1,2,0.1311,XGBoost
989970.0,2.0,3,0,0.4206,0,1,4,3,0.5794,XGBoost
989970.0,3.0,4,1,0.7628,1,1,1,1,0.2372,XGBoost
990181.0,5.0,6,1,0.9403,1,1,1,1,0.0597,XGBoost
990181.0,6.0,7,1,0.9536,1,1,1,1,0.0464,XGBoost
990181.0,7.0,8,1,0.983,1,1,1,1,0.017,XGBoost
990313.0,1.0,2,1,0.0069,0,0,2,2,0.9931,XGBoost
990313.0,2.0,3,0,0.0036,0,0,4,4,0.9964,XGBoost
990313.0,3.0,4,0,0.0042,0,0,4,4,0.9958,XGBoost
991011.0,3.0,4,0,0.0861,0,0,4,4,0.9139,XGBoost
991011.0,4.0,5,0,0.0112,0,0,4,4,0.9888,XGBoost
991011.0,5.0,6,0,0.1387,0,0,4,4,0.8613,XGBoost
991219.0,7.0,8,1,0.8471,1,0,1,2,0.1529,XGBoost
991818.0,1.0,2,1,0.1048,0,0,2,2,0.8952,XGBoost
993829.0,1.0,2,1,0.132,0,0,2,2,0.868,XGBoost
993829.0,2.0,3,0,0.0699,0,0,4,4,0.9301,XGBoost
993829.0,3.0,4,0,0.0181,0,0,4,4,0.9819,XGBoost
994975.0,1.0,2,1,0.9185,1,1,1,1,0.0815,XGBoost
995562.0,1.0,2,1,0.7611,1,0,1,2,0.2389,XGBoost
995562.0,2.0,3,0,0.4002,0,0,4,4,0.5998,XGBoost
995562.0,3.0,4,0,0.2996,0,1,4,3,0.7004,XGBoost
995688.0,1.0,2,1,0.0135,0,0,2,2,0.9865,XGBoost
995710.0,4.0,5,0,0.0078,0,0,4,4,0.9922,XGBoost
995710.0,5.0,6,0,0.0042,0,0,4,4,0.9958,XGBoost
996017.0,5.0,6,0,0.1603,0,0,4,4,0.8397,XGBoost
996017.0,6.0,7,0,0.0664,0,0,4,4,0.9336,XGBoost
996017.0,7.0,8,0,0.3311,0,1,4,3,0.6689,XGBoost
996417.0,5.0,6,1,0.8743,1,1,1,1,0.1257,XGBoost
996417.0,6.0,7,1,0.9648,1,1,1,1,0.0352,XGBoost
996417.0,7.0,8,1,0.9758,1,1,1,1,0.0242,XGBoost
997130.0,3.0,4,1,0.7382,1,1,1,1,0.2618,XGBoost
997130.0,4.0,5,1,0.8362,1,1,1,1,0.1638,XGBoost
997130.0,5.0,6,1,0.8583,1,1,1,1,0.1417,XGBoost
997884.0,1.0,2,1,0.8604,1,0,1,2,0.1396,XGBoost
997989.0,3.0,4,0,0.0096,0,0,4,4,0.9904,XGBoost
997989.0,4.0,5,0,0.179,0,0,4,4,0.821,XGBoost
997989.0,5.0,6,0,0.0151,0,0,4,4,0.9849,XGBoost
