УчебныйПлан,Дисциплина,direction_cluster,direction_name,level,block,peer_freq,ВидКонтроля,n_students,semesters
886785,Общая фонетика,11,45.03.02 Лингвистика (прикладная),Бакалавриат,Б1.О.Prof,1.0,Зачет с оценкой,18,[2]
886785,Первый иностранный язык,11,45.03.02 Лингвистика (прикладная),Бакалавриат,Б1.О.Prof,1.0,Зачет с оценкой,20,"[1, 2]"
886785,Латинский язык,11,45.03.02 Лингвистика (прикладная),Бакалавриат,Б1.О.Prof,1.0,Зачет с оценкой,19,[2]
886785,Прикладная физическая культура (Адаптивная физическая культура),11,45.03.02 Лингвистика (прикладная),Бакалавриат,Б1.О.General,0.5,Зачет,2,"[1, 2]"
886785,Прикладная физическая культура (ОФП),11,45.03.02 Лингвистика (прикладная),Бакалавриат,Б1.О.General,1.0,Зачет,16,"[1, 2]"
886785,Математическая логика,11,45.03.02 Лингвистика (прикладная),Бакалавриат,Б1.О.Prof,1.0,Зачет,19,[2]
886785,Практикум устной и письменной речи первого иностранного языка,11,45.03.02 Лингвистика (прикладная),Бакалавриат,Б1.О.Prof,1.0,Зачет с оценкой,20,"[1, 2]"
886785,Русский язык и культура речи,11,45.03.02 Лингвистика (прикладная),Бакалавриат,Б1.О.General,1.0,Зачет,18,[2]
886785,Прикладная физическая культура (Волейбол),11,45.03.02 Лингвистика (прикладная),Бакалавриат,Б1.О.General,1.0,Зачет,2,"[1, 2]"
886785,Второй иностранный язык,11,45.03.02 Лингвистика (прикладная),Бакалавриат,Б1.О.Prof,1.0,Зачет с оценкой,20,"[1, 2]"
886785,Физическая культура и спорт,11,45.03.02 Лингвистика (прикладная),Бакалавриат,Б1.О.General,1.0,Зачет,20,[1]
886785,Правоведение,11,45.03.02 Лингвистика (прикладная),Бакалавриат,Б1.О.General,1.0,Зачет,19,[2]
886785,Математика,11,45.03.02 Лингвистика (прикладная),Бакалавриат,Б1.О.General,1.0,Зачет с оценкой,20,[1]
886785,"История (история России, всеобщая история)",11,45.03.02 Лингвистика (прикладная),Бакалавриат,Б1.О.General,1.0,Зачет с оценкой,20,[1]
886785,Введение в теорию языка,11,45.03.02 Лингвистика (прикладная),Бакалавриат,Б1.О.Prof,1.0,Экзамен,20,[1]
466948,Прикладная физическая культура (Адаптивная физическая культура),12,40.03.01 Юриспруденция,Бакалавриат,Б1.О.General,1.0,Зачет,16,"[5, 6]"
466948,Насильственные преступления и их предупреждение,12,40.03.01 Юриспруденция,Бакалавриат,Б1.О.Prof,1.0,Зачет с оценкой,16,[6]
466948,Право социального обеспечения,12,40.03.01 Юриспруденция,Бакалавриат,Б1.О.Prof,1.0,Экзамен,145,[5]
466948,Антропология права,12,40.03.01 Юриспруденция,Бакалавриат,Б1.О.Prof,1.0,Зачет с оценкой,20,[6]
466948,Гражданский процесс,12,40.03.01 Юриспруденция,Бакалавриат,Б1.О.Prof,1.0,Зачет с оценкой,161,"[5, 6]"
466948,Судебная психиатрия,12,40.03.01 Юриспруденция,Бакалавриат,Б1.О.Prof,1.0,Зачет с оценкой,107,[6]
466948,"Производственная практика, научно-исследовательская работа",12,40.03.01 Юриспруденция,Бакалавриат,Б2,1.0,Зачет с оценкой,153,[6]
466948,Предпринимательское право,12,40.03.01 Юриспруденция,Бакалавриат,Б1.О.Prof,1.0,Экзамен,161,[5]
466948,Семейное право,12,40.03.01 Юриспруденция,Бакалавриат,Б1.О.Prof,1.0,Зачет,152,[6]
466948,Уголовное право,12,40.03.01 Юриспруденция,Бакалавриат,Б1.О.Prof,1.0,Зачет с оценкой,161,"[5, 6]"
466948,Конкурентное право,12,40.03.01 Юриспруденция,Бакалавриат,Б1.О.Prof,1.0,Зачет,136,[6]
466948,Уголовно-исполнительное право,12,40.03.01 Юриспруденция,Бакалавриат,Б1.В,0.5,Зачет,162,[5]
466948,Гражданское право,12,40.03.01 Юриспруденция,Бакалавриат,Б1.О.Prof,1.0,Зачет с оценкой,160,"[5, 6]"
466948,Административный процесс,12,40.03.01 Юриспруденция,Бакалавриат,Б1.О.Prof,1.0,Зачет с оценкой,12,[6]
466948,Прикладная физическая культура (Легкая атлетика),12,40.03.01 Юриспруденция,Бакалавриат,Б1.О.General,0.5,Зачет,16,[6]
466948,Уголовный процесс,12,40.03.01 Юриспруденция,Бакалавриат,Б1.О.Prof,1.0,Зачет с оценкой,160,"[5, 6]"
466948,Юридическая клиника,12,40.03.01 Юриспруденция,Бакалавриат,Б1.В,0.5,Зачет,43,[6]
466948,Налоговое право,12,40.03.01 Юриспруденция,Бакалавриат,Б1.О.Prof,1.0,Экзамен,158,[5]
466948,Прикладная физическая культура (ОФП),12,40.03.01 Юриспруденция,Бакалавриат,Б1.О.General,1.0,Зачет,143,"[5, 6]"
466948,Криминалистика,12,40.03.01 Юриспруденция,Бакалавриат,Б1.О.Prof,1.0,Экзамен,162,"[5, 6]"
108565,Алгебра и теория чисел,3,01.03.02 ПМИ / 02.03.01 МКН,Бакалавриат,Б1.В,0.333,Экзамен,22,[6]
108565,Компьютерная графика,3,01.03.02 ПМИ / 02.03.01 МКН,Бакалавриат,Б1.В,0.333,Зачет с оценкой,23,"[5, 6]"
108565,Системы искусственного интеллекта,3,01.03.02 ПМИ / 02.03.01 МКН,Бакалавриат,Б1.В,0.333,Зачет с оценкой,23,[6]
108565,Базы данных,3,01.03.02 ПМИ / 02.03.01 МКН,Бакалавриат,Б1.О.Prof,0.667,Экзамен,21,[6]
108565,Параллельное программирование,3,01.03.02 ПМИ / 02.03.01 МКН,Бакалавриат,Б1.В,0.333,Зачет с оценкой,23,[6]
108565,Математическая логика,3,01.03.02 ПМИ / 02.03.01 МКН,Бакалавриат,Б1.В,0.333,Экзамен,23,[5]
108565,Прикладная физическая культура (ОФП),3,01.03.02 ПМИ / 02.03.01 МКН,Бакалавриат,Б1.О.General,1.0,Зачет,23,"[5, 6]"
108565,Архитектура вычислительных систем и компьютерных сетей,3,01.03.02 ПМИ / 02.03.01 МКН,Бакалавриат,Б1.В,0.333,Экзамен,21,[5]
108565,Физика,3,01.03.02 ПМИ / 02.03.01 МКН,Бакалавриат,Б1.О.General,0.667,Зачет с оценкой,23,[5]
108565,"Производственная практика, проектно-технологическая практика",3,01.03.02 ПМИ / 02.03.01 МКН,Бакалавриат,Б2,0.333,Зачет с оценкой,4,[6]
108565,Численные методы,3,01.03.02 ПМИ / 02.03.01 МКН,Бакалавриат,Б1.О.Prof,0.667,Экзамен,23,[5]
108565,Теория вычислительных процессов и структур,3,01.03.02 ПМИ / 02.03.01 МКН,Бакалавриат,Б1.В,0.333,Зачет с оценкой,23,[6]
108565,Безопасность жизнедеятельности,3,01.03.02 ПМИ / 02.03.01 МКН,Бакалавриат,Б1.О.General,0.333,Зачет,22,[5]
108565,Теория вероятностей и математическая статистика,3,01.03.02 ПМИ / 02.03.01 МКН,Бакалавриат,Б1.В,0.333,Экзамен,21,[5]
108565,Педагогика,3,01.03.02 ПМИ / 02.03.01 МКН,Бакалавриат,Б1.В,0.167,Зачет,23,[5]
796693,Молекулярное строение вещества,13,28.03.01 Нанотехнологии,Бакалавриат,Б1.О.Prof,1.0,Экзамен,25,[2]
796693,Основы математической обработки информации,13,28.03.01 Нанотехнологии,Бакалавриат,Б1.О.Prof,1.0,Зачет,24,[2]
796693,Естественнонаучный практикум,13,28.03.01 Нанотехнологии,Бакалавриат,Б1.О.Prof,1.0,Зачет с оценкой,24,[1]
796693,Введение в нанотехнологии,13,28.03.01 Нанотехнологии,Бакалавриат,Б1.О.Prof,1.0,Экзамен,24,[1]
796693,Иностранный язык,13,28.03.01 Нанотехнологии,Бакалавриат,Б1.О.General,1.0,Зачет с оценкой,24,"[1, 2]"
796693,Прикладная физическая культура (Адаптивная физическая культура),13,28.03.01 Нанотехнологии,Бакалавриат,Б1.О.General,0.5,Зачет,1,[2]
796693,Основы программирования для решения профессиональных задач,13,28.03.01 Нанотехнологии,Бакалавриат,Б1.О.Prof,1.0,Зачет с оценкой,24,[2]
796693,Прикладная физическая культура (ОФП),13,28.03.01 Нанотехнологии,Бакалавриат,Б1.О.General,1.0,Зачет,24,"[1, 2]"
796693,Культурология,13,28.03.01 Нанотехнологии,Бакалавриат,Б1.О.General,0.5,Зачет,7,[2]
796693,Организационная коммуникация,13,28.03.01 Нанотехнологии,Бакалавриат,Б1.В,0.5,Зачет,16,[2]
796693,Русский язык и культура речи,13,28.03.01 Нанотехнологии,Бакалавриат,Б1.О.General,1.0,Зачет,24,[1]
796693,Испытание изделий и управление качеством,13,28.03.01 Нанотехнологии,Бакалавриат,Б1.О.Prof,1.0,Экзамен,24,[1]
796693,Общая и неорганическая химия,13,28.03.01 Нанотехнологии,Бакалавриат,Б1.В,0.5,Экзамен,24,[2]
796693,Теория и практика аргументации,13,28.03.01 Нанотехнологии,Бакалавриат,Б1.В,0.5,Зачет,1,[2]
796693,Физическая культура и спорт,13,28.03.01 Нанотехнологии,Бакалавриат,Б1.О.General,1.0,Зачет,24,[1]
796693,Математика,13,28.03.01 Нанотехнологии,Бакалавриат,Б1.О.General,0.5,Экзамен,24,[1]
796693,"История (история России, всеобщая история)",13,28.03.01 Нанотехнологии,Бакалавриат,Б1.О.General,1.0,Зачет с оценкой,24,[1]
796693,"Метрология, стандартизация и технические измерения",13,28.03.01 Нанотехнологии,Бакалавриат,Б1.О.Prof,1.0,Экзамен,24,[1]
731161,Теория и методология истории,14,46.03.01 История,Бакалавриат,Б1.О.Prof,1.0,Зачет с оценкой,23,[5]
731161,Прикладная физическая культура (Адаптивная физическая культура),14,46.03.01 История,Бакалавриат,Б1.О.General,0.5,Зачет,2,[5]
731161,Выборы и самоуправление в России,14,46.03.01 История,Бакалавриат,Б1.О.Prof,1.0,Зачет,12,[5]
731161,История нового времени,14,46.03.01 История,Бакалавриат,Б1.О.Prof,1.0,Экзамен,25,"[5, 6]"
731161,"Производственная практика, научно-исследовательская работа",14,46.03.01 История,Бакалавриат,Б2,1.0,Зачет с оценкой,23,[6]
731161,Источниковедение,14,46.03.01 История,Бакалавриат,Б1.О.Prof,1.0,Экзамен,23,[5]
731161,"Учебная практика, практика по получению первичных профессиональных умений и навыков (архивная)",14,46.03.01 История,Бакалавриат,Б2,0.5,Зачет с оценкой,23,[6]
731161,История народной религиозности в средние века,14,46.03.01 История,Бакалавриат,Б1.О.Prof,1.0,Зачет,6,[5]
731161,История России,14,46.03.01 История,Бакалавриат,Б1.О.Prof,1.0,Экзамен,24,"[5, 6]"
731161,Методы исторического исследования,14,46.03.01 История,Бакалавриат,Б1.О.Prof,1.0,Зачет,24,[5]
731161,История мировой культуры,14,46.03.01 История,Бакалавриат,Б1.О.Prof,1.0,Зачет с оценкой,24,[6]
731161,Степи Восточной Европы в эпоху бронзы,14,46.03.01 История,Бакалавриат,Б1.О.Prof,1.0,Зачет,5,[5]
731161,Педагогика,14,46.03.01 История,Бакалавриат,Б1.В,0.5,Экзамен,24,[6]
731161,История отечественной культуры,14,46.03.01 История,Бакалавриат,Б1.О.Prof,1.0,Зачет с оценкой,24,[6]
731161,Юг России в новое и новейшее время,14,46.03.01 История,Бакалавриат,Б1.О.Prof,1.0,Зачет,23,[6]
731161,Историческое архивоведение,14,46.03.01 История,Бакалавриат,Б1.В,0.5,Зачет с оценкой,23,[5]
731161,История стран Азии и Африки в средние века и новое время,14,46.03.01 История,Бакалавриат,Б1.О.Prof,1.0,Экзамен,23,"[5, 6]"
731161,Прикладная физическая культура (Легкая атлетика),14,46.03.01 История,Бакалавриат,Б1.О.General,0.5,Зачет,1,[5]
731161,Прикладная физическая культура (ОФП),14,46.03.01 История,Бакалавриат,Б1.О.General,1.0,Зачет,20,"[5, 6]"
397339,Технологическое предпринимательство и основы проектной деятельности,10,06.05.01 Биоинженерия (спец.),Специалитет,Б1.О.General,0.5,Зачет,14,[5]
397339,Прикладная физическая культура (Легкая атлетика),10,06.05.01 Биоинженерия (спец.),Специалитет,Б1.О.General,0.5,Зачет,14,"[5, 6]"
397339,Структурная и функциональная аннотация биополимеров,10,06.05.01 Биоинженерия (спец.),Специалитет,Б1.О.Prof,1.0,Зачет с оценкой,14,[5]
397339,Прикладная физическая культура (Адаптивная физическая культура),10,06.05.01 Биоинженерия (спец.),Специалитет,Б1.О.General,0.5,Зачет,3,[6]
397339,Организация и планирование научного исследования,10,06.05.01 Биоинженерия (спец.),Специалитет,Б1.О.Prof,1.0,Экзамен,14,[5]
397339,Генетика и эволюция,10,06.05.01 Биоинженерия (спец.),Специалитет,Б1.О.Prof,1.0,Экзамен,14,[5]
397339,Геномика и протеомика,10,06.05.01 Биоинженерия (спец.),Специалитет,Б1.О.Prof,1.0,Зачет с оценкой,13,[6]
397339,"Производственная практика, практика по получения профессиональных умений и опыта профессиональной деятельности",10,06.05.01 Биоинженерия (спец.),Специалитет,Б2,0.5,Зачет с оценкой,13,[6]
397339,Основы биотехнологии,10,06.05.01 Биоинженерия (спец.),Специалитет,Б1.О.Prof,1.0,Зачет с оценкой,13,[6]
397339,Биохимия,10,06.05.01 Биоинженерия (спец.),Специалитет,Б1.О.Prof,1.0,Зачет с оценкой,13,"[5, 6]"
397339,Биофизика,10,06.05.01 Биоинженерия (спец.),Специалитет,Б1.О.Prof,1.0,Экзамен,13,[6]
397339,Основы проектирования баз данных,10,06.05.01 Биоинженерия (спец.),Специалитет,Б1.В,0.5,Зачет с оценкой,13,[6]
397339,Физиология животных и человека с основами эмбриологии,10,06.05.01 Биоинженерия (спец.),Специалитет,Б1.В,0.5,Экзамен,14,[5]
397339,Молекулярная биология,10,06.05.01 Биоинженерия (спец.),Специалитет,Б1.О.Prof,1.0,Зачет с оценкой,14,[5]
397339,Конфликтология,10,06.05.01 Биоинженерия (спец.),Специалитет,Б1.О.General,1.0,Зачет,14,[5]
397339,"Производственная практика, научно-исследовательская работа",10,06.05.01 Биоинженерия (спец.),Специалитет,Б2,1.0,Зачет с оценкой,13,"[5, 6]"
372765,Экспериментальная психология,24,37.03.01 Психология,Бакалавриат,Б1.О.Prof,1.0,Экзамен,18,[4]
372765,Общая психология,24,37.03.01 Психология,Бакалавриат,Б1.О.Prof,1.0,Экзамен,18,[3]
372765,Психология творчества,24,37.03.01 Психология,Бакалавриат,Б1.О.Prof,1.0,Зачет с оценкой,19,[3]
372765,Социальное предпринимательство и основы проектной деятельности,24,37.03.01 Психология,Бакалавриат,Б1.О.General,1.0,Зачет,19,[3]
372765,Социальная психология,24,37.03.01 Психология,Бакалавриат,Б1.О.Prof,1.0,Зачет с оценкой,18,[4]
372765,Общий психологический практикум,24,37.03.01 Психология,Бакалавриат,Б1.О.Prof,1.0,Экзамен,18,[3]
372765,Прикладная физическая культура (ОФП),24,37.03.01 Психология,Бакалавриат,Б1.О.General,1.0,Зачет,19,"[3, 4]"
372765,Основы клинической и специальной психологии,24,37.03.01 Психология,Бакалавриат,Б1.О.Prof,1.0,Экзамен,18,[3]
372765,Математические методы в психологии,24,37.03.01 Психология,Бакалавриат,Б1.О.Prof,1.0,Зачет с оценкой,18,[4]
372765,Психология развития и возрастная психология,24,37.03.01 Психология,Бакалавриат,Б1.О.Prof,1.0,Зачет с оценкой,19,"[3, 4]"
372765,Психология труда,24,37.03.01 Психология,Бакалавриат,Б1.В,0.5,Экзамен,1,[4]
372765,Психодиагностика,24,37.03.01 Психология,Бакалавриат,Б1.О.Prof,1.0,Экзамен,2,[4]
372765,"Производственная практика, научно-исследовательская работа",24,37.03.01 Психология,Бакалавриат,Б2,1.0,Зачет с оценкой,2,[4]
552991,Технологическое предпринимательство и основы проектной деятельности,15,45.03.02 Лингвистика (перевод),Бакалавриат,Б1.О.General,1.0,Зачет,71,[4]
552991,Культура общения,15,45.03.02 Лингвистика (перевод),Бакалавриат,Б1.О.Prof,1.0,Зачет,7,[3]
552991,Прикладная физическая культура (Адаптивная физическая культура),15,45.03.02 Лингвистика (перевод),Бакалавриат,Б1.О.General,1.0,Зачет,5,"[3, 4]"
552991,Практический курс первого иностранного языка,15,45.03.02 Лингвистика (перевод),Бакалавриат,Б1.О.Prof,1.0,Экзамен,71,"[3, 4]"
552991,Организационная коммуникация,15,45.03.02 Лингвистика (перевод),Бакалавриат,Б1.В,0.5,Зачет,6,[3]
552991,Социология,15,45.03.02 Лингвистика (перевод),Бакалавриат,Б1.О.Prof,1.0,Зачет,5,[3]
552991,Правоведение,15,45.03.02 Лингвистика (перевод),Бакалавриат,Б1.О.General,1.0,Зачет,70,[3]
552991,Лексикология,15,45.03.02 Лингвистика (перевод),Бакалавриат,Б1.О.Prof,1.0,Экзамен,67,[4]
552991,Практический курс второго иностранного языка,15,45.03.02 Лингвистика (перевод),Бакалавриат,Б1.О.Prof,1.0,Зачет с оценкой,71,"[3, 4]"
552991,Культурология,15,45.03.02 Лингвистика (перевод),Бакалавриат,Б1.О.General,1.0,Зачет,18,[3]
552991,Теория и практика аргументации,15,45.03.02 Лингвистика (перевод),Бакалавриат,Б1.О.Prof,1.0,Зачет,5,[3]
552991,Основы германистики (основы теории первого иностранного языка),15,45.03.02 Лингвистика (перевод),Бакалавриат,Б1.О.Prof,1.0,Экзамен,69,[3]
552991,Стилистика,15,45.03.02 Лингвистика (перевод),Бакалавриат,Б1.О.Prof,1.0,Экзамен,69,[4]
552991,Страноведение,15,45.03.02 Лингвистика (перевод),Бакалавриат,Б1.О.Prof,1.0,Зачет,70,[4]
552991,Глобальная экономическая история,15,45.03.02 Лингвистика (перевод),Бакалавриат,Б1.О.Prof,1.0,Зачет,3,[3]
552991,Технологии межкультурной деловой коммуникации,15,45.03.02 Лингвистика (перевод),Бакалавриат,Б1.О.Prof,1.0,Зачет,70,[4]
552991,Философия,15,45.03.02 Лингвистика (перевод),Бакалавриат,Б1.О.General,1.0,Зачет с оценкой,67,[4]
552991,Конфликтология,15,45.03.02 Лингвистика (перевод),Бакалавриат,Б1.О.General,1.0,Зачет,23,[3]
552991,Прикладная физическая культура (ОФП),15,45.03.02 Лингвистика (перевод),Бакалавриат,Б1.О.General,1.0,Зачет,64,"[3, 4]"
733219,Основы прикладной лингвистики,11,45.03.02 Лингвистика (прикладная),Бакалавриат,Б1.В,0.5,Зачет с оценкой,11,[7]
733219,"Учебная практика, переводческая",11,45.03.02 Лингвистика (прикладная),Бакалавриат,Б2,0.5,Зачет с оценкой,9,[8]
733219,Практикум по аннотированию и реферированию специальных текстов (второй иностранный язык),11,45.03.02 Лингвистика (прикладная),Бакалавриат,Б1.О.Prof,1.0,Зачет с оценкой,11,"[7, 8]"
733219,Практикум устной и письменной речи английского языка,11,45.03.02 Лингвистика (прикладная),Бакалавриат,Б1.О.Prof,1.0,Зачет с оценкой,11,"[7, 8]"
733219,Лингвистическая экспертиза,11,45.03.02 Лингвистика (прикладная),Бакалавриат,Б1.О.Prof,1.0,Зачет с оценкой,11,[7]
733219,"Учебная практика, технологическая",11,45.03.02 Лингвистика (прикладная),Бакалавриат,Б2,0.5,Зачет с оценкой,9,[8]
733219,Психолингвистика,11,45.03.02 Лингвистика (прикладная),Бакалавриат,Б1.О.Prof,1.0,Экзамен,11,[7]
733219,"Производственная практика, преддипломная",11,45.03.02 Лингвистика (прикладная),Бакалавриат,Б2,0.5,Зачет с оценкой,9,[8]
733219,"Учебная практика, лингвистическая",11,45.03.02 Лингвистика (прикладная),Бакалавриат,Б2,0.5,Зачет с оценкой,2,[7]
733219,Практический курс устного перевода (английский язык),11,45.03.02 Лингвистика (прикладная),Бакалавриат,Б1.О.Prof,1.0,Зачет с оценкой,11,"[7, 8]"
733219,Языки мира и языковые ареалы. Типология языков,11,45.03.02 Лингвистика (прикладная),Бакалавриат,Б1.О.Prof,1.0,Зачет,11,[7]
733219,Практикум по аннотированию и реферированию специальных текстов (английский язык),11,45.03.02 Лингвистика (прикладная),Бакалавриат,Б1.О.Prof,1.0,Экзамен,11,"[7, 8]"
733219,"Производственная практика, научно-исследовательская работа",11,45.03.02 Лингвистика (прикладная),Бакалавриат,Б2,0.5,Зачет с оценкой,1,[7]
974892,Экспериментальная психология,24,37.03.01 Психология,Бакалавриат,Б1.О.Prof,1.0,Экзамен,1,[4]
974892,Общая психология,24,37.03.01 Психология,Бакалавриат,Б1.О.Prof,1.0,Экзамен,16,[3]
974892,Психология творчества,24,37.03.01 Психология,Бакалавриат,Б1.О.Prof,1.0,Зачет с оценкой,16,[3]
974892,Социальное предпринимательство и основы проектной деятельности,24,37.03.01 Психология,Бакалавриат,Б1.О.General,1.0,Зачет,15,[3]
974892,Прикладная физическая культура (Адаптивная физическая культура),24,37.03.01 Психология,Бакалавриат,Б1.О.General,0.5,Зачет,2,"[3, 4]"
974892,Социальная психология,24,37.03.01 Психология,Бакалавриат,Б1.О.Prof,1.0,Зачет с оценкой,1,[4]
974892,Общий психологический практикум,24,37.03.01 Психология,Бакалавриат,Б1.О.Prof,1.0,Экзамен,16,[3]
974892,Прикладная физическая культура (ОФП),24,37.03.01 Психология,Бакалавриат,Б1.О.General,1.0,Зачет,15,"[3, 4]"
974892,Основы клинической и специальной психологии,24,37.03.01 Психология,Бакалавриат,Б1.О.Prof,1.0,Экзамен,16,[3]
974892,Математические методы в психологии,24,37.03.01 Психология,Бакалавриат,Б1.О.Prof,1.0,Зачет с оценкой,1,[4]
974892,Психология развития и возрастная психология,24,37.03.01 Психология,Бакалавриат,Б1.О.Prof,1.0,Зачет с оценкой,16,[3]
974892,Конфликтология,24,37.03.01 Психология,Бакалавриат,Б1.О.General,0.5,Зачет,1,[3]
974892,Психодиагностика,24,37.03.01 Психология,Бакалавриат,Б1.О.Prof,1.0,Экзамен,1,[4]
974892,"Производственная практика, научно-исследовательская работа",24,37.03.01 Психология,Бакалавриат,Б2,1.0,Зачет с оценкой,2,[4]
651318,Иностранный язык,16,10.05.01 Компьютерная безопасность (спец.),Бакалавриат,Б1.О.General,1.0,Зачет с оценкой,34,"[3, 4]"
651318,Информационное право,16,10.05.01 Компьютерная безопасность (спец.),Бакалавриат,Б1.В,0.5,Зачет,32,[3]
651318,Прикладная физическая культура (Адаптивная физическая культура),16,10.05.01 Компьютерная безопасность (спец.),Бакалавриат,Б1.О.General,1.0,Зачет,8,[4]
651318,Культура общения,16,10.05.01 Компьютерная безопасность (спец.),Бакалавриат,Б1.В,0.5,Зачет,6,[3]
651318,Организационная коммуникация,16,10.05.01 Компьютерная безопасность (спец.),Бакалавриат,Б1.В,0.5,Зачет,3,[3]
651318,Социология,16,10.05.01 Компьютерная безопасность (спец.),Бакалавриат,Б1.В,0.5,Зачет,18,[3]
651318,Физика: Электричество и магнетизм,16,10.05.01 Компьютерная безопасность (спец.),Бакалавриат,Б1.О.Prof,1.0,Экзамен,32,[3]
651318,Безопасность операционных систем,16,10.05.01 Компьютерная безопасность (спец.),Бакалавриат,Б1.О.Prof,1.0,Зачет с оценкой,30,[4]
651318,Культурология,16,10.05.01 Компьютерная безопасность (спец.),Бакалавриат,Б1.О.General,0.5,Зачет,2,[3]
651318,Теория и практика аргументации,16,10.05.01 Компьютерная безопасность (спец.),Бакалавриат,Б1.В,0.5,Зачет,2,[3]
651318,Математическая логика и теория алгоритмов для решения задач информационной безопасности,16,10.05.01 Компьютерная безопасность (спец.),Бакалавриат,Б1.О.Prof,1.0,Зачет с оценкой,31,[4]
651318,Методы вычислительной математики для решения задач информационной безопасности,16,10.05.01 Компьютерная безопасность (спец.),Бакалавриат,Б1.В,0.5,Зачет с оценкой,30,[4]
651318,Дифференциальные уравнения для решения задач информационной безопасности,16,10.05.01 Компьютерная безопасность (спец.),Бакалавриат,Б1.О.Prof,1.0,Экзамен,32,[3]
651318,Философия,16,10.05.01 Компьютерная безопасность (спец.),Бакалавриат,Б1.О.General,1.0,Зачет с оценкой,30,[4]
651318,Электроника и схемотехника,16,10.05.01 Компьютерная безопасность (спец.),Бакалавриат,Б1.В,0.5,Зачет с оценкой,30,[4]
651318,Теория вероятностей и математическая статистика,16,10.05.01 Компьютерная безопасность (спец.),Бакалавриат,Б1.О.Prof,1.0,Экзамен,33,[3]
651318,Алгебра и теория чисел,16,10.05.01 Компьютерная безопасность (спец.),Бакалавриат,Б1.В,0.5,Зачет с оценкой,32,[3]
651318,"Учебная практика, ознакомительная практика",16,10.05.01 Компьютерная безопасность (спец.),Бакалавриат,Б2,0.5,Зачет с оценкой,30,[4]
651318,Технологии и методы программирования,16,10.05.01 Компьютерная безопасность (спец.),Бакалавриат,Б1.О.Prof,1.0,Зачет,31,"[3, 4]"
651318,Прикладная физическая культура (ОФП),16,10.05.01 Компьютерная безопасность (спец.),Бакалавриат,Б1.О.General,1.0,Зачет,33,"[3, 4]"
651318,Теория информационной безопасности и методология защиты информации,16,10.05.01 Компьютерная безопасность (спец.),Бакалавриат,Б1.В,0.5,Экзамен,30,[4]
651318,Языки ассемблера,16,10.05.01 Компьютерная безопасность (спец.),Бакалавриат,Б1.О.Prof,1.0,Экзамен,31,[3]
651318,Методы статистической обработки данных для решения задач информационной безопасности,16,10.05.01 Компьютерная безопасность (спец.),Бакалавриат,Б1.В,0.5,Зачет с оценкой,33,[3]
651318,Программирование микроконтроллеров,16,10.05.01 Компьютерная безопасность (спец.),Бакалавриат,Б1.О.Prof,1.0,Зачет с оценкой,30,[4]
532537,Методы исследования в социальной сфере,27,39.03.02 Социальная работа,Бакалавриат,Б1.О.Prof,1.0,Зачет с оценкой,15,"[3, 4]"
532537,Основы математической обработки информации,27,39.03.02 Социальная работа,Бакалавриат,Б1.О.Prof,1.0,Зачет с оценкой,15,[3]
532537,Технология социальной работы,27,39.03.02 Социальная работа,Бакалавриат,Б1.О.Prof,1.0,Зачет с оценкой,14,[3]
532537,Психология,27,39.03.02 Социальная работа,Бакалавриат,Б1.О.Prof,1.0,Зачет с оценкой,15,[3]
532537,Социальное предпринимательство и основы проектной деятельности,27,39.03.02 Социальная работа,Бакалавриат,Б1.О.General,1.0,Зачет,14,[3]
532537,Культура общения,27,39.03.02 Социальная работа,Бакалавриат,Б1.В,0.5,Зачет,1,[3]
532537,Прикладная физическая культура (ОФП),27,39.03.02 Социальная работа,Бакалавриат,Б1.О.General,1.0,Зачет,14,[3]
532537,Социальная защита детства,27,39.03.02 Социальная работа,Бакалавриат,Б1.В,0.5,Экзамен,14,[3]
532537,Реабилитационная работа в социальной сфере,27,39.03.02 Социальная работа,Бакалавриат,Б1.О.Prof,1.0,Экзамен,14,[3]
532537,Конфликтология,27,39.03.02 Социальная работа,Бакалавриат,Б1.О.General,0.5,Зачет,4,[3]
532537,Основы социального государства и гражданского общества,27,39.03.02 Социальная работа,Бакалавриат,Б1.В,0.5,Зачет,15,[3]
532537,Социальная педагогика,27,39.03.02 Социальная работа,Бакалавриат,Б1.О.Prof,1.0,Экзамен,14,[3]
684098,Информационные системы в экономике,25,02.03.02 ФИИТ / 09.03.01 Информатика,Бакалавриат,Б1.О.Prof,1.0,Зачет с оценкой,23,[5]
684098,Технологическое предпринимательство и основы проектной деятельности,25,02.03.02 ФИИТ / 09.03.01 Информатика,Бакалавриат,Б1.О.General,1.0,Зачет,23,[5]
684098,Компьютерная графика,25,02.03.02 ФИИТ / 09.03.01 Информатика,Бакалавриат,Б1.В,0.5,Зачет с оценкой,22,[6]
684098,Математические методы обработки информации и принятия решений,25,02.03.02 ФИИТ / 09.03.01 Информатика,Бакалавриат,Б1.О.Prof,1.0,Зачет,23,"[5, 6]"
684098,Базы данных,25,02.03.02 ФИИТ / 09.03.01 Информатика,Бакалавриат,Б1.О.Prof,1.0,Экзамен,22,[6]
684098,Проектирование информационных систем,25,02.03.02 ФИИТ / 09.03.01 Информатика,Бакалавриат,Б1.О.Prof,1.0,Зачет с оценкой,22,[6]
684098,Прикладная физическая культура (ОФП),25,02.03.02 ФИИТ / 09.03.01 Информатика,Бакалавриат,Б1.О.General,1.0,Зачет,22,"[5, 6]"
684098,Оптимальное управление,25,02.03.02 ФИИТ / 09.03.01 Информатика,Бакалавриат,Б1.О.Prof,1.0,Экзамен,23,[5]
684098,Прикладная физическая культура (Адаптивная физическая культура),25,02.03.02 ФИИТ / 09.03.01 Информатика,Бакалавриат,Б1.О.General,1.0,Зачет,2,"[5, 6]"
684098,Методы оптимизации,25,02.03.02 ФИИТ / 09.03.01 Информатика,Бакалавриат,Б1.О.Prof,1.0,Экзамен,22,[5]
684098,Научно-исследовательский семинар,25,02.03.02 ФИИТ / 09.03.01 Информатика,Бакалавриат,Б1.О.Prof,1.0,Зачет,23,[6]
684098,Численные методы,25,02.03.02 ФИИТ / 09.03.01 Информатика,Бакалавриат,Б1.О.Prof,1.0,Зачет с оценкой,23,"[5, 6]"
684098,Программирование в 1С,25,02.03.02 ФИИТ / 09.03.01 Информатика,Бакалавриат,Б1.О.Prof,1.0,Зачет с оценкой,22,[6]
684098,Практикум на ЭВМ,25,02.03.02 ФИИТ / 09.03.01 Информатика,Бакалавриат,Б1.В,0.5,Зачет с оценкой,22,[6]
684098,Объектно-ориентированное программирование,25,02.03.02 ФИИТ / 09.03.01 Информатика,Бакалавриат,Б1.О.Prof,1.0,Экзамен,23,[5]
684098,Уравнения математической физики,25,02.03.02 ФИИТ / 09.03.01 Информатика,Бакалавриат,Б1.О.Prof,1.0,Зачет с оценкой,23,"[5, 6]"
157763,Критическое мышление,37,40.05.01 Правовое обесп. нац. безопасности (спец.),Специалитет,Б1.О.Prof,1.0,Зачет,103,[2]
157763,Иностранный язык,37,40.05.01 Правовое обесп. нац. безопасности (спец.),Специалитет,Б1.О.General,1.0,Зачет с оценкой,106,"[1, 2]"
157763,Правоохранительные органы,37,40.05.01 Правовое обесп. нац. безопасности (спец.),Специалитет,Б1.О.Prof,1.0,Экзамен,106,[1]
157763,Прикладная физическая культура (Адаптивная физическая культура),37,40.05.01 Правовое обесп. нац. безопасности (спец.),Специалитет,Б1.О.General,0.5,Зачет,9,"[1, 2]"
157763,Прикладная физическая культура (ОФП),37,40.05.01 Правовое обесп. нац. безопасности (спец.),Специалитет,Б1.О.General,1.0,Зачет,67,"[1, 2]"
157763,Профессиональная этика юриста,37,40.05.01 Правовое обесп. нац. безопасности (спец.),Специалитет,Б1.О.Prof,1.0,Экзамен,106,[1]
157763,Русский язык и культура речи,37,40.05.01 Правовое обесп. нац. безопасности (спец.),Специалитет,Б1.О.General,1.0,Зачет,102,[2]
157763,Философия,37,40.05.01 Правовое обесп. нац. безопасности (спец.),Специалитет,Б1.О.General,1.0,Экзамен,102,[2]
157763,Прикладная физическая культура (Волейбол),37,40.05.01 Правовое обесп. нац. безопасности (спец.),Специалитет,Б1.О.General,1.0,Зачет,33,"[1, 2]"
157763,Статистика и информационное обеспечение деятельности прокуратуры,37,40.05.01 Правовое обесп. нац. безопасности (спец.),Специалитет,Б1.В,0.5,Зачет,103,[2]
157763,Физическая культура и спорт,37,40.05.01 Правовое обесп. нац. безопасности (спец.),Специалитет,Б1.О.General,1.0,Зачет,107,[1]
157763,История учений о государстве и праве,37,40.05.01 Правовое обесп. нац. безопасности (спец.),Специалитет,Б1.О.Prof,1.0,Зачет,103,[2]
157763,История,37,40.05.01 Правовое обесп. нац. безопасности (спец.),Специалитет,Б1.О.General,1.0,Экзамен,106,[1]
157763,Безопасность жизнедеятельности,37,40.05.01 Правовое обесп. нац. безопасности (спец.),Специалитет,Б1.О.General,1.0,Зачет,105,[1]
157763,История государства и права зарубежных стран,37,40.05.01 Правовое обесп. нац. безопасности (спец.),Специалитет,Б1.О.Prof,1.0,Зачет с оценкой,106,"[1, 2]"
157763,Конституционное право,37,40.05.01 Правовое обесп. нац. безопасности (спец.),Специалитет,Б1.О.Prof,1.0,Зачет,101,[2]
157763,Теория государства и права,37,40.05.01 Правовое обесп. нац. безопасности (спец.),Специалитет,Б1.О.Prof,1.0,Зачет с оценкой,106,"[1, 2]"
157763,История государства и права России,37,40.05.01 Правовое обесп. нац. безопасности (спец.),Специалитет,Б1.О.Prof,1.0,Зачет с оценкой,106,"[1, 2]"
417859,Государственная и муниципальная служба,17,38.03.04 ГМУ,Бакалавриат,Б1.О.Prof,1.0,Экзамен,21,[5]
417859,Городское и жилищно-коммунальное хозяйство,17,38.03.04 ГМУ,Бакалавриат,Б1.О.Prof,1.0,Экзамен,21,[5]
417859,"Сертификация, стандартизация и лицензирование",17,38.03.04 ГМУ,Бакалавриат,Б1.О.Prof,1.0,Экзамен,21,[5]
417859,Принятие и исполнение государственных решений,17,38.03.04 ГМУ,Бакалавриат,Б1.О.Prof,1.0,Экзамен,21,[6]
417859,"Производственная практика, практика по получению профессиональных умений и опыта профессиональной деятельности (в том числе технологическая практика)",17,38.03.04 ГМУ,Бакалавриат,Б2,1.0,Зачет с оценкой,21,[6]
417859,Деловые коммуникации в органах государственной власти,17,38.03.04 ГМУ,Бакалавриат,Б1.О.Prof,1.0,Зачет с оценкой,21,[6]
417859,Прогнозирование и планирование,17,38.03.04 ГМУ,Бакалавриат,Б1.О.Prof,1.0,Зачет с оценкой,20,[6]
417859,Прикладная физическая культура (ОФП),17,38.03.04 ГМУ,Бакалавриат,Б1.О.General,1.0,Зачет,21,"[5, 6]"
417859,Организационные структуры местного самоуправления,17,38.03.04 ГМУ,Бакалавриат,Б1.О.Prof,1.0,Зачет с оценкой,21,[5]
417859,Обеспечение экономической безопасности муниципального образования,17,38.03.04 ГМУ,Бакалавриат,Б1.О.Prof,1.0,Зачет с оценкой,21,[5]
417859,Административный менеджмент,17,38.03.04 ГМУ,Бакалавриат,Б1.О.Prof,1.0,Зачет с оценкой,21,[6]
417859,Управление государственным и муниципальным заказом,17,38.03.04 ГМУ,Бакалавриат,Б1.О.Prof,1.0,Экзамен,20,[6]
417859,Управление инвестиционными проектами,17,38.03.04 ГМУ,Бакалавриат,Б1.О.Prof,1.0,Экзамен,21,[6]
417859,Управление государственной собственностью,17,38.03.04 ГМУ,Бакалавриат,Б1.О.Prof,1.0,Зачет с оценкой,21,[5]
417859,Этика государственной и муниципальной службы,17,38.03.04 ГМУ,Бакалавриат,Б1.В,0.5,Зачет,21,[5]
417859,Управление персоналом в органах государственной власти,17,38.03.04 ГМУ,Бакалавриат,Б1.О.Prof,1.0,Зачет с оценкой,21,[6]
417859,Государственные и муниципальные услуги населению,17,38.03.04 ГМУ,Бакалавриат,Б1.О.Prof,1.0,Зачет с оценкой,21,[6]
817229,Современные социологические теории,33,39.03.01 Социология,Бакалавриат,Б1.О.Prof,1.0,Экзамен,24,[5]
817229,Проблема ценностей в социологии,33,39.03.01 Социология,Бакалавриат,Б1.О.Prof,1.0,Зачет с оценкой,24,[5]
817229,Социальное предпринимательство и основы проектной деятельности,33,39.03.01 Социология,Бакалавриат,Б1.О.General,0.5,Зачет,25,[5]
817229,Социология управления,33,39.03.01 Социология,Бакалавриат,Б1.О.Prof,1.0,Зачет с оценкой,1,[6]
817229,Качественные методы в социологии,33,39.03.01 Социология,Бакалавриат,Б1.О.Prof,1.0,Зачет с оценкой,5,[6]
817229,Социальные проекты в некоммерческом секторе,33,39.03.01 Социология,Бакалавриат,Б1.О.Prof,1.0,Зачет с оценкой,2,[6]
817229,Социология массовых коммуникаций и PR,33,39.03.01 Социология,Бакалавриат,Б1.О.Prof,1.0,Экзамен,25,[5]
817229,Прикладная физическая культура (ОФП),33,39.03.01 Социология,Бакалавриат,Б1.О.General,1.0,Зачет,24,"[5, 6]"
817229,"Учебная практика, научно-исследовательская работа (получение первичных навыков научно-исследовательской работы)",33,39.03.01 Социология,Бакалавриат,Б2,1.0,Зачет с оценкой,5,[6]
817229,Социология города и села,33,39.03.01 Социология,Бакалавриат,Б1.О.Prof,1.0,Зачет с оценкой,25,[5]
817229,Экономическая социология,33,39.03.01 Социология,Бакалавриат,Б1.О.Prof,1.0,Зачет с оценкой,1,[6]
817229,Анализ данных в социологических исследованиях,33,39.03.01 Социология,Бакалавриат,Б1.О.Prof,1.0,Экзамен,25,[5]
817229,Методология и методы социологического исследования,33,39.03.01 Социология,Бакалавриат,Б1.О.Prof,1.0,Зачет с оценкой,24,"[5, 6]"
817229,Социология гражданского общества и некоммерческого сектора,33,39.03.01 Социология,Бакалавриат,Б1.О.Prof,1.0,Зачет с оценкой,1,[6]
817229,"Организация, подготовка и презентация социологического исследования",33,39.03.01 Социология,Бакалавриат,Б1.О.Prof,1.0,Зачет с оценкой,2,[6]
817229,Прикладные статистические программы в социологических исследованиях,33,39.03.01 Социология,Бакалавриат,Б1.В,0.5,Зачет с оценкой,25,[5]
616534,Проектирование картографических баз данных,18,05.03.03 Картография и геоинформатика,Бакалавриат,Б1.О.Prof,1.0,Зачет с оценкой,9,[6]
616534,Инженерная геодезия,18,05.03.03 Картография и геоинформатика,Бакалавриат,Б1.О.Prof,1.0,Зачет с оценкой,10,[5]
616534,Прикладная физическая культура (Легкая атлетика),18,05.03.03 Картография и геоинформатика,Бакалавриат,Б1.О.General,0.5,Зачет,10,"[5, 6]"
616534,"Нормативно-техническая база геодезии,картографии и геоинформатики",18,05.03.03 Картография и геоинформатика,Бакалавриат,Б1.В,0.5,Зачет,9,[6]
616534,"Учебная практика, практика по получению первичных профессиональных умений и навыков, в том числе первичных умений и навыков научно-исследовательско...",18,05.03.03 Картография и геоинформатика,Бакалавриат,Б2,1.0,Зачет с оценкой,8,[6]
616534,Основы геоинформационного картографирования,18,05.03.03 Картография и геоинформатика,Бакалавриат,Б1.О.Prof,1.0,Зачет с оценкой,9,[6]
616534,Картографическое обеспечение проектной деятельности,18,05.03.03 Картография и геоинформатика,Бакалавриат,Б1.В,0.5,Зачет с оценкой,10,[5]
616534,Фонд космических снимков для создания карт,18,05.03.03 Картография и геоинформатика,Бакалавриат,Б1.О.Prof,1.0,Зачет,10,[5]
616534,Математическая картография,18,05.03.03 Картография и геоинформатика,Бакалавриат,Б1.О.Prof,1.0,Зачет с оценкой,10,[5]
616534,Аэрокосмическое зондирование и ГИС,18,05.03.03 Картография и геоинформатика,Бакалавриат,Б1.В,0.5,Зачет с оценкой,8,[6]
616534,Методы пространственного анализа в геоинформатике,18,05.03.03 Картография и геоинформатика,Бакалавриат,Б1.В,0.5,Зачет с оценкой,10,[5]
616534,Основы спутникового позиционирования,18,05.03.03 Картография и геоинформатика,Бакалавриат,Б1.О.Prof,1.0,Зачет,10,[5]
616534,Безопасность жизнедеятельности,18,05.03.03 Картография и геоинформатика,Бакалавриат,Б1.О.General,1.0,Зачет,10,[5]
616534,Базы пространственных данных,18,05.03.03 Картография и геоинформатика,Бакалавриат,Б1.О.Prof,1.0,Зачет с оценкой,10,[5]
616534,Основы web-картографирования,18,05.03.03 Картография и геоинформатика,Бакалавриат,Б1.В,0.5,Экзамен,10,[5]
616534,ГИС в общегеографической картографии,18,05.03.03 Картография и геоинформатика,Бакалавриат,Б1.В,0.5,Экзамен,8,[6]
616534,Создание геоинформационных систем,18,05.03.03 Картография и геоинформатика,Бакалавриат,Б1.О.Prof,1.0,Зачет с оценкой,9,[6]
616534,"Производственная практика, научно-исследовательская работа",18,05.03.03 Картография и геоинформатика,Бакалавриат,Б2,1.0,Зачет с оценкой,7,[6]
579682,Культура общения,26,42.03.02 Журналистика,Бакалавриат,Б1.В,0.5,Зачет,13,[3]
579682,Иностранный язык,26,42.03.02 Журналистика,Бакалавриат,Б1.О.General,1.0,Экзамен,36,[3]
579682,Прикладная физическая культура (Адаптивная физическая культура),26,42.03.02 Журналистика,Бакалавриат,Б1.О.General,1.0,Зачет,4,"[3, 4]"
579682,"Производственная практика, профессионально-творческая",26,42.03.02 Журналистика,Бакалавриат,Б2,1.0,Зачет с оценкой,30,[4]
579682,Организационная коммуникация,26,42.03.02 Журналистика,Бакалавриат,Б1.В,0.5,Зачет,2,[3]
579682,Социология,26,42.03.02 Журналистика,Бакалавриат,Б1.В,0.5,Зачет,2,[3]
579682,История зарубежной литературы 18 в.,26,42.03.02 Журналистика,Бакалавриат,Б1.О.Prof,1.0,Зачет,37,[3]
579682,Экономика,26,42.03.02 Журналистика,Бакалавриат,Б1.О.General,1.0,Зачет,37,[3]
579682,Профессиональная этика журналиста,26,42.03.02 Журналистика,Бакалавриат,Б1.В,0.5,Зачет,32,[4]
579682,Теле- и радио журналистика,26,42.03.02 Журналистика,Бакалавриат,Б1.О.Prof,1.0,Зачет,32,[4]
579682,Грамматические нормы в профессиональной сфере общения,26,42.03.02 Журналистика,Бакалавриат,Б1.В,0.5,Зачет с оценкой,32,[4]
579682,Основы журналистской деятельности,26,42.03.02 Журналистика,Бакалавриат,Б1.О.Prof,1.0,Зачет,36,"[3, 4]"
579682,Организация работы пресс-службы,26,42.03.02 Журналистика,Бакалавриат,Б1.В,0.5,Зачет с оценкой,34,[4]
579682,История русской литературы первой трети XIX века,26,42.03.02 Журналистика,Бакалавриат,Б1.В,0.5,Зачет,36,[3]
579682,История зарубежной литературы 19 в.,26,42.03.02 Журналистика,Бакалавриат,Б1.О.Prof,1.0,Зачет,32,[4]
579682,Риторика,26,42.03.02 Журналистика,Бакалавриат,Б1.О.Prof,1.0,Зачет,36,[3]
579682,Спецсеминар научного руководителя,26,42.03.02 Журналистика,Бакалавриат,Б1.В,0.5,Зачет,36,"[3, 4]"
579682,Теория и практика аргументации,26,42.03.02 Журналистика,Бакалавриат,Б1.В,0.5,Зачет,6,[3]
579682,История русской литературы второй трети XIX века,26,42.03.02 Журналистика,Бакалавриат,Б1.В,0.5,Зачет,33,[4]
579682,Основы теории коммуникации,26,42.03.02 Журналистика,Бакалавриат,Б1.О.Prof,1.0,Зачет,32,[4]
579682,Современные электронные СМИ,26,42.03.02 Журналистика,Бакалавриат,Б1.О.Prof,1.0,Зачет,36,[3]
579682,Глобальная экономическая история,26,42.03.02 Журналистика,Бакалавриат,Б1.В,0.5,Зачет,2,[3]
579682,СМИ Волгоградской области,26,42.03.02 Журналистика,Бакалавриат,Б1.В,0.5,Зачет,35,[3]
579682,Философия,26,42.03.02 Журналистика,Бакалавриат,Б1.О.General,1.0,Зачет с оценкой,32,[4]
579682,Прикладная физическая культура (Волейбол),26,42.03.02 Журналистика,Бакалавриат,Б1.О.General,0.5,Зачет,35,"[3, 4]"
579682,Социальная журналистика,26,42.03.02 Журналистика,Бакалавриат,Б1.О.Prof,1.0,Экзамен,36,[3]
579682,Конфликтология,26,42.03.02 Журналистика,Бакалавриат,Б1.О.General,0.5,Зачет,10,[3]
579682,Информатика и информационные технологии,26,42.03.02 Журналистика,Бакалавриат,Б1.О.Prof,1.0,Зачет с оценкой,36,[3]
579682,Прикладная физическая культура (ОФП),26,42.03.02 Журналистика,Бакалавриат,Б1.О.General,1.0,Зачет,1,[4]
579682,Современный русский язык: синтаксис,26,42.03.02 Журналистика,Бакалавриат,Б1.В,0.5,Экзамен,36,[3]
995427,Нормотворчество,37,40.05.01 Правовое обесп. нац. безопасности (спец.),Специалитет,Б1.В,0.5,Зачет,26,[2]
995427,Иностранный язык,37,40.05.01 Правовое обесп. нац. безопасности (спец.),Специалитет,Б1.О.General,1.0,Зачет с оценкой,28,"[1, 2]"
995427,Правоохранительные органы,37,40.05.01 Правовое обесп. нац. безопасности (спец.),Специалитет,Б1.О.Prof,1.0,Экзамен,27,[1]
995427,Прикладная физическая культура (ОФП),37,40.05.01 Правовое обесп. нац. безопасности (спец.),Специалитет,Б1.О.General,1.0,Зачет,14,"[1, 2]"
995427,Профессиональная этика юриста,37,40.05.01 Правовое обесп. нац. безопасности (спец.),Специалитет,Б1.О.Prof,1.0,Экзамен,28,[1]
995427,Философия,37,40.05.01 Правовое обесп. нац. безопасности (спец.),Специалитет,Б1.О.General,1.0,Экзамен,25,[2]
995427,Русский язык и культура речи,37,40.05.01 Правовое обесп. нац. безопасности (спец.),Специалитет,Б1.О.General,1.0,Зачет,24,[2]
995427,Прикладная физическая культура (Волейбол),37,40.05.01 Правовое обесп. нац. безопасности (спец.),Специалитет,Б1.О.General,1.0,Зачет,14,"[1, 2]"
995427,Физическая культура и спорт,37,40.05.01 Правовое обесп. нац. безопасности (спец.),Специалитет,Б1.О.General,1.0,Зачет,28,[1]
995427,История учений о государстве и праве,37,40.05.01 Правовое обесп. нац. безопасности (спец.),Специалитет,Б1.О.Prof,1.0,Зачет,25,[2]
995427,История,37,40.05.01 Правовое обесп. нац. безопасности (спец.),Специалитет,Б1.О.General,1.0,Экзамен,29,[1]
995427,Безопасность жизнедеятельности,37,40.05.01 Правовое обесп. нац. безопасности (спец.),Специалитет,Б1.О.General,1.0,Зачет,28,[1]
995427,История государства и права зарубежных стран,37,40.05.01 Правовое обесп. нац. безопасности (спец.),Специалитет,Б1.О.Prof,1.0,Зачет с оценкой,27,"[1, 2]"
995427,Конституционное право,37,40.05.01 Правовое обесп. нац. безопасности (спец.),Специалитет,Б1.О.Prof,1.0,Зачет,24,[2]
995427,Критическое мышление,37,40.05.01 Правовое обесп. нац. безопасности (спец.),Специалитет,Б1.О.Prof,1.0,Зачет,25,[2]
995427,Теория государства и права,37,40.05.01 Правовое обесп. нац. безопасности (спец.),Специалитет,Б1.О.Prof,1.0,Зачет с оценкой,28,"[1, 2]"
995427,История государства и права России,37,40.05.01 Правовое обесп. нац. безопасности (спец.),Специалитет,Б1.О.Prof,1.0,Зачет с оценкой,28,"[1, 2]"
333925,"Метрология, стандартизация, сертификация",1,09.03.02 ИСиТ,Бакалавриат,Б1.В,0.333,Зачет с оценкой,26,[3]
333925,Методы математической физики,1,09.03.02 ИСиТ,Бакалавриат,Б1.О.Prof,1.0,Зачет с оценкой,26,[4]
333925,Иностранный язык,1,09.03.02 ИСиТ,Бакалавриат,Б1.О.General,0.667,Зачет с оценкой,27,"[3, 4]"
333925,Базы данных,1,09.03.02 ИСиТ,Бакалавриат,Б1.О.Prof,1.0,Экзамен,23,[3]
333925,Прикладная физическая культура (Адаптивная физическая культура),1,09.03.02 ИСиТ,Бакалавриат,Б1.О.General,0.833,Зачет,2,[4]
333925,Дискретная математика,1,09.03.02 ИСиТ,Бакалавриат,Б1.О.Prof,1.0,Экзамен,24,[3]
333925,Математическое моделирование физических систем,1,09.03.02 ИСиТ,Бакалавриат,Б1.О.Prof,1.0,Зачет с оценкой,26,[3]
333925,"Учебная практика, научно-исследовательская работа (получение первичных навыков научно-исследовательской работы)",1,09.03.02 ИСиТ,Бакалавриат,Б2,1.0,Зачет с оценкой,21,[4]
333925,Операционные системы,1,09.03.02 ИСиТ,Бакалавриат,Б1.О.Prof,1.0,Экзамен,25,[4]
333925,Философия,1,09.03.02 ИСиТ,Бакалавриат,Б1.О.General,0.667,Зачет с оценкой,24,[4]
333925,Прикладная физическая культура (Волейбол),1,09.03.02 ИСиТ,Бакалавриат,Б1.О.General,0.5,Зачет,25,"[3, 4]"
333925,Физика,1,09.03.02 ИСиТ,Бакалавриат,Б1.О.General,0.667,Зачет,24,[3]
333925,Численные методы,1,09.03.02 ИСиТ,Бакалавриат,Б1.О.Prof,1.0,Экзамен,25,[4]
333925,Цифровые технологии: от интернета до блокчейна,1,09.03.02 ИСиТ,Бакалавриат,Б1.О.Prof,0.833,Зачет,25,[3]
333925,Экономико-математическое моделирование,1,09.03.02 ИСиТ,Бакалавриат,Б1.В,0.5,Зачет с оценкой,25,[4]
333925,Объектно-ориентированное программирование,1,09.03.02 ИСиТ,Бакалавриат,Б1.О.Prof,1.0,Экзамен,25,[3]
862310,Музееведение,14,46.03.01 История,Бакалавриат,Б1.В,0.5,Зачет,15,[6]
862310,История России,14,46.03.01 История,Бакалавриат,Б1.О.Prof,1.0,Экзамен,15,"[5, 6]"
862310,История стран Азии и Африки в средние века и новое время,14,46.03.01 История,Бакалавриат,Б1.О.Prof,1.0,Экзамен,15,"[5, 6]"
862310,История мировой культуры,14,46.03.01 История,Бакалавриат,Б1.О.Prof,1.0,Зачет с оценкой,15,[6]
862310,Методы исторического исследования,14,46.03.01 История,Бакалавриат,Б1.О.Prof,1.0,Зачет,15,[5]
862310,"Учебная практика, практика по получению первичных профессиональных умений и навыков (музейная практика)",14,46.03.01 История,Бакалавриат,Б2,0.5,Зачет с оценкой,15,[6]
862310,Теория и методология истории,14,46.03.01 История,Бакалавриат,Б1.О.Prof,1.0,Зачет с оценкой,15,[6]
862310,Источниковедение,14,46.03.01 История,Бакалавриат,Б1.О.Prof,1.0,Экзамен,15,[5]
862310,Выборы и самоуправление в России,14,46.03.01 История,Бакалавриат,Б1.О.Prof,1.0,Зачет с оценкой,6,[6]
862310,Прикладная физическая культура (ОФП),14,46.03.01 История,Бакалавриат,Б1.О.General,1.0,Зачет,16,"[5, 6]"
862310,Степи Восточной Европы в эпоху бронзы,14,46.03.01 История,Бакалавриат,Б1.О.Prof,1.0,Зачет с оценкой,3,[6]
862310,История исторической науки,14,46.03.01 История,Бакалавриат,Б1.В,0.5,Экзамен,15,[5]
862310,История народной религиозности в средние века,14,46.03.01 История,Бакалавриат,Б1.О.Prof,1.0,Зачет с оценкой,6,[6]
862310,История нового времени,14,46.03.01 История,Бакалавриат,Б1.О.Prof,1.0,Экзамен,16,"[5, 6]"
862310,История отечественной культуры,14,46.03.01 История,Бакалавриат,Б1.О.Prof,1.0,Зачет с оценкой,15,[5]
862310,Юг России в новое и новейшее время,14,46.03.01 История,Бакалавриат,Б1.О.Prof,1.0,Зачет с оценкой,15,[6]
862310,"Производственная практика, научно-исследовательская работа",14,46.03.01 История,Бакалавриат,Б2,1.0,Зачет с оценкой,15,[6]
977009,Специальный практикум,2,03.03.02 Физика / Радиофизика,Бакалавриат,Б1.В,0.333,Зачет,16,[6]
977009,Технологическое предпринимательство и основы проектной деятельности,2,03.03.02 Физика / Радиофизика,Бакалавриат,Б1.О.General,0.167,Зачет с оценкой,21,[5]
977009,Прикладная физическая культура (Адаптивная физическая культура),2,03.03.02 Физика / Радиофизика,Бакалавриат,Б1.О.General,0.167,Зачет,2,"[5, 6]"
977009,Основы проектирования технических систем,2,03.03.02 Физика / Радиофизика,Бакалавриат,Б1.В,0.167,Зачет с оценкой,18,[6]
977009,Астрономия,2,03.03.02 Физика / Радиофизика,Бакалавриат,Б1.В,0.333,Зачет с оценкой,21,[5]
977009,"Производственная практика, научно-исследовательская работа",2,03.03.02 Физика / Радиофизика,Бакалавриат,Б2,1.0,Зачет с оценкой,15,[6]
977009,Квантовая теория,2,03.03.02 Физика / Радиофизика,Бакалавриат,Б1.В,0.5,Зачет с оценкой,16,[6]
977009,Научно-исследовательское проектирование,2,03.03.02 Физика / Радиофизика,Бакалавриат,Б1.В,0.167,Зачет с оценкой,15,[6]
977009,Физическая химия,2,03.03.02 Физика / Радиофизика,Бакалавриат,Б1.В,0.167,Зачет,18,[6]
977009,Атомная и ядерная физика,2,03.03.02 Физика / Радиофизика,Бакалавриат,Б1.В,0.167,Экзамен,21,[5]
977009,Общий физический лабораторный практикум -2,2,03.03.02 Физика / Радиофизика,Бакалавриат,Б1.В,0.333,Зачет с оценкой,19,[5]
977009,Уравнения математической физики,2,03.03.02 Физика / Радиофизика,Бакалавриат,Б1.В,0.333,Экзамен,21,[5]
977009,Дополнительные главы квантовой механики,2,03.03.02 Физика / Радиофизика,Бакалавриат,Б1.В,0.333,Зачет с оценкой,17,[6]
977009,Астрофизика,2,03.03.02 Физика / Радиофизика,Бакалавриат,Б1.В,0.333,Экзамен,17,[6]
977009,Объектно-ориентированное программирование физических задач,2,03.03.02 Физика / Радиофизика,Бакалавриат,Б1.В,0.333,Зачет с оценкой,17,[6]
977009,Прикладная физическая культура (ОФП),2,03.03.02 Физика / Радиофизика,Бакалавриат,Б1.О.General,1.0,Зачет,20,"[5, 6]"
977009,"Учебная практика, практика по получению первичных профессиональных умений и навыков",2,03.03.02 Физика / Радиофизика,Бакалавриат,Б2,0.167,Зачет с оценкой,15,[6]
977009,Электродинамика и электродинамика сплошных сред,2,03.03.02 Физика / Радиофизика,Бакалавриат,Б1.В,0.333,Экзамен,20,[5]
977009,Теория колебаний и волн,2,03.03.02 Физика / Радиофизика,Бакалавриат,Б1.В,0.167,Зачет с оценкой,21,"[5, 6]"
471155,Молекулярное строение вещества,13,28.03.01 Нанотехнологии,Бакалавриат,Б1.О.Prof,1.0,Экзамен,19,[2]
471155,Основы математической обработки информации,13,28.03.01 Нанотехнологии,Бакалавриат,Б1.О.Prof,1.0,Зачет,19,[2]
471155,Естественнонаучный практикум,13,28.03.01 Нанотехнологии,Бакалавриат,Б1.О.Prof,1.0,Зачет с оценкой,21,[1]
471155,Введение в нанотехнологии,13,28.03.01 Нанотехнологии,Бакалавриат,Б1.О.Prof,1.0,Экзамен,25,[1]
471155,Основы химии и технологии веществ,13,28.03.01 Нанотехнологии,Бакалавриат,Б1.В,0.5,Экзамен,19,[2]
471155,Иностранный язык,13,28.03.01 Нанотехнологии,Бакалавриат,Б1.О.General,1.0,Зачет с оценкой,23,"[1, 2]"
471155,Основы программирования для решения профессиональных задач,13,28.03.01 Нанотехнологии,Бакалавриат,Б1.О.Prof,1.0,Зачет с оценкой,19,[2]
471155,Прикладная физическая культура (ОФП),13,28.03.01 Нанотехнологии,Бакалавриат,Б1.О.General,1.0,Зачет,6,[1]
471155,Испытание изделий и управление качеством,13,28.03.01 Нанотехнологии,Бакалавриат,Б1.О.Prof,1.0,Экзамен,25,[1]
471155,Физика,13,28.03.01 Нанотехнологии,Бакалавриат,Б1.О.Prof,0.5,Зачет,22,[1]
471155,Русский язык и культура речи,13,28.03.01 Нанотехнологии,Бакалавриат,Б1.О.General,1.0,Зачет,21,[1]
471155,Прикладная физическая культура (Волейбол),13,28.03.01 Нанотехнологии,Бакалавриат,Б1.О.General,0.5,Зачет,16,[1]
471155,Физическая культура и спорт,13,28.03.01 Нанотехнологии,Бакалавриат,Б1.О.General,1.0,Зачет,26,[1]
471155,Математика и информатика,13,28.03.01 Нанотехнологии,Бакалавриат,Б1.В,0.5,Экзамен,22,[1]
471155,Экономика,13,28.03.01 Нанотехнологии,Бакалавриат,Б1.О.General,0.5,Зачет,19,[2]
471155,"История (история России, всеобщая история)",13,28.03.01 Нанотехнологии,Бакалавриат,Б1.О.General,1.0,Зачет с оценкой,20,[1]
471155,"Метрология, стандартизация и технические измерения",13,28.03.01 Нанотехнологии,Бакалавриат,Б1.О.Prof,1.0,Экзамен,20,[1]
858250,Управление коммуникациями и медиапланированием,28,42.03.01 Реклама и СО,Бакалавриат,Б1.О.Prof,1.0,Зачет с оценкой,18,"[5, 6]"
858250,Маркетинговые технологии эффективного бизнеса,28,42.03.01 Реклама и СО,Бакалавриат,Б1.О.Prof,1.0,Экзамен,18,[5]
858250,Прикладная физическая культура (Адаптивная физическая культура),28,42.03.01 Реклама и СО,Бакалавриат,Б1.О.General,0.5,Зачет,1,"[5, 6]"
858250,Прикладная физическая культура (ОФП),28,42.03.01 Реклама и СО,Бакалавриат,Б1.О.General,1.0,Зачет,17,"[5, 6]"
858250,"Производственная практика, научно-исследовательская работа",28,42.03.01 Реклама и СО,Бакалавриат,Б2,1.0,Зачет с оценкой,17,"[5, 6]"
858250,Технологии производства рекламного продукта,28,42.03.01 Реклама и СО,Бакалавриат,Б1.О.Prof,1.0,Зачет с оценкой,17,[6]
858250,Основы теории коммуникаций,28,42.03.01 Реклама и СО,Бакалавриат,Б1.О.Prof,1.0,Зачет с оценкой,17,[6]
858250,Поведение потребителей,28,42.03.01 Реклама и СО,Бакалавриат,Б1.О.Prof,1.0,Экзамен,18,[5]
858250,Маркетинговые исследования и ситуационный анализ в рекламе,28,42.03.01 Реклама и СО,Бакалавриат,Б1.В,0.5,Экзамен,18,[5]
858250,Физическая культура и спорт,28,42.03.01 Реклама и СО,Бакалавриат,Б1.О.General,0.5,Зачет,18,[5]
858250,Основы интегрированных коммуникаций,28,42.03.01 Реклама и СО,Бакалавриат,Б1.О.Prof,1.0,Зачет с оценкой,18,[5]
858250,Информационные технологии в рекламе и связях с общественностью,28,42.03.01 Реклама и СО,Бакалавриат,Б1.О.Prof,1.0,Зачет с оценкой,17,[6]
858250,"Производственная практика, практика по получению профессиональных умений и опыта профессиональной деятельности",28,42.03.01 Реклама и СО,Бакалавриат,Б2,1.0,Зачет с оценкой,17,[6]
858250,Стратегический менеджмент,28,42.03.01 Реклама и СО,Бакалавриат,Б1.О.Prof,1.0,Зачет с оценкой,17,[5]
247953,Современные социологические теории,33,39.03.01 Социология,Бакалавриат,Б1.О.Prof,1.0,Экзамен,12,[5]
247953,Проблема ценностей в социологии,33,39.03.01 Социология,Бакалавриат,Б1.О.Prof,1.0,Зачет с оценкой,12,[5]
247953,Социология управления,33,39.03.01 Социология,Бакалавриат,Б1.О.Prof,1.0,Зачет с оценкой,2,[6]
247953,Социальные проекты в некоммерческом секторе,33,39.03.01 Социология,Бакалавриат,Б1.О.Prof,1.0,Зачет с оценкой,10,[6]
247953,Качественные методы в социологии,33,39.03.01 Социология,Бакалавриат,Б1.О.Prof,1.0,Зачет с оценкой,10,[6]
247953,Социология массовых коммуникаций и PR,33,39.03.01 Социология,Бакалавриат,Б1.О.Prof,1.0,Экзамен,12,[5]
247953,Прикладная физическая культура (ОФП),33,39.03.01 Социология,Бакалавриат,Б1.О.General,1.0,Зачет,10,"[5, 6]"
247953,Прикладная физическая культура (Адаптивная физическая культура),33,39.03.01 Социология,Бакалавриат,Б1.О.General,0.5,Зачет,1,[6]
247953,Социология города и села,33,39.03.01 Социология,Бакалавриат,Б1.О.Prof,1.0,Зачет с оценкой,12,[5]
247953,"Учебная практика, научно-исследовательская работа (получение первичных навыков научно-исследовательской работы)",33,39.03.01 Социология,Бакалавриат,Б2,1.0,Зачет с оценкой,1,[6]
247953,Информационные технологии в социальных исследованиях и практике,33,39.03.01 Социология,Бакалавриат,Б1.В,0.5,Зачет с оценкой,12,[5]
247953,Методология и методы социологического исследования,33,39.03.01 Социология,Бакалавриат,Б1.О.Prof,1.0,Зачет с оценкой,12,"[5, 6]"
247953,Анализ данных в социологических исследованиях,33,39.03.01 Социология,Бакалавриат,Б1.О.Prof,1.0,Экзамен,12,[5]
247953,Социология гражданского общества и некоммерческого сектора,33,39.03.01 Социология,Бакалавриат,Б1.О.Prof,1.0,Зачет с оценкой,10,[6]
247953,"Организация, подготовка и презентация социологического исследования",33,39.03.01 Социология,Бакалавриат,Б1.О.Prof,1.0,Зачет с оценкой,1,[6]
247953,Экономическая социология,33,39.03.01 Социология,Бакалавриат,Б1.О.Prof,1.0,Зачет с оценкой,10,[6]
678036,Основы математической обработки информации,27,39.03.02 Социальная работа,Бакалавриат,Б1.В,0.5,Зачет с оценкой,20,[5]
678036,Пенсионное обеспечение,27,39.03.02 Социальная работа,Бакалавриат,Б1.О.Prof,1.0,Экзамен,3,[6]
678036,Прикладная физическая культура (Адаптивная физическая культура),27,39.03.02 Социальная работа,Бакалавриат,Б1.О.General,1.0,Зачет,4,"[5, 6]"
678036,Социальная работа за рубежом,27,39.03.02 Социальная работа,Бакалавриат,Б1.В,0.5,Зачет с оценкой,2,[6]
678036,Прикладная физическая культура (ОФП),27,39.03.02 Социальная работа,Бакалавриат,Б1.О.General,1.0,Зачет,16,"[5, 6]"
678036,Консалтинг и трудовые ресурсы в социальной сфере,27,39.03.02 Социальная работа,Бакалавриат,Б1.В,0.5,Зачет с оценкой,2,[6]
678036,Делопроизводство в социальной сфере,27,39.03.02 Социальная работа,Бакалавриат,Б1.О.Prof,1.0,Зачет с оценкой,20,[5]
678036,Социальный паспорт Волгоградской области,27,39.03.02 Социальная работа,Бакалавриат,Б1.О.Prof,1.0,Экзамен,1,[6]
678036,Технологии социальной работы с различными группами населения,27,39.03.02 Социальная работа,Бакалавриат,Б1.О.Prof,1.0,Зачет с оценкой,20,"[5, 6]"
678036,Социальное страхование и обеспечение,27,39.03.02 Социальная работа,Бакалавриат,Б1.В,0.5,Экзамен,20,[5]
678036,Прикладные исследования в социальной работе с замещающими семьями,27,39.03.02 Социальная работа,Бакалавриат,Б1.О.Prof,1.0,Экзамен,20,[5]
678036,Правовое обеспечение социальной работы,27,39.03.02 Социальная работа,Бакалавриат,Б1.О.Prof,1.0,Экзамен,20,[5]
678036,Управление конфликтами в социальной сфере,27,39.03.02 Социальная работа,Бакалавриат,Б1.О.Prof,1.0,Экзамен,20,[5]
854170,"Производственная практика, проектно-конструкторская практика",29,12.03.04 Биотехнические системы,Бакалавриат,Б2,1.0,Зачет с оценкой,9,[6]
854170,Технологическое предпринимательство и основы проектной деятельности,29,12.03.04 Биотехнические системы,Бакалавриат,Б1.О.General,1.0,Зачет,10,[5]
854170,Прикладная физическая культура (Легкая атлетика),29,12.03.04 Биотехнические системы,Бакалавриат,Б1.О.General,1.0,Зачет,9,[5]
854170,Научная и прикладная визуализация,29,12.03.04 Биотехнические системы,Бакалавриат,Б1.О.Prof,1.0,Экзамен,10,[5]
854170,Прикладная физическая культура (Адаптивная физическая культура),29,12.03.04 Биотехнические системы,Бакалавриат,Б1.О.General,1.0,Зачет,1,[6]
854170,Прикладная физическая культура (ОФП),29,12.03.04 Биотехнические системы,Бакалавриат,Б1.О.General,1.0,Зачет,7,[6]
854170,Клеточная биология с основами молекулярной биологии,29,12.03.04 Биотехнические системы,Бакалавриат,Б1.О.Prof,1.0,Зачет с оценкой,10,"[5, 6]"
854170,Электробезопасность медицинской техники,29,12.03.04 Биотехнические системы,Бакалавриат,Б1.О.Prof,1.0,Зачет,9,[6]
854170,Основы биоаналитики,29,12.03.04 Биотехнические системы,Бакалавриат,Б1.О.Prof,1.0,Зачет с оценкой,9,[6]
854170,Философия,29,12.03.04 Биотехнические системы,Бакалавриат,Б1.О.General,1.0,Зачет с оценкой,9,[5]
854170,Электроника и схемотехника,29,12.03.04 Биотехнические системы,Бакалавриат,Б1.О.Prof,1.0,Экзамен,10,[5]
854170,Основы биотехнологии,29,12.03.04 Биотехнические системы,Бакалавриат,Б1.О.Prof,1.0,Зачет с оценкой,9,[6]
854170,"Производственная практика, производственно-технологическая",29,12.03.04 Биотехнические системы,Бакалавриат,Б2,1.0,Зачет с оценкой,9,[6]
854170,Био- и хемоинформатика,29,12.03.04 Биотехнические системы,Бакалавриат,Б1.О.Prof,1.0,Зачет с оценкой,9,[6]
854170,Разработка программного обеспечения для биотехнических технологий,29,12.03.04 Биотехнические системы,Бакалавриат,Б1.О.Prof,1.0,Зачет с оценкой,9,[6]
854170,Организация и управление реализацией проекта и его внедрением,29,12.03.04 Биотехнические системы,Бакалавриат,Б1.О.Prof,1.0,Зачет с оценкой,10,"[5, 6]"
854170,"Производственная практика, научно-исследовательская работа",29,12.03.04 Биотехнические системы,Бакалавриат,Б2,1.0,Зачет с оценкой,10,"[5, 6]"
751787,Государственный экзамен,8,40.03.01 Юриспруденция,Специалитет,Б3,0.5,ГАК,49,[10]
751787,Специальный практикум,8,40.03.01 Юриспруденция,Специалитет,Б1.О.Prof,1.0,Зачет с оценкой,49,[10]
751787,Основы управления,8,40.03.01 Юриспруденция,Специалитет,Б1.В,0.5,Зачет,50,[9]
751787,Компьютерные сети,8,40.03.01 Юриспруденция,Специалитет,Б1.О.Prof,1.0,Экзамен,49,[10]
751787,Правоохранительные органы,8,40.03.01 Юриспруденция,Специалитет,Б1.О.Prof,1.0,Зачет,49,[10]
751787,Компьютерные технологии в экспертной деятельности,8,40.03.01 Юриспруденция,Специалитет,Б1.О.Prof,1.0,Зачет,50,[9]
751787,Преддипломная практика,8,40.03.01 Юриспруденция,Специалитет,Б2,0.5,Зачет с оценкой,49,[10]
751787,Нанотехнологии и наноматериалы,8,40.03.01 Юриспруденция,Специалитет,Б1.О.Prof,1.0,Зачет,49,[10]
751787,Судебная экспертиза стекла и изделий из него,8,40.03.01 Юриспруденция,Специалитет,Б1.О.Prof,1.0,Зачет с оценкой,49,[9]
751787,Судебная экспертиза нефтепродуктов и горюче-смазочных материалов,8,40.03.01 Юриспруденция,Специалитет,Б1.О.Prof,1.0,Экзамен,49,[9]
751787,Судебная экспертиза наркотических средств и психотропных веществ,8,40.03.01 Юриспруденция,Специалитет,Б1.О.Prof,1.0,Экзамен,49,[9]
751787,Безопасность жизнедеятельности,8,40.03.01 Юриспруденция,Специалитет,Б1.О.General,1.0,Зачет,49,[10]
751787,"Судебная экспертиза полимерных, строительных материалов и парфюмерно-косметических сред",8,40.03.01 Юриспруденция,Специалитет,Б1.О.Prof,1.0,Экзамен,49,[10]
751787,Административное право,8,40.03.01 Юриспруденция,Специалитет,Б1.О.Prof,1.0,Зачет,49,[9]
751787,Судебная экспертиза спиртосодержащих жидкостей,8,40.03.01 Юриспруденция,Специалитет,Б1.О.Prof,1.0,Экзамен,49,[9]
903344,Автоматизированные информационные технологии финансового анализа,19,Неизвестное (Информатика и алгоритмические языки...),Бакалавриат,Б1.О.Prof,1.0,Зачет с оценкой,22,[6]
903344,Технологическое предпринимательство и основы проектной деятельности,19,Неизвестное (Информатика и алгоритмические языки...),Бакалавриат,Б1.О.General,0.5,Зачет,22,[6]
903344,Прикладная физическая культура (Адаптивная физическая культура),19,Неизвестное (Информатика и алгоритмические языки...),Бакалавриат,Б1.О.General,0.5,Зачет,1,[6]
903344,Теория экономических информационных систем,19,Неизвестное (Информатика и алгоритмические языки...),Бакалавриат,Б1.О.Prof,1.0,Экзамен,23,[5]
903344,Проектирование информационных систем,19,Неизвестное (Информатика и алгоритмические языки...),Бакалавриат,Б1.О.Prof,1.0,Зачет с оценкой,23,"[5, 6]"
903344,Дискретная математика,19,Неизвестное (Информатика и алгоритмические языки...),Бакалавриат,Б1.О.Prof,1.0,Зачет с оценкой,21,[5]
903344,Бухгалтерский учет,19,Неизвестное (Информатика и алгоритмические языки...),Бакалавриат,Б1.О.Prof,1.0,Зачет с оценкой,23,[5]
903344,Объектно-ориентированный анализ и программирование,19,Неизвестное (Информатика и алгоритмические языки...),Бакалавриат,Б1.О.Prof,1.0,Экзамен,21,[5]
903344,Прикладная физическая культура (ОФП),19,Неизвестное (Информатика и алгоритмические языки...),Бакалавриат,Б1.О.General,1.0,Зачет,23,"[5, 6]"
903344,Автоматизированные системы бухгалтерского учета (1С),19,Неизвестное (Информатика и алгоритмические языки...),Бакалавриат,Б1.О.Prof,1.0,Зачет с оценкой,22,[6]
903344,Предметно-ориентированные экономические информационные системы (1С),19,Неизвестное (Информатика и алгоритмические языки...),Бакалавриат,Б1.О.Prof,1.0,Экзамен,22,[6]
903344,Проектирование систем электронного документооборота,19,Неизвестное (Информатика и алгоритмические языки...),Бакалавриат,Б1.О.Prof,1.0,Зачет с оценкой,22,[6]
903344,Экспертные системы,19,Неизвестное (Информатика и алгоритмические языки...),Бакалавриат,Б1.О.Prof,1.0,Экзамен,23,[5]
903344,"Стандартизация, сертификация и управление качеством программного обеспечения",19,Неизвестное (Информатика и алгоритмические языки...),Бакалавриат,Б1.О.Prof,1.0,Зачет с оценкой,22,[6]
903344,"Производственная практика, практика по получению профессиональных умений и опыта профессиональной деятельности",19,Неизвестное (Информатика и алгоритмические языки...),Бакалавриат,Б2,1.0,Зачет с оценкой,22,[6]
903344,"Производственная практика, научно-исследовательская работа",19,Неизвестное (Информатика и алгоритмические языки...),Бакалавриат,Б2,1.0,Зачет с оценкой,23,[5]
651441,Иностранный язык,26,42.03.02 Журналистика,Бакалавриат,Б1.О.General,1.0,Зачет,26,"[3, 4]"
651441,Прикладная физическая культура (Адаптивная физическая культура),26,42.03.02 Журналистика,Бакалавриат,Б1.О.General,1.0,Зачет,1,[3]
651441,"Производственная практика, профессионально-творческая",26,42.03.02 Журналистика,Бакалавриат,Б2,1.0,Зачет с оценкой,25,[4]
651441,История зарубежной литературы 18 в.,26,42.03.02 Журналистика,Бакалавриат,Б1.О.Prof,1.0,Зачет,26,[3]
651441,Экономика,26,42.03.02 Журналистика,Бакалавриат,Б1.О.General,1.0,Зачет,27,[3]
651441,История зарубежной литературы 19 в.,26,42.03.02 Журналистика,Бакалавриат,Б1.О.Prof,1.0,Зачет,25,[4]
651441,Теле- и радио журналистика,26,42.03.02 Журналистика,Бакалавриат,Б1.О.Prof,1.0,Зачет,25,[4]
651441,История русской литературы конца 19 - начала 20 вв.,26,42.03.02 Журналистика,Бакалавриат,Б1.В,0.5,Зачет,25,[4]
651441,Основы журналистской деятельности,26,42.03.02 Журналистика,Бакалавриат,Б1.О.Prof,1.0,Зачет,27,"[3, 4]"
651441,Риторика,26,42.03.02 Журналистика,Бакалавриат,Б1.О.Prof,1.0,Зачет,27,[3]
651441,Спецкурсы и спецсеминары научных руководителей,26,42.03.02 Журналистика,Бакалавриат,Б1.В,0.5,Зачет,26,"[3, 4]"
651441,Современный русский язык. Синтаксис,26,42.03.02 Журналистика,Бакалавриат,Б1.В,0.5,Зачет,25,[4]
651441,Журналистское расследование,26,42.03.02 Журналистика,Бакалавриат,Б1.В,0.5,Экзамен,13,[4]
651441,История русской литературы 2-ой половины 19 в.,26,42.03.02 Журналистика,Бакалавриат,Б1.В,0.5,Зачет,27,[3]
651441,Основы теории коммуникации,26,42.03.02 Журналистика,Бакалавриат,Б1.О.Prof,1.0,Зачет,25,[4]
651441,Современные электронные СМИ,26,42.03.02 Журналистика,Бакалавриат,Б1.О.Prof,1.0,Зачет,27,[3]
651441,Информационная безопасность,26,42.03.02 Журналистика,Бакалавриат,Б1.В,0.5,Экзамен,12,[4]
651441,Философия,26,42.03.02 Журналистика,Бакалавриат,Б1.О.General,1.0,Зачет с оценкой,25,[4]
651441,Орфография и пунктуация,26,42.03.02 Журналистика,Бакалавриат,Б1.В,0.5,Экзамен,13,[3]
651441,Социальная журналистика,26,42.03.02 Журналистика,Бакалавриат,Б1.О.Prof,1.0,Зачет,26,[3]
651441,Культура звучащей речи журналиста,26,42.03.02 Журналистика,Бакалавриат,Б1.В,0.5,Экзамен,13,[3]
651441,Информатика и информационные технологии,26,42.03.02 Журналистика,Бакалавриат,Б1.О.Prof,1.0,Зачет с оценкой,26,[3]
651441,Прикладная физическая культура (ОФП),26,42.03.02 Журналистика,Бакалавриат,Б1.О.General,1.0,Зачет,25,"[3, 4]"
651441,"Прикладные дисциплины (фотодело, компьютерный дизайн и др.)",26,42.03.02 Журналистика,Бакалавриат,Б1.В,0.5,Зачет,25,[4]
651441,Современный русский язык. Морфология,26,42.03.02 Журналистика,Бакалавриат,Б1.В,0.5,Зачет,27,[3]
725169,Основы математической обработки информации,7,45.03.01 Филология,Бакалавриат,Б1.В,0.333,Зачет,7,[3]
725169,Общая психология,7,45.03.01 Филология,Бакалавриат,Б1.В,0.333,Экзамен,7,[3]
725169,"Учебная практика, ознакомительная",7,45.03.01 Филология,Бакалавриат,Б2,0.333,Зачет с оценкой,7,[4]
725169,Безопасность жизнедеятельности,7,45.03.01 Филология,Бакалавриат,Б1.О.General,0.333,Зачет,7,[3]
725169,Правоведение,7,45.03.01 Филология,Бакалавриат,Б1.О.General,0.333,Зачет,7,[3]
725169,История русской литературы первой трети XIX века,7,45.03.01 Филология,Бакалавриат,Б1.О.Prof,1.0,Зачет с оценкой,7,[3]
725169,Спецсеминар научного руководителя,7,45.03.01 Филология,Бакалавриат,Б1.О.Prof,0.667,Зачет,7,"[3, 4]"
725169,Культурология,7,45.03.01 Филология,Бакалавриат,Б1.О.General,1.0,Зачет,1,[4]
725169,Теория и практика аргументации,7,45.03.01 Филология,Бакалавриат,Б1.О.Prof,0.667,Зачет,2,[4]
725169,История русской литературы второй трети XIX века,7,45.03.01 Филология,Бакалавриат,Б1.О.Prof,1.0,Экзамен,7,[4]
725169,Историческая морфология русского языка,7,45.03.01 Филология,Бакалавриат,Б1.О.Prof,1.0,Экзамен,7,[4]
725169,Прикладная физическая культура (Волейбол),7,45.03.01 Филология,Бакалавриат,Б1.О.General,0.667,Зачет,7,"[3, 4]"
725169,Философия,7,45.03.01 Филология,Бакалавриат,Б1.О.General,1.0,Зачет с оценкой,7,[4]
725169,Конфликтология,7,45.03.01 Филология,Бакалавриат,Б1.О.General,1.0,Зачет,4,[4]
725169,Современный русский язык: Лексикология,7,45.03.01 Филология,Бакалавриат,Б1.О.Prof,1.0,Экзамен,7,[3]
725169,Историческая фонетика русского языка,7,45.03.01 Филология,Бакалавриат,Б1.О.Prof,1.0,Зачет с оценкой,7,[3]
725169,Современный русский язык: морфология,7,45.03.01 Филология,Бакалавриат,Б1.О.Prof,1.0,Экзамен,7,[4]
725169,Диалектология русского языка,7,45.03.01 Филология,Бакалавриат,Б1.О.Prof,1.0,Зачет с оценкой,7,[3]
725169,Прикладная физическая культура (ОФП),7,45.03.01 Филология,Бакалавриат,Б1.О.General,1.0,Зачет,3,[4]
725169,"Учебная практика, научно-исследовательская работа (получение первичных навыков научно-исследовательской работы) (лексикографическая)",7,45.03.01 Филология,Бакалавриат,Б2,0.333,Зачет с оценкой,7,[3]
725169,Основы медицинских знаний и здорового образа жизни,7,45.03.01 Филология,Бакалавриат,Б1.В,0.333,Зачет,7,[3]
725169,"Возрастная анатомия, физиология и гигиена",7,45.03.01 Филология,Бакалавриат,Б1.В,0.333,Зачет с оценкой,7,[4]
553150,Теория автоматического управления,5,10.05.01 Компьютерная безопасность (спец.),Специалитет,Б1.О.Prof,1.0,Зачет с оценкой,22,[6]
553150,Прикладная физическая культура (Легкая атлетика),5,10.05.01 Компьютерная безопасность (спец.),Специалитет,Б1.О.General,1.0,Зачет,21,"[5, 6]"
553150,Безопасность операционных систем,5,10.05.01 Компьютерная безопасность (спец.),Специалитет,Б1.О.Prof,1.0,Экзамен,23,[5]
553150,Дискретная математика для решения задач информационной безопасности,5,10.05.01 Компьютерная безопасность (спец.),Специалитет,Б1.О.Prof,1.0,Экзамен,23,[5]
553150,Сети и системы передачи информации,5,10.05.01 Компьютерная безопасность (спец.),Специалитет,Б1.О.Prof,1.0,Экзамен,23,[5]
553150,Прикладная физическая культура (Адаптивная физическая культура),5,10.05.01 Компьютерная безопасность (спец.),Специалитет,Б1.О.General,1.0,Зачет,2,"[5, 6]"
553150,Основы управленческой деятельности,5,10.05.01 Компьютерная безопасность (спец.),Специалитет,Б1.В,0.5,Зачет с оценкой,23,[5]
553150,Документоведение: работа с информацией ограниченного доступа,5,10.05.01 Компьютерная безопасность (спец.),Специалитет,Б1.В,0.5,Зачет,23,[5]
553150,Безопасность сетей ЭВМ,5,10.05.01 Компьютерная безопасность (спец.),Специалитет,Б1.О.Prof,1.0,Зачет с оценкой,22,[6]
553150,Организационное и правовое обеспечение информационной безопасности,5,10.05.01 Компьютерная безопасность (спец.),Специалитет,Б1.В,0.5,Экзамен,22,[6]
553150,Электроника и схемотехника,5,10.05.01 Компьютерная безопасность (спец.),Специалитет,Б1.О.Prof,1.0,Зачет с оценкой,23,"[5, 6]"
553150,Администрирование в операционных системах,5,10.05.01 Компьютерная безопасность (спец.),Специалитет,Б1.О.Prof,1.0,Зачет с оценкой,22,[6]
553150,"Производственная практика, эксплуатационная",5,10.05.01 Компьютерная безопасность (спец.),Специалитет,Б2,1.0,Зачет с оценкой,22,[6]
553150,Исследование операций и теория игр,5,10.05.01 Компьютерная безопасность (спец.),Специалитет,Б1.О.Prof,1.0,Зачет с оценкой,23,[5]
553150,Безопасность систем баз данных,5,10.05.01 Компьютерная безопасность (спец.),Специалитет,Б1.О.Prof,1.0,Зачет с оценкой,23,"[5, 6]"
553150,Безопасное программирование,5,10.05.01 Компьютерная безопасность (спец.),Специалитет,Б1.О.Prof,1.0,Экзамен,23,[5]
553150,"Производственная практика, научно-исследовательская работа",5,10.05.01 Компьютерная безопасность (спец.),Специалитет,Б2,1.0,Зачет с оценкой,21,[6]
600255,Комплексный практикум по социологии,33,39.03.01 Социология,Бакалавриат,Б1.О.Prof,1.0,Экзамен,12,"[3, 4]"
600255,Социально-демографические процессы в современной России,33,39.03.01 Социология,Бакалавриат,Б1.О.Prof,1.0,Зачет с оценкой,13,[3]
600255,Социальная статистика,33,39.03.01 Социология,Бакалавриат,Б1.О.Prof,1.0,Зачет с оценкой,1,[4]
600255,Социальное предпринимательство и основы проектной деятельности,33,39.03.01 Социология,Бакалавриат,Б1.О.General,1.0,Зачет,1,[4]
600255,Прикладная физическая культура (Адаптивная физическая культура),33,39.03.01 Социология,Бакалавриат,Б1.О.General,1.0,Зачет,1,"[3, 4]"
600255,Социальная антропология,33,39.03.01 Социология,Бакалавриат,Б1.О.Prof,1.0,Зачет с оценкой,12,[3]
600255,Прикладная физическая культура (ОФП),33,39.03.01 Социология,Бакалавриат,Б1.О.General,1.0,Зачет,11,"[3, 4]"
600255,Социология возраста,33,39.03.01 Социология,Бакалавриат,Б1.О.Prof,1.0,Зачет с оценкой,13,[3]
600255,Социология культуры,33,39.03.01 Социология,Бакалавриат,Б1.О.Prof,1.0,Зачет с оценкой,14,[3]
600255,"Учебная практика, научно-исследовательская работа (получение первичных навыков научно-исследовательской работы)",33,39.03.01 Социология,Бакалавриат,Б2,1.0,Зачет с оценкой,1,[4]
600255,Теория и практика аргументации,33,39.03.01 Социология,Бакалавриат,Б1.О.Prof,1.0,Зачет,5,[4]
600255,Методология и методы социологического исследования,33,39.03.01 Социология,Бакалавриат,Б1.О.Prof,1.0,Зачет с оценкой,2,[4]
600255,История социологии,33,39.03.01 Социология,Бакалавриат,Б1.О.Prof,1.0,Экзамен,12,[3]
600255,Основы социологии,33,39.03.01 Социология,Бакалавриат,Б1.О.Prof,1.0,Экзамен,13,"[3, 4]"
600255,Гендерная социология,33,39.03.01 Социология,Бакалавриат,Б1.О.Prof,1.0,Зачет с оценкой,12,[4]
600255,Социология эмоций и социальная психология,33,39.03.01 Социология,Бакалавриат,Б1.О.Prof,1.0,Зачет с оценкой,12,[4]
716994,"Учебная практика, практика по получению первичных профессиональных умений и навыков, в том числе первичных умений и навыков научно-исследовательско...",10,06.05.01 Биоинженерия (спец.),Специалитет,Б2,1.0,Зачет с оценкой,14,[4]
504007,Региональное природопользование,20,Неизвестное (Техногенные системы и экологический риск...),Бакалавриат,Б1.О.Prof,1.0,Зачет с оценкой,14,[7]
504007,Урбоэкология,20,Неизвестное (Техногенные системы и экологический риск...),Бакалавриат,Б1.О.Prof,1.0,Зачет с оценкой,14,[7]
504007,Экологическое образование,20,Неизвестное (Техногенные системы и экологический риск...),Бакалавриат,Б1.В,0.5,Зачет с оценкой,14,[7]
504007,Экологический менеджмент,20,Неизвестное (Техногенные системы и экологический риск...),Бакалавриат,Б1.О.Prof,1.0,Экзамен,13,[8]
504007,Территориально-экологическое планирование,20,Неизвестное (Техногенные системы и экологический риск...),Бакалавриат,Б1.О.Prof,1.0,Зачет,13,[8]
504007,"Производственная практика, преддипломная практика",20,Неизвестное (Техногенные системы и экологический риск...),Бакалавриат,Б2,0.5,Зачет с оценкой,13,[8]
504007,Правовые основы природопользования и охраны окружающей среды,20,Неизвестное (Техногенные системы и экологический риск...),Бакалавриат,Б1.О.Prof,1.0,Зачет,13,[8]
504007,"Защита выпускнойквалификационной работы, включая подготовку к процедуре защиты и процедуру защиты",20,Неизвестное (Техногенные системы и экологический риск...),Бакалавриат,Б3,0.5,Защита ВКР,13,[8]
504007,Экологическая сертификация,20,Неизвестное (Техногенные системы и экологический риск...),Бакалавриат,Б1.О.Prof,1.0,Экзамен,13,[8]
504007,Мелиорация и рекультивация земель,20,Неизвестное (Техногенные системы и экологический риск...),Бакалавриат,Б1.О.Prof,1.0,Зачет,14,[7]
504007,ГИС в экологии и природопользовании,20,Неизвестное (Техногенные системы и экологический риск...),Бакалавриат,Б1.О.Prof,1.0,Зачет,14,[7]
504007,Подготовка к сдаче и сдача государственного экзамена,20,Неизвестное (Техногенные системы и экологический риск...),Бакалавриат,Б3,0.5,ГАК,13,[8]
504007,Экологическое проектирование и экспертиза,20,Неизвестное (Техногенные системы и экологический риск...),Бакалавриат,Б1.О.Prof,1.0,Экзамен,14,[7]
504007,Охрана окружающей среды,20,Неизвестное (Техногенные системы и экологический риск...),Бакалавриат,Б1.В,0.5,Зачет,14,[7]
504007,Устойчивое развитие и современные проблемы экологии и природопользования,20,Неизвестное (Техногенные системы и экологический риск...),Бакалавриат,Б1.О.Prof,1.0,Зачет с оценкой,13,[8]
504007,Биодиагностика окружающей среды,20,Неизвестное (Техногенные системы и экологический риск...),Бакалавриат,Б1.О.Prof,1.0,Зачет с оценкой,13,[8]
504007,Ресурсоведение,20,Неизвестное (Техногенные системы и экологический риск...),Бакалавриат,Б1.О.Prof,1.0,Зачет с оценкой,14,[7]
504007,Оценка воздействия на окружающую среду,20,Неизвестное (Техногенные системы и экологический риск...),Бакалавриат,Б1.О.Prof,1.0,Зачет с оценкой,14,[7]
504007,Экологический мониторинг,20,Неизвестное (Техногенные системы и экологический риск...),Бакалавриат,Б1.О.Prof,1.0,Экзамен,14,[7]
784585,Государственный экзамен,39,Неизвестное (Государственный экзамен...),Бакалавриат,Б3,1.0,ГАК,15,[8]
784585,Моделирование и программирование в среде Blender,39,Неизвестное (Государственный экзамен...),Бакалавриат,Б1.О.Prof,1.0,Зачет с оценкой,16,[7]
784585,Введение в обратные задачи,39,Неизвестное (Государственный экзамен...),Бакалавриат,Б1.О.Prof,1.0,Зачет с оценкой,15,[8]
784585,Компьютерная графика,39,Неизвестное (Государственный экзамен...),Бакалавриат,Б1.О.Prof,1.0,Зачет с оценкой,16,"[7, 8]"
784585,Программное обеспечение математических вычислений,39,Неизвестное (Государственный экзамен...),Бакалавриат,Б1.О.Prof,1.0,Зачет,15,[7]
784585,Основы визуального моделирования,39,Неизвестное (Государственный экзамен...),Бакалавриат,Б1.О.Prof,1.0,Зачет с оценкой,16,[7]
784585,Web-программирование с использованием PHP и MySQL,39,Неизвестное (Государственный экзамен...),Бакалавриат,Б1.О.Prof,1.0,Зачет с оценкой,16,[8]
784585,Основы криптографии,39,Неизвестное (Государственный экзамен...),Бакалавриат,Б1.О.Prof,1.0,Зачет,15,[7]
784585,Методы оптимизации,39,Неизвестное (Государственный экзамен...),Бакалавриат,Б1.О.Prof,1.0,Зачет с оценкой,15,[8]
784585,Функциональный анализ,39,Неизвестное (Государственный экзамен...),Бакалавриат,Б1.О.Prof,1.0,Экзамен,15,[7]
784585,"Производственная практика, преддипломная",39,Неизвестное (Государственный экзамен...),Бакалавриат,Б2,1.0,Зачет с оценкой,15,[8]
784585,Теория вычислительных процессов и структур,39,Неизвестное (Государственный экзамен...),Бакалавриат,Б1.О.Prof,1.0,Экзамен,16,[8]
784585,Линейные и квазилинейные дифференциальные уравнения эллиптического типа на римановых многообразиях,39,Неизвестное (Государственный экзамен...),Бакалавриат,Б1.О.Prof,1.0,Зачет,15,[8]
784585,Теоретическая механика,39,Неизвестное (Государственный экзамен...),Бакалавриат,Б1.О.Prof,1.0,Экзамен,16,[7]
784585,Алгоритмы обработки растровых изображений,39,Неизвестное (Государственный экзамен...),Бакалавриат,Б1.О.Prof,1.0,Зачет,16,[7]
784585,Элементы вариационного исчисления,39,Неизвестное (Государственный экзамен...),Бакалавриат,Б1.О.Prof,1.0,Зачет,16,[7]
784585,"Производственная практика, практика по получению профессиональных умений и опыта профессиональной деятельности",39,Неизвестное (Государственный экзамен...),Бакалавриат,Б2,1.0,Зачет с оценкой,15,[8]
784585,Теория потенциала на римановых многообразиях,39,Неизвестное (Государственный экзамен...),Бакалавриат,Б1.О.Prof,1.0,Зачет с оценкой,16,[7]
194766,Технологии проектирования образовательного процесса при обучении иностранному языку,34,44.03.05 Педобразование (ин.яз.),Бакалавриат,Б1.О.Prof,1.0,Зачет,16,[2]
194766,Информатика,34,44.03.05 Педобразование (ин.яз.),Бакалавриат,Б1.О.General,1.0,Зачет с оценкой,17,[1]
194766,Современный русский язык: деловая коммуникация,34,44.03.05 Педобразование (ин.яз.),Бакалавриат,Б1.О.Prof,1.0,Экзамен,17,[1]
194766,Иностранный язык (Вводный курс английского языка),34,44.03.05 Педобразование (ин.яз.),Бакалавриат,Б1.О.Prof,1.0,Зачет с оценкой,17,"[1, 2]"
194766,История и культура стран изучаемого первого иностранного языка,34,44.03.05 Педобразование (ин.яз.),Бакалавриат,Б1.О.Prof,1.0,Зачет,16,[2]
194766,Основы лингвокультурологии,34,44.03.05 Педобразование (ин.яз.),Бакалавриат,Б1.О.Prof,1.0,Экзамен,17,[1]
194766,Введение в нарратологию,34,44.03.05 Педобразование (ин.яз.),Бакалавриат,Б1.О.Prof,1.0,Зачет,17,[2]
194766,"Учебная практика, научно-исследовательская работа (получение первичных навыков научно-исследовательской работы)",34,44.03.05 Педобразование (ин.яз.),Бакалавриат,Б2,1.0,Зачет с оценкой,17,[1]
194766,Эколингвистика,34,44.03.05 Педобразование (ин.яз.),Бакалавриат,Б1.О.Prof,1.0,Зачет,16,[2]
194766,Практический курс второго иностранного языка (немецкого языка),34,44.03.05 Педобразование (ин.яз.),Бакалавриат,Б1.О.Prof,1.0,Зачет с оценкой,17,"[1, 2]"
194766,Практический курс первого иностранного языка (английский язык),34,44.03.05 Педобразование (ин.яз.),Бакалавриат,Б1.О.Prof,1.0,Экзамен,16,[2]
194766,Стилистика английского языка,34,44.03.05 Педобразование (ин.яз.),Бакалавриат,Б1.О.Prof,1.0,Зачет,16,[2]
194766,Прикладная физическая культура (Волейбол),34,44.03.05 Педобразование (ин.яз.),Бакалавриат,Б1.О.General,1.0,Зачет,15,[1]
194766,Физическая культура и спорт,34,44.03.05 Педобразование (ин.яз.),Бакалавриат,Б1.О.General,1.0,Зачет,16,[1]
194766,"История (история России, всеобщая история)",34,44.03.05 Педобразование (ин.яз.),Бакалавриат,Б1.О.General,1.0,Зачет с оценкой,17,[1]
194766,История педагогики,34,44.03.05 Педобразование (ин.яз.),Бакалавриат,Б1.О.Prof,1.0,Зачет,16,[1]
667858,Основы математической обработки информации,4,41.03.04 Политология,Бакалавриат,Б1.О.Prof,1.0,Зачет с оценкой,25,[1]
667858,Иностранный язык,4,41.03.04 Политология,Бакалавриат,Б1.О.General,1.0,Зачет с оценкой,25,"[1, 2]"
667858,Прикладная физическая культура (Адаптивная физическая культура),4,41.03.04 Политология,Бакалавриат,Б1.О.General,0.667,Зачет,3,[1]
667858,Информационно-коммуникационные технологии в политических науках и регионоведении,4,41.03.04 Политология,Бакалавриат,Б1.О.Prof,1.0,Экзамен,25,[2]
667858,"Учебная практика, научно-исследовательская работа (получение первичных навыков научно-исследовательской работы)",4,41.03.04 Политология,Бакалавриат,Б2,1.0,Зачет с оценкой,22,[2]
667858,Международные и региональные организации в современных интеграционных процессах,4,41.03.04 Политология,Бакалавриат,Б1.О.Prof,0.667,Экзамен,25,[1]
667858,Правоведение,4,41.03.04 Политология,Бакалавриат,Б1.О.General,1.0,Зачет,24,[2]
667858,Безопасность жизнедеятельности,4,41.03.04 Политология,Бакалавриат,Б1.О.General,1.0,Зачет,24,[1]
667858,Теоретические основы современной регионалистики,4,41.03.04 Политология,Бакалавриат,Б1.В,0.333,Экзамен,25,[2]
667858,Экономика,4,41.03.04 Политология,Бакалавриат,Б1.О.General,1.0,Зачет,24,[2]
667858,Введение в профессию,4,41.03.04 Политология,Бакалавриат,Б1.О.Prof,1.0,Экзамен,25,[1]
667858,Физическая культура и спорт,4,41.03.04 Политология,Бакалавриат,Б1.О.General,1.0,Зачет,24,[1]
667858,Региональная и национальная безопасность стран Северной Америки,4,41.03.04 Политология,Бакалавриат,Б1.В,0.333,Зачет с оценкой,25,[2]
667858,"История (история России, всеобщая история)",4,41.03.04 Политология,Бакалавриат,Б1.О.General,1.0,Зачет с оценкой,24,[1]
667858,Информационное общество и обеспечение информационной безопасности,4,41.03.04 Политология,Бакалавриат,Б1.О.Prof,1.0,Экзамен,25,[1]
667858,СМИ в современной системе массовой коммуникации,4,41.03.04 Политология,Бакалавриат,Б1.О.Prof,1.0,Зачет с оценкой,25,[1]
667858,Философия,4,41.03.04 Политология,Бакалавриат,Б1.О.General,1.0,Зачет с оценкой,24,[2]
667858,Русский язык и культура речи,4,41.03.04 Политология,Бакалавриат,Б1.О.General,1.0,Зачет,24,[1]
667858,Прикладная физическая культура (Волейбол),4,41.03.04 Политология,Бакалавриат,Б1.О.General,0.5,Зачет,9,[1]
667858,Научно-методическое обеспечение результатов профессиональной деятельности,4,41.03.04 Политология,Бакалавриат,Б1.О.Prof,1.0,Зачет с оценкой,24,[2]
667858,Прикладная физическая культура (ОФП),4,41.03.04 Политология,Бакалавриат,Б1.О.General,1.0,Зачет,13,"[1, 2]"
608492,Прикладная физическая культура (Адаптивная физическая культура),12,40.03.01 Юриспруденция,Бакалавриат,Б1.О.General,1.0,Зачет,11,"[3, 4]"
608492,Теория принятия решений,12,40.03.01 Юриспруденция,Бакалавриат,Б1.В,0.5,Зачет,68,[3]
608492,Финансовое право,12,40.03.01 Юриспруденция,Бакалавриат,Б1.О.Prof,1.0,Экзамен,112,[4]
608492,Экономика,12,40.03.01 Юриспруденция,Бакалавриат,Б1.О.General,1.0,Зачет с оценкой,118,[3]
608492,Уголовное право,12,40.03.01 Юриспруденция,Бакалавриат,Б1.О.Prof,1.0,Зачет с оценкой,123,"[3, 4]"
608492,Менеджмент,12,40.03.01 Юриспруденция,Бакалавриат,Б1.В,0.5,Зачет,1,[3]
608492,Административное право,12,40.03.01 Юриспруденция,Бакалавриат,Б1.О.Prof,1.0,Экзамен,124,[3]
608492,Трудовое право,12,40.03.01 Юриспруденция,Бакалавриат,Б1.О.Prof,1.0,Экзамен,110,[4]
608492,Конституционное право зарубежных стран,12,40.03.01 Юриспруденция,Бакалавриат,Б1.О.Prof,1.0,Экзамен,127,[3]
608492,Римское частное право,12,40.03.01 Юриспруденция,Бакалавриат,Б1.В,0.5,Зачет,118,[3]
608492,Гражданское право,12,40.03.01 Юриспруденция,Бакалавриат,Б1.О.Prof,1.0,Зачет с оценкой,124,"[3, 4]"
608492,Философия,12,40.03.01 Юриспруденция,Бакалавриат,Б1.О.General,1.0,Экзамен,109,[4]
608492,Прикладная физическая культура (Волейбол),12,40.03.01 Юриспруденция,Бакалавриат,Б1.О.General,0.5,Зачет,1,[4]
608492,Права человека,12,40.03.01 Юриспруденция,Бакалавриат,Б1.О.Prof,1.0,Зачет с оценкой,110,[4]
608492,Социальное предпринимательство и основы проектной деятельности,12,40.03.01 Юриспруденция,Бакалавриат,Б1.О.General,1.0,Зачет,120,[3]
608492,Международное право,12,40.03.01 Юриспруденция,Бакалавриат,Б1.О.Prof,1.0,Экзамен,123,[3]
608492,Прикладная физическая культура (ОФП),12,40.03.01 Юриспруденция,Бакалавриат,Б1.О.General,1.0,Зачет,108,"[3, 4]"
608492,"Учебная практика, практика по получению первичных профессиональных умений и навыков",12,40.03.01 Юриспруденция,Бакалавриат,Б2,1.0,Зачет с оценкой,105,[4]
608492,Муниципальное право,12,40.03.01 Юриспруденция,Бакалавриат,Б1.О.Prof,1.0,Зачет с оценкой,113,[4]
608492,Юридическая техника,12,40.03.01 Юриспруденция,Бакалавриат,Б1.О.Prof,1.0,Зачет с оценкой,122,[3]
608492,Управление личными финансами,12,40.03.01 Юриспруденция,Бакалавриат,Б1.В,0.5,Зачет,49,[3]
512237,Теория вероятностей,3,01.03.02 ПМИ / 02.03.01 МКН,Бакалавриат,Б1.В,0.333,Экзамен,20,[5]
512237,Математическая статистика,3,01.03.02 ПМИ / 02.03.01 МКН,Бакалавриат,Б1.В,0.333,Зачет с оценкой,20,[6]
512237,Интеллектуальный анализ данных,3,01.03.02 ПМИ / 02.03.01 МКН,Бакалавриат,Б1.О.Prof,0.667,Зачет с оценкой,21,"[5, 6]"
512237,Базы данных,3,01.03.02 ПМИ / 02.03.01 МКН,Бакалавриат,Б1.О.Prof,0.667,Зачет с оценкой,19,[6]
512237,Методика преподавания математики и информатики,3,01.03.02 ПМИ / 02.03.01 МКН,Бакалавриат,Б1.В,0.333,Зачет,19,[6]
512237,Прикладная физическая культура (ОФП),3,01.03.02 ПМИ / 02.03.01 МКН,Бакалавриат,Б1.О.General,1.0,Зачет,19,"[5, 6]"
512237,"Учебная практика, научно-исследовательская работа (получение первичных навыков научно-исследовательской работы)",3,01.03.02 ПМИ / 02.03.01 МКН,Бакалавриат,Б2,0.333,Зачет с оценкой,6,[6]
512237,Структуры и алгоритмы компьютерной обработки данных,3,01.03.02 ПМИ / 02.03.01 МКН,Бакалавриат,Б1.В,0.333,Зачет с оценкой,19,[6]
512237,Теория функции комплексного переменного,3,01.03.02 ПМИ / 02.03.01 МКН,Бакалавриат,Б1.В,0.333,Экзамен,21,[5]
512237,Физика,3,01.03.02 ПМИ / 02.03.01 МКН,Бакалавриат,Б1.О.General,0.667,Зачет с оценкой,20,[5]
512237,Уравнения математической физики,3,01.03.02 ПМИ / 02.03.01 МКН,Бакалавриат,Б1.В,0.333,Зачет с оценкой,21,"[5, 6]"
512237,Численные методы,3,01.03.02 ПМИ / 02.03.01 МКН,Бакалавриат,Б1.О.Prof,0.667,Экзамен,21,[5]
512237,Функциональный анализ,3,01.03.02 ПМИ / 02.03.01 МКН,Бакалавриат,Б1.В,0.333,Зачет с оценкой,20,[6]
512237,Теоретическая механика,3,01.03.02 ПМИ / 02.03.01 МКН,Бакалавриат,Б1.В,0.333,Зачет с оценкой,21,[6]
512237,Дифференциальная геометрия и топология,3,01.03.02 ПМИ / 02.03.01 МКН,Бакалавриат,Б1.В,0.333,Экзамен,21,[5]
866561,Математическая статистика,9,38.05.01 Экономическая безопасность (спец.),Специалитет,Б1.О.Prof,1.0,Зачет с оценкой,28,[3]
866561,Управление личными финансами,9,38.05.01 Экономическая безопасность (спец.),Специалитет,Б1.В,0.5,Зачет,27,[3]
866561,Статистика,9,38.05.01 Экономическая безопасность (спец.),Специалитет,Б1.О.Prof,1.0,Экзамен,27,"[3, 4]"
866561,Теория принятия решений,9,38.05.01 Экономическая безопасность (спец.),Специалитет,Б1.В,0.5,Зачет,1,[3]
866561,Прикладная физическая культура (ОФП),9,38.05.01 Экономическая безопасность (спец.),Специалитет,Б1.О.General,0.5,Зачет,27,"[3, 4]"
866561,Финансы,9,38.05.01 Экономическая безопасность (спец.),Специалитет,Б1.О.Prof,1.0,Экзамен,27,[4]
866561,Антикоррупционное законодательство,9,38.05.01 Экономическая безопасность (спец.),Специалитет,Б1.О.Prof,1.0,Зачет,27,[4]
866561,Мировая экономика и международные экономические отношения,9,38.05.01 Экономическая безопасность (спец.),Специалитет,Б1.О.Prof,1.0,Экзамен,28,[3]
866561,Уголовное право и процесс,9,38.05.01 Экономическая безопасность (спец.),Специалитет,Б1.О.Prof,1.0,Зачет,27,[4]
866561,Экономика организации (предприятия),9,38.05.01 Экономическая безопасность (спец.),Специалитет,Б1.О.Prof,1.0,Экзамен,28,[3]
866561,Гражданское право,9,38.05.01 Экономическая безопасность (спец.),Специалитет,Б1.О.Prof,1.0,Зачет с оценкой,28,[3]
866561,Экономическая терминология на иностранном языке,9,38.05.01 Экономическая безопасность (спец.),Специалитет,Б1.О.Prof,1.0,Экзамен,27,[3]
866561,Национальная экономика,9,38.05.01 Экономическая безопасность (спец.),Специалитет,Б1.О.Prof,1.0,Экзамен,28,[3]
866561,Менеджмент,9,38.05.01 Экономическая безопасность (спец.),Специалитет,Б1.О.Prof,1.0,Зачет с оценкой,27,[4]
866561,Административное право,9,38.05.01 Экономическая безопасность (спец.),Специалитет,Б1.О.Prof,1.0,Зачет с оценкой,27,[4]
866561,"Учебная практика, практика по получению первичных профессиональных умений, в том числе первичных умений и навыков научно-исследовательской деятельн...",9,38.05.01 Экономическая безопасность (спец.),Специалитет,Б2,0.5,Зачет с оценкой,27,[4]
866561,Бухгалтерский учет,9,38.05.01 Экономическая безопасность (спец.),Специалитет,Б1.О.Prof,1.0,Зачет с оценкой,27,[4]
219410,Правовое регулирование рекламной деятельностью,28,42.03.01 Реклама и СО,Бакалавриат,Б1.О.Prof,1.0,Зачет,17,[8]
219410,Теория и практика массовой информации,28,42.03.01 Реклама и СО,Бакалавриат,Б1.О.Prof,1.0,Зачет с оценкой,17,[8]
219410,Подготовка к сдаче и сдача государственного экзамена,28,42.03.01 Реклама и СО,Бакалавриат,Б3,0.5,ГАК,16,[8]
219410,Коммуникации в эмпирическом маркетинге,28,42.03.01 Реклама и СО,Бакалавриат,Б1.О.Prof,1.0,Зачет с оценкой,17,[8]
219410,Аналитические инструменты PR-процессов,28,42.03.01 Реклама и СО,Бакалавриат,Б1.О.Prof,1.0,Зачет с оценкой,17,[8]
219410,Продвижение стартапов,28,42.03.01 Реклама и СО,Бакалавриат,Б1.О.Prof,1.0,Зачет с оценкой,17,[7]
219410,"Защита выпускной квалификационной работы, включая подготовку к защите и процедуру защиты",28,42.03.01 Реклама и СО,Бакалавриат,Б3,0.5,Защита ВКР,16,[8]
219410,Технологии производства рекламного продукта,28,42.03.01 Реклама и СО,Бакалавриат,Б1.О.Prof,1.0,Экзамен,17,[7]
219410,Реклама в отраслях и сферах деятельности,28,42.03.01 Реклама и СО,Бакалавриат,Б1.О.Prof,1.0,Зачет с оценкой,17,[7]
219410,"Производственная практика, преддипломная",28,42.03.01 Реклама и СО,Бакалавриат,Б2,0.5,Зачет с оценкой,16,[8]
219410,Реклама и PR инноваций,28,42.03.01 Реклама и СО,Бакалавриат,Б1.О.Prof,1.0,Зачет с оценкой,17,[8]
219410,Коммерческая деятельность,28,42.03.01 Реклама и СО,Бакалавриат,Б1.О.Prof,1.0,Экзамен,17,[7]
219410,"Производственная практика, практика по получению профессиональных умений и опыта профессиональной деятельности",28,42.03.01 Реклама и СО,Бакалавриат,Б2,0.5,Зачет с оценкой,17,[7]
538908,Конституционное (уставное) право субъектов РФ,12,40.03.01 Юриспруденция,Бакалавриат,Б1.О.Prof,1.0,Зачет с оценкой,5,[7]
538908,Экологическое право,12,40.03.01 Юриспруденция,Бакалавриат,Б1.О.Prof,1.0,Экзамен,161,[7]
538908,Информационное право,12,40.03.01 Юриспруденция,Бакалавриат,Б1.О.Prof,1.0,Зачет с оценкой,42,[8]
538908,Представительство в гражданском процессе,12,40.03.01 Юриспруденция,Бакалавриат,Б1.О.Prof,1.0,Зачет с оценкой,49,[8]
538908,Европейское право,12,40.03.01 Юриспруденция,Бакалавриат,Б1.В,0.5,Зачет с оценкой,15,[7]
538908,Нотариат в Российской Федерации,12,40.03.01 Юриспруденция,Бакалавриат,Б1.О.Prof,1.0,Зачет с оценкой,55,[7]
538908,"Производственная практика, преддипломная",12,40.03.01 Юриспруденция,Бакалавриат,Б2,1.0,Зачет с оценкой,160,[8]
538908,Служебные преступления и их предупреждение,12,40.03.01 Юриспруденция,Бакалавриат,Б1.В,0.5,Зачет с оценкой,1,[7]
538908,Обязательства из причинения вреда,12,40.03.01 Юриспруденция,Бакалавриат,Б1.О.Prof,1.0,Зачет с оценкой,15,[7]
538908,"Производственная практика, практика по получению профессиональных умений и опыта профессиональной деятельности",12,40.03.01 Юриспруденция,Бакалавриат,Б2,1.0,Зачет с оценкой,158,[8]
538908,Банковское право,12,40.03.01 Юриспруденция,Бакалавриат,Б1.О.Prof,1.0,Зачет с оценкой,32,[8]
538908,Арбитражный процесс,12,40.03.01 Юриспруденция,Бакалавриат,Б1.О.Prof,1.0,Зачет с оценкой,162,[8]
538908,Криминальная виктимология,12,40.03.01 Юриспруденция,Бакалавриат,Б1.О.Prof,1.0,Зачет с оценкой,19,[8]
538908,Жилищное право,12,40.03.01 Юриспруденция,Бакалавриат,Б1.О.Prof,1.0,Зачет с оценкой,165,[7]
538908,Процессуальные особенности рассмотрения отдельных категорий гражданских дел,12,40.03.01 Юриспруденция,Бакалавриат,Б1.О.Prof,1.0,Зачет,162,[8]
538908,Земельное право,12,40.03.01 Юриспруденция,Бакалавриат,Б1.О.Prof,1.0,Зачет с оценкой,164,[7]
538908,Юридическая психология,12,40.03.01 Юриспруденция,Бакалавриат,Б1.О.Prof,1.0,Зачет с оценкой,132,[7]
538908,Судебная медицина,12,40.03.01 Юриспруденция,Бакалавриат,Б1.О.Prof,1.0,Зачет с оценкой,72,[7]
538908,Прокурорский надзор,12,40.03.01 Юриспруденция,Бакалавриат,Б1.О.Prof,1.0,Зачет с оценкой,165,[8]
538908,"Защита выпускной квалификационной работы, включая подготовку к защите и процедуру защиты",12,40.03.01 Юриспруденция,Бакалавриат,Б3,0.5,Защита ВКР,158,[8]
538908,Обвинение и защита в уголовном судопроизводстве,12,40.03.01 Юриспруденция,Бакалавриат,Б1.О.Prof,1.0,Зачет с оценкой,22,[8]
538908,Уголовный процесс,12,40.03.01 Юриспруденция,Бакалавриат,Б1.О.Prof,1.0,Экзамен,165,[7]
538908,Подготовка к сдаче и сдача государственного экзамена,12,40.03.01 Юриспруденция,Бакалавриат,Б3,0.5,ГАК,107,[8]
538908,Право интеллектуальной собственности,12,40.03.01 Юриспруденция,Бакалавриат,Б1.О.Prof,1.0,Зачет,163,[8]
538908,Международное частное право,12,40.03.01 Юриспруденция,Бакалавриат,Б1.О.Prof,1.0,Экзамен,165,[7]
538908,Криминология,12,40.03.01 Юриспруденция,Бакалавриат,Б1.О.Prof,1.0,Зачет,162,[7]
538908,Исполнительное производство,12,40.03.01 Юриспруденция,Бакалавриат,Б1.О.Prof,1.0,Зачет с оценкой,166,[7]
538908,Международное гуманитарное право,12,40.03.01 Юриспруденция,Бакалавриат,Б1.О.Prof,1.0,Зачет с оценкой,3,[8]
399647,Технологическое предпринимательство и основы проектной деятельности,3,01.03.02 ПМИ / 02.03.01 МКН,Бакалавриат,Б1.О.General,0.333,Зачет,20,[4]
399647,Методы прикладной статистики,3,01.03.02 ПМИ / 02.03.01 МКН,Бакалавриат,Б1.В,0.167,Экзамен,22,[4]
399647,Технология программирования для сети Internet,3,01.03.02 ПМИ / 02.03.01 МКН,Бакалавриат,Б1.В,0.333,Зачет с оценкой,22,"[3, 4]"
399647,Базы данных,3,01.03.02 ПМИ / 02.03.01 МКН,Бакалавриат,Б1.В,0.333,Зачет с оценкой,23,"[3, 4]"
399647,Программная инженерия,3,01.03.02 ПМИ / 02.03.01 МКН,Бакалавриат,Б1.В,0.333,Зачет с оценкой,19,[4]
399647,Разработка графических интерфейсов с использование кроссплатформенных технологий,3,01.03.02 ПМИ / 02.03.01 МКН,Бакалавриат,Б1.В,0.333,Зачет с оценкой,18,[4]
399647,Прикладная физическая культура (ОФП),3,01.03.02 ПМИ / 02.03.01 МКН,Бакалавриат,Б1.О.General,0.5,Зачет,21,"[3, 4]"
399647,Проектирование информационных систем,3,01.03.02 ПМИ / 02.03.01 МКН,Бакалавриат,Б1.В,0.333,Зачет с оценкой,21,[4]
399647,"Учебная практика, научно-исследовательская работа (получение первичных навыков научно-исследовательской работы)",3,01.03.02 ПМИ / 02.03.01 МКН,Бакалавриат,Б2,1.0,Зачет с оценкой,2,[4]
399647,Операционные системы,3,01.03.02 ПМИ / 02.03.01 МКН,Бакалавриат,Б1.О.Prof,0.667,Экзамен,21,[3]
399647,Прикладная физическая культура (Адаптивная физическая культура),3,01.03.02 ПМИ / 02.03.01 МКН,Бакалавриат,Б1.О.General,0.833,Зачет,1,"[3, 4]"
399647,Философия,3,01.03.02 ПМИ / 02.03.01 МКН,Бакалавриат,Б1.О.General,1.0,Зачет с оценкой,20,[4]
399647,Цифровые технологии: от интернета до блокчейна,3,01.03.02 ПМИ / 02.03.01 МКН,Бакалавриат,Б1.О.Prof,0.833,Зачет,19,[3]
399647,Теория вероятностей и математическая статистика,3,01.03.02 ПМИ / 02.03.01 МКН,Бакалавриат,Б1.В,0.333,Зачет с оценкой,21,[3]
399647,Математика,3,01.03.02 ПМИ / 02.03.01 МКН,Бакалавриат,Б1.О.General,0.167,Экзамен,19,[3]
399647,Объектно-ориентированное программирование,3,01.03.02 ПМИ / 02.03.01 МКН,Бакалавриат,Б1.В,0.333,Зачет с оценкой,21,[3]
399647,Проектный практикум,3,01.03.02 ПМИ / 02.03.01 МКН,Бакалавриат,Б1.В,0.333,Зачет,18,[4]
512292,Государственная политика и управление,4,41.03.04 Политология,Бакалавриат,Б1.О.Prof,1.0,Экзамен,15,[4]
512292,Культура общения,4,41.03.04 Политология,Бакалавриат,Б1.В,0.5,Зачет,2,[3]
512292,Прикладная физическая культура (Адаптивная физическая культура),4,41.03.04 Политология,Бакалавриат,Б1.О.General,0.333,Зачет,1,[3]
512292,"Учебная практика, научно-исследовательская работа (получение первичных навыков научно-исследовательской работы)",4,41.03.04 Политология,Бакалавриат,Б2,1.0,Зачет с оценкой,14,[4]
512292,Организационная коммуникация,4,41.03.04 Политология,Бакалавриат,Б1.В,0.5,Зачет,1,[3]
512292,Теоретические основы современной регионалистики,4,41.03.04 Политология,Бакалавриат,Б1.В,0.333,Экзамен,16,[3]
512292,Политическая конфликтология,4,41.03.04 Политология,Бакалавриат,Б1.О.Prof,1.0,Экзамен,16,[3]
512292,Внешняя политика США и Канады,4,41.03.04 Политология,Бакалавриат,Б1.В,0.333,Зачет с оценкой,16,[3]
512292,Культурология,4,41.03.04 Политология,Бакалавриат,Б1.О.General,1.0,Зачет,10,[3]
512292,Информационно-аналитическое обеспечение современных региональных и международных процессов,4,41.03.04 Политология,Бакалавриат,Б1.О.Prof,1.0,Зачет с оценкой,16,"[3, 4]"
512292,Социально-политическая стратификация в США и Канаде,4,41.03.04 Политология,Бакалавриат,Б1.В,0.333,Экзамен,15,[4]
512292,Иностранный язык (второй),4,41.03.04 Политология,Бакалавриат,Б1.О.Prof,0.667,Экзамен,16,"[3, 4]"
512292,Глобальная экономическая история,4,41.03.04 Политология,Бакалавриат,Б1.В,0.5,Зачет,2,[3]
512292,Прикладная физическая культура (Волейбол),4,41.03.04 Политология,Бакалавриат,Б1.О.General,0.5,Зачет,15,"[3, 4]"
512292,Профессиональная иноязычная коммуникация,4,41.03.04 Политология,Бакалавриат,Б1.О.Prof,1.0,Зачет с оценкой,16,"[3, 4]"
512292,Конфликтология,4,41.03.04 Политология,Бакалавриат,Б1.О.General,0.667,Зачет,1,[3]
512292,Организационно-техническое сопровождение профессиональной деятельности,4,41.03.04 Политология,Бакалавриат,Б1.О.Prof,1.0,Экзамен,15,[4]
512292,Социальное предпринимательство и основы проектной деятельности,4,41.03.04 Политология,Бакалавриат,Б1.О.General,1.0,Зачет,16,[3]
512292,История и культура стран Северной Америки,4,41.03.04 Политология,Бакалавриат,Б1.В,0.333,Зачет с оценкой,15,[4]
989477,Геотектоника,30,05.03.01 Геология,Бакалавриат,Б1.О.Prof,1.0,Экзамен,15,[5]
989477,Прикладная физическая культура (Легкая атлетика),30,05.03.01 Геология,Бакалавриат,Б1.О.General,1.0,Зачет,15,"[5, 6]"
989477,Динамика подземных вод,30,05.03.01 Геология,Бакалавриат,Б1.О.Prof,1.0,Экзамен,15,[6]
989477,Неотектоника,30,05.03.01 Геология,Бакалавриат,Б1.О.Prof,1.0,Зачет с оценкой,15,[6]
989477,Основы гидрохимии,30,05.03.01 Геология,Бакалавриат,Б1.О.Prof,1.0,Зачет с оценкой,15,[5]
989477,"Производственная практика, практика по получению профессиональных умений и опыта профессиональной деятельности (полевая)",30,05.03.01 Геология,Бакалавриат,Б2,1.0,Зачет с оценкой,15,[6]
989477,ГИС в геологии,30,05.03.01 Геология,Бакалавриат,Б1.О.Prof,1.0,Зачет с оценкой,15,[5]
989477,Картографическое обеспечение проектной деятельности,30,05.03.01 Геология,Бакалавриат,Б1.О.Prof,1.0,Зачет с оценкой,15,[5]
989477,Инженерная геология,30,05.03.01 Геология,Бакалавриат,Б1.О.Prof,1.0,Экзамен,15,[5]
989477,Четвертичная геология,30,05.03.01 Геология,Бакалавриат,Б1.О.Prof,1.0,Зачет с оценкой,15,[5]
989477,Геология и геохимия горючих ископаемых,30,05.03.01 Геология,Бакалавриат,Б1.О.Prof,1.0,Зачет с оценкой,15,[6]
989477,Инженерная геодинамика,30,05.03.01 Геология,Бакалавриат,Б1.О.Prof,1.0,Экзамен,15,[6]
989477,Дистанционное зондирование Земли и геоэкологическое картографирование,30,05.03.01 Геология,Бакалавриат,Б1.О.Prof,1.0,Зачет с оценкой,15,[6]
989477,Геология России,30,05.03.01 Геология,Бакалавриат,Б1.О.Prof,1.0,Зачет с оценкой,15,[6]
989477,Геохимия,30,05.03.01 Геология,Бакалавриат,Б1.О.Prof,1.0,Зачет с оценкой,15,[5]
989477,Безопасность жизнедеятельности,30,05.03.01 Геология,Бакалавриат,Б1.О.General,1.0,Зачет,15,[5]
989477,"Производственная практика, научно-исследовательская работа",30,05.03.01 Геология,Бакалавриат,Б2,1.0,Зачет с оценкой,15,"[5, 6]"
788780,Культура общения,20,Неизвестное (Техногенные системы и экологический риск...),Бакалавриат,Б1.В,0.5,Зачет,8,[3]
788780,Экология сообществ и популяций,20,Неизвестное (Техногенные системы и экологический риск...),Бакалавриат,Б1.О.Prof,1.0,Экзамен,25,[3]
788780,Физика,20,Неизвестное (Техногенные системы и экологический риск...),Бакалавриат,Б1.О.General,1.0,Зачет с оценкой,24,[4]
788780,Социология,20,Неизвестное (Техногенные системы и экологический риск...),Бакалавриат,Б1.О.Prof,1.0,Зачет,3,[3]
788780,Безопасность жизнедеятельности,20,Неизвестное (Техногенные системы и экологический риск...),Бакалавриат,Б1.О.General,1.0,Зачет,26,[3]
788780,Правоведение,20,Неизвестное (Техногенные системы и экологический риск...),Бакалавриат,Б1.О.General,1.0,Зачет,25,[3]
788780,Экономика,20,Неизвестное (Техногенные системы и экологический риск...),Бакалавриат,Б1.О.General,1.0,Зачет с оценкой,26,[3]
788780,"Учебная практика, научно-исследовательская работа",20,Неизвестное (Техногенные системы и экологический риск...),Бакалавриат,Б2,1.0,Зачет с оценкой,26,"[3, 4]"
788780,Аналитическая химия,20,Неизвестное (Техногенные системы и экологический риск...),Бакалавриат,Б1.О.Prof,1.0,Зачет,26,[3]
788780,Культурология,20,Неизвестное (Техногенные системы и экологический риск...),Бакалавриат,Б1.О.General,0.5,Зачет,2,[3]
788780,Теория и практика аргументации,20,Неизвестное (Техногенные системы и экологический риск...),Бакалавриат,Б1.О.Prof,1.0,Зачет,1,[3]
788780,Картография,20,Неизвестное (Техногенные системы и экологический риск...),Бакалавриат,Б1.О.Prof,1.0,Зачет с оценкой,24,[4]
788780,Биоразнообразие,20,Неизвестное (Техногенные системы и экологический риск...),Бакалавриат,Б1.О.Prof,1.0,Экзамен,26,[3]
788780,Глобальная экономическая история,20,Неизвестное (Техногенные системы и экологический риск...),Бакалавриат,Б1.В,0.5,Зачет,2,[3]
788780,Основы природопользования,20,Неизвестное (Техногенные системы и экологический риск...),Бакалавриат,Б1.О.Prof,1.0,Зачет с оценкой,24,[4]
788780,Учение о гидросфере,20,Неизвестное (Техногенные системы и экологический риск...),Бакалавриат,Б1.О.Prof,1.0,Зачет,26,[3]
788780,Методы полевых экологических исследований и обработки информации,20,Неизвестное (Техногенные системы и экологический риск...),Бакалавриат,Б1.О.Prof,1.0,Зачет,26,[3]
788780,Учение о биосфере,20,Неизвестное (Техногенные системы и экологический риск...),Бакалавриат,Б1.О.Prof,1.0,Экзамен,25,[4]
788780,Экология России,20,Неизвестное (Техногенные системы и экологический риск...),Бакалавриат,Б1.О.Prof,1.0,Зачет с оценкой,24,[4]
788780,Ландшафтоведение,20,Неизвестное (Техногенные системы и экологический риск...),Бакалавриат,Б1.О.Prof,1.0,Зачет,26,[3]
788780,Социальное предпринимательство и основы проектной деятельности,20,Неизвестное (Техногенные системы и экологический риск...),Бакалавриат,Б1.О.General,1.0,Зачет,24,[4]
788780,Прикладная физическая культура (ОФП),20,Неизвестное (Техногенные системы и экологический риск...),Бакалавриат,Б1.О.General,1.0,Зачет,25,"[3, 4]"
788780,Геохимия окружающей среды,20,Неизвестное (Техногенные системы и экологический риск...),Бакалавриат,Б1.О.Prof,1.0,Экзамен,24,[4]
788780,"Учебная  практика, практика по получению первичных профессиональных умений и навыков, в том числе первичных умений и навыков научно-исследовательской",20,Неизвестное (Техногенные системы и экологический риск...),Бакалавриат,Б1.В,0.5,Зачет с оценкой,24,[4]
788780,Пробоотбор в экологическом анализе,20,Неизвестное (Техногенные системы и экологический риск...),Бакалавриат,Б1.О.Prof,1.0,Зачет,26,[3]
686387,Информатика,6,38.03.01 Экономика,Бакалавриат,Б1.О.General,1.0,Зачет с оценкой,22,[1]
686387,Микроэкономика,6,38.03.01 Экономика,Бакалавриат,Б1.О.Prof,1.0,Экзамен,22,"[1, 2]"
686387,Макроэкономика,6,38.03.01 Экономика,Бакалавриат,Б1.О.Prof,1.0,Экзамен,22,"[1, 2]"
686387,Иностранный язык,6,38.03.01 Экономика,Бакалавриат,Б1.О.General,1.0,Зачет с оценкой,22,"[1, 2]"
686387,Прикладная физическая культура (ОФП),6,38.03.01 Экономика,Бакалавриат,Б1.О.General,1.0,Зачет,22,"[1, 2]"
686387,Философия,6,38.03.01 Экономика,Бакалавриат,Б1.О.General,1.0,Экзамен,22,[1]
686387,Русский язык и культура речи,6,38.03.01 Экономика,Бакалавриат,Б1.О.General,1.0,Зачет,22,[2]
686387,Физическая культура и спорт,6,38.03.01 Экономика,Бакалавриат,Б1.О.General,1.0,Зачет,22,[1]
686387,Эволюция экономических учений,6,38.03.01 Экономика,Бакалавриат,Б1.О.Prof,1.0,Экзамен,21,[2]
686387,История,6,38.03.01 Экономика,Бакалавриат,Б1.О.General,1.0,Зачет с оценкой,22,[1]
686387,Безопасность жизнедеятельности,6,38.03.01 Экономика,Бакалавриат,Б1.О.General,1.0,Зачет,22,[2]
686387,Математика,6,38.03.01 Экономика,Бакалавриат,Б1.О.Prof,1.0,Зачет с оценкой,22,"[1, 2]"
401717,Специальный практикум,8,40.03.01 Юриспруденция,Специалитет,Б1.О.Prof,1.0,Зачет с оценкой,25,"[5, 6]"
401717,Технологическое предпринимательство и основы проектной деятельности,8,40.03.01 Юриспруденция,Специалитет,Б1.О.General,0.5,Зачет,24,[5]
401717,Прикладная физическая культура (Адаптивная физическая культура),8,40.03.01 Юриспруденция,Специалитет,Б1.О.General,1.0,Зачет,1,[5]
401717,Управление инновационными технологическими проектами,8,40.03.01 Юриспруденция,Специалитет,Б1.В,0.5,Экзамен,25,[6]
401717,Хроматографические методы анализа в профессиональной деятельности,8,40.03.01 Юриспруденция,Специалитет,Б1.В,0.5,Зачет,25,[6]
401717,Материаловедение,8,40.03.01 Юриспруденция,Специалитет,Б1.О.Prof,1.0,Экзамен,25,"[5, 6]"
401717,"Производственная практика, научно-исследовательская работа",8,40.03.01 Юриспруденция,Специалитет,Б2,1.0,Зачет с оценкой,25,[6]
401717,Уголовное право,8,40.03.01 Юриспруденция,Специалитет,Б1.О.Prof,1.0,Экзамен,25,[6]
401717,Участие специалиста в процессуальных действиях,8,40.03.01 Юриспруденция,Специалитет,Б1.О.Prof,1.0,Экзамен,24,[5]
401717,Квантовая механика,8,40.03.01 Юриспруденция,Специалитет,Б1.О.Prof,1.0,Зачет,25,[6]
401717,Судебная экспертиза материалов документов,8,40.03.01 Юриспруденция,Специалитет,Б1.О.Prof,1.0,Экзамен,24,[5]
401717,Основные виды традиционных и криминалистических экспертиз,8,40.03.01 Юриспруденция,Специалитет,Б1.О.Prof,1.0,Экзамен,24,[5]
401717,Рентгенография и рентгеноструктурный анализ веществ и материалов,8,40.03.01 Юриспруденция,Специалитет,Б1.В,0.5,Экзамен,25,[6]
401717,Прикладная физическая культура (Легкая атлетика),8,40.03.01 Юриспруденция,Специалитет,Б1.О.General,1.0,Зачет,23,"[5, 6]"
401717,Спектроскопические методы исследования материалов,8,40.03.01 Юриспруденция,Специалитет,Б1.В,0.5,Зачет с оценкой,25,[6]
401717,Теория судебной экспертизы,8,40.03.01 Юриспруденция,Специалитет,Б1.О.Prof,1.0,Зачет,25,[6]
401717,Криминалистика,8,40.03.01 Юриспруденция,Специалитет,Б1.О.Prof,1.0,Экзамен,24,[5]
401717,Атомное строение вещества,8,40.03.01 Юриспруденция,Специалитет,Б1.О.Prof,1.0,Экзамен,24,[5]
401717,"Учебная практика, практика по получению первичных профессиональных умений, в том числе первичных умений и навыков научно-исследовательской деятельност",8,40.03.01 Юриспруденция,Специалитет,Б2,1.0,Зачет с оценкой,25,[6]
438581,Иностранный язык,25,02.03.02 ФИИТ / 09.03.01 Информатика,Бакалавриат,Б1.О.General,1.0,Зачет с оценкой,36,"[1, 2]"
438581,Прикладная физическая культура (Адаптивная физическая культура),25,02.03.02 ФИИТ / 09.03.01 Информатика,Бакалавриат,Б1.О.General,1.0,Зачет,1,"[1, 2]"
438581,Дискретная математика,25,02.03.02 ФИИТ / 09.03.01 Информатика,Бакалавриат,Б1.О.Prof,1.0,Экзамен,36,"[1, 2]"
438581,Прикладная физическая культура (ОФП),25,02.03.02 ФИИТ / 09.03.01 Информатика,Бакалавриат,Б1.О.General,1.0,Зачет,35,"[1, 2]"
438581,Процедурное программирование,25,02.03.02 ФИИТ / 09.03.01 Информатика,Бакалавриат,Б1.О.Prof,1.0,Зачет с оценкой,35,[1]
438581,Математический анализ,25,02.03.02 ФИИТ / 09.03.01 Информатика,Бакалавриат,Б1.О.Prof,1.0,Экзамен,36,"[1, 2]"
438581,Основы информатики,25,02.03.02 ФИИТ / 09.03.01 Информатика,Бакалавриат,Б1.О.Prof,1.0,Зачет с оценкой,36,"[1, 2]"
438581,Русский язык и культура речи,25,02.03.02 ФИИТ / 09.03.01 Информатика,Бакалавриат,Б1.О.General,1.0,Зачет,35,[1]
438581,Физическая культура и спорт,25,02.03.02 ФИИТ / 09.03.01 Информатика,Бакалавриат,Б1.О.General,1.0,Зачет,35,[1]
438581,Алгебра и геометрия,25,02.03.02 ФИИТ / 09.03.01 Информатика,Бакалавриат,Б1.О.Prof,1.0,Экзамен,36,"[1, 2]"
438581,Правоведение,25,02.03.02 ФИИТ / 09.03.01 Информатика,Бакалавриат,Б1.О.General,1.0,Зачет,34,[2]
438581,Архитектура ЭВМ,25,02.03.02 ФИИТ / 09.03.01 Информатика,Бакалавриат,Б1.О.Prof,1.0,Зачет,37,[2]
438581,Концепции современного естествознания,25,02.03.02 ФИИТ / 09.03.01 Информатика,Бакалавриат,Б1.О.Prof,1.0,Зачет,35,[1]
438581,"История (история России, всеобщая история)",25,02.03.02 ФИИТ / 09.03.01 Информатика,Бакалавриат,Б1.О.General,1.0,Зачет с оценкой,35,[2]
205118,Зоология,21,06.03.01 Биология,Бакалавриат,Б1.О.Prof,1.0,Экзамен,23,"[1, 2]"
205118,Латинский язык для биологов,21,06.03.01 Биология,Бакалавриат,Б1.О.Prof,1.0,Зачет,22,[1]
205118,Гистология,21,06.03.01 Биология,Бакалавриат,Б1.О.Prof,1.0,Зачет,20,[2]
205118,Иностранный язык,21,06.03.01 Биология,Бакалавриат,Б1.О.General,1.0,Зачет с оценкой,23,"[1, 2]"
205118,Клеточная биология,21,06.03.01 Биология,Бакалавриат,Б1.О.Prof,1.0,Зачет с оценкой,23,[1]
205118,Прикладная физическая культура (ОФП),21,06.03.01 Биология,Бакалавриат,Б1.О.General,1.0,Зачет,23,"[1, 2]"
205118,Химия,21,06.03.01 Биология,Бакалавриат,Б1.О.Prof,1.0,Зачет с оценкой,23,"[1, 2]"
205118,Методы биологических исследований,21,06.03.01 Биология,Бакалавриат,Б1.О.Prof,1.0,Зачет с оценкой,23,"[1, 2]"
205118,Ботаника,21,06.03.01 Биология,Бакалавриат,Б1.О.Prof,1.0,Экзамен,23,"[1, 2]"
205118,Математика и основы моделирования биологических систем,21,06.03.01 Биология,Бакалавриат,Б1.О.Prof,1.0,Зачет с оценкой,23,"[1, 2]"
205118,Физическая культура и спорт,21,06.03.01 Биология,Бакалавриат,Б1.О.General,1.0,Зачет,23,[1]
205118,История,21,06.03.01 Биология,Бакалавриат,Б1.О.General,1.0,Зачет с оценкой,19,[2]
205118,"Учебная практика, практика по получению первичных профессиональных умений и навыков (по ботанике и зоологии)",21,06.03.01 Биология,Бакалавриат,Б2,1.0,Зачет с оценкой,20,[2]
205118,Биологическая фотография,21,06.03.01 Биология,Бакалавриат,Б1.О.Prof,1.0,Зачет,20,[2]
205118,"Производственная практика, научно-исследовательская работа",21,06.03.01 Биология,Бакалавриат,Б2,1.0,Зачет с оценкой,23,"[1, 2]"
799045,Практикум по аннотированию и реферированию специальных текстов (второй иностранный язык),11,45.03.02 Лингвистика (прикладная),Бакалавриат,Б1.О.Prof,1.0,Зачет,18,"[7, 8]"
799045,Преддипломная,11,45.03.02 Лингвистика (прикладная),Бакалавриат,Б2,0.5,Зачет с оценкой,18,[8]
799045,Общая и компьютерная лексикография,11,45.03.02 Лингвистика (прикладная),Бакалавриат,Б1.В,0.5,Зачет с оценкой,18,[8]
799045,Лингвистическая экспертиза,11,45.03.02 Лингвистика (прикладная),Бакалавриат,Б1.О.Prof,1.0,Зачет с оценкой,18,[7]
799045,Социолингвистика,11,45.03.02 Лингвистика (прикладная),Бакалавриат,Б1.В,0.5,Зачет,18,[8]
799045,Практикум устной и письменной речи английского языка,11,45.03.02 Лингвистика (прикладная),Бакалавриат,Б1.О.Prof,1.0,Зачет с оценкой,18,"[7, 8]"
799045,Психолингвистика,11,45.03.02 Лингвистика (прикладная),Бакалавриат,Б1.О.Prof,1.0,Экзамен,18,[7]
799045,Технологии корпусной лингвистики,11,45.03.02 Лингвистика (прикладная),Бакалавриат,Б1.В,0.5,Зачет,18,[7]
799045,Экспертиза звучащей речи,11,45.03.02 Лингвистика (прикладная),Бакалавриат,Б1.В,0.5,Зачет с оценкой,18,[7]
799045,Практикум устной и письменной речи второго иностранного языка,11,45.03.02 Лингвистика (прикладная),Бакалавриат,Б1.В,0.5,Зачет,18,"[7, 8]"
799045,Практический курс устного перевода (английский язык),11,45.03.02 Лингвистика (прикладная),Бакалавриат,Б1.О.Prof,1.0,Зачет,18,"[7, 8]"
799045,Языки мира и языковые ареалы. Типология языков,11,45.03.02 Лингвистика (прикладная),Бакалавриат,Б1.О.Prof,1.0,Зачет,18,[8]
799045,Практикум по аннотированию и реферированию специальных текстов (английский язык),11,45.03.02 Лингвистика (прикладная),Бакалавриат,Б1.О.Prof,1.0,Экзамен,18,"[7, 8]"
436553,Государственная политика и управление,4,41.03.04 Политология,Бакалавриат,Б1.О.Prof,1.0,Экзамен,13,[5]
436553,Теория международных отношений,4,41.03.04 Политология,Бакалавриат,Б1.В,0.333,Экзамен,15,[5]
436553,Международное право,4,41.03.04 Политология,Бакалавриат,Б1.В,0.333,Зачет,13,[6]
436553,Мировая экономика,4,41.03.04 Политология,Бакалавриат,Б1.В,0.333,Экзамен,13,[6]
436553,Сравнительная политология,4,41.03.04 Политология,Бакалавриат,Б1.О.Prof,1.0,Зачет с оценкой,15,[5]
436553,"Производственная практика, научно-исследовательская работа (по теме выпускной квалификационной работе)",4,41.03.04 Политология,Бакалавриат,Б2,0.667,Зачет с оценкой,13,[6]
436553,Прикладная физическая культура (ОФП),4,41.03.04 Политология,Бакалавриат,Б1.О.General,1.0,Зачет,14,"[5, 6]"
436553,Современная мировая политика и международные отношения,4,41.03.04 Политология,Бакалавриат,Б1.О.Prof,0.667,Зачет с оценкой,13,[6]
436553,Технологии в экспертной и консалтинговой деятельности,4,41.03.04 Политология,Бакалавриат,Б1.О.Prof,1.0,Зачет с оценкой,15,[5]
436553,Политический менеджмент,4,41.03.04 Политология,Бакалавриат,Б1.О.Prof,1.0,Зачет с оценкой,13,[6]
436553,Эмпирические исследования в области политических наук и регионоведения,4,41.03.04 Политология,Бакалавриат,Б1.О.Prof,1.0,Зачет с оценкой,15,"[5, 6]"
436553,Политический анализ и прогнозирование,4,41.03.04 Политология,Бакалавриат,Б1.О.Prof,1.0,Зачет с оценкой,15,"[5, 6]"
436553,Политическая коммуникативистика,4,41.03.04 Политология,Бакалавриат,Б1.О.Prof,1.0,Зачет с оценкой,15,[5]
436553,Иностранный язык (второй),4,41.03.04 Политология,Бакалавриат,Б1.О.Prof,0.667,Экзамен,15,"[5, 6]"
407883,Вычислительная физика и математика,2,03.03.02 Физика / Радиофизика,Бакалавриат,Б1.В,0.333,Зачет с оценкой,21,"[1, 2]"
407883,Аналитическая геометрия и линейная алгебра,2,03.03.02 Физика / Радиофизика,Бакалавриат,Б1.О.Prof,0.667,Экзамен,21,[1]
407883,Иностранный язык,2,03.03.02 Физика / Радиофизика,Бакалавриат,Б1.О.General,1.0,Зачет,21,"[1, 2]"
407883,Прикладная физическая культура (Адаптивная физическая культура),2,03.03.02 Физика / Радиофизика,Бакалавриат,Б1.О.General,0.5,Зачет,3,[2]
407883,Прикладная физическая культура (ОФП),2,03.03.02 Физика / Радиофизика,Бакалавриат,Б1.О.General,0.5,Зачет,2,[1]
407883,Математический анализ,2,03.03.02 Физика / Радиофизика,Бакалавриат,Б1.О.Prof,0.667,Экзамен,20,"[1, 2]"
407883,Прикладная физическая культура (Волейбол),2,03.03.02 Физика / Радиофизика,Бакалавриат,Б1.О.General,1.0,Зачет,20,"[1, 2]"
407883,Электричество и магнетизм,2,03.03.02 Физика / Радиофизика,Бакалавриат,Б1.О.Prof,1.0,Экзамен,15,[2]
407883,Русский язык и культура речи,2,03.03.02 Физика / Радиофизика,Бакалавриат,Б1.О.General,1.0,Зачет,22,[1]
407883,Физический лабораторный практикум -1,2,03.03.02 Физика / Радиофизика,Бакалавриат,Б1.В,0.333,Зачет с оценкой,21,"[1, 2]"
407883,Физическая культура и спорт,2,03.03.02 Физика / Радиофизика,Бакалавриат,Б1.О.General,1.0,Зачет,31,[1]
407883,История физики и техники,2,03.03.02 Физика / Радиофизика,Бакалавриат,Б1.О.Prof,0.667,Зачет с оценкой,15,[2]
407883,История,2,03.03.02 Физика / Радиофизика,Бакалавриат,Б1.О.General,0.5,Зачет с оценкой,20,[1]
407883,Векторный и тензорный анализ,2,03.03.02 Физика / Радиофизика,Бакалавриат,Б1.В,0.333,Зачет с оценкой,15,[2]
407883,Механика,2,03.03.02 Физика / Радиофизика,Бакалавриат,Б1.О.Prof,1.0,Экзамен,23,[1]
407883,Введение в специальность,2,03.03.02 Физика / Радиофизика,Бакалавриат,Б1.О.Prof,0.667,Зачет с оценкой,21,"[1, 2]"
756047,Единицы физических величин,2,03.03.02 Физика / Радиофизика,Бакалавриат,Б1.О.Prof,0.667,Зачет,29,[2]
756047,Иностранный язык,2,03.03.02 Физика / Радиофизика,Бакалавриат,Б1.О.General,1.0,Зачет,35,"[1, 2]"
756047,Инженерная графика,2,03.03.02 Физика / Радиофизика,Бакалавриат,Б1.В,0.333,Зачет с оценкой,28,[2]
756047,Прикладная физическая культура (Адаптивная физическая культура),2,03.03.02 Физика / Радиофизика,Бакалавриат,Б1.О.General,0.5,Зачет,1,"[1, 2]"
756047,Прикладная физическая культура (ОФП),2,03.03.02 Физика / Радиофизика,Бакалавриат,Б1.О.General,0.5,Зачет,11,"[1, 2]"
756047,Общий физический лабораторный практикум,2,03.03.02 Физика / Радиофизика,Бакалавриат,Б1.О.Prof,0.667,Зачет с оценкой,33,"[1, 2]"
756047,Прикладная физическая культура (Волейбол),2,03.03.02 Физика / Радиофизика,Бакалавриат,Б1.О.General,1.0,Зачет,21,"[1, 2]"
756047,Русский язык и культура речи,2,03.03.02 Физика / Радиофизика,Бакалавриат,Б1.О.General,1.0,Зачет,33,[1]
756047,Математика,2,03.03.02 Физика / Радиофизика,Бакалавриат,Б1.О.General,0.333,Экзамен,37,"[1, 2]"
756047,Физическая культура и спорт,2,03.03.02 Физика / Радиофизика,Бакалавриат,Б1.О.General,1.0,Зачет,37,[1]
756047,Вычислительная физика,2,03.03.02 Физика / Радиофизика,Бакалавриат,Б1.О.Prof,0.667,Зачет с оценкой,28,[2]
756047,Информатика и программирование,2,03.03.02 Физика / Радиофизика,Бакалавриат,Б1.О.Prof,0.667,Зачет с оценкой,37,[1]
756047,Безопасность жизнедеятельности,2,03.03.02 Физика / Радиофизика,Бакалавриат,Б1.О.General,0.667,Зачет,35,[1]
756047,Механика,2,03.03.02 Физика / Радиофизика,Бакалавриат,Б1.О.Prof,1.0,Экзамен,32,[1]
756047,Основы теории цепей,2,03.03.02 Физика / Радиофизика,Бакалавриат,Б1.В,0.333,Экзамен,35,"[1, 2]"
756047,"История (история России, всеобщая история)",2,03.03.02 Физика / Радиофизика,Бакалавриат,Б1.О.General,0.333,Зачет с оценкой,34,[1]
756047,Электричество и магнетизм,2,03.03.02 Физика / Радиофизика,Бакалавриат,Б1.О.Prof,1.0,Экзамен,29,[2]
354641,Государственный экзамен,31,Неизвестное (ГИС в географии...),Бакалавриат,Б3,0.5,ГАК,18,[8]
354641,Ресурсоведение,31,Неизвестное (ГИС в географии...),Бакалавриат,Б1.О.Prof,1.0,Экзамен,18,[8]
354641,Экономико-географическое районирование мира,31,Неизвестное (ГИС в географии...),Бакалавриат,Б1.О.Prof,1.0,Экзамен,18,[8]
354641,Геоурбанистика,31,Неизвестное (ГИС в географии...),Бакалавриат,Б1.О.Prof,1.0,Зачет,18,[8]
354641,Физическая география материков и океанов,31,Неизвестное (ГИС в географии...),Бакалавриат,Б1.О.Prof,1.0,Экзамен,18,[7]
354641,Преддипломная практика,31,Неизвестное (ГИС в географии...),Бакалавриат,Б2,0.5,Зачет с оценкой,18,[8]
354641,Практика по получению профессиональных умений и опыта профессиональной деятельности,31,Неизвестное (ГИС в географии...),Бакалавриат,Б1.В,0.5,Зачет с оценкой,18,[8]
354641,Технология и организация туристско-рекреационной деятельности,31,Неизвестное (ГИС в географии...),Бакалавриат,Б1.О.Prof,1.0,Зачет,18,[8]
354641,География населения с основами демографии,31,Неизвестное (ГИС в географии...),Бакалавриат,Б1.О.Prof,1.0,Зачет,18,[7]
354641,Социально-экономическая география Нижнего Поволжья,31,Неизвестное (ГИС в географии...),Бакалавриат,Б1.О.Prof,1.0,Зачет с оценкой,18,[7]
354641,Политическая география и геополитика,31,Неизвестное (ГИС в географии...),Бакалавриат,Б1.О.Prof,1.0,Зачет с оценкой,18,[7]
354641,Территориальное планирование социально-экономической деятельности региона,31,Неизвестное (ГИС в географии...),Бакалавриат,Б1.В,0.5,Зачет с оценкой,18,[7]
354641,Экономическая и социальная география мира,31,Неизвестное (ГИС в географии...),Бакалавриат,Б1.О.Prof,1.0,Экзамен,18,[7]
354641,Страноведение и международный туризм,31,Неизвестное (ГИС в географии...),Бакалавриат,Б1.О.Prof,1.0,Зачет с оценкой,18,[7]
354641,Геоэкология Нижнего Поволжья,31,Неизвестное (ГИС в географии...),Бакалавриат,Б1.О.Prof,1.0,Зачет с оценкой,18,[7]
354641,Выпускная квалификационная работа (бакалаврская работа),31,Неизвестное (ГИС в географии...),Бакалавриат,Б3,0.5,Защита ВКР,18,[8]
354641,Методика преподавания географии,31,Неизвестное (ГИС в географии...),Бакалавриат,Б1.О.Prof,1.0,Экзамен,18,[8]
758116,Управление коммуникациями и медиапланированием,28,42.03.01 Реклама и СО,Бакалавриат,Б1.О.Prof,1.0,Зачет с оценкой,26,"[5, 6]"
758116,Технологическое предпринимательство и основы проектной деятельности,28,42.03.01 Реклама и СО,Бакалавриат,Б1.О.General,0.5,Зачет,25,[6]
758116,Маркетинговые технологии эффективного бизнеса,28,42.03.01 Реклама и СО,Бакалавриат,Б1.О.Prof,1.0,Зачет с оценкой,25,[5]
758116,Прикладная физическая культура (ОФП),28,42.03.01 Реклама и СО,Бакалавриат,Б1.О.General,1.0,Зачет,25,"[5, 6]"
758116,"Производственная практика, научно-исследовательская работа",28,42.03.01 Реклама и СО,Бакалавриат,Б2,1.0,Зачет с оценкой,25,"[5, 6]"
758116,Технологии производства рекламного продукта,28,42.03.01 Реклама и СО,Бакалавриат,Б1.О.Prof,1.0,Зачет с оценкой,26,"[5, 6]"
758116,Основы теории коммуникаций,28,42.03.01 Реклама и СО,Бакалавриат,Б1.О.Prof,1.0,Зачет с оценкой,25,[6]
758116,Поведение потребителей,28,42.03.01 Реклама и СО,Бакалавриат,Б1.О.Prof,1.0,Экзамен,27,[5]
758116,Основы интегрированных коммуникаций,28,42.03.01 Реклама и СО,Бакалавриат,Б1.О.Prof,1.0,Зачет с оценкой,24,[5]
758116,Информационные технологии в рекламе и связях с общественностью,28,42.03.01 Реклама и СО,Бакалавриат,Б1.О.Prof,1.0,Зачет с оценкой,24,[6]
758116,"Производственная практика, практика по получению профессиональных умений и опыта профессиональной деятельности",28,42.03.01 Реклама и СО,Бакалавриат,Б2,1.0,Зачет с оценкой,25,[6]
758116,Стратегический менеджмент,28,42.03.01 Реклама и СО,Бакалавриат,Б1.О.Prof,1.0,Зачет с оценкой,26,[5]
301418,Дополнительные главы квантовой механики,2,03.03.02 Физика / Радиофизика,Бакалавриат,Б1.В,0.333,Зачет с оценкой,15,[6]
301418,Общий физический лабораторный практикум -2,2,03.03.02 Физика / Радиофизика,Бакалавриат,Б1.В,0.333,Зачет с оценкой,14,[5]
301418,Объектно-ориентированное программирование физических задач,2,03.03.02 Физика / Радиофизика,Бакалавриат,Б1.В,0.333,Зачет с оценкой,15,[6]
301418,Квантовая теория,2,03.03.02 Физика / Радиофизика,Бакалавриат,Б1.В,0.5,Зачет с оценкой,13,[6]
301418,Специальный практикум,2,03.03.02 Физика / Радиофизика,Бакалавриат,Б1.В,0.333,Зачет,13,[6]
301418,Астрофизика,2,03.03.02 Физика / Радиофизика,Бакалавриат,Б1.В,0.333,Зачет с оценкой,15,[6]
301418,Компьютерное моделирование физических процессов,2,03.03.02 Физика / Радиофизика,Бакалавриат,Б1.В,0.167,Зачет,14,[5]
301418,Прикладная физическая культура (ОФП),2,03.03.02 Физика / Радиофизика,Бакалавриат,Б1.О.General,1.0,Зачет,15,"[5, 6]"
301418,Астрономия,2,03.03.02 Физика / Радиофизика,Бакалавриат,Б1.В,0.333,Зачет с оценкой,14,[5]
301418,Физика атомного ядра и частиц,2,03.03.02 Физика / Радиофизика,Бакалавриат,Б1.В,0.5,Экзамен,15,[6]
301418,Электродинамика и электродинамика сплошных сред,2,03.03.02 Физика / Радиофизика,Бакалавриат,Б1.В,0.333,Экзамен,14,[5]
301418,Уравнения математической физики,2,03.03.02 Физика / Радиофизика,Бакалавриат,Б1.В,0.333,Экзамен,14,[5]
301418,Физика атомов и атомных явлений,2,03.03.02 Физика / Радиофизика,Бакалавриат,Б1.В,0.333,Экзамен,14,[5]
301418,Теория волн,2,03.03.02 Физика / Радиофизика,Бакалавриат,Б1.В,0.167,Экзамен,15,[6]
301418,Правоведение,2,03.03.02 Физика / Радиофизика,Бакалавриат,Б1.О.General,0.5,Зачет,14,[5]
301418,Теория колебаний,2,03.03.02 Физика / Радиофизика,Бакалавриат,Б1.О.Prof,0.833,Зачет с оценкой,14,[5]
301418,Технологии моделирования физических задач,2,03.03.02 Физика / Радиофизика,Бакалавриат,Б1.В,0.167,Зачет с оценкой,14,[5]
301418,"Производственная практика, научно-исследовательская работа",2,03.03.02 Физика / Радиофизика,Бакалавриат,Б2,1.0,Зачет с оценкой,13,[6]
967021,"Учебная практика, ознакомительная практика",22,43.03.02 Туризм,Бакалавриат,Б2,1.0,Зачет с оценкой,1,[2]
967021,Туристские ресурсы РФ,22,43.03.02 Туризм,Бакалавриат,Б1.О.Prof,1.0,Экзамен,34,"[1, 2]"
967021,Иностранный язык,22,43.03.02 Туризм,Бакалавриат,Б1.О.General,1.0,Зачет с оценкой,34,[1]
967021,Прикладная физическая культура (Адаптивная физическая культура),22,43.03.02 Туризм,Бакалавриат,Б1.О.General,0.5,Зачет,5,"[1, 2]"
967021,Прикладная физическая культура (ОФП),22,43.03.02 Туризм,Бакалавриат,Б1.О.General,1.0,Зачет,20,"[1, 2]"
967021,"Учебная практика, исследовательская практика",22,43.03.02 Туризм,Бакалавриат,Б2,0.5,Курсовая работа,13,[2]
967021,Основы туризма,22,43.03.02 Туризм,Бакалавриат,Б1.О.Prof,1.0,Экзамен,34,[1]
967021,Туристское страноведение,22,43.03.02 Туризм,Бакалавриат,Б1.О.Prof,1.0,Экзамен,34,"[1, 2]"
967021,Русский язык и культура речи,22,43.03.02 Туризм,Бакалавриат,Б1.О.General,1.0,Зачет,34,[1]
967021,Прикладная физическая культура (Волейбол),22,43.03.02 Туризм,Бакалавриат,Б1.О.General,0.5,Зачет,8,"[1, 2]"
967021,Философия,22,43.03.02 Туризм,Бакалавриат,Б1.О.General,1.0,Зачет с оценкой,4,[2]
967021,Человек и его потребности,22,43.03.02 Туризм,Бакалавриат,Б1.О.Prof,1.0,Зачет,34,[1]
967021,Физическая культура и спорт,22,43.03.02 Туризм,Бакалавриат,Б1.О.General,1.0,Зачет,34,[1]
967021,Организация туристской деятельности,22,43.03.02 Туризм,Бакалавриат,Б1.О.Prof,1.0,Экзамен,32,[2]
967021,Безопасность жизнедеятельности,22,43.03.02 Туризм,Бакалавриат,Б1.О.General,1.0,Зачет,34,[1]
967021,Экономика,22,43.03.02 Туризм,Бакалавриат,Б1.О.General,0.5,Зачет,15,[2]
967021,"История (история России, всеобщая история)",22,43.03.02 Туризм,Бакалавриат,Б1.О.General,1.0,Зачет с оценкой,34,[1]
967021,Правоведение,22,43.03.02 Туризм,Бакалавриат,Б1.О.General,1.0,Зачет,1,[2]
127342,Техногенные системы и экологический риск,20,Неизвестное (Техногенные системы и экологический риск...),Бакалавриат,Б1.В,0.5,Зачет с оценкой,23,[8]
127342,Региональное природопользование,20,Неизвестное (Техногенные системы и экологический риск...),Бакалавриат,Б1.О.Prof,1.0,Зачет с оценкой,23,[7]
127342,Урбоэкология,20,Неизвестное (Техногенные системы и экологический риск...),Бакалавриат,Б1.О.Prof,1.0,Зачет с оценкой,23,[7]
127342,Экологический менеджмент,20,Неизвестное (Техногенные системы и экологический риск...),Бакалавриат,Б1.О.Prof,1.0,Экзамен,24,[8]
127342,Практика по получению профессиональных умений и навыков профессиональной деятельности,20,Неизвестное (Техногенные системы и экологический риск...),Бакалавриат,Б1.В,0.5,Зачет с оценкой,23,[7]
127342,Территориально-экологическое планирование,20,Неизвестное (Техногенные системы и экологический риск...),Бакалавриат,Б1.О.Prof,1.0,Зачет,24,[8]
127342,Правовые основы природопользования и охраны окружающей среды,20,Неизвестное (Техногенные системы и экологический риск...),Бакалавриат,Б1.О.Prof,1.0,Зачет,23,[8]
127342,Государственный экзамен,20,Неизвестное (Техногенные системы и экологический риск...),Бакалавриат,Б3,0.5,ГАК,23,[8]
127342,Экологическая сертификация,20,Неизвестное (Техногенные системы и экологический риск...),Бакалавриат,Б1.О.Prof,1.0,Зачет с оценкой,24,[8]
127342,Мелиорация и рекультивация земель,20,Неизвестное (Техногенные системы и экологический риск...),Бакалавриат,Б1.О.Prof,1.0,Зачет,24,[8]
127342,Преддипломная практика,20,Неизвестное (Техногенные системы и экологический риск...),Бакалавриат,Б2,0.5,Зачет с оценкой,23,[8]
127342,ГИС в экологии и природопользовании,20,Неизвестное (Техногенные системы и экологический риск...),Бакалавриат,Б1.О.Prof,1.0,Зачет,23,[7]
127342,Выпускная квалификационная работа (бакалаврская работа),20,Неизвестное (Техногенные системы и экологический риск...),Бакалавриат,Б3,0.5,Защита ВКР,23,[8]
127342,Экологическое проектирование и экспертиза,20,Неизвестное (Техногенные системы и экологический риск...),Бакалавриат,Б1.О.Prof,1.0,Экзамен,23,[7]
127342,Устойчивое развитие и современные проблемы экологии и природопользования,20,Неизвестное (Техногенные системы и экологический риск...),Бакалавриат,Б1.О.Prof,1.0,Зачет,23,[8]
127342,Биодиагностика окружающей среды,20,Неизвестное (Техногенные системы и экологический риск...),Бакалавриат,Б1.О.Prof,1.0,Зачет с оценкой,23,[7]
127342,Ресурсоведение,20,Неизвестное (Техногенные системы и экологический риск...),Бакалавриат,Б1.О.Prof,1.0,Зачет с оценкой,23,[7]
127342,Оценка воздействия на окружающую среду,20,Неизвестное (Техногенные системы и экологический риск...),Бакалавриат,Б1.О.Prof,1.0,Зачет с оценкой,23,[7]
127342,Экологический мониторинг,20,Неизвестное (Техногенные системы и экологический риск...),Бакалавриат,Б1.О.Prof,1.0,Экзамен,23,[7]
184686,Государственная политика и управление,4,41.03.04 Политология,Бакалавриат,Б1.О.Prof,1.0,Экзамен,28,[4]
184686,"Учебная практика, научно-исследовательская работа (получение первичных навыков научно-исследовательской работы)",4,41.03.04 Политология,Бакалавриат,Б2,1.0,Зачет с оценкой,27,[4]
184686,Организационная коммуникация,4,41.03.04 Политология,Бакалавриат,Б1.В,0.5,Зачет,5,[3]
184686,История международных отношений,4,41.03.04 Политология,Бакалавриат,Б1.В,0.333,Экзамен,29,[3]
184686,Социология,4,41.03.04 Политология,Бакалавриат,Б1.В,0.5,Зачет,2,[3]
184686,Политическая конфликтология,4,41.03.04 Политология,Бакалавриат,Б1.О.Prof,1.0,Экзамен,30,[3]
184686,Культурология,4,41.03.04 Политология,Бакалавриат,Б1.О.General,1.0,Зачет,9,[3]
184686,Теория и практика аргументации,4,41.03.04 Политология,Бакалавриат,Б1.В,0.5,Зачет,7,[3]
184686,Этнический и религиозный факторы в международных отношениях,4,41.03.04 Политология,Бакалавриат,Б1.В,0.333,Зачет с оценкой,30,[3]
184686,Информационно-аналитическое обеспечение современных региональных и международных процессов,4,41.03.04 Политология,Бакалавриат,Б1.О.Prof,1.0,Зачет с оценкой,29,"[3, 4]"
184686,Современные миграционные и демографические процессы,4,41.03.04 Политология,Бакалавриат,Б1.В,0.333,Экзамен,28,[4]
184686,Иностранный язык (второй),4,41.03.04 Политология,Бакалавриат,Б1.О.Prof,0.667,Экзамен,29,"[3, 4]"
184686,Теория международных отношений,4,41.03.04 Политология,Бакалавриат,Б1.В,0.333,Зачет с оценкой,29,[4]
184686,Глобальная экономическая история,4,41.03.04 Политология,Бакалавриат,Б1.В,0.5,Зачет,5,[3]
184686,Прикладная физическая культура (Волейбол),4,41.03.04 Политология,Бакалавриат,Б1.О.General,0.5,Зачет,30,"[3, 4]"
184686,Профессиональная иноязычная коммуникация,4,41.03.04 Политология,Бакалавриат,Б1.О.Prof,1.0,Зачет с оценкой,29,"[3, 4]"
184686,Конфликтология,4,41.03.04 Политология,Бакалавриат,Б1.О.General,0.667,Зачет,1,[3]
184686,Организационно-техническое сопровождение профессиональной деятельности,4,41.03.04 Политология,Бакалавриат,Б1.О.Prof,1.0,Экзамен,28,[4]
184686,Социальное предпринимательство и основы проектной деятельности,4,41.03.04 Политология,Бакалавриат,Б1.О.General,1.0,Зачет,30,[3]
852336,Финансовый контроль,6,38.03.01 Экономика,Бакалавриат,Б1.В,0.333,Экзамен,26,[6]
852336,Страхование,6,38.03.01 Экономика,Бакалавриат,Б1.О.Prof,0.667,Экзамен,26,[6]
852336,Прикладная физическая культура (Легкая атлетика),6,38.03.01 Экономика,Бакалавриат,Б1.О.General,1.0,Зачет,25,"[5, 6]"
852336,Экономика труда,6,38.03.01 Экономика,Бакалавриат,Б1.О.Prof,0.667,Зачет с оценкой,26,[5]
852336,Эконометрика,6,38.03.01 Экономика,Бакалавриат,Б1.О.Prof,1.0,Зачет с оценкой,26,[5]
852336,Социальное предпринимательство и основы проектной деятельности,6,38.03.01 Экономика,Бакалавриат,Б1.О.General,0.667,Зачет,26,[6]
852336,Информационные системы в бухгалтерском учете,6,38.03.01 Экономика,Бакалавриат,Б1.О.Prof,1.0,Зачет с оценкой,26,[5]
852336,Финансовая математика,6,38.03.01 Экономика,Бакалавриат,Б1.О.Prof,0.667,Зачет с оценкой,27,[5]
852336,Финансовый анализ,6,38.03.01 Экономика,Бакалавриат,Б1.О.Prof,0.667,Зачет с оценкой,26,[6]
852336,Государственные и муниципальные финансы,6,38.03.01 Экономика,Бакалавриат,Б1.В,0.333,Экзамен,28,[5]
852336,Бизнес-курс Максимум,6,38.03.01 Экономика,Бакалавриат,Б1.О.Prof,1.0,Зачет с оценкой,26,[6]
852336,Финансовые рынки,6,38.03.01 Экономика,Бакалавриат,Б1.О.Prof,0.667,Зачет с оценкой,26,[6]
852336,Экономический анализ,6,38.03.01 Экономика,Бакалавриат,Б1.О.Prof,1.0,Зачет с оценкой,26,[6]
852336,Корпоративные финансы,6,38.03.01 Экономика,Бакалавриат,Б1.О.Prof,0.667,Экзамен,28,[5]
852336,"Производственная практика, практика по получению профессиональных умений и опыта профессиональной деятельности",6,38.03.01 Экономика,Бакалавриат,Б2,1.0,Зачет с оценкой,26,[6]
852336,Налоги и налогообложение,6,38.03.01 Экономика,Бакалавриат,Б1.О.Prof,1.0,Экзамен,26,[5]
985476,Информатика,11,45.03.02 Лингвистика (прикладная),Бакалавриат,Б1.О.General,1.0,Зачет с оценкой,18,"[3, 4]"
985476,Первый иностранный язык,11,45.03.02 Лингвистика (прикладная),Бакалавриат,Б1.О.Prof,1.0,Экзамен,18,"[3, 4]"
985476,Общая морфология,11,45.03.02 Лингвистика (прикладная),Бакалавриат,Б1.О.Prof,1.0,Экзамен,18,[3]
985476,Культура общения,11,45.03.02 Лингвистика (прикладная),Бакалавриат,Б1.В,0.5,Зачет,9,[3]
985476,Прикладная физическая культура (Адаптивная физическая культура),11,45.03.02 Лингвистика (прикладная),Бакалавриат,Б1.О.General,0.5,Зачет,3,"[3, 4]"
985476,Математическая статистика и теория вероятности,11,45.03.02 Лингвистика (прикладная),Бакалавриат,Б1.О.Prof,1.0,Зачет с оценкой,18,"[3, 4]"
985476,Прикладная физическая культура (ОФП),11,45.03.02 Лингвистика (прикладная),Бакалавриат,Б1.О.General,1.0,Зачет,3,[4]
985476,"Учебная практика, научно-исследовательская работа (получение первичных навыков научно-исследовательской работы)",11,45.03.02 Лингвистика (прикладная),Бакалавриат,Б2,1.0,Зачет с оценкой,17,[4]
985476,Практикум устной и письменной речи первого иностранного языка,11,45.03.02 Лингвистика (прикладная),Бакалавриат,Б1.О.Prof,1.0,Экзамен,18,"[3, 4]"
985476,Теория и практика аргументации,11,45.03.02 Лингвистика (прикладная),Бакалавриат,Б1.О.Prof,1.0,Зачет,9,[3]
985476,Философия,11,45.03.02 Лингвистика (прикладная),Бакалавриат,Б1.О.General,1.0,Зачет с оценкой,18,[3]
985476,Прикладная физическая культура (Волейбол),11,45.03.02 Лингвистика (прикладная),Бакалавриат,Б1.О.General,0.5,Зачет,16,"[3, 4]"
985476,Второй иностранный язык,11,45.03.02 Лингвистика (прикладная),Бакалавриат,Б1.О.Prof,1.0,Зачет с оценкой,18,"[3, 4]"
985476,Лингвистические основания информационных технологий,11,45.03.02 Лингвистика (прикладная),Бакалавриат,Б1.О.Prof,1.0,Зачет,18,[4]
985476,Конфликтология,11,45.03.02 Лингвистика (прикладная),Бакалавриат,Б1.О.General,1.0,Зачет,1,[3]
985476,Экономика,11,45.03.02 Лингвистика (прикладная),Бакалавриат,Б1.О.General,1.0,Зачет,19,[3]
985476,Общий синтаксис,11,45.03.02 Лингвистика (прикладная),Бакалавриат,Б1.О.Prof,1.0,Зачет с оценкой,18,[4]
469382,Схемотехника аналоговых электронных устройств,2,03.03.02 Физика / Радиофизика,Бакалавриат,Б1.О.Prof,0.667,Экзамен,16,[5]
469382,Цифровые устройства и микропроцессоры,2,03.03.02 Физика / Радиофизика,Бакалавриат,Б1.О.Prof,0.667,Экзамен,16,[5]
469382,Прикладная физическая культура (ОФП),2,03.03.02 Физика / Радиофизика,Бакалавриат,Б1.О.General,1.0,Зачет,16,"[5, 6]"
469382,Спецпроцессоры и спецконтроллеры,2,03.03.02 Физика / Радиофизика,Бакалавриат,Б1.В,0.5,Зачет с оценкой,11,[6]
469382,Электродинамика и распространение радиоволн,2,03.03.02 Физика / Радиофизика,Бакалавриат,Б1.В,0.5,Зачет с оценкой,16,"[5, 6]"
469382,Вторичные источники электропитания,2,03.03.02 Физика / Радиофизика,Бакалавриат,Б1.В,0.333,Зачет,16,[5]
469382,"Производственная практика, технологическая практика",2,03.03.02 Физика / Радиофизика,Бакалавриат,Б2,0.333,Зачет с оценкой,12,[6]
469382,Физика полупроводников,2,03.03.02 Физика / Радиофизика,Бакалавриат,Б1.О.Prof,0.667,Экзамен,12,[6]
469382,Радиотехнические цепи и сигналы,2,03.03.02 Физика / Радиофизика,Бакалавриат,Б1.В,0.333,Экзамен,16,[5]
469382,Правоведение,2,03.03.02 Физика / Радиофизика,Бакалавриат,Б1.О.General,0.5,Зачет,11,[6]
469382,Аппаратные средства персонального компьютера,2,03.03.02 Физика / Радиофизика,Бакалавриат,Б1.О.Prof,0.667,Экзамен,12,[6]
469382,Экономика,2,03.03.02 Физика / Радиофизика,Бакалавриат,Б1.О.General,0.333,Зачет,12,[6]
469382,Теория колебаний,2,03.03.02 Физика / Радиофизика,Бакалавриат,Б1.О.Prof,0.833,Зачет с оценкой,16,[5]
469382,Колебания и волны,2,03.03.02 Физика / Радиофизика,Бакалавриат,Б1.О.Prof,0.667,Экзамен,12,[6]
469382,"Производственная практика, научно-исследовательская работа",2,03.03.02 Физика / Радиофизика,Бакалавриат,Б2,1.0,Зачет с оценкой,16,"[5, 6]"
860556,Основы математической обработки информации,26,42.03.02 Журналистика,Бакалавриат,Б1.О.Prof,1.0,Зачет,42,[1]
860556,Иностранный язык,26,42.03.02 Журналистика,Бакалавриат,Б1.О.General,1.0,Зачет,42,"[1, 2]"
860556,Прикладная физическая культура (Адаптивная физическая культура),26,42.03.02 Журналистика,Бакалавриат,Б1.О.General,0.5,Зачет,1,[2]
860556,Орфоэпические нормы в профессиональной сфере общения,26,42.03.02 Журналистика,Бакалавриат,Б1.О.Prof,1.0,Зачет,35,[2]
860556,"Учебная практика, профессионально-ознакомительная практика",26,42.03.02 Журналистика,Бакалавриат,Б2,0.5,Зачет с оценкой,34,[2]
860556,Практикум по орфографии,26,42.03.02 Журналистика,Бакалавриат,Б1.О.Prof,1.0,Зачет,42,[1]
860556,Безопасность жизнедеятельности,26,42.03.02 Журналистика,Бакалавриат,Б1.О.General,1.0,Зачет,42,[1]
860556,Правоведение,26,42.03.02 Журналистика,Бакалавриат,Б1.О.General,1.0,Зачет,42,[1]
860556,История зарубежной литературы средних веков и эпохи Возрождения,26,42.03.02 Журналистика,Бакалавриат,Б1.О.Prof,1.0,Зачет,38,[2]
860556,Культурологические основы СМИ,26,42.03.02 Журналистика,Бакалавриат,Б1.О.Prof,1.0,Зачет,38,[2]
860556,Введение в профессию,26,42.03.02 Журналистика,Бакалавриат,Б1.О.Prof,1.0,Зачет,34,[2]
860556,Физическая культура и спорт,26,42.03.02 Журналистика,Бакалавриат,Б1.О.General,1.0,Зачет,42,[1]
860556,Система СМИ,26,42.03.02 Журналистика,Бакалавриат,Б1.О.Prof,1.0,Экзамен,35,[2]
860556,"История (история России, всеобщая история)",26,42.03.02 Журналистика,Бакалавриат,Б1.О.General,1.0,Зачет с оценкой,41,[1]
860556,Прикладная физическая культура (Волейбол),26,42.03.02 Журналистика,Бакалавриат,Б1.О.General,1.0,Зачет,4,"[1, 2]"
860556,Современный литературный процесс,26,42.03.02 Журналистика,Бакалавриат,Б1.О.Prof,1.0,Зачет,35,[2]
860556,Современный русский язык: Лексикология,26,42.03.02 Журналистика,Бакалавриат,Б1.О.Prof,1.0,Зачет,41,[1]
860556,Выпуск учебных СМИ,26,42.03.02 Журналистика,Бакалавриат,Б1.О.Prof,1.0,Зачет,34,[2]
860556,История древнерусской литературы и русской литературы XVIII века,26,42.03.02 Журналистика,Бакалавриат,Б1.О.Prof,1.0,Зачет,37,[2]
860556,Основы теории литературы,26,42.03.02 Журналистика,Бакалавриат,Б1.О.Prof,1.0,Зачет,41,[1]
860556,Прикладная физическая культура (ОФП),26,42.03.02 Журналистика,Бакалавриат,Б1.О.General,0.5,Зачет,40,"[1, 2]"
860556,Техника и технологии СМИ,26,42.03.02 Журналистика,Бакалавриат,Б1.О.Prof,1.0,Зачет,42,"[1, 2]"
860556,Речевая культура журналиста,26,42.03.02 Журналистика,Бакалавриат,Б1.О.Prof,1.0,Экзамен,41,[1]
860556,Современный русский язык: словообразование и морфология,26,42.03.02 Журналистика,Бакалавриат,Б1.О.Prof,1.0,Зачет,38,[2]
860556,Основы теории журналистики,26,42.03.02 Журналистика,Бакалавриат,Б1.О.Prof,1.0,Экзамен,42,[1]
860556,История античной литературы,26,42.03.02 Журналистика,Бакалавриат,Б1.О.Prof,1.0,Зачет,42,[1]
649613,Инженерная и компьютерная графика,1,09.03.02 ИСиТ,Бакалавриат,Б1.О.Prof,0.667,Экзамен,23,[6]
649613,Технологическое предпринимательство и основы проектной деятельности,1,09.03.02 ИСиТ,Бакалавриат,Б1.О.General,0.833,Зачет,22,[6]
649613,Геоинформационные системы,1,09.03.02 ИСиТ,Бакалавриат,Б1.О.Prof,1.0,Экзамен,24,[5]
649613,"3D технологии: моделирование, сканирование и печать",1,09.03.02 ИСиТ,Бакалавриат,Б1.О.Prof,1.0,Экзамен,24,[6]
649613,Проектирование информационных систем,1,09.03.02 ИСиТ,Бакалавриат,Б1.О.Prof,1.0,Экзамен,24,[5]
649613,Технологии разработки Web-сервисов,1,09.03.02 ИСиТ,Бакалавриат,Б1.О.Prof,1.0,Зачет с оценкой,24,[5]
649613,Прикладная физическая культура (ОФП),1,09.03.02 ИСиТ,Бакалавриат,Б1.О.General,1.0,Зачет,23,"[5, 6]"
649613,Технологии разработки программного обеспечения,1,09.03.02 ИСиТ,Бакалавриат,Б1.О.Prof,0.667,Экзамен,6,[6]
649613,Сети и телекоммуникации,1,09.03.02 ИСиТ,Бакалавриат,Б1.О.Prof,0.667,Экзамен,22,[6]
649613,"Производственная практика, технологическая практика",1,09.03.02 ИСиТ,Бакалавриат,Б2,0.833,Зачет с оценкой,1,[6]
649613,Программирование и математическое моделирование,1,09.03.02 ИСиТ,Бакалавриат,Б1.О.Prof,1.0,Экзамен,24,[5]
649613,Электроника и схемотехника,1,09.03.02 ИСиТ,Бакалавриат,Б1.О.Prof,1.0,Зачет с оценкой,22,[6]
649613,Визуальное программирование,1,09.03.02 ИСиТ,Бакалавриат,Б1.О.Prof,1.0,Зачет с оценкой,24,[5]
649613,Теория вероятностей и математическая статистика,1,09.03.02 ИСиТ,Бакалавриат,Б1.О.Prof,1.0,Зачет с оценкой,24,[5]
649613,Экономика,1,09.03.02 ИСиТ,Бакалавриат,Б1.О.General,0.667,Зачет,21,[6]
649613,"Производственная практика, научно-исследовательская работа",1,09.03.02 ИСиТ,Бакалавриат,Б2,1.0,Зачет с оценкой,24,"[5, 6]"
123279,Системы радиомониторинга,5,10.05.01 Компьютерная безопасность (спец.),Специалитет,Б1.О.Prof,1.0,Экзамен,17,[8]
123279,"Теория и практика информационной безопасности (Theory and Practice of Information Security, на англ.яз.)",5,10.05.01 Компьютерная безопасность (спец.),Специалитет,Б1.О.Prof,1.0,Зачет,20,[8]
123279,Управление информационной безопасностью,5,10.05.01 Компьютерная безопасность (спец.),Специалитет,Б1.В,0.5,Экзамен,21,[7]
123279,Теория информации,5,10.05.01 Компьютерная безопасность (спец.),Специалитет,Б1.О.Prof,1.0,Экзамен,17,[8]
123279,Теория алгоритмов,5,10.05.01 Компьютерная безопасность (спец.),Специалитет,Б1.В,0.5,Зачет с оценкой,21,[7]
123279,Техническая защита информации,5,10.05.01 Компьютерная безопасность (спец.),Специалитет,Б1.В,0.5,Экзамен,21,[7]
123279,"Производственная практика, научно-исследовательская работа",5,10.05.01 Компьютерная безопасность (спец.),Специалитет,Б2,1.0,Зачет с оценкой,17,"[7, 8]"
123279,Нормативная и методическая документация по организации технической защиты информации,5,10.05.01 Компьютерная безопасность (спец.),Специалитет,Б1.О.Prof,1.0,Зачет с оценкой,20,[8]
123279,Моделирование процессов и систем защиты информации,5,10.05.01 Компьютерная безопасность (спец.),Специалитет,Б1.О.Prof,1.0,Зачет с оценкой,20,[8]
123279,Программно-аппаратные средства обеспечения информационной безопасности,5,10.05.01 Компьютерная безопасность (спец.),Специалитет,Б1.О.Prof,1.0,Экзамен,21,[7]
123279,Безопасность сетей ЭВМ,5,10.05.01 Компьютерная безопасность (спец.),Специалитет,Б1.О.Prof,1.0,Экзамен,21,[7]
123279,Теория графов и ее приложения,5,10.05.01 Компьютерная безопасность (спец.),Специалитет,Б1.О.Prof,1.0,Зачет с оценкой,22,[7]
123279,"Производственная практика, технологическая",5,10.05.01 Компьютерная безопасность (спец.),Специалитет,Б2,1.0,Зачет с оценкой,17,[8]
123279,Основы защиты персональных данных,5,10.05.01 Компьютерная безопасность (спец.),Специалитет,Б1.О.Prof,1.0,Зачет с оценкой,20,[8]
123279,Криптографические методы защиты информации,5,10.05.01 Компьютерная безопасность (спец.),Специалитет,Б1.О.Prof,1.0,Зачет с оценкой,22,"[7, 8]"
123279,Теория массового обслуживания,5,10.05.01 Компьютерная безопасность (спец.),Специалитет,Б1.В,0.5,Зачет с оценкой,21,[8]
481679,"Лабораторный практикум ""Цифровая обработка сигналов""",2,03.03.02 Физика / Радиофизика,Бакалавриат,Б1.В,0.4,Зачет с оценкой,15,[8]
481679,Цифровая обработка сигналов,2,03.03.02 Физика / Радиофизика,Бакалавриат,Б1.О.Prof,0.6,Экзамен,15,[8]
481679,Моделирование РЭС,2,03.03.02 Физика / Радиофизика,Бакалавриат,Б1.В,0.4,Зачет с оценкой,14,[7]
481679,Физическая электроника,2,03.03.02 Физика / Радиофизика,Бакалавриат,Б1.О.Prof,0.6,Экзамен,14,[7]
481679,Устройства сверхвысокой частоты и антенны,2,03.03.02 Физика / Радиофизика,Бакалавриат,Б1.В,0.4,Зачет с оценкой,15,[8]
481679,Научно-исследовательская работа,2,03.03.02 Физика / Радиофизика,Бакалавриат,Б2,0.2,Зачет с оценкой,15,[8]
481679,Спецпроцессоры и спецконтроллеры,2,03.03.02 Физика / Радиофизика,Бакалавриат,Б1.В,0.4,Зачет с оценкой,14,[7]
481679,Функциональная электроника,2,03.03.02 Физика / Радиофизика,Бакалавриат,Б1.В,0.4,Зачет с оценкой,14,[8]
481679,Преддипломная практика,2,03.03.02 Физика / Радиофизика,Бакалавриат,Б2,0.2,Зачет с оценкой,15,[8]
481679,Аппаратные средства персонального компьютера,2,03.03.02 Физика / Радиофизика,Бакалавриат,Б1.О.Prof,0.6,Зачет с оценкой,14,[7]
481679,Метрология и радиоизмерения,2,03.03.02 Физика / Радиофизика,Бакалавриат,Б1.О.Prof,0.6,Зачет с оценкой,14,[7]
481679,Курсовая работа № 3,2,03.03.02 Физика / Радиофизика,Бакалавриат,Б1.В,0.2,Курсовая работа,14,[7]
481679,Полупроводниковая электроника,2,03.03.02 Физика / Радиофизика,Бакалавриат,Б1.О.Prof,0.6,Экзамен,14,[7]
481679,Радиоавтоматика,2,03.03.02 Физика / Радиофизика,Бакалавриат,Б1.В,0.4,Зачет,14,[7]
481679,Управление аппаратными средствами ПК,2,03.03.02 Физика / Радиофизика,Бакалавриат,Б1.В,0.2,Зачет,14,[7]
481679,Выпускная квалификационная работа (бакалаврская работа),2,03.03.02 Физика / Радиофизика,Бакалавриат,Б3,0.4,Защита ВКР,16,[8]
481679,Теория массового обслуживания,2,03.03.02 Физика / Радиофизика,Бакалавриат,Б1.В,0.2,Зачет,14,[7]
819600,Информатика,11,45.03.02 Лингвистика (прикладная),Бакалавриат,Б1.О.General,1.0,Зачет,16,"[3, 4]"
819600,Первый иностранный язык,11,45.03.02 Лингвистика (прикладная),Бакалавриат,Б1.О.Prof,1.0,Экзамен,16,"[3, 4]"
819600,Общая морфология,11,45.03.02 Лингвистика (прикладная),Бакалавриат,Б1.О.Prof,1.0,Экзамен,16,[3]
819600,Математическая статистика и теория вероятности,11,45.03.02 Лингвистика (прикладная),Бакалавриат,Б1.О.Prof,1.0,Зачет,16,"[3, 4]"
819600,Прикладная физическая культура (ОФП),11,45.03.02 Лингвистика (прикладная),Бакалавриат,Б1.О.General,1.0,Зачет,16,"[3, 4]"
819600,"Учебная практика, научно-исследовательская работа (получение первичных навыков научно-исследовательской работы)",11,45.03.02 Лингвистика (прикладная),Бакалавриат,Б2,1.0,Зачет с оценкой,16,[4]
819600,Практикум устной и письменной речи первого иностранного языка,11,45.03.02 Лингвистика (прикладная),Бакалавриат,Б1.О.Prof,1.0,Зачет с оценкой,16,"[3, 4]"
819600,Теория и практика аргументации,11,45.03.02 Лингвистика (прикладная),Бакалавриат,Б1.О.Prof,1.0,Зачет,12,[3]
819600,Философия,11,45.03.02 Лингвистика (прикладная),Бакалавриат,Б1.О.General,1.0,Зачет с оценкой,16,[3]
819600,Второй иностранный язык,11,45.03.02 Лингвистика (прикладная),Бакалавриат,Б1.О.Prof,1.0,Зачет с оценкой,16,"[3, 4]"
819600,Лингвистические основания информационных технологий,11,45.03.02 Лингвистика (прикладная),Бакалавриат,Б1.О.Prof,1.0,Зачет,15,[4]
819600,Конфликтология,11,45.03.02 Лингвистика (прикладная),Бакалавриат,Б1.О.General,1.0,Зачет,4,[3]
819600,Экономика,11,45.03.02 Лингвистика (прикладная),Бакалавриат,Б1.О.General,1.0,Зачет,16,[3]
819600,Общий синтаксис,11,45.03.02 Лингвистика (прикладная),Бакалавриат,Б1.О.Prof,1.0,Курсовая работа,16,[4]
338324,Физико-географическое районирование России,31,Неизвестное (ГИС в географии...),Бакалавриат,Б1.О.Prof,1.0,Зачет с оценкой,12,[6]
338324,Прикладная физическая культура (Адаптивная физическая культура),31,Неизвестное (ГИС в географии...),Бакалавриат,Б1.О.General,0.5,Зачет,1,[6]
338324,"Учебная практика, практика по получению первичных профессиональных умений и навыков (по технологиям промышленных производств)",31,Неизвестное (ГИС в географии...),Бакалавриат,Б2,0.5,Зачет с оценкой,11,[6]
338324,Безопасность жизнедеятельности,31,Неизвестное (ГИС в географии...),Бакалавриат,Б1.О.General,1.0,Зачет,13,[5]
338324,Биогеография,31,Неизвестное (ГИС в географии...),Бакалавриат,Б1.О.Prof,1.0,Зачет,13,[5]
338324,Основы научно-исследовательской деятельности,31,Неизвестное (ГИС в географии...),Бакалавриат,Б1.В,0.5,Зачет,13,"[5, 6]"
338324,Основы рекреационной географии и туризма,31,Неизвестное (ГИС в географии...),Бакалавриат,Б1.О.Prof,1.0,Экзамен,13,[5]
338324,Гидрология,31,Неизвестное (ГИС в географии...),Бакалавриат,Б1.О.Prof,1.0,Зачет,12,[6]
338324,Землеустройство и кадастр,31,Неизвестное (ГИС в географии...),Бакалавриат,Б1.О.Prof,1.0,Зачет с оценкой,12,[6]
338324,Геоинформационные технологии пространственного анализа,31,Неизвестное (ГИС в географии...),Бакалавриат,Б1.В,0.5,Зачет с оценкой,12,[6]
338324,Геоурбанистика,31,Неизвестное (ГИС в географии...),Бакалавриат,Б1.В,0.5,Зачет с оценкой,12,[6]
338324,Картографическое обеспечение проектной деятельности,31,Неизвестное (ГИС в географии...),Бакалавриат,Б1.В,0.5,Зачет с оценкой,13,[5]
338324,Устойчивое развитие,31,Неизвестное (ГИС в географии...),Бакалавриат,Б1.О.Prof,1.0,Зачет,12,[6]
338324,"Учебная практика, практика по получению первичных профессиональных умений и навыков (полевая)",31,Неизвестное (ГИС в географии...),Бакалавриат,Б2,1.0,Зачет с оценкой,13,[6]
338324,ДЗЗ и экологическое картографирование,31,Неизвестное (ГИС в географии...),Бакалавриат,Б1.О.Prof,1.0,Зачет с оценкой,13,[5]
338324,Физическая география мира,31,Неизвестное (ГИС в географии...),Бакалавриат,Б1.О.Prof,1.0,Зачет с оценкой,12,[6]
338324,Прикладная физическая культура (Легкая атлетика),31,Неизвестное (ГИС в географии...),Бакалавриат,Б1.О.General,0.5,Зачет,13,[5]
338324,Геоэкология,31,Неизвестное (ГИС в географии...),Бакалавриат,Б1.О.Prof,1.0,Экзамен,13,[5]
338324,Прикладная физическая культура (ОФП),31,Неизвестное (ГИС в географии...),Бакалавриат,Б1.О.General,1.0,Зачет,11,[6]
338324,Экономическая и социальная география России,31,Неизвестное (ГИС в географии...),Бакалавриат,Б1.О.Prof,1.0,Зачет с оценкой,13,[5]
338324,Физическая география России,31,Неизвестное (ГИС в географии...),Бакалавриат,Б1.О.Prof,1.0,Зачет с оценкой,13,[5]
338324,Экономико-географическое районирование России,31,Неизвестное (ГИС в географии...),Бакалавриат,Б1.О.Prof,1.0,Зачет с оценкой,12,[6]
975259,Туристско-рекреационное проектирование,22,43.03.02 Туризм,Бакалавриат,Б1.О.Prof,1.0,Экзамен,20,"[5, 6]"
975259,Технологии продаж,22,43.03.02 Туризм,Бакалавриат,Б1.О.Prof,1.0,Зачет с оценкой,3,[6]
975259,Прикладная физическая культура (ОФП),22,43.03.02 Туризм,Бакалавриат,Б1.О.General,1.0,Зачет,20,"[5, 6]"
975259,Информационные технологии в туристской индустрии,22,43.03.02 Туризм,Бакалавриат,Б1.О.Prof,1.0,Зачет с оценкой,20,[5]
975259,Технология организации туроператорских и турагентских услуг,22,43.03.02 Туризм,Бакалавриат,Б1.О.Prof,1.0,Экзамен,20,[5]
975259,"Производственная практика, организационно-управленческая",22,43.03.02 Туризм,Бакалавриат,Б2,1.0,Зачет с оценкой,9,[6]
975259,Маркетинг в туристской индустрии,22,43.03.02 Туризм,Бакалавриат,Б1.О.Prof,1.0,Экзамен,21,[5]
975259,Социолого-статистические методы в туризме,22,43.03.02 Туризм,Бакалавриат,Б1.О.Prof,1.0,Зачет с оценкой,20,[5]
975259,Реклама в туризме,22,43.03.02 Туризм,Бакалавриат,Б1.О.Prof,1.0,Зачет с оценкой,3,[6]
975259,Профессиональная иноязычная коммуникация,22,43.03.02 Туризм,Бакалавриат,Б1.О.Prof,1.0,Зачет с оценкой,20,"[5, 6]"
975259,Организация гостиничных услуг,22,43.03.02 Туризм,Бакалавриат,Б1.В,0.5,Экзамен,8,[6]
975259,"Производственная практика, исследовательская",22,43.03.02 Туризм,Бакалавриат,Б2,1.0,Курсовая работа,5,[6]
975259,Иностранный язык (второй),22,43.03.02 Туризм,Бакалавриат,Б1.О.Prof,1.0,Зачет,20,"[5, 6]"
975259,Стандартизация и сертификация в туризме,22,43.03.02 Туризм,Бакалавриат,Б1.О.Prof,1.0,Зачет с оценкой,21,[5]
358821,Технологии проектирования образовательного процесса при обучении иностранному языку,34,44.03.05 Педобразование (ин.яз.),Бакалавриат,Б1.О.Prof,1.0,Зачет,16,[2]
358821,Информатика,34,44.03.05 Педобразование (ин.яз.),Бакалавриат,Б1.О.General,1.0,Зачет с оценкой,16,[1]
358821,Современный русский язык: деловая коммуникация,34,44.03.05 Педобразование (ин.яз.),Бакалавриат,Б1.О.Prof,1.0,Экзамен,17,[1]
358821,История и культура стран изучаемого первого иностранного языка,34,44.03.05 Педобразование (ин.яз.),Бакалавриат,Б1.О.Prof,1.0,Зачет,16,[2]
358821,Иностранный язык (Вводный курс английского языка),34,44.03.05 Педобразование (ин.яз.),Бакалавриат,Б1.О.Prof,1.0,Зачет с оценкой,17,"[1, 2]"
358821,Прикладная физическая культура (Адаптивная физическая культура),34,44.03.05 Педобразование (ин.яз.),Бакалавриат,Б1.О.General,0.5,Зачет,6,"[1, 2]"
358821,Введение в нарратологию,34,44.03.05 Педобразование (ин.яз.),Бакалавриат,Б1.О.Prof,1.0,Зачет,16,[2]
358821,Основы лингвокультурологии,34,44.03.05 Педобразование (ин.яз.),Бакалавриат,Б1.О.Prof,1.0,Экзамен,16,[1]
358821,Эколингвистика,34,44.03.05 Педобразование (ин.яз.),Бакалавриат,Б1.О.Prof,1.0,Зачет,16,[2]
358821,"Учебная практика, научно-исследовательская работа (получение первичных навыков научно-исследовательской работы)",34,44.03.05 Педобразование (ин.яз.),Бакалавриат,Б2,1.0,Зачет с оценкой,16,[1]
358821,Практический курс второго иностранного языка (немецкого языка),34,44.03.05 Педобразование (ин.яз.),Бакалавриат,Б1.О.Prof,1.0,Зачет с оценкой,17,"[1, 2]"
358821,Прикладная физическая культура (ОФП),34,44.03.05 Педобразование (ин.яз.),Бакалавриат,Б1.О.General,0.5,Зачет,3,"[1, 2]"
358821,Стилистика английского языка,34,44.03.05 Педобразование (ин.яз.),Бакалавриат,Б1.О.Prof,1.0,Зачет,16,[2]
358821,Прикладная физическая культура (Волейбол),34,44.03.05 Педобразование (ин.яз.),Бакалавриат,Б1.О.General,1.0,Зачет,8,"[1, 2]"
358821,"История (история России, всеобщая история)",34,44.03.05 Педобразование (ин.яз.),Бакалавриат,Б1.О.General,1.0,Зачет с оценкой,17,[1]
358821,Физическая культура и спорт,34,44.03.05 Педобразование (ин.яз.),Бакалавриат,Б1.О.General,1.0,Зачет,17,[1]
358821,Практический курс первого иностранного языка (английский язык),34,44.03.05 Педобразование (ин.яз.),Бакалавриат,Б1.О.Prof,1.0,Экзамен,16,[2]
358821,История педагогики,34,44.03.05 Педобразование (ин.яз.),Бакалавриат,Б1.О.Prof,1.0,Зачет,16,[1]
752046,Прикладная физическая культура (Адаптивная физическая культура),23,11.03.02 Инфокоммуникации,Бакалавриат,Б1.О.General,1.0,Зачет,1,"[3, 4]"
752046,Проектирование и эксплуатация систем связи,23,11.03.02 Инфокоммуникации,Бакалавриат,Б1.О.Prof,1.0,Зачет с оценкой,24,[4]
752046,Безопасность жизнедеятельности,23,11.03.02 Инфокоммуникации,Бакалавриат,Б1.О.General,1.0,Зачет,23,[3]
752046,Правоведение,23,11.03.02 Инфокоммуникации,Бакалавриат,Б1.О.General,1.0,Зачет,23,[3]
752046,"Производственная практика, научно-исследовательская работа",23,11.03.02 Инфокоммуникации,Бакалавриат,Б2,1.0,Зачет с оценкой,24,[4]
752046,Физические основы электроники,23,11.03.02 Инфокоммуникации,Бакалавриат,Б1.О.Prof,1.0,Экзамен,23,[4]
752046,Культурология,23,11.03.02 Инфокоммуникации,Бакалавриат,Б1.О.General,1.0,Зачет,23,[3]
752046,Общая теория связи,23,11.03.02 Инфокоммуникации,Бакалавриат,Б1.О.Prof,1.0,Экзамен,24,"[3, 4]"
752046,Основы построение инфокоммуникационных систем и сетей,23,11.03.02 Инфокоммуникации,Бакалавриат,Б1.В,0.5,Зачет с оценкой,23,[3]
752046,Автоматизация администрирования инфокоммуникационных систем,23,11.03.02 Инфокоммуникации,Бакалавриат,Б1.О.Prof,1.0,Зачет,23,[3]
752046,Лабораторный практикум: Оптика,23,11.03.02 Инфокоммуникации,Бакалавриат,Б1.О.Prof,1.0,Зачет с оценкой,23,[3]
752046,Философия,23,11.03.02 Инфокоммуникации,Бакалавриат,Б1.О.General,1.0,Зачет с оценкой,23,[3]
752046,Теория вероятностей и математическая статистика,23,11.03.02 Инфокоммуникации,Бакалавриат,Б1.О.Prof,1.0,Зачет с оценкой,23,[3]
752046,Прикладная физическая культура (Легкая атлетика),23,11.03.02 Инфокоммуникации,Бакалавриат,Б1.О.General,0.5,Зачет,22,"[3, 4]"
752046,Теория электрических цепей,23,11.03.02 Инфокоммуникации,Бакалавриат,Б1.О.Prof,1.0,Экзамен,24,[4]
752046,"Учебная практика, ознакомительная практика",23,11.03.02 Инфокоммуникации,Бакалавриат,Б2,1.0,Зачет с оценкой,23,[4]
752046,Электроника,23,11.03.02 Инфокоммуникации,Бакалавриат,Б1.О.Prof,1.0,Зачет с оценкой,24,[4]
752046,Экономическая оценка инвестиций и инноваций в телекоммуникациях,23,11.03.02 Инфокоммуникации,Бакалавриат,Б1.О.Prof,1.0,Зачет,23,[3]
752046,Вычислительная техника и информационные технологии,23,11.03.02 Инфокоммуникации,Бакалавриат,Б1.О.Prof,1.0,Экзамен,23,[3]
752046,"Метрология,стандартизация и сертификация в инфокоммуникациях",23,11.03.02 Инфокоммуникации,Бакалавриат,Б1.О.Prof,1.0,Зачет с оценкой,24,[4]
659887,Иностранный язык,10,06.05.01 Биоинженерия (спец.),Специалитет,Б1.О.General,1.0,Зачет,17,"[1, 2]"
659887,"Учебная практика, практика по получению первичных профессиональных умений и навыков, в том числе первичных умений и навыков научно-исследовательско...",10,06.05.01 Биоинженерия (спец.),Специалитет,Б2,1.0,Зачет с оценкой,15,[2]
659887,Прикладная физическая культура (Адаптивная физическая культура),10,06.05.01 Биоинженерия (спец.),Специалитет,Б1.О.General,1.0,Зачет,2,"[1, 2]"
659887,Теория принятия решений,10,06.05.01 Биоинженерия (спец.),Специалитет,Б1.В,0.5,Зачет,5,[2]
659887,Цифровые технологии: от интернета до блокчейна,10,06.05.01 Биоинженерия (спец.),Специалитет,Б1.В,0.5,Зачет,12,[2]
659887,Физика,10,06.05.01 Биоинженерия (спец.),Специалитет,Б1.О.Prof,1.0,Зачет с оценкой,16,[2]
659887,Безопасность жизнедеятельности,10,06.05.01 Биоинженерия (спец.),Специалитет,Б1.О.General,1.0,Зачет,16,[2]
659887,Химия: Общая и неорганическая химия,10,06.05.01 Биоинженерия (спец.),Специалитет,Б1.О.Prof,1.0,Экзамен,17,[1]
659887,Теория вероятностей,10,06.05.01 Биоинженерия (спец.),Специалитет,Б1.О.Prof,1.0,Зачет с оценкой,17,[2]
659887,Основы програмирования на языке Python,10,06.05.01 Биоинженерия (спец.),Специалитет,Б1.В,0.5,Зачет с оценкой,17,[2]
659887,Физическая культура и спорт,10,06.05.01 Биоинженерия (спец.),Специалитет,Б1.О.General,1.0,Зачет,16,[1]
659887,Ботаника,10,06.05.01 Биоинженерия (спец.),Специалитет,Б1.О.Prof,1.0,Экзамен,17,[1]
659887,Русский язык и культура речи,10,06.05.01 Биоинженерия (спец.),Специалитет,Б1.О.General,1.0,Зачет,16,[1]
659887,История,10,06.05.01 Биоинженерия (спец.),Специалитет,Б1.О.General,1.0,Зачет с оценкой,16,[1]
659887,Информатика и информационные технологии,10,06.05.01 Биоинженерия (спец.),Специалитет,Б1.В,0.5,Экзамен,16,[1]
659887,Зоология,10,06.05.01 Биоинженерия (спец.),Специалитет,Б1.О.Prof,1.0,Экзамен,16,[2]
659887,Химия: аналитическая химия,10,06.05.01 Биоинженерия (спец.),Специалитет,Б1.О.Prof,1.0,Экзамен,16,[2]
659887,Прикладная физическая культура (ОФП),10,06.05.01 Биоинженерия (спец.),Специалитет,Б1.О.General,1.0,Зачет,13,"[1, 2]"
659887,Математика,10,06.05.01 Биоинженерия (спец.),Специалитет,Б1.О.General,1.0,Зачет с оценкой,17,[1]
659887,Клеточная биология с основами гистологии,10,06.05.01 Биоинженерия (спец.),Специалитет,Б1.В,0.5,Экзамен,17,[1]
283056,Информатика,20,Неизвестное (Техногенные системы и экологический риск...),Бакалавриат,Б1.О.General,1.0,Зачет с оценкой,14,[2]
283056,Общая экология,20,Неизвестное (Техногенные системы и экологический риск...),Бакалавриат,Б1.О.Prof,1.0,Экзамен,15,[1]
283056,Иностранный язык,20,Неизвестное (Техногенные системы и экологический риск...),Бакалавриат,Б1.О.General,1.0,Зачет с оценкой,15,"[1, 2]"
283056,Прикладная физическая культура (Адаптивная физическая культура),20,Неизвестное (Техногенные системы и экологический риск...),Бакалавриат,Б1.О.General,0.5,Зачет,2,[2]
283056,Прикладная физическая культура (ОФП),20,Неизвестное (Техногенные системы и экологический риск...),Бакалавриат,Б1.О.General,1.0,Зачет,9,"[1, 2]"
283056,Химия,20,Неизвестное (Техногенные системы и экологический риск...),Бакалавриат,Б1.О.Prof,1.0,Зачет с оценкой,15,[1]
283056,Русский язык и культура речи,20,Неизвестное (Техногенные системы и экологический риск...),Бакалавриат,Б1.О.General,1.0,Зачет,14,[2]
283056,Прикладная физическая культура (Волейбол),20,Неизвестное (Техногенные системы и экологический риск...),Бакалавриат,Б1.О.General,0.5,Зачет,7,"[1, 2]"
283056,Философия,20,Неизвестное (Техногенные системы и экологический риск...),Бакалавриат,Б1.О.General,1.0,Зачет с оценкой,15,[1]
283056,Биология,20,Неизвестное (Техногенные системы и экологический риск...),Бакалавриат,Б1.О.Prof,1.0,Зачет с оценкой,14,[2]
283056,Физическая культура и спорт,20,Неизвестное (Техногенные системы и экологический риск...),Бакалавриат,Б1.О.General,1.0,Зачет,15,[1]
283056,География,20,Неизвестное (Техногенные системы и экологический риск...),Бакалавриат,Б1.О.Prof,1.0,Зачет с оценкой,14,[2]
283056,История,20,Неизвестное (Техногенные системы и экологический риск...),Бакалавриат,Б1.О.General,1.0,Зачет с оценкой,15,[1]
283056,"Экология растений, животных и микроорганизмов",20,Неизвестное (Техногенные системы и экологический риск...),Бакалавриат,Б1.О.Prof,1.0,Экзамен,14,[2]
283056,Геология,20,Неизвестное (Техногенные системы и экологический риск...),Бакалавриат,Б1.О.Prof,1.0,Зачет,14,[2]
283056,Почвоведение,20,Неизвестное (Техногенные системы и экологический риск...),Бакалавриат,Б1.О.Prof,1.0,Экзамен,14,[2]
283056,Математика,20,Неизвестное (Техногенные системы и экологический риск...),Бакалавриат,Б1.О.General,1.0,Зачет с оценкой,15,[1]
283056,Учение об атмосфере,20,Неизвестное (Техногенные системы и экологический риск...),Бакалавриат,Б1.О.Prof,1.0,Экзамен,15,[1]
373177,Молекулярное строение вещества,8,40.03.01 Юриспруденция,Специалитет,Б1.О.Prof,1.0,Экзамен,26,[2]
373177,Метрология и стандартизация,8,40.03.01 Юриспруденция,Специалитет,Б1.О.Prof,1.0,Зачет,26,[2]
373177,Прикладная механика,8,40.03.01 Юриспруденция,Специалитет,Б1.О.Prof,1.0,Экзамен,26,[1]
373177,Основы химии и технологии веществ,8,40.03.01 Юриспруденция,Специалитет,Б1.В,0.5,Экзамен,26,[2]
373177,Иностранный язык,8,40.03.01 Юриспруденция,Специалитет,Б1.О.General,1.0,Зачет с оценкой,26,"[1, 2]"
373177,Русский язык и культура речи,8,40.03.01 Юриспруденция,Специалитет,Б1.О.General,1.0,Зачет,26,[1]
373177,Прикладная физическая культура (Волейбол),8,40.03.01 Юриспруденция,Специалитет,Б1.О.General,0.5,Зачет,26,[1]
373177,Физическая культура и спорт,8,40.03.01 Юриспруденция,Специалитет,Б1.О.General,1.0,Зачет,26,[1]
373177,История,8,40.03.01 Юриспруденция,Специалитет,Б1.О.General,1.0,Экзамен,26,[1]
373177,Математика и информатика,8,40.03.01 Юриспруденция,Специалитет,Б1.О.Prof,1.0,Зачет с оценкой,26,"[1, 2]"
373177,Судебная фотография и видеозапись,8,40.03.01 Юриспруденция,Специалитет,Б1.О.Prof,1.0,Экзамен,26,"[1, 2]"
936382,Специальный практикум,13,28.03.01 Нанотехнологии,Бакалавриат,Б1.О.Prof,1.0,Зачет с оценкой,15,[7]
936382,"Материаловедение наноматериалов и наносистем: Двумерные наноструктуры, полимеры, биоматериалы",13,28.03.01 Нанотехнологии,Бакалавриат,Б1.В,0.5,Экзамен,15,[8]
936382,Безопасность жизнедеятельности,13,28.03.01 Нанотехнологии,Бакалавриат,Б1.О.General,1.0,Зачет,15,[8]
936382,Нелинейная оптика и спектроскопия,13,28.03.01 Нанотехнологии,Бакалавриат,Б1.О.Prof,1.0,Зачет,15,[8]
936382,Взаимодействие электромагнитного излучения с веществом,13,28.03.01 Нанотехнологии,Бакалавриат,Б1.О.Prof,1.0,Зачет,15,[7]
936382,Нанометрология,13,28.03.01 Нанотехнологии,Бакалавриат,Б1.О.Prof,1.0,Зачет,15,[7]
936382,Государственный экзамен,13,28.03.01 Нанотехнологии,Бакалавриат,Б3,0.5,ГАК,12,[8]
936382,Инженерная и компьютерная графика,13,28.03.01 Нанотехнологии,Бакалавриат,Б1.О.Prof,1.0,Зачет,15,[7]
936382,Электродинамика,13,28.03.01 Нанотехнологии,Бакалавриат,Б1.О.Prof,1.0,Зачет,15,[8]
936382,Материаловедение наноматериалов и наносистем: Тубулярные наноструктуры и атомные кластеры,13,28.03.01 Нанотехнологии,Бакалавриат,Б1.О.Prof,1.0,Экзамен,15,[7]
936382,Преддипломная практика,13,28.03.01 Нанотехнологии,Бакалавриат,Б2,0.5,Зачет с оценкой,15,[8]
936382,Физико-химические основы нанотехнологий,13,28.03.01 Нанотехнологии,Бакалавриат,Б1.О.Prof,1.0,Экзамен,15,[7]
936382,Физика конденсированного состояния веществ,13,28.03.01 Нанотехнологии,Бакалавриат,Б1.О.Prof,1.0,Экзамен,15,[7]
936382,Основы надежности технических систем,13,28.03.01 Нанотехнологии,Бакалавриат,Б1.О.Prof,1.0,Зачет,15,[7]
936382,Спектроскопические методы исследования материалов,13,28.03.01 Нанотехнологии,Бакалавриат,Б1.О.Prof,1.0,Экзамен,15,[7]
936382,Управление интеллектуальной деятельностью,13,28.03.01 Нанотехнологии,Бакалавриат,Б1.В,0.5,Зачет,15,[7]
936382,Технологические системы в нанотехнологии,13,28.03.01 Нанотехнологии,Бакалавриат,Б1.О.Prof,1.0,Зачет,15,[8]
936382,Компьютерные сети,13,28.03.01 Нанотехнологии,Бакалавриат,Б1.О.Prof,1.0,Экзамен,15,[8]
936382,Системы управления технологическими процессами,13,28.03.01 Нанотехнологии,Бакалавриат,Б1.О.Prof,1.0,Зачет,15,[7]
936382,Кристаллография,13,28.03.01 Нанотехнологии,Бакалавриат,Б1.О.Prof,1.0,Зачет,15,[8]
520642,Проектирование картографических баз данных,18,05.03.03 Картография и геоинформатика,Бакалавриат,Б1.О.Prof,1.0,Экзамен,9,[6]
520642,Инженерная геодезия,18,05.03.03 Картография и геоинформатика,Бакалавриат,Б1.О.Prof,1.0,Зачет с оценкой,8,[5]
520642,Общегеографические карты,18,05.03.03 Картография и геоинформатика,Бакалавриат,Б1.В,0.5,Экзамен,9,[6]
520642,Экономическая и социальная география,18,05.03.03 Картография и геоинформатика,Бакалавриат,Б1.В,0.5,Зачет с оценкой,8,[5]
520642,Оформление компьютерных и электронных карт,18,05.03.03 Картография и геоинформатика,Бакалавриат,Б1.В,0.5,Экзамен,8,[5]
520642,"Учебная практика, практика по получению первичных профессиональных умений и навыков, в том числе первичных умений и навыков научно-исследовательско...",18,05.03.03 Картография и геоинформатика,Бакалавриат,Б2,1.0,Зачет с оценкой,10,[6]
520642,Базы пространственных данных,18,05.03.03 Картография и геоинформатика,Бакалавриат,Б1.О.Prof,1.0,Зачет,8,[5]
520642,Основы геоинформационного картографирования,18,05.03.03 Картография и геоинформатика,Бакалавриат,Б1.О.Prof,1.0,Курсовая работа,9,[6]
520642,Прикладная физическая культура (ОФП),18,05.03.03 Картография и геоинформатика,Бакалавриат,Б1.О.General,0.5,Зачет,10,"[5, 6]"
520642,Общие вопросы проектирования и составления карт,18,05.03.03 Картография и геоинформатика,Бакалавриат,Б1.В,0.5,Зачет с оценкой,8,[5]
520642,Математическая картография,18,05.03.03 Картография и геоинформатика,Бакалавриат,Б1.О.Prof,1.0,Зачет с оценкой,8,[5]
520642,Нормативно-правовые основы использования картографических материалов,18,05.03.03 Картография и геоинформатика,Бакалавриат,Б1.В,0.5,Зачет с оценкой,9,[6]
520642,Безопасность жизнедеятельности,18,05.03.03 Картография и геоинформатика,Бакалавриат,Б1.О.General,1.0,Зачет,8,[5]
520642,Фонд космических снимков для создания карт,18,05.03.03 Картография и геоинформатика,Бакалавриат,Б1.О.Prof,1.0,Зачет,8,[5]
520642,Аэрокосмическое зондирование и фотограмметрия,18,05.03.03 Картография и геоинформатика,Бакалавриат,Б1.В,0.5,Зачет с оценкой,9,[6]
520642,Основы спутникового позиционирования,18,05.03.03 Картография и геоинформатика,Бакалавриат,Б1.О.Prof,1.0,Зачет,8,[5]
520642,Создание геоинформационных систем,18,05.03.03 Картография и геоинформатика,Бакалавриат,Б1.О.Prof,1.0,Зачет с оценкой,9,[6]
520642,"Производственная практика, научно-исследовательская работа",18,05.03.03 Картография и геоинформатика,Бакалавриат,Б2,1.0,Зачет с оценкой,10,[6]
790979,Математические методы обработки результатов биологических исследований,10,06.05.01 Биоинженерия (спец.),Специалитет,Б1.О.Prof,1.0,Зачет с оценкой,14,[3]
510406,Цифровая обработка сигналов,2,03.03.02 Физика / Радиофизика,Бакалавриат,Б1.О.Prof,0.6,Экзамен,6,[8]
510406,Физическая электроника,2,03.03.02 Физика / Радиофизика,Бакалавриат,Б1.О.Prof,0.6,Зачет с оценкой,8,[7]
510406,Квантовая радиофизика,2,03.03.02 Физика / Радиофизика,Бакалавриат,Б1.В,0.2,Зачет,6,[8]
510406,Конструирование и технологии радиоэлектронных схем,2,03.03.02 Физика / Радиофизика,Бакалавриат,Б1.В,0.2,Экзамен,6,[8]
510406,"Производственная практика, преддипломная практика",2,03.03.02 Физика / Радиофизика,Бакалавриат,Б2,0.6,Зачет с оценкой,6,[8]
510406,"Защита выпускной квалификационной работы, включая подготовку к защите и процедуру защиты",2,03.03.02 Физика / Радиофизика,Бакалавриат,Б3,0.4,Защита ВКР,5,[8]
510406,Приборы СВЧ,2,03.03.02 Физика / Радиофизика,Бакалавриат,Б1.В,0.2,Зачет с оценкой,6,[8]
510406,Термодинамика и статистическая физика,2,03.03.02 Физика / Радиофизика,Бакалавриат,Б1.В,0.2,Экзамен,8,[7]
510406,Метрология и радиоизмерения,2,03.03.02 Физика / Радиофизика,Бакалавриат,Б1.О.Prof,0.6,Зачет с оценкой,8,"[7, 8]"
510406,Спецпроцессоры и спецконтроллеры,2,03.03.02 Физика / Радиофизика,Бакалавриат,Б1.В,0.4,Зачет с оценкой,8,[7]
510406,Функциональная электроника,2,03.03.02 Физика / Радиофизика,Бакалавриат,Б1.В,0.4,Экзамен,6,[8]
510406,Квантовая электроника,2,03.03.02 Физика / Радиофизика,Бакалавриат,Б1.В,0.2,Зачет с оценкой,6,[8]
510406,Полупроводниковая электроника,2,03.03.02 Физика / Радиофизика,Бакалавриат,Б1.О.Prof,0.6,Экзамен,8,[7]
510406,Статистическая радиофизика,2,03.03.02 Физика / Радиофизика,Бакалавриат,Б1.В,0.2,Экзамен,8,[7]
510406,Аппаратные средства персонального компьютера,2,03.03.02 Физика / Радиофизика,Бакалавриат,Б1.О.Prof,0.6,Экзамен,8,[7]
510406,"Производственная практика, научно-исследовательская работа",2,03.03.02 Физика / Радиофизика,Бакалавриат,Б2,0.8,Зачет с оценкой,6,[7]
246219,Антикризисное управление,35,38.03.02 Менеджмент (антикриз.),Бакалавриат,Б1.О.Prof,1.0,Курсовая работа,8,[7]
246219,Теория и практика финансового оздоровления предприятия,35,38.03.02 Менеджмент (антикриз.),Бакалавриат,Б1.О.Prof,1.0,Зачет с оценкой,8,[7]
246219,Научно-исследовательская работа,35,38.03.02 Менеджмент (антикриз.),Бакалавриат,Б2,0.5,Зачет с оценкой,8,[7]
246219,Преддипломная практика,35,38.03.02 Менеджмент (антикриз.),Бакалавриат,Б2,0.5,Зачет с оценкой,8,[8]
246219,Оценка и управление стоимостью предприятия,35,38.03.02 Менеджмент (антикриз.),Бакалавриат,Б1.О.Prof,1.0,Зачет с оценкой,8,[7]
246219,Диагностика кризисного состояния предприятия,35,38.03.02 Менеджмент (антикриз.),Бакалавриат,Б1.О.Prof,1.0,Экзамен,8,[7]
246219,Основы предпринимательской деятельности,35,38.03.02 Менеджмент (антикриз.),Бакалавриат,Б1.О.Prof,1.0,Зачет с оценкой,8,[8]
246219,Управление изменениями,35,38.03.02 Менеджмент (антикриз.),Бакалавриат,Б1.О.Prof,1.0,Зачет с оценкой,8,[8]
246219,Управление проектами,35,38.03.02 Менеджмент (антикриз.),Бакалавриат,Б1.О.Prof,1.0,Экзамен,8,[7]
246219,Коммуникационный менеджмент,35,38.03.02 Менеджмент (антикриз.),Бакалавриат,Б1.О.Prof,1.0,Зачет с оценкой,8,[8]
246219,Управленческое консультирование,35,38.03.02 Менеджмент (антикриз.),Бакалавриат,Б1.О.Prof,1.0,Зачет с оценкой,8,[8]
246219,Бизнес-планирование,35,38.03.02 Менеджмент (антикриз.),Бакалавриат,Б1.О.Prof,1.0,Зачет с оценкой,8,[7]
520661,Государственная политика и управление,4,41.03.04 Политология,Бакалавриат,Б1.О.Prof,1.0,Экзамен,13,[4]
520661,Культура общения,4,41.03.04 Политология,Бакалавриат,Б1.В,0.5,Зачет,1,[3]
520661,"Учебная практика, научно-исследовательская работа (получение первичных навыков научно-исследовательской работы)",4,41.03.04 Политология,Бакалавриат,Б2,1.0,Зачет с оценкой,12,[4]
520661,Организационная коммуникация,4,41.03.04 Политология,Бакалавриат,Б1.В,0.5,Зачет,2,[3]
520661,Социология,4,41.03.04 Политология,Бакалавриат,Б1.В,0.5,Зачет,2,[3]
520661,Теоретические основы современной регионалистики,4,41.03.04 Политология,Бакалавриат,Б1.В,0.333,Экзамен,16,[3]
520661,Политическая конфликтология,4,41.03.04 Политология,Бакалавриат,Б1.О.Prof,1.0,Экзамен,16,[3]
520661,Внешняя политика США и Канады,4,41.03.04 Политология,Бакалавриат,Б1.В,0.333,Зачет с оценкой,16,[3]
520661,Культурология,4,41.03.04 Политология,Бакалавриат,Б1.О.General,1.0,Зачет,9,[3]
520661,Информационно-аналитическое обеспечение современных региональных и международных процессов,4,41.03.04 Политология,Бакалавриат,Б1.О.Prof,1.0,Зачет с оценкой,17,"[3, 4]"
520661,Социально-политическая стратификация в США и Канаде,4,41.03.04 Политология,Бакалавриат,Б1.В,0.333,Экзамен,13,[4]
520661,Иностранный язык (второй),4,41.03.04 Политология,Бакалавриат,Б1.О.Prof,0.667,Экзамен,16,"[3, 4]"
520661,Глобальная экономическая история,4,41.03.04 Политология,Бакалавриат,Б1.В,0.5,Зачет,1,[3]
520661,Профессиональная иноязычная коммуникация,4,41.03.04 Политология,Бакалавриат,Б1.О.Prof,1.0,Зачет с оценкой,16,"[3, 4]"
520661,Конфликтология,4,41.03.04 Политология,Бакалавриат,Б1.О.General,0.667,Зачет,1,[3]
520661,Организационно-техническое сопровождение профессиональной деятельности,4,41.03.04 Политология,Бакалавриат,Б1.О.Prof,1.0,Экзамен,14,[4]
520661,Социальное предпринимательство и основы проектной деятельности,4,41.03.04 Политология,Бакалавриат,Б1.О.General,1.0,Зачет,16,[3]
520661,История и культура стран Северной Америки,4,41.03.04 Политология,Бакалавриат,Б1.В,0.333,Зачет с оценкой,14,[4]
520661,Прикладная физическая культура (ОФП),4,41.03.04 Политология,Бакалавриат,Б1.О.General,0.667,Зачет,15,"[3, 4]"
145897,Физика: Механика,5,10.05.01 Компьютерная безопасность (спец.),Специалитет,Б1.О.Prof,1.0,Экзамен,28,[1]
145897,Иностранный язык,5,10.05.01 Компьютерная безопасность (спец.),Специалитет,Б1.О.General,1.0,Зачет с оценкой,29,"[1, 2]"
145897,Моделирование социальных систем,5,10.05.01 Компьютерная безопасность (спец.),Специалитет,Б1.О.Prof,1.0,Зачет,27,[2]
145897,Прикладная физическая культура (Адаптивная физическая культура),5,10.05.01 Компьютерная безопасность (спец.),Специалитет,Б1.О.General,0.5,Зачет,3,[2]
145897,Алгебра и геометрия,5,10.05.01 Компьютерная безопасность (спец.),Специалитет,Б1.О.Prof,1.0,Экзамен,25,[2]
145897,Безопасность жизнедеятельности,5,10.05.01 Компьютерная безопасность (спец.),Специалитет,Б1.О.General,1.0,Экзамен,29,[1]
145897,Правоведение,5,10.05.01 Компьютерная безопасность (спец.),Специалитет,Б1.О.General,1.0,Зачет,25,[2]
145897,Языки программирования,5,10.05.01 Компьютерная безопасность (спец.),Специалитет,Б1.О.Prof,1.0,Зачет с оценкой,28,[1]
145897,Экономика,5,10.05.01 Компьютерная безопасность (спец.),Специалитет,Б1.О.General,1.0,Зачет с оценкой,26,[2]
145897,Физика: Электричество и магнетизм,5,10.05.01 Компьютерная безопасность (спец.),Специалитет,Б1.О.Prof,0.75,Зачет с оценкой,27,[2]
145897,Организация ЭВМ и вычислительных сетей,5,10.05.01 Компьютерная безопасность (спец.),Специалитет,Б1.О.Prof,1.0,Зачет с оценкой,25,[2]
145897,Основы информационной безопасности,5,10.05.01 Компьютерная безопасность (спец.),Специалитет,Б1.О.Prof,1.0,Зачет,28,[1]
145897,Языки программирования для автоматизации задач информационной безопасности,5,10.05.01 Компьютерная безопасность (спец.),Специалитет,Б1.О.Prof,1.0,Зачет с оценкой,25,[2]
145897,Информатика и программирование,5,10.05.01 Компьютерная безопасность (спец.),Специалитет,Б1.О.Prof,1.0,Зачет с оценкой,28,[1]
145897,Физическая культура и спорт,5,10.05.01 Компьютерная безопасность (спец.),Специалитет,Б1.О.General,1.0,Зачет,29,[1]
145897,Менеджмент,5,10.05.01 Компьютерная безопасность (спец.),Специалитет,Б1.О.Prof,1.0,Зачет,27,[2]
145897,Математический анализ,5,10.05.01 Компьютерная безопасность (спец.),Специалитет,Б1.О.Prof,1.0,Экзамен,28,[1]
145897,Русский язык и культура речи,5,10.05.01 Компьютерная безопасность (спец.),Специалитет,Б1.О.General,1.0,Зачет,28,[1]
145897,Прикладная физическая культура (Волейбол),5,10.05.01 Компьютерная безопасность (спец.),Специалитет,Б1.О.General,0.5,Зачет,23,"[1, 2]"
145897,История,5,10.05.01 Компьютерная безопасность (спец.),Специалитет,Б1.О.General,1.0,Зачет с оценкой,28,[1]
145897,Прикладная физическая культура (ОФП),5,10.05.01 Компьютерная безопасность (спец.),Специалитет,Б1.О.General,1.0,Зачет,6,[1]
145897,"Учебная практика, практика по получению первичных профессиональных умений, в том числе первичных умений и навыков научно-исследовательской деятельност",5,10.05.01 Компьютерная безопасность (спец.),Специалитет,Б2,0.25,Зачет с оценкой,25,[2]
750066,Специальный практикум,13,28.03.01 Нанотехнологии,Бакалавриат,Б1.О.Prof,1.0,Зачет с оценкой,17,"[5, 6]"
750066,Технологическое предпринимательство и основы проектной деятельности,13,28.03.01 Нанотехнологии,Бакалавриат,Б1.О.General,1.0,Зачет,17,[5]
750066,Методы диагностики в нанотехнологиях: Электронная и сканирующая зондовая микроскопия,13,28.03.01 Нанотехнологии,Бакалавриат,Б1.О.Prof,1.0,Экзамен,16,[6]
750066,Спектроскопические методы исследования материалов,13,28.03.01 Нанотехнологии,Бакалавриат,Б1.О.Prof,1.0,Зачет,17,[6]
750066,Прикладная физическая культура (Легкая атлетика),13,28.03.01 Нанотехнологии,Бакалавриат,Б1.О.General,1.0,Зачет,18,"[5, 6]"
750066,Процессы получения наночастиц и наноматериалов,13,28.03.01 Нанотехнологии,Бакалавриат,Б1.О.Prof,1.0,Экзамен,18,[5]
750066,Квантовая механика,13,28.03.01 Нанотехнологии,Бакалавриат,Б1.О.Prof,1.0,Зачет,16,[6]
750066,Компьютерное моделирование наносистем и процессов нанотехнологий,13,28.03.01 Нанотехнологии,Бакалавриат,Б1.О.Prof,1.0,Экзамен,17,[5]
750066,Прикладная физическая культура (Адаптивная физическая культура),13,28.03.01 Нанотехнологии,Бакалавриат,Б1.О.General,1.0,Зачет,1,[6]
750066,Управление инновационными технологическими проектами,13,28.03.01 Нанотехнологии,Бакалавриат,Б1.О.Prof,1.0,Экзамен,16,[6]
750066,Методы диагностики в нанотехнологиях: Рентгенография и рентгеноструктурный анализ веществ и материалов,13,28.03.01 Нанотехнологии,Бакалавриат,Б1.В,0.5,Экзамен,16,[6]
750066,Оптико-физические методы анализа материалов,13,28.03.01 Нанотехнологии,Бакалавриат,Б1.О.Prof,1.0,Экзамен,16,[5]
750066,Атомное строение вещества,13,28.03.01 Нанотехнологии,Бакалавриат,Б1.О.Prof,1.0,Экзамен,16,[5]
750066,Хроматографические методы анализа в профессиональной деятельности,13,28.03.01 Нанотехнологии,Бакалавриат,Б1.В,0.5,Зачет,17,[6]
750066,"Производственная практика, эксплуатационная практика",13,28.03.01 Нанотехнологии,Бакалавриат,Б2,1.0,Зачет с оценкой,16,[6]
750066,Аналитическая механика,13,28.03.01 Нанотехнологии,Бакалавриат,Б1.О.Prof,1.0,Экзамен,17,[5]
750066,Материаловедение,13,28.03.01 Нанотехнологии,Бакалавриат,Б1.О.Prof,1.0,Зачет с оценкой,17,"[5, 6]"
750066,"Производственная практика, научно-исследовательская работа",13,28.03.01 Нанотехнологии,Бакалавриат,Б2,1.0,Зачет с оценкой,17,"[5, 6]"
281075,Комплексный практикум по социологии,40,Неизвестное (Комплексный практикум по социологии...),Бакалавриат,Б1.О.Prof,1.0,Экзамен,22,"[1, 2]"
281075,Основы математической обработки информации,40,Неизвестное (Комплексный практикум по социологии...),Бакалавриат,Б1.О.Prof,1.0,Зачет с оценкой,21,[1]
281075,Иностранный язык,40,Неизвестное (Комплексный практикум по социологии...),Бакалавриат,Б1.О.General,1.0,Зачет с оценкой,22,"[1, 2]"
281075,Прикладная физическая культура (Адаптивная физическая культура),40,Неизвестное (Комплексный практикум по социологии...),Бакалавриат,Б1.О.General,1.0,Зачет,5,"[1, 2]"
281075,Прикладная физическая культура (ОФП),40,Неизвестное (Комплексный практикум по социологии...),Бакалавриат,Б1.О.General,1.0,Зачет,12,"[1, 2]"
281075,Русский язык и культура речи,40,Неизвестное (Комплексный практикум по социологии...),Бакалавриат,Б1.О.General,1.0,Зачет,22,[1]
281075,Философия,40,Неизвестное (Комплексный практикум по социологии...),Бакалавриат,Б1.О.General,1.0,Зачет с оценкой,17,[2]
281075,Прикладная физическая культура (Волейбол),40,Неизвестное (Комплексный практикум по социологии...),Бакалавриат,Б1.О.General,1.0,Зачет,6,"[1, 2]"
281075,Физическая культура и спорт,40,Неизвестное (Комплексный практикум по социологии...),Бакалавриат,Б1.О.General,1.0,Зачет,22,[1]
281075,Введение в социологию,40,Неизвестное (Комплексный практикум по социологии...),Бакалавриат,Б1.О.Prof,1.0,Экзамен,23,[1]
281075,Теория вероятностей и математическая статистика,40,Неизвестное (Комплексный практикум по социологии...),Бакалавриат,Б1.О.Prof,1.0,Экзамен,5,[2]
281075,Экономика,40,Неизвестное (Комплексный практикум по социологии...),Бакалавриат,Б1.О.General,1.0,Зачет,22,[1]
281075,История социологии,40,Неизвестное (Комплексный практикум по социологии...),Бакалавриат,Б1.О.Prof,1.0,Экзамен,23,"[1, 2]"
281075,"История (история России, всеобщая история)",40,Неизвестное (Комплексный практикум по социологии...),Бакалавриат,Б1.О.General,1.0,Зачет с оценкой,21,[1]
635382,Страхование,9,38.05.01 Экономическая безопасность (спец.),Специалитет,Б1.В,0.5,Зачет с оценкой,35,[6]
635382,Технологическое предпринимательство и основы проектной деятельности,9,38.05.01 Экономическая безопасность (спец.),Специалитет,Б1.О.General,0.5,Зачет,36,[5]
635382,Учет в государственных (муниципальных) учреждениях,9,38.05.01 Экономическая безопасность (спец.),Специалитет,Б1.В,0.5,Экзамен,35,[6]
635382,Эконометрика,9,38.05.01 Экономическая безопасность (спец.),Специалитет,Б1.О.Prof,1.0,Зачет с оценкой,35,[5]
635382,Прикладная физическая культура (Легкая атлетика),9,38.05.01 Экономическая безопасность (спец.),Специалитет,Б1.О.General,1.0,Зачет,35,"[5, 6]"
635382,Прикладная физическая культура (Адаптивная физическая культура),9,38.05.01 Экономическая безопасность (спец.),Специалитет,Б1.О.General,1.0,Зачет,1,[6]
635382,Экономика региона,9,38.05.01 Экономическая безопасность (спец.),Специалитет,Б1.В,0.5,Зачет с оценкой,35,[6]
635382,Государственные и муниципальные финансы,9,38.05.01 Экономическая безопасность (спец.),Специалитет,Б1.О.Prof,1.0,Экзамен,36,[5]
635382,Финансовое право,9,38.05.01 Экономическая безопасность (спец.),Специалитет,Б1.О.Prof,1.0,Зачет с оценкой,36,[5]
635382,Финансовые рынки,9,38.05.01 Экономическая безопасность (спец.),Специалитет,Б1.О.Prof,1.0,Зачет с оценкой,36,[5]
635382,Организация и методика проведения налоговых проверок,9,38.05.01 Экономическая безопасность (спец.),Специалитет,Б1.В,0.5,Зачет с оценкой,35,[6]
635382,Бюджетная система РФ,9,38.05.01 Экономическая безопасность (спец.),Специалитет,Б1.В,0.5,Зачет с оценкой,34,[6]
635382,Экономическая безопасность государства и регионов,9,38.05.01 Экономическая безопасность (спец.),Специалитет,Б1.В,0.5,Зачет,35,[6]
635382,Экономический анализ,9,38.05.01 Экономическая безопасность (спец.),Специалитет,Б1.О.Prof,1.0,Зачет с оценкой,35,[6]
635382,Налоги и налогообложение,9,38.05.01 Экономическая безопасность (спец.),Специалитет,Б1.О.Prof,1.0,Экзамен,36,[5]
635382,Бухгалтерский учет,9,38.05.01 Экономическая безопасность (спец.),Специалитет,Б1.О.Prof,1.0,Экзамен,36,"[5, 6]"
510458,Технологическое предпринимательство и основы проектной деятельности,2,03.03.02 Физика / Радиофизика,Бакалавриат,Б1.О.General,0.2,Зачет,13,[7]
510458,"Лабораторный практикум ""Цифровая обработка сигналов""",2,03.03.02 Физика / Радиофизика,Бакалавриат,Б1.В,0.4,Зачет с оценкой,11,[8]
510458,Цифровая обработка сигналов,2,03.03.02 Физика / Радиофизика,Бакалавриат,Б1.О.Prof,0.6,Экзамен,11,[8]
510458,Моделирование РЭС,2,03.03.02 Физика / Радиофизика,Бакалавриат,Б1.В,0.4,Зачет с оценкой,12,[7]
510458,Асимптотические методы в радиотехнике,2,03.03.02 Физика / Радиофизика,Бакалавриат,Б1.В,0.2,Зачет,14,[7]
510458,Физическая электроника,2,03.03.02 Физика / Радиофизика,Бакалавриат,Б1.О.Prof,0.6,Экзамен,14,[7]
510458,Устройства сверхвысокой частоты и антенны,2,03.03.02 Физика / Радиофизика,Бакалавриат,Б1.В,0.4,Экзамен,11,[8]
510458,Радиотехнические системы,2,03.03.02 Физика / Радиофизика,Бакалавриат,Б1.В,0.2,Зачет,14,[7]
510458,"Производственная практика, преддипломная практика",2,03.03.02 Физика / Радиофизика,Бакалавриат,Б2,0.6,Зачет с оценкой,11,[8]
510458,Метрология и радиоизмерения,2,03.03.02 Физика / Радиофизика,Бакалавриат,Б1.О.Prof,0.6,Экзамен,15,"[7, 8]"
510458,Выполнение и защита выпускной квалификационной работы,2,03.03.02 Физика / Радиофизика,Бакалавриат,Б3,0.2,Защита ВКР,9,[8]
510458,Полупроводниковая электроника,2,03.03.02 Физика / Радиофизика,Бакалавриат,Б1.О.Prof,0.6,Экзамен,12,[7]
510458,Защита инноваций в радиотехнике,2,03.03.02 Физика / Радиофизика,Бакалавриат,Б1.В,0.2,Зачет с оценкой,14,[7]
510458,Радиоавтоматика,2,03.03.02 Физика / Радиофизика,Бакалавриат,Б1.В,0.4,Зачет,14,[7]
510458,Аппаратные средства персонального компьютера,2,03.03.02 Физика / Радиофизика,Бакалавриат,Б1.О.Prof,0.6,Зачет с оценкой,14,[7]
510458,"Производственная практика, научно-исследовательская работа",2,03.03.02 Физика / Радиофизика,Бакалавриат,Б2,0.8,Зачет с оценкой,14,[7]
545277,Информационные технологии в юридической деятельности,12,40.03.01 Юриспруденция,Бакалавриат,Б1.О.Prof,1.0,Экзамен,67,[1]
545277,Иностранный язык,12,40.03.01 Юриспруденция,Бакалавриат,Б1.О.General,1.0,Экзамен,64,[1]
545277,Прикладная физическая культура (Адаптивная физическая культура),12,40.03.01 Юриспруденция,Бакалавриат,Б1.О.General,1.0,Зачет,4,"[1, 2]"
545277,Латинский язык,12,40.03.01 Юриспруденция,Бакалавриат,Б1.В,0.5,Зачет,2,[2]
545277,Профессиональная этика юриста,12,40.03.01 Юриспруденция,Бакалавриат,Б1.В,0.5,Экзамен,67,[1]
545277,Антропология права,12,40.03.01 Юриспруденция,Бакалавриат,Б1.В,0.5,Зачет с оценкой,1,[2]
545277,Безопасность жизнедеятельности,12,40.03.01 Юриспруденция,Бакалавриат,Б1.О.General,1.0,Зачет,65,[1]
545277,История государства и права зарубежных стран,12,40.03.01 Юриспруденция,Бакалавриат,Б1.О.Prof,1.0,Экзамен,69,"[1, 2]"
545277,Логика в профессиональной деятельности юриста,12,40.03.01 Юриспруденция,Бакалавриат,Б1.О.Prof,1.0,Зачет,67,[2]
545277,Физическая культура и спорт,12,40.03.01 Юриспруденция,Бакалавриат,Б1.О.General,1.0,Зачет,67,[1]
545277,Иностранный язык в сфере юриспруденции,12,40.03.01 Юриспруденция,Бакалавриат,Б1.О.Prof,1.0,Экзамен,66,[2]
545277,Прикладная физическая культура (Волейбол),12,40.03.01 Юриспруденция,Бакалавриат,Б1.О.General,0.5,Зачет,34,"[1, 2]"
545277,Конституционное право,12,40.03.01 Юриспруденция,Бакалавриат,Б1.О.Prof,1.0,Экзамен,68,"[1, 2]"
545277,"Органы и лица, исполняющие наказания и другие меры уголовно-правового характера",12,40.03.01 Юриспруденция,Бакалавриат,Б1.О.Prof,1.0,Зачет с оценкой,16,[2]
545277,Антикоррупционное право,12,40.03.01 Юриспруденция,Бакалавриат,Б1.О.Prof,1.0,Зачет с оценкой,13,[2]
545277,Судебная речь,12,40.03.01 Юриспруденция,Бакалавриат,Б1.О.Prof,1.0,Зачет с оценкой,37,[2]
545277,Правоохранительные органы,12,40.03.01 Юриспруденция,Бакалавриат,Б1.О.Prof,1.0,Экзамен,65,[1]
545277,Прикладная физическая культура (ОФП),12,40.03.01 Юриспруденция,Бакалавриат,Б1.О.General,1.0,Зачет,31,"[1, 2]"
545277,Русский язык и культура речи в юриспруденции,12,40.03.01 Юриспруденция,Бакалавриат,Б1.О.Prof,1.0,Зачет,67,[1]
545277,Теория государства и права,12,40.03.01 Юриспруденция,Бакалавриат,Б1.О.Prof,1.0,Экзамен,68,"[1, 2]"
545277,История государства и права России,12,40.03.01 Юриспруденция,Бакалавриат,Б1.О.Prof,1.0,Экзамен,69,"[1, 2]"
385539,Управление ИТ-проектами,19,Неизвестное (Информатика и алгоритмические языки...),Бакалавриат,Б1.О.Prof,1.0,Зачет с оценкой,10,[8]
385539,Поисковая оптимизация и продвижение web-сайта,19,Неизвестное (Информатика и алгоритмические языки...),Бакалавриат,Б1.В,0.5,Зачет с оценкой,10,[8]
385539,Подготовка к сдаче и сдача государственного экзамена,19,Неизвестное (Информатика и алгоритмические языки...),Бакалавриат,Б3,0.5,ГАК,10,[8]
385539,Хранилища данных,19,Неизвестное (Информатика и алгоритмические языки...),Бакалавриат,Б1.О.Prof,1.0,Зачет с оценкой,10,[7]
385539,Мировые информационные ресурсы,19,Неизвестное (Информатика и алгоритмические языки...),Бакалавриат,Б1.В,0.5,Экзамен,10,[7]
385539,Управление жизненным циклом ИС,19,Неизвестное (Информатика и алгоритмические языки...),Бакалавриат,Б1.О.Prof,1.0,Зачет с оценкой,10,[8]
385539,Информационный менеджмент,19,Неизвестное (Информатика и алгоритмические языки...),Бакалавриат,Б1.О.Prof,1.0,Зачет с оценкой,10,[8]
385539,"Производственная практика, преддипломная практика",19,Неизвестное (Информатика и алгоритмические языки...),Бакалавриат,Б2,0.5,Зачет с оценкой,10,[8]
385539,Управление ИТ - сервисами и контентом,19,Неизвестное (Информатика и алгоритмические языки...),Бакалавриат,Б1.О.Prof,1.0,Экзамен,10,[7]
385539,Компьютерные методы принятия организационно-управленческих решений,19,Неизвестное (Информатика и алгоритмические языки...),Бакалавриат,Б1.О.Prof,1.0,Зачет с оценкой,10,[7]
385539,"Защита выпускной квалификационной работы, включая подготовку к защите и процедуру защиты",19,Неизвестное (Информатика и алгоритмические языки...),Бакалавриат,Б3,0.5,Защита ВКР,10,[8]
385539,Архитектура предприятия (Архитектура КИС),19,Неизвестное (Информатика и алгоритмические языки...),Бакалавриат,Б1.О.Prof,1.0,Экзамен,10,[7]
385539,Аудит информационных систем,19,Неизвестное (Информатика и алгоритмические языки...),Бакалавриат,Б1.О.Prof,1.0,Курсовая работа,10,[7]
385539,Правовая защита интеллектуальной собственности,19,Неизвестное (Информатика и алгоритмические языки...),Бакалавриат,Б1.О.Prof,1.0,Зачет с оценкой,10,[7]
387592,Теория вероятности и математическая статистика,17,38.03.04 ГМУ,Бакалавриат,Б1.О.Prof,1.0,Зачет с оценкой,27,[2]
387592,Иностранный язык,17,38.03.04 ГМУ,Бакалавриат,Б1.О.General,1.0,Зачет с оценкой,29,"[1, 2]"
387592,Теория управления,17,38.03.04 ГМУ,Бакалавриат,Б1.О.Prof,1.0,Экзамен,27,[1]
387592,Прикладная физическая культура (ОФП),17,38.03.04 ГМУ,Бакалавриат,Б1.О.General,1.0,Зачет,27,"[1, 2]"
387592,Теория организации,17,38.03.04 ГМУ,Бакалавриат,Б1.О.Prof,1.0,Зачет с оценкой,27,[2]
387592,Гражданское право,17,38.03.04 ГМУ,Бакалавриат,Б1.О.Prof,1.0,Зачет,27,[2]
387592,Русский язык и культура речи,17,38.03.04 ГМУ,Бакалавриат,Б1.О.General,1.0,Зачет,25,[1]
387592,Экономическая теория,17,38.03.04 ГМУ,Бакалавриат,Б1.О.Prof,1.0,Экзамен,27,"[1, 2]"
387592,Безопасность жизнедеятельности,17,38.03.04 ГМУ,Бакалавриат,Б1.О.General,1.0,Зачет,30,[1]
387592,Физическая культура и спорт,17,38.03.04 ГМУ,Бакалавриат,Б1.О.General,1.0,Зачет,27,[1]
387592,История,17,38.03.04 ГМУ,Бакалавриат,Б1.О.General,1.0,Зачет с оценкой,27,[1]
387592,Правоведение,17,38.03.04 ГМУ,Бакалавриат,Б1.О.General,1.0,Зачет,27,[1]
387592,Математика,17,38.03.04 ГМУ,Бакалавриат,Б1.О.General,1.0,Экзамен,29,"[1, 2]"
387592,Информатика и информационные технологии,17,38.03.04 ГМУ,Бакалавриат,Б1.О.Prof,1.0,Зачет с оценкой,27,[1]
387592,Конституционное право,17,38.03.04 ГМУ,Бакалавриат,Б1.О.Prof,1.0,Зачет,27,[2]
387592,Введение в специальность,17,38.03.04 ГМУ,Бакалавриат,Б1.О.Prof,1.0,Зачет с оценкой,27,[2]
946700,Технологическое предпринимательство и основы проектной деятельности,3,01.03.02 ПМИ / 02.03.01 МКН,Бакалавриат,Б1.О.General,0.5,Зачет,22,[7]
946700,Моделирование и программирование в среде Blender,3,01.03.02 ПМИ / 02.03.01 МКН,Бакалавриат,Б1.О.Prof,1.0,Зачет с оценкой,22,[7]
946700,Линейное и математическое программирование,3,01.03.02 ПМИ / 02.03.01 МКН,Бакалавриат,Б1.В,0.25,Экзамен,22,[8]
946700,Компьютерное и математическое моделирование,3,01.03.02 ПМИ / 02.03.01 МКН,Бакалавриат,Б1.В,0.25,Зачет с оценкой,22,[8]
946700,"Производственная практика, научно-исследовательская работа",3,01.03.02 ПМИ / 02.03.01 МКН,Бакалавриат,Б2,1.0,Курсовая работа,8,[7]
946700,"Производственная практика, преддипломная практика",3,01.03.02 ПМИ / 02.03.01 МКН,Бакалавриат,Б2,0.75,Зачет с оценкой,20,[8]
946700,"Производственная практика, проектно-технологическая практика",3,01.03.02 ПМИ / 02.03.01 МКН,Бакалавриат,Б2,0.25,Зачет с оценкой,21,[8]
946700,Автоматизированные методы обработки текстовой информации,3,01.03.02 ПМИ / 02.03.01 МКН,Бакалавриат,Б1.В,0.25,Экзамен,24,[7]
946700,Функциональное и рекурсивно-логическое программирование,3,01.03.02 ПМИ / 02.03.01 МКН,Бакалавриат,Б1.В,0.25,Зачет с оценкой,20,[8]
946700,Технология программирования приложений баз данных для промышленной СУБД,3,01.03.02 ПМИ / 02.03.01 МКН,Бакалавриат,Б1.В,0.25,Зачет с оценкой,22,"[7, 8]"
946700,Администрирование информационных систем,3,01.03.02 ПМИ / 02.03.01 МКН,Бакалавриат,Б1.О.Prof,0.75,Зачет с оценкой,22,[7]
946700,Объектно-ориентированное программирование и моделирование,3,01.03.02 ПМИ / 02.03.01 МКН,Бакалавриат,Б1.В,0.25,Зачет с оценкой,23,"[7, 8]"
188941,Информационные системы в экономике,41,Неизвестное (Информационные системы в экономике...),Бакалавриат,Б1.О.Prof,1.0,Зачет с оценкой,15,[7]
188941,Системы и методы анализа данных,41,Неизвестное (Информационные системы в экономике...),Бакалавриат,Б1.О.Prof,1.0,Зачет с оценкой,15,[8]
188941,Модели и методы принятия решений,41,Неизвестное (Информационные системы в экономике...),Бакалавриат,Б1.О.Prof,1.0,Экзамен,15,[7]
188941,Компьютерное моделирование,41,Неизвестное (Информационные системы в экономике...),Бакалавриат,Б1.О.Prof,1.0,Зачет с оценкой,15,[7]
188941,Стохастическая финансовая математика,41,Неизвестное (Информационные системы в экономике...),Бакалавриат,Б1.О.Prof,1.0,Зачет с оценкой,15,[8]
188941,Основы кибернетики,41,Неизвестное (Информационные системы в экономике...),Бакалавриат,Б1.О.Prof,1.0,Зачет с оценкой,15,[7]
188941,"СС ""Математическое и информационное обеспечение систем диагностики и управления""",41,Неизвестное (Информационные системы в экономике...),Бакалавриат,Б1.О.Prof,1.0,Зачет,15,"[7, 8]"
188941,Исследование операций и теория игр,41,Неизвестное (Информационные системы в экономике...),Бакалавриат,Б1.О.Prof,1.0,Экзамен,15,[7]
188941,Информационные системы,41,Неизвестное (Информационные системы в экономике...),Бакалавриат,Б1.О.Prof,1.0,Зачет с оценкой,16,[7]
188941,Визуальное программирование,41,Неизвестное (Информационные системы в экономике...),Бакалавриат,Б1.О.Prof,1.0,Зачет с оценкой,15,[8]
188941,"Производственная практика, практика по получению профессиональных умений и опыта профессиональной деятельности",41,Неизвестное (Информационные системы в экономике...),Бакалавриат,Б2,1.0,Зачет с оценкой,14,[8]
188941,Математическое моделирование,41,Неизвестное (Информационные системы в экономике...),Бакалавриат,Б1.О.Prof,1.0,Зачет с оценкой,15,[7]
188941,Численные методы математической физики,41,Неизвестное (Информационные системы в экономике...),Бакалавриат,Б1.О.Prof,1.0,Экзамен,16,[7]
432663,ЭВМ и периферийные устройства,1,09.03.02 ИСиТ,Бакалавриат,Б1.О.Prof,0.667,Экзамен,14,[6]
432663,Технологическое предпринимательство и основы проектной деятельности,1,09.03.02 ИСиТ,Бакалавриат,Б1.О.General,0.833,Зачет,14,[6]
432663,Геоинформационные системы,1,09.03.02 ИСиТ,Бакалавриат,Б1.О.Prof,1.0,Экзамен,18,[5]
432663,"3D технологии: моделирование, сканирование и печать",1,09.03.02 ИСиТ,Бакалавриат,Б1.О.Prof,1.0,Зачет с оценкой,16,[6]
432663,Проектирование информационных систем,1,09.03.02 ИСиТ,Бакалавриат,Б1.О.Prof,1.0,Экзамен,17,[5]
432663,Технологии разработки Web-сервисов,1,09.03.02 ИСиТ,Бакалавриат,Б1.О.Prof,1.0,Зачет с оценкой,15,[5]
432663,Прикладная физическая культура (ОФП),1,09.03.02 ИСиТ,Бакалавриат,Б1.О.General,1.0,Зачет,15,"[5, 6]"
432663,Технологии сети Интернет,1,09.03.02 ИСиТ,Бакалавриат,Б1.В,0.333,Экзамен,15,[6]
432663,Технологии разработки программного обеспечения,1,09.03.02 ИСиТ,Бакалавриат,Б1.О.Prof,0.667,Экзамен,1,[6]
432663,"Производственная практика, технологическая практика",1,09.03.02 ИСиТ,Бакалавриат,Б2,0.833,Зачет с оценкой,1,[6]
432663,Программирование и математическое моделирование,1,09.03.02 ИСиТ,Бакалавриат,Б1.О.Prof,1.0,Экзамен,15,[5]
432663,Электроника и схемотехника,1,09.03.02 ИСиТ,Бакалавриат,Б1.О.Prof,1.0,Экзамен,14,[6]
432663,Визуальное программирование,1,09.03.02 ИСиТ,Бакалавриат,Б1.О.Prof,1.0,Зачет с оценкой,16,[5]
432663,Правоведение,1,09.03.02 ИСиТ,Бакалавриат,Б1.О.General,0.5,Зачет,14,[6]
432663,Теория вероятностей и математическая статистика,1,09.03.02 ИСиТ,Бакалавриат,Б1.О.Prof,1.0,Зачет с оценкой,17,[5]
432663,Экономика,1,09.03.02 ИСиТ,Бакалавриат,Б1.О.General,0.667,Зачет,16,[6]
432663,"Производственная практика, научно-исследовательская работа",1,09.03.02 ИСиТ,Бакалавриат,Б2,1.0,Зачет с оценкой,15,"[5, 6]"
246312,"Учебная практика, ознакомительная практика",2,03.03.02 Физика / Радиофизика,Бакалавриат,Б2,0.333,Зачет с оценкой,15,[4]
246312,Электроника,2,03.03.02 Физика / Радиофизика,Бакалавриат,Б1.О.Prof,0.667,Экзамен,21,"[3, 4]"
246312,Радиоматериалы и радиокомпоненты,2,03.03.02 Физика / Радиофизика,Бакалавриат,Б1.В,0.333,Экзамен,22,[3]
246312,Компьютерное моделирование физических процессов,2,03.03.02 Физика / Радиофизика,Бакалавриат,Б1.О.Prof,0.833,Зачет с оценкой,12,[3]
246312,Основы проектирования технических систем,2,03.03.02 Физика / Радиофизика,Бакалавриат,Б1.О.Prof,0.667,Курсовая работа,17,[4]
246312,Оптика,2,03.03.02 Физика / Радиофизика,Бакалавриат,Б1.О.Prof,1.0,Экзамен,17,[4]
246312,Цифровые технологии: от интернета до блокчейна,2,03.03.02 Физика / Радиофизика,Бакалавриат,Б1.О.Prof,0.833,Зачет,21,[3]
246312,Общий физический лабораторный практикум,2,03.03.02 Физика / Радиофизика,Бакалавриат,Б1.О.Prof,0.667,Зачет с оценкой,22,"[3, 4]"
246312,Прикладная физическая культура (Волейбол),2,03.03.02 Физика / Радиофизика,Бакалавриат,Б1.О.General,0.5,Зачет,20,"[3, 4]"
246312,Радиотехнические цепи и сигналы,2,03.03.02 Физика / Радиофизика,Бакалавриат,Б1.В,0.333,Экзамен,17,[4]
246312,Философия,2,03.03.02 Физика / Радиофизика,Бакалавриат,Б1.О.General,1.0,Зачет с оценкой,22,[3]
246312,Лабораторный практикум по электронике,2,03.03.02 Физика / Радиофизика,Бакалавриат,Б1.О.Prof,0.667,Зачет с оценкой,20,"[3, 4]"
246312,Математика,2,03.03.02 Физика / Радиофизика,Бакалавриат,Б1.О.General,0.333,Экзамен,22,[3]
246312,Молекулярная физика,2,03.03.02 Физика / Радиофизика,Бакалавриат,Б1.В,0.5,Экзамен,22,[3]
246312,Методы обработки экспериментальных данных,2,03.03.02 Физика / Радиофизика,Бакалавриат,Б1.О.Prof,0.833,Зачет с оценкой,17,[4]
246312,Технологии программирования в радиотехнике,2,03.03.02 Физика / Радиофизика,Бакалавриат,Б1.В,0.333,Зачет с оценкой,15,[4]
246312,Компьютерные технологии в науке и образовании,2,03.03.02 Физика / Радиофизика,Бакалавриат,Б1.О.Prof,0.667,Зачет с оценкой,8,[3]
393774,Государственный экзамен,1,09.03.02 ИСиТ,Бакалавриат,Б3,0.5,ГАК,20,[8]
393774,Моделирование и программирование в среде Blender,1,09.03.02 ИСиТ,Бакалавриат,Б1.О.Prof,1.0,Зачет с оценкой,20,[7]
393774,Защита информации,1,09.03.02 ИСиТ,Бакалавриат,Б1.О.Prof,1.0,Курсовая работа,20,[7]
393774,Научно-исследовательская работа,1,09.03.02 ИСиТ,Бакалавриат,Б2,0.333,Зачет с оценкой,20,[7]
393774,Параллельное программирование,1,09.03.02 ИСиТ,Бакалавриат,Б1.О.Prof,1.0,Экзамен,20,[7]
393774,Модели и методы принятия решений,1,09.03.02 ИСиТ,Бакалавриат,Б1.В,0.5,Зачет с оценкой,20,[7]
393774,Администрирование локальных сетей,1,09.03.02 ИСиТ,Бакалавриат,Б1.В,0.5,Зачет с оценкой,20,[7]
393774,Технологии обработки информации,1,09.03.02 ИСиТ,Бакалавриат,Б1.О.Prof,1.0,Зачет с оценкой,20,[7]
393774,Мультимедиа технологии,1,09.03.02 ИСиТ,Бакалавриат,Б1.О.Prof,1.0,Зачет с оценкой,20,[8]
393774,Безопасность жизнедеятельности,1,09.03.02 ИСиТ,Бакалавриат,Б1.О.General,1.0,Зачет,20,[7]
393774,Системы автоматизированного проектирования,1,09.03.02 ИСиТ,Бакалавриат,Б1.В,0.5,Зачет с оценкой,20,[8]
393774,Интеллектуальные системы и технологии,1,09.03.02 ИСиТ,Бакалавриат,Б1.О.Prof,0.667,Зачет с оценкой,20,[8]
301625,Физическая география мира,31,Неизвестное (ГИС в географии...),Бакалавриат,Б1.О.Prof,1.0,Зачет с оценкой,12,[6]
301625,ГИС в географии,31,Неизвестное (ГИС в географии...),Бакалавриат,Б1.В,0.5,Экзамен,14,[5]
301625,Биогеография,31,Неизвестное (ГИС в географии...),Бакалавриат,Б1.О.Prof,1.0,Зачет,13,[5]
301625,Физико-географическое районирование России,31,Неизвестное (ГИС в географии...),Бакалавриат,Б1.О.Prof,1.0,Экзамен,12,[6]
301625,Основы рекреационной географии и туризма,31,Неизвестное (ГИС в географии...),Бакалавриат,Б1.О.Prof,1.0,Экзамен,14,[5]
301625,Гидрология,31,Неизвестное (ГИС в географии...),Бакалавриат,Б1.О.Prof,1.0,Зачет с оценкой,13,[5]
301625,Геоэкология,31,Неизвестное (ГИС в географии...),Бакалавриат,Б1.О.Prof,1.0,Экзамен,14,[5]
301625,Прикладная физическая культура (ОФП),31,Неизвестное (ГИС в географии...),Бакалавриат,Б1.О.General,1.0,Зачет,13,"[5, 6]"
301625,Методы экономико-географических исследований,31,Неизвестное (ГИС в географии...),Бакалавриат,Б1.В,0.5,Зачет,15,[5]
301625,Безопасность жизнедеятельности,31,Неизвестное (ГИС в географии...),Бакалавриат,Б1.О.General,1.0,Зачет,13,[5]
301625,Экономическая и социальная география России,31,Неизвестное (ГИС в географии...),Бакалавриат,Б1.О.Prof,1.0,Курсовая работа,14,[5]
301625,Устойчивое развитие,31,Неизвестное (ГИС в географии...),Бакалавриат,Б1.О.Prof,1.0,Зачет,12,[6]
301625,"Учебная практика, практика по получению первичных профессиональных умений и навыков (полевая)",31,Неизвестное (ГИС в географии...),Бакалавриат,Б2,1.0,Зачет с оценкой,12,[6]
301625,ДЗЗ и экологическое картографирование,31,Неизвестное (ГИС в географии...),Бакалавриат,Б1.О.Prof,1.0,Зачет с оценкой,12,[6]
301625,Землеустройство и кадастр,31,Неизвестное (ГИС в географии...),Бакалавриат,Б1.О.Prof,1.0,Зачет с оценкой,12,[6]
301625,Физическая география России,31,Неизвестное (ГИС в географии...),Бакалавриат,Б1.О.Prof,1.0,Экзамен,13,[5]
301625,Экономико-географическое районирование России,31,Неизвестное (ГИС в географии...),Бакалавриат,Б1.О.Prof,1.0,Экзамен,12,[6]
365116,Иностранный язык,2,03.03.02 Физика / Радиофизика,Бакалавриат,Б1.О.General,1.0,Экзамен,26,"[1, 2]"
365116,Аналитическая геометрия и линейная алгебра,2,03.03.02 Физика / Радиофизика,Бакалавриат,Б1.О.Prof,0.667,Экзамен,24,[1]
365116,Математический анализ,2,03.03.02 Физика / Радиофизика,Бакалавриат,Б1.О.Prof,0.667,Экзамен,26,"[1, 2]"
365116,Русский язык и культура речи,2,03.03.02 Физика / Радиофизика,Бакалавриат,Б1.О.General,1.0,Зачет,24,[1]
365116,Прикладная физическая культура (Волейбол),2,03.03.02 Физика / Радиофизика,Бакалавриат,Б1.О.General,1.0,Зачет,25,"[1, 2]"
365116,Электричество и магнетизм,2,03.03.02 Физика / Радиофизика,Бакалавриат,Б1.О.Prof,1.0,Экзамен,24,[2]
365116,Физический лабораторный практикум -1,2,03.03.02 Физика / Радиофизика,Бакалавриат,Б1.В,0.333,Зачет с оценкой,26,"[1, 2]"
365116,Физическая культура и спорт,2,03.03.02 Физика / Радиофизика,Бакалавриат,Б1.О.General,1.0,Зачет,24,[1]
365116,История физики и техники,2,03.03.02 Физика / Радиофизика,Бакалавриат,Б1.О.Prof,0.667,Зачет с оценкой,24,[2]
365116,Векторный и тензорный анализ,2,03.03.02 Физика / Радиофизика,Бакалавриат,Б1.В,0.333,Зачет с оценкой,24,[2]
365116,Вычислительная физика и математика,2,03.03.02 Физика / Радиофизика,Бакалавриат,Б1.В,0.333,Зачет с оценкой,26,"[1, 2]"
365116,Механика,2,03.03.02 Физика / Радиофизика,Бакалавриат,Б1.О.Prof,1.0,Экзамен,24,[1]
365116,Введение в специальность,2,03.03.02 Физика / Радиофизика,Бакалавриат,Б1.О.Prof,0.667,Зачет с оценкой,26,"[1, 2]"
606792,Специальный практикум,8,40.03.01 Юриспруденция,Специалитет,Б1.О.Prof,1.0,Зачет,49,[7]
606792,Нелинейная оптика и спектроскопия,8,40.03.01 Юриспруденция,Специалитет,Б1.О.Prof,1.0,Зачет,50,[8]
606792,Спектроскопические методы анализа,8,40.03.01 Юриспруденция,Специалитет,Б1.О.Prof,1.0,Экзамен,49,[7]
606792,Гражданский процесс,8,40.03.01 Юриспруденция,Специалитет,Б1.О.Prof,1.0,Экзамен,49,[8]
606792,"Судебная экспертиза металлов, сплавов и изделий из них",8,40.03.01 Юриспруденция,Специалитет,Б1.О.Prof,1.0,Экзамен,49,[7]
606792,Уголовный процесс,8,40.03.01 Юриспруденция,Специалитет,Б1.О.Prof,1.0,Зачет с оценкой,50,[8]
606792,Гражданское право,8,40.03.01 Юриспруденция,Специалитет,Б1.О.Prof,1.0,Зачет,49,[7]
606792,Судебная экспертиза волокнистых материалов и изделий из них,8,40.03.01 Юриспруденция,Специалитет,Б1.О.Prof,1.0,Экзамен,50,[8]
606792,Судебная экспертиза продуктов выстрела и взрыва,8,40.03.01 Юриспруденция,Специалитет,Б1.О.Prof,1.0,Экзамен,50,[8]
606792,Оптико-физические методы анализа материалов,8,40.03.01 Юриспруденция,Специалитет,Б1.О.Prof,1.0,Зачет с оценкой,49,[7]
606792,Трасология и трасологическая экспертиза,8,40.03.01 Юриспруденция,Специалитет,Б1.О.Prof,1.0,Зачет с оценкой,50,[8]
606792,Судебная экспертиза лакокрасочных материалов и лакокрасочных покрытий,8,40.03.01 Юриспруденция,Специалитет,Б1.О.Prof,1.0,Зачет с оценкой,49,[7]
606792,"Производственная практика, практика по получению профессиональных умений и опыта профессиональной деятельности",8,40.03.01 Юриспруденция,Специалитет,Б2,1.0,Зачет с оценкой,50,[8]
606792,Физика конденсированного состояния веществ,8,40.03.01 Юриспруденция,Специалитет,Б1.О.Prof,1.0,Экзамен,49,[7]
606792,"Производственная практика, научно-исследовательская работа",8,40.03.01 Юриспруденция,Специалитет,Б2,1.0,Зачет с оценкой,50,"[7, 8]"
287311,Культура общения,12,40.03.01 Юриспруденция,Бакалавриат,Б1.В,0.5,Зачет,17,[3]
287311,Прикладная физическая культура (Адаптивная физическая культура),12,40.03.01 Юриспруденция,Бакалавриат,Б1.О.General,1.0,Зачет,13,"[3, 4]"
287311,Организационная коммуникация,12,40.03.01 Юриспруденция,Бакалавриат,Б1.В,0.5,Зачет,7,[3]
287311,Финансовое право,12,40.03.01 Юриспруденция,Бакалавриат,Б1.О.Prof,1.0,Экзамен,165,[4]
287311,Социология,12,40.03.01 Юриспруденция,Бакалавриат,Б1.В,0.5,Зачет,6,[3]
287311,Экономика,12,40.03.01 Юриспруденция,Бакалавриат,Б1.О.General,1.0,Зачет с оценкой,152,[3]
287311,Уголовное право,12,40.03.01 Юриспруденция,Бакалавриат,Б1.О.Prof,1.0,Экзамен,166,"[3, 4]"
287311,Теория и практика аргументации,12,40.03.01 Юриспруденция,Бакалавриат,Б1.В,0.5,Зачет,57,[3]
287311,Административное право,12,40.03.01 Юриспруденция,Бакалавриат,Б1.О.Prof,1.0,Экзамен,159,[3]
287311,Трудовое право,12,40.03.01 Юриспруденция,Бакалавриат,Б1.О.Prof,1.0,Экзамен,159,[4]
287311,Конституционное право зарубежных стран,12,40.03.01 Юриспруденция,Бакалавриат,Б1.О.Prof,1.0,Экзамен,160,[3]
287311,Гражданское право,12,40.03.01 Юриспруденция,Бакалавриат,Б1.О.Prof,1.0,Зачет с оценкой,169,"[3, 4]"
287311,Философия,12,40.03.01 Юриспруденция,Бакалавриат,Б1.О.General,1.0,Экзамен,148,[4]
287311,Конфликтология,12,40.03.01 Юриспруденция,Бакалавриат,Б1.О.General,0.5,Зачет,56,[3]
287311,Права человека,12,40.03.01 Юриспруденция,Бакалавриат,Б1.О.Prof,1.0,Зачет с оценкой,154,[4]
287311,Прикладная физическая культура (Легкая атлетика),12,40.03.01 Юриспруденция,Бакалавриат,Б1.О.General,0.5,Зачет,23,[3]
287311,Социальное предпринимательство и основы проектной деятельности,12,40.03.01 Юриспруденция,Бакалавриат,Б1.О.General,1.0,Зачет,160,[3]
287311,Международное право,12,40.03.01 Юриспруденция,Бакалавриат,Б1.О.Prof,1.0,Экзамен,160,[3]
287311,Прикладная физическая культура (ОФП),12,40.03.01 Юриспруденция,Бакалавриат,Б1.О.General,1.0,Зачет,147,"[3, 4]"
287311,"Учебная практика, практика по получению первичных профессиональных умений и навыков",12,40.03.01 Юриспруденция,Бакалавриат,Б2,1.0,Зачет с оценкой,145,[4]
287311,Муниципальное право,12,40.03.01 Юриспруденция,Бакалавриат,Б1.О.Prof,1.0,Зачет с оценкой,161,[4]
287311,Юридическая техника,12,40.03.01 Юриспруденция,Бакалавриат,Б1.О.Prof,1.0,Зачет с оценкой,160,[3]
287311,Цифровые технологии в профессиональной деятельности юриста: от интернета до блокчейна,12,40.03.01 Юриспруденция,Бакалавриат,Б1.В,0.5,Зачет,159,[3]
109146,Компьютерное моделирование физических процессов,2,03.03.02 Физика / Радиофизика,Бакалавриат,Б1.О.Prof,0.833,Зачет,20,[4]
109146,Цифровые технологии: от интернета до блокчейна,2,03.03.02 Физика / Радиофизика,Бакалавриат,Б1.О.Prof,0.833,Зачет,21,[3]
109146,Практикум по лазерным измерениям,2,03.03.02 Физика / Радиофизика,Бакалавриат,Б1.В,0.167,Зачет,20,[4]
109146,Теоретическая механика,2,03.03.02 Физика / Радиофизика,Бакалавриат,Б1.В,0.333,Экзамен,20,[4]
109146,Безопасность жизнедеятельности,2,03.03.02 Физика / Радиофизика,Бакалавриат,Б1.О.General,0.333,Зачет,22,[3]
109146,Методы обработки экспериментальных данных,2,03.03.02 Физика / Радиофизика,Бакалавриат,Б1.О.Prof,0.833,Зачет,20,[4]
109146,Экономика,2,03.03.02 Физика / Радиофизика,Бакалавриат,Б1.О.General,0.667,Зачет с оценкой,20,[4]
109146,Правоведение,2,03.03.02 Физика / Радиофизика,Бакалавриат,Б1.О.General,0.667,Зачет,20,[4]
109146,Дифференциальные уравнения,2,03.03.02 Физика / Радиофизика,Бакалавриат,Б1.О.Prof,0.667,Экзамен,22,[3]
109146,Оптика,2,03.03.02 Физика / Радиофизика,Бакалавриат,Б1.О.Prof,1.0,Экзамен,20,[4]
109146,Физическая химия,2,03.03.02 Физика / Радиофизика,Бакалавриат,Б1.В,0.167,Зачет,21,[3]
109146,Прикладная физическая культура (Волейбол),2,03.03.02 Физика / Радиофизика,Бакалавриат,Б1.О.General,0.5,Зачет,25,"[3, 4]"
109146,Философия,2,03.03.02 Физика / Радиофизика,Бакалавриат,Б1.О.General,1.0,Зачет с оценкой,20,[4]
109146,История,2,03.03.02 Физика / Радиофизика,Бакалавриат,Б1.О.General,0.333,Зачет с оценкой,22,[3]
109146,Вычислительная физика и математика,2,03.03.02 Физика / Радиофизика,Бакалавриат,Б1.В,0.167,Зачет с оценкой,21,[3]
109146,Молекулярная физика,2,03.03.02 Физика / Радиофизика,Бакалавриат,Б1.В,0.5,Экзамен,22,[3]
109146,Физический лабораторный практикум -2,2,03.03.02 Физика / Радиофизика,Бакалавриат,Б1.В,0.167,Зачет с оценкой,25,"[3, 4]"
109146,Уравнения математической физики,2,03.03.02 Физика / Радиофизика,Бакалавриат,Б1.В,0.333,Экзамен,20,[3]
109146,Методы математической физики,2,03.03.02 Физика / Радиофизика,Бакалавриат,Б1.О.Prof,0.667,Экзамен,19,[4]
109146,Численное моделирование в физике,2,03.03.02 Физика / Радиофизика,Бакалавриат,Б1.В,0.333,Зачет с оценкой,21,[3]
361050,Экономика государственного и муниципального сектора,17,38.03.04 ГМУ,Бакалавриат,Б1.О.Prof,1.0,Экзамен,24,[7]
361050,Методы муниципального управления,17,38.03.04 ГМУ,Бакалавриат,Б1.О.Prof,1.0,Зачет с оценкой,24,[7]
361050,Налоги и налогообложение,17,38.03.04 ГМУ,Бакалавриат,Б1.О.Prof,1.0,Экзамен,24,[7]
361050,Маркетинг территорий,17,38.03.04 ГМУ,Бакалавриат,Б1.О.Prof,1.0,Зачет с оценкой,24,[7]
361050,Антикризисное управление муниципальным образованием,17,38.03.04 ГМУ,Бакалавриат,Б1.О.Prof,1.0,Зачет с оценкой,24,[7]
361050,Муниципальные планы и программы развития,17,38.03.04 ГМУ,Бакалавриат,Б1.О.Prof,1.0,Зачет с оценкой,24,[8]
361050,Региональное управление и территориальное планирование,17,38.03.04 ГМУ,Бакалавриат,Б1.О.Prof,1.0,Экзамен,24,[8]
361050,Деятельность органов государственной власти и местного самоуправления в сфере противодействия терроризму в Российской Федерации,17,38.03.04 ГМУ,Бакалавриат,Б1.О.Prof,1.0,Зачет с оценкой,24,[8]
361050,Экономика и управление муниципальным предприятием,17,38.03.04 ГМУ,Бакалавриат,Б1.О.Prof,1.0,Экзамен,24,[8]
361050,Управление государственным и муниципальным имуществом,17,38.03.04 ГМУ,Бакалавриат,Б1.О.Prof,1.0,Экзамен,24,[8]
361050,Муниципальное право,17,38.03.04 ГМУ,Бакалавриат,Б1.О.Prof,1.0,Зачет,24,[8]
361050,"Производственная практика, преддипломная",17,38.03.04 ГМУ,Бакалавриат,Б2,0.5,Зачет с оценкой,24,[8]
361050,Управление общественными организациями и объединениями,17,38.03.04 ГМУ,Бакалавриат,Б1.О.Prof,1.0,Зачет с оценкой,24,[7]
361050,Стратегическое управление муниципальным образованием,17,38.03.04 ГМУ,Бакалавриат,Б1.О.Prof,1.0,Экзамен,24,[7]
361050,Связи с общественностью в органах власти,17,38.03.04 ГМУ,Бакалавриат,Б1.О.Prof,1.0,Зачет с оценкой,24,[7]
238173,Деловой этикет,22,43.03.02 Туризм,Бакалавриат,Б1.О.Prof,1.0,Зачет с оценкой,25,[3]
238173,Основы математической обработки информации,22,43.03.02 Туризм,Бакалавриат,Б1.О.Prof,1.0,Зачет с оценкой,23,[3]
238173,Технология организации экскурсионных услуг,22,43.03.02 Туризм,Бакалавриат,Б1.О.Prof,1.0,Экзамен,3,[4]
238173,"Учебная практика, ознакомительная",22,43.03.02 Туризм,Бакалавриат,Б2,0.5,Зачет с оценкой,3,[4]
238173,Правовое регулирование в туризме,22,43.03.02 Туризм,Бакалавриат,Б1.О.Prof,1.0,Экзамен,25,"[3, 4]"
238173,Социальное предпринимательство и основы проектной деятельности,22,43.03.02 Туризм,Бакалавриат,Б1.О.General,1.0,Зачет,24,[3]
238173,Туристские ресурсы РФ,22,43.03.02 Туризм,Бакалавриат,Б1.О.Prof,1.0,Экзамен,24,[3]
238173,Прикладная физическая культура (ОФП),22,43.03.02 Туризм,Бакалавриат,Б1.О.General,1.0,Зачет,22,"[3, 4]"
238173,"Учебная практика, исследовательская",22,43.03.02 Туризм,Бакалавриат,Б2,0.5,Курсовая работа,1,[4]
238173,Туристская индустрия в СНГ,22,43.03.02 Туризм,Бакалавриат,Б1.О.Prof,1.0,Экзамен,25,[3]
238173,Профессиональная иноязычная коммуникация,22,43.03.02 Туризм,Бакалавриат,Б1.О.Prof,1.0,Зачет с оценкой,25,[3]
238173,Менеджмент в туристской индустрии,22,43.03.02 Туризм,Бакалавриат,Б1.О.Prof,1.0,Экзамен,6,[4]
238173,Экономика,22,43.03.02 Туризм,Бакалавриат,Б1.О.General,1.0,Зачет,23,[3]
238173,Культурно-исторические объекты туристского интереса,22,43.03.02 Туризм,Бакалавриат,Б1.О.Prof,1.0,Зачет,21,[4]
854625,Система социальной защиты населения в РФ,27,39.03.02 Социальная работа,Бакалавриат,Б1.О.Prof,1.0,Экзамен,1,[2]
854625,История благотворительности,27,39.03.02 Социальная работа,Бакалавриат,Б1.О.Prof,1.0,Экзамен,13,[1]
854625,"Учебная практика, ознакомительная",27,39.03.02 Социальная работа,Бакалавриат,Б2,1.0,Зачет с оценкой,2,[2]
854625,Иностранный язык,27,39.03.02 Социальная работа,Бакалавриат,Б1.О.General,1.0,Зачет с оценкой,13,[1]
854625,Прикладная физическая культура (Адаптивная физическая культура),27,39.03.02 Социальная работа,Бакалавриат,Б1.О.General,1.0,Зачет,1,[1]
854625,Основы социальной медицины,27,39.03.02 Социальная работа,Бакалавриат,Б1.О.Prof,1.0,Зачет,1,[2]
854625,Прикладная физическая культура (ОФП),27,39.03.02 Социальная работа,Бакалавриат,Б1.О.General,1.0,Зачет,12,"[1, 2]"
854625,Теория социальной работы,27,39.03.02 Социальная работа,Бакалавриат,Б1.О.Prof,1.0,Зачет с оценкой,14,[2]
854625,Введение в профессию,27,39.03.02 Социальная работа,Бакалавриат,Б1.О.Prof,1.0,Экзамен,13,[1]
854625,Русский язык и культура речи,27,39.03.02 Социальная работа,Бакалавриат,Б1.О.General,1.0,Зачет,12,[1]
854625,Физическая культура и спорт,27,39.03.02 Социальная работа,Бакалавриат,Б1.О.General,1.0,Зачет,12,[1]
854625,Этические основы социальной работы,27,39.03.02 Социальная работа,Бакалавриат,Б1.О.Prof,1.0,Зачет с оценкой,13,[1]
854625,Безопасность жизнедеятельности,27,39.03.02 Социальная работа,Бакалавриат,Б1.О.General,1.0,Зачет,12,[1]
854625,История социальной работы,27,39.03.02 Социальная работа,Бакалавриат,Б1.О.Prof,1.0,Экзамен,13,[1]
854625,Экономика,27,39.03.02 Социальная работа,Бакалавриат,Б1.О.General,1.0,Зачет,1,[2]
854625,"История (история России, всеобщая история)",27,39.03.02 Социальная работа,Бакалавриат,Б1.О.General,1.0,Зачет с оценкой,13,[1]
606823,Прикладная физическая культура (Адаптивная физическая культура),13,28.03.01 Нанотехнологии,Бакалавриат,Б1.О.General,1.0,Зачет,3,[4]
606823,Электрические и магнитные свойства веществ,13,28.03.01 Нанотехнологии,Бакалавриат,Б1.О.Prof,1.0,Экзамен,23,[3]
606823,Лабораторный практикум по электрическим и магнитным свойствам,13,28.03.01 Нанотехнологии,Бакалавриат,Б1.В,0.5,Зачет,25,[4]
606823,Правоведение,13,28.03.01 Нанотехнологии,Бакалавриат,Б1.О.General,1.0,Зачет,24,[4]
606823,"Учебная практика, научно-исследовательская работа (получение первичных умений и навыков научно-исследовательской работы)",13,28.03.01 Нанотехнологии,Бакалавриат,Б2,0.5,Зачет с оценкой,24,[4]
606823,Экономика,13,28.03.01 Нанотехнологии,Бакалавриат,Б1.О.General,1.0,Зачет,24,[3]
606823,Прикладная оптика,13,28.03.01 Нанотехнологии,Бакалавриат,Б1.О.Prof,1.0,Экзамен,23,[3]
606823,Коллоидная химия,13,28.03.01 Нанотехнологии,Бакалавриат,Б1.О.Prof,1.0,Экзамен,24,[4]
606823,Научно-технический перевод в профессиональной сфере,13,28.03.01 Нанотехнологии,Бакалавриат,Б1.В,0.5,Зачет,25,[4]
606823,Методы моделирования в нанотехнологии,13,28.03.01 Нанотехнологии,Бакалавриат,Б1.В,0.5,Экзамен,23,[3]
606823,Практикум по обработке результатов измерений,13,28.03.01 Нанотехнологии,Бакалавриат,Б1.О.Prof,1.0,Зачет,25,[4]
606823,Современные методы аналитической химии в профессиональной деятельности,13,28.03.01 Нанотехнологии,Бакалавриат,Б1.О.Prof,1.0,Экзамен,23,[3]
606823,Философия,13,28.03.01 Нанотехнологии,Бакалавриат,Б1.О.General,1.0,Зачет с оценкой,25,[3]
606823,Прикладная физическая культура (Волейбол),13,28.03.01 Нанотехнологии,Бакалавриат,Б1.О.General,0.5,Зачет,2,[4]
606823,Электроника и схемотехника,13,28.03.01 Нанотехнологии,Бакалавриат,Б1.В,0.5,Зачет с оценкой,24,[3]
606823,Электрохимия,13,28.03.01 Нанотехнологии,Бакалавриат,Б1.О.Prof,1.0,Зачет,25,[4]
606823,Безопасность нанотехнологий,13,28.03.01 Нанотехнологии,Бакалавриат,Б1.О.Prof,1.0,Зачет,25,[4]
606823,Органическая химия,13,28.03.01 Нанотехнологии,Бакалавриат,Б1.О.Prof,1.0,Зачет с оценкой,24,[3]
606823,Физическая химия веществ и материалов,13,28.03.01 Нанотехнологии,Бакалавриат,Б1.О.Prof,1.0,Экзамен,25,[4]
606823,Информатика,13,28.03.01 Нанотехнологии,Бакалавриат,Б1.О.General,1.0,Экзамен,23,[3]
606823,Прикладная физическая культура (ОФП),13,28.03.01 Нанотехнологии,Бакалавриат,Б1.О.General,0.5,Зачет,25,"[3, 4]"
606823,Статистические методы анализа в профессиональной деятельности,13,28.03.01 Нанотехнологии,Бакалавриат,Б1.В,0.5,Экзамен,24,[4]
590443,Управление персоналом,32,38.03.02 Менеджмент,Бакалавриат,Б1.О.Prof,1.0,Экзамен,17,[5]
590443,Технологическое предпринимательство и основы проектной деятельности,32,38.03.02 Менеджмент,Бакалавриат,Б1.О.General,1.0,Зачет,16,[6]
590443,Самоменеджмент,32,38.03.02 Менеджмент,Бакалавриат,Б1.О.Prof,1.0,Зачет с оценкой,17,[5]
590443,Иностранный язык,32,38.03.02 Менеджмент,Бакалавриат,Б1.О.General,1.0,Зачет с оценкой,17,[5]
590443,Патентоведение и защита интеллектуальной собственности,32,38.03.02 Менеджмент,Бакалавриат,Б1.О.Prof,1.0,Зачет с оценкой,17,[5]
590443,Технологии и инфраструктура нововведений,32,38.03.02 Менеджмент,Бакалавриат,Б1.О.Prof,1.0,Экзамен,16,[6]
590443,Типовые задачи прикладной инноватики,32,38.03.02 Менеджмент,Бакалавриат,Б1.О.Prof,1.0,Зачет с оценкой,16,[6]
590443,Прикладная физическая культура (ОФП),32,38.03.02 Менеджмент,Бакалавриат,Б1.О.General,1.0,Зачет,16,"[5, 6]"
590443,Инновационный менеджмент,32,38.03.02 Менеджмент,Бакалавриат,Б1.О.Prof,1.0,Зачет с оценкой,16,[6]
590443,Основы предпринимательской деятельности,32,38.03.02 Менеджмент,Бакалавриат,Б1.О.Prof,1.0,Экзамен,17,[5]
590443,Бухгалтерский и управленческий учет в инновационной сфере,32,38.03.02 Менеджмент,Бакалавриат,Б1.О.Prof,1.0,Зачет с оценкой,16,[6]
590443,Предметно-ориентированные прикладные программы в инноватике,32,38.03.02 Менеджмент,Бакалавриат,Б1.О.Prof,1.0,Зачет с оценкой,17,[5]
590443,Правовое обеспечение инновационной деятельности,32,38.03.02 Менеджмент,Бакалавриат,Б1.О.Prof,1.0,Зачет с оценкой,17,[5]
590443,Управление исследованиями и разработками,32,38.03.02 Менеджмент,Бакалавриат,Б1.О.Prof,1.0,Зачет с оценкой,17,[5]
590443,"Производственная практика, практика по получению профессиональных умений и опыта профессиональной деятельности",32,38.03.02 Менеджмент,Бакалавриат,Б2,1.0,Зачет с оценкой,16,[6]
590443,Стратегический менеджмент,32,38.03.02 Менеджмент,Бакалавриат,Б1.О.Prof,1.0,Экзамен,16,[6]
229999,Информатика,15,45.03.02 Лингвистика (перевод),Бакалавриат,Б1.О.General,1.0,Зачет с оценкой,71,[1]
229999,Теория межкультурной коммуникации,15,45.03.02 Лингвистика (перевод),Бакалавриат,Б1.В,0.5,Зачет с оценкой,68,[2]
229999,Практический курс первого иностранного языка,15,45.03.02 Лингвистика (перевод),Бакалавриат,Б1.О.Prof,1.0,Зачет с оценкой,73,"[1, 2]"
229999,Основы языкознания,15,45.03.02 Лингвистика (перевод),Бакалавриат,Б1.О.Prof,1.0,Экзамен,73,[1]
229999,Древние языки и культуры,15,45.03.02 Лингвистика (перевод),Бакалавриат,Б1.О.Prof,1.0,Зачет с оценкой,68,[1]
229999,Русский язык и культура речи,15,45.03.02 Лингвистика (перевод),Бакалавриат,Б1.О.General,1.0,Зачет,71,[1]
229999,Прикладная физическая культура (Волейбол),15,45.03.02 Лингвистика (перевод),Бакалавриат,Б1.О.General,1.0,Зачет,70,"[1, 2]"
229999,Физическая культура и спорт,15,45.03.02 Лингвистика (перевод),Бакалавриат,Б1.О.General,1.0,Зачет,71,[1]
229999,История,15,45.03.02 Лингвистика (перевод),Бакалавриат,Б1.О.General,1.0,Зачет с оценкой,65,[2]
229999,Безопасность жизнедеятельности,15,45.03.02 Лингвистика (перевод),Бакалавриат,Б1.О.General,1.0,Зачет,69,[1]
229999,Экономика,15,45.03.02 Лингвистика (перевод),Бакалавриат,Б1.О.General,1.0,Зачет с оценкой,67,[2]
229999,Зарубежная литература,15,45.03.02 Лингвистика (перевод),Бакалавриат,Б1.О.Prof,1.0,Зачет,67,[2]
930417,Прикладная физическая культура (Адаптивная физическая культура),26,42.03.02 Журналистика,Бакалавриат,Б1.О.General,0.5,Зачет,8,"[5, 6]"
930417,Журналистское мастерство,26,42.03.02 Журналистика,Бакалавриат,Б1.О.Prof,1.0,Зачет,22,"[5, 6]"
930417,Новые медиа,26,42.03.02 Журналистика,Бакалавриат,Б1.О.Prof,1.0,Зачет,20,[6]
930417,Корпоративная журналистика,26,42.03.02 Журналистика,Бакалавриат,Б1.В,0.5,Экзамен,9,[5]
930417,Профессиональная этика журналиста,26,42.03.02 Журналистика,Бакалавриат,Б1.О.Prof,1.0,Зачет с оценкой,22,[5]
930417,Организация работы пресс-службы,26,42.03.02 Журналистика,Бакалавриат,Б1.О.Prof,1.0,Экзамен,13,[5]
930417,Спецкурсы и спецсеминары научных руководителей,26,42.03.02 Журналистика,Бакалавриат,Б1.В,0.5,Зачет,22,"[5, 6]"
930417,Психология журналистики,26,42.03.02 Журналистика,Бакалавриат,Б1.О.Prof,1.0,Зачет,22,[5]
930417,Интернет- журналистика,26,42.03.02 Журналистика,Бакалавриат,Б1.О.Prof,1.0,Зачет,22,[5]
930417,Социология журналистики,26,42.03.02 Журналистика,Бакалавриат,Б1.О.Prof,1.0,Зачет с оценкой,20,[6]
930417,Аксиология журналистики,26,42.03.02 Журналистика,Бакалавриат,Б1.О.Prof,1.0,Экзамен,8,[6]
930417,Профессиональные творческие студии,26,42.03.02 Журналистика,Бакалавриат,Б1.О.Prof,1.0,Зачет,20,[6]
930417,Новостная журналистика,26,42.03.02 Журналистика,Бакалавриат,Б1.В,0.5,Зачет,22,[5]
930417,Дизайн периодических изданий,26,42.03.02 Журналистика,Бакалавриат,Б1.В,0.5,Зачет,20,[6]
930417,Аналитическая журналистика,26,42.03.02 Журналистика,Бакалавриат,Б1.В,0.5,Зачет,20,[6]
930417,История отечественной журналистики,26,42.03.02 Журналистика,Бакалавриат,Б1.О.Prof,1.0,Зачет,20,[6]
930417,История русской литературы 20 в.,26,42.03.02 Журналистика,Бакалавриат,Б1.О.Prof,1.0,Зачет,22,[5]
930417,Социальное предпринимательство и основы проектной деятельности,26,42.03.02 Журналистика,Бакалавриат,Б1.О.General,1.0,Зачет,22,[5]
930417,История зарубежной литературы 20 в.,26,42.03.02 Журналистика,Бакалавриат,Б1.О.Prof,1.0,Зачет,22,[5]
930417,Прикладная физическая культура (ОФП),26,42.03.02 Журналистика,Бакалавриат,Б1.О.General,1.0,Зачет,21,"[5, 6]"
930417,Деловое общение,26,42.03.02 Журналистика,Бакалавриат,Б1.В,0.5,Экзамен,22,[5]
930417,Маркетинговые коммуникации и масс-медиа,26,42.03.02 Журналистика,Бакалавриат,Б1.В,0.5,Экзамен,12,[6]
930417,"Производственная практика, проектная",26,42.03.02 Журналистика,Бакалавриат,Б2,1.0,Зачет с оценкой,20,[6]
930417,Стилистика и литературное редактирование,26,42.03.02 Журналистика,Бакалавриат,Б1.В,0.5,Зачет,22,"[5, 6]"
930417,"Прикладные дисциплины (фотодело, компьютерный дизайн и др.)",26,42.03.02 Журналистика,Бакалавриат,Б1.О.Prof,1.0,Зачет с оценкой,22,[5]
412280,Экономика государственного и муниципального сектора,17,38.03.04 ГМУ,Бакалавриат,Б1.О.Prof,1.0,Экзамен,21,[7]
412280,Методы муниципального управления,17,38.03.04 ГМУ,Бакалавриат,Б1.О.Prof,1.0,Зачет с оценкой,21,[7]
412280,Налоги и налогообложение,17,38.03.04 ГМУ,Бакалавриат,Б1.О.Prof,1.0,Экзамен,21,[7]
412280,Подготовка к сдаче и сдача государственного экзамена,17,38.03.04 ГМУ,Бакалавриат,Б3,0.5,ГАК,20,[8]
412280,Маркетинг территорий,17,38.03.04 ГМУ,Бакалавриат,Б1.О.Prof,1.0,Зачет с оценкой,21,[7]
412280,Антикризисное управление муниципальным образованием,17,38.03.04 ГМУ,Бакалавриат,Б1.О.Prof,1.0,Зачет с оценкой,21,[7]
412280,Региональное управление и территориальное планирование,17,38.03.04 ГМУ,Бакалавриат,Б1.О.Prof,1.0,Зачет с оценкой,20,[8]
412280,Деятельность органов государственной власти и местного самоуправления в сфере противодействия терроризму в Российской Федерации,17,38.03.04 ГМУ,Бакалавриат,Б1.О.Prof,1.0,Зачет с оценкой,20,[8]
412280,Муниципальные планы и программы развития,17,38.03.04 ГМУ,Бакалавриат,Б1.О.Prof,1.0,Зачет с оценкой,20,[8]
412280,Экономика и управление муниципальным предприятием,17,38.03.04 ГМУ,Бакалавриат,Б1.О.Prof,1.0,Зачет с оценкой,20,[8]
412280,"Защита выпускной квалификационной работы, включая подготовку к защите и процедуру защиты",17,38.03.04 ГМУ,Бакалавриат,Б3,0.5,Защита ВКР,20,[8]
412280,Управление государственным и муниципальным имуществом,17,38.03.04 ГМУ,Бакалавриат,Б1.О.Prof,1.0,Экзамен,20,[8]
412280,Муниципальное право,17,38.03.04 ГМУ,Бакалавриат,Б1.О.Prof,1.0,Зачет,21,[7]
412280,"Производственная практика, преддипломная практика",17,38.03.04 ГМУ,Бакалавриат,Б2,0.5,Зачет с оценкой,20,[8]
412280,Управление общественными организациями и объединениями,17,38.03.04 ГМУ,Бакалавриат,Б1.О.Prof,1.0,Зачет с оценкой,21,[7]
412280,Стратегическое управление муниципальным образованием,17,38.03.04 ГМУ,Бакалавриат,Б1.О.Prof,1.0,Экзамен,21,[7]
412280,Связи с общественностью в органах власти,17,38.03.04 ГМУ,Бакалавриат,Б1.О.Prof,1.0,Зачет с оценкой,21,[7]
615034,История России,14,46.03.01 История,Бакалавриат,Б1.О.Prof,1.0,Экзамен,19,[7]
615034,История мировой культуры,14,46.03.01 История,Бакалавриат,Б1.О.Prof,1.0,Зачет с оценкой,19,[8]
615034,Педагогическая практика,14,46.03.01 История,Бакалавриат,Б1.В,0.5,Зачет с оценкой,19,[8]
615034,Эволюция европейских монархий от абсолютизма к демократии,14,46.03.01 История,Бакалавриат,Б1.О.Prof,1.0,Зачет,8,[7]
615034,История военного плена в СССР,14,46.03.01 История,Бакалавриат,Б1.О.Prof,1.0,Зачет,8,[8]
615034,Методика преподавания истории,14,46.03.01 История,Бакалавриат,Б1.О.Prof,1.0,Зачет с оценкой,21,[7]
615034,История мировых религий,14,46.03.01 История,Бакалавриат,Б1.О.Prof,1.0,Зачет с оценкой,19,[8]
615034,Преддипломная практика,14,46.03.01 История,Бакалавриат,Б2,0.5,Зачет с оценкой,18,[8]
615034,Новейшая история,14,46.03.01 История,Бакалавриат,Б1.О.Prof,1.0,Экзамен,20,[7]
615034,Кочевники Юго-Восточной Европы в эпоху средневековья,14,46.03.01 История,Бакалавриат,Б1.О.Prof,1.0,Зачет,3,[8]
615034,История государственных учреждений в России до начала ХХ века,14,46.03.01 История,Бакалавриат,Б1.О.Prof,1.0,Зачет,8,[7]
615034,История южных и западных славян,14,46.03.01 История,Бакалавриат,Б1.О.Prof,1.0,Зачет с оценкой,19,[8]
615034,Религиозные корпорации в средние века,14,46.03.01 История,Бакалавриат,Б1.О.Prof,1.0,Зачет,8,[8]
615034,История стран Азии и Африки в новейшее время,14,46.03.01 История,Бакалавриат,Б1.О.Prof,1.0,Экзамен,20,[7]
615034,Этноисторические проблемы в изучении раннего железного века,14,46.03.01 История,Бакалавриат,Б1.О.Prof,1.0,Зачет,5,[7]
615034,История отечественной культуры,14,46.03.01 История,Бакалавриат,Б1.О.Prof,1.0,Зачет с оценкой,19,[8]
615034,Юг России в новое и новейшее время,14,46.03.01 История,Бакалавриат,Б1.О.Prof,1.0,Экзамен,20,[7]
795263,Оценка рисков,9,38.05.01 Экономическая безопасность (спец.),Специалитет,Б1.О.Prof,1.0,Экзамен,67,[9]
795263,Стратегический учет,9,38.05.01 Экономическая безопасность (спец.),Специалитет,Б1.О.Prof,1.0,Зачет с оценкой,26,[10]
795263,Учет в государственных (муниципальных) учреждениях,9,38.05.01 Экономическая безопасность (спец.),Специалитет,Б1.О.Prof,1.0,Экзамен,67,[9]
795263,Учет на предприятиях малого бизнеса,9,38.05.01 Экономическая безопасность (спец.),Специалитет,Б1.О.Prof,1.0,Экзамен,67,[9]
795263,Лабораторный практикум по бухгалтерскому учету,9,38.05.01 Экономическая безопасность (спец.),Специалитет,Б1.О.Prof,1.0,Зачет,67,[9]
795263,"Производственная практика, преддипломная практика",9,38.05.01 Экономическая безопасность (спец.),Специалитет,Б2,1.0,Зачет с оценкой,67,[10]
795263,Судебная экономическая экспертиза,9,38.05.01 Экономическая безопасность (спец.),Специалитет,Б1.О.Prof,1.0,Зачет с оценкой,67,[9]
795263,"Учет, анализ и контроль деятельности прокуратуры и органов внутренних дел",9,38.05.01 Экономическая безопасность (спец.),Специалитет,Б1.О.Prof,1.0,Экзамен,3,[10]
795263,Международные стандарты финансовой отчетности,9,38.05.01 Экономическая безопасность (спец.),Специалитет,Б1.О.Prof,1.0,Зачет с оценкой,15,[10]
795263,Бюджетная система и бюджетный процесс,9,38.05.01 Экономическая безопасность (спец.),Специалитет,Б1.О.Prof,1.0,Зачет с оценкой,67,[9]
795263,"Производственная практика, научно-исследовательская работа",9,38.05.01 Экономическая безопасность (спец.),Специалитет,Б2,1.0,Зачет с оценкой,67,[9]
285323,История государственного управления,17,38.03.04 ГМУ,Бакалавриат,Б1.О.Prof,1.0,Зачет с оценкой,22,[3]
285323,Муниципальная политика в субъектах РФ,17,38.03.04 ГМУ,Бакалавриат,Б1.О.Prof,1.0,Зачет с оценкой,22,[3]
285323,Культура общения,17,38.03.04 ГМУ,Бакалавриат,Б1.О.Prof,1.0,Зачет,1,[4]
285323,"Учебная практика, практика по получению первичных профессиональных умений и навыков, в том числе первичных умений и навыков научно-исследовательско...",17,38.03.04 ГМУ,Бакалавриат,Б2,1.0,Зачет с оценкой,21,[4]
285323,Прикладная физическая культура (Адаптивная физическая культура),17,38.03.04 ГМУ,Бакалавриат,Б1.О.General,0.5,Зачет,5,[4]
285323,Организационная коммуникация,17,38.03.04 ГМУ,Бакалавриат,Б1.О.Prof,1.0,Зачет,7,[4]
285323,Социология,17,38.03.04 ГМУ,Бакалавриат,Б1.О.Prof,1.0,Зачет,2,[4]
285323,Теория систем и системный анализ,17,38.03.04 ГМУ,Бакалавриат,Б1.О.Prof,1.0,Зачет,22,[3]
285323,Информационные технологии в управлении,17,38.03.04 ГМУ,Бакалавриат,Б1.О.Prof,1.0,Экзамен,22,[4]
285323,Культурология,17,38.03.04 ГМУ,Бакалавриат,Б1.О.General,0.5,Зачет,1,[4]
285323,Теория и практика аргументации,17,38.03.04 ГМУ,Бакалавриат,Б1.О.Prof,1.0,Зачет,11,[4]
285323,Административное право,17,38.03.04 ГМУ,Бакалавриат,Б1.О.Prof,1.0,Зачет,23,[4]
285323,Статистика,17,38.03.04 ГМУ,Бакалавриат,Б1.О.Prof,1.0,Зачет с оценкой,22,[3]
285323,Эконометрика,17,38.03.04 ГМУ,Бакалавриат,Б1.О.Prof,1.0,Экзамен,22,[4]
285323,Политология,17,38.03.04 ГМУ,Бакалавриат,Б1.О.Prof,1.0,Зачет с оценкой,23,[4]
285323,Глобальная экономическая история,17,38.03.04 ГМУ,Бакалавриат,Б1.В,0.5,Зачет,1,[4]
285323,Философия,17,38.03.04 ГМУ,Бакалавриат,Б1.О.General,1.0,Зачет с оценкой,21,[3]
285323,Конфликтология,17,38.03.04 ГМУ,Бакалавриат,Б1.О.General,1.0,Зачет,23,[4]
285323,Демография,17,38.03.04 ГМУ,Бакалавриат,Б1.О.Prof,1.0,Экзамен,22,[3]
285323,Этика государственной и муниципальной службы,17,38.03.04 ГМУ,Бакалавриат,Б1.О.Prof,1.0,Зачет,23,[4]
285323,Зарубежный опыт государственного управления,17,38.03.04 ГМУ,Бакалавриат,Б1.О.Prof,1.0,Зачет,23,[4]
285323,Делопроизводство и документооборот,17,38.03.04 ГМУ,Бакалавриат,Б1.О.Prof,1.0,Зачет с оценкой,22,[4]
285323,Основы государственного и муниципального управления,17,38.03.04 ГМУ,Бакалавриат,Б1.О.Prof,1.0,Экзамен,22,[3]
285323,Государственное регулирование экономики,17,38.03.04 ГМУ,Бакалавриат,Б1.О.Prof,1.0,Зачет с оценкой,22,[3]
285323,Прикладная физическая культура (ОФП),17,38.03.04 ГМУ,Бакалавриат,Б1.О.General,1.0,Зачет,22,"[3, 4]"
285323,Государственные и муниципальные финансы,17,38.03.04 ГМУ,Бакалавриат,Б1.О.Prof,1.0,Зачет с оценкой,23,[4]
502412,Общая экология,18,05.03.03 Картография и геоинформатика,Бакалавриат,Б1.О.Prof,1.0,Зачет с оценкой,15,[1]
502412,Иностранный язык,18,05.03.03 Картография и геоинформатика,Бакалавриат,Б1.О.General,1.0,Зачет,15,"[1, 2]"
502412,"Учебная практика, практика по получению первичных профессиональных умений и навыков, в том числе первичных умений и навыков научно-исследовательско...",18,05.03.03 Картография и геоинформатика,Бакалавриат,Б2,1.0,Зачет с оценкой,15,[2]
502412,Химия,18,05.03.03 Картография и геоинформатика,Бакалавриат,Б1.О.Prof,1.0,Зачет с оценкой,15,[1]
502412,География почв с основами почвоведения,18,05.03.03 Картография и геоинформатика,Бакалавриат,Б1.О.Prof,1.0,Зачет с оценкой,15,[1]
502412,"Производственная практика, научно-исследовательская работа",18,05.03.03 Картография и геоинформатика,Бакалавриат,Б2,1.0,Зачет с оценкой,15,[2]
502412,Климатология с основами метеорологии,18,05.03.03 Картография и геоинформатика,Бакалавриат,Б1.О.Prof,1.0,Экзамен,15,[2]
502412,Физическая культура и спорт,18,05.03.03 Картография и геоинформатика,Бакалавриат,Б1.О.General,1.0,Зачет,15,[1]
502412,Картоведение,18,05.03.03 Картография и геоинформатика,Бакалавриат,Б1.О.Prof,1.0,Зачет,15,[1]
502412,Биология,18,05.03.03 Картография и геоинформатика,Бакалавриат,Б1.О.Prof,1.0,Зачет,15,[2]
502412,Геоморфология,18,05.03.03 Картография и геоинформатика,Бакалавриат,Б1.О.Prof,1.0,Зачет,15,[2]
502412,Землеведение,18,05.03.03 Картография и геоинформатика,Бакалавриат,Б1.О.Prof,1.0,Экзамен,15,[1]
502412,Русский язык и культура речи,18,05.03.03 Картография и геоинформатика,Бакалавриат,Б1.О.General,1.0,Зачет,15,[2]
502412,История,18,05.03.03 Картография и геоинформатика,Бакалавриат,Б1.О.General,1.0,Зачет с оценкой,15,[1]
502412,Информатика,18,05.03.03 Картография и геоинформатика,Бакалавриат,Б1.О.General,1.0,Зачет,15,[2]
502412,Экономическая и социальная география,18,05.03.03 Картография и геоинформатика,Бакалавриат,Б1.О.Prof,1.0,Зачет с оценкой,15,[2]
502412,Прикладная физическая культура (ОФП),18,05.03.03 Картография и геоинформатика,Бакалавриат,Б1.О.General,1.0,Зачет,15,"[1, 2]"
502412,Геология,18,05.03.03 Картография и геоинформатика,Бакалавриат,Б1.О.Prof,1.0,Экзамен,15,[1]
502412,Техника спортивного туризма,18,05.03.03 Картография и геоинформатика,Бакалавриат,Б1.О.Prof,1.0,Зачет,15,[2]
502412,Математика,18,05.03.03 Картография и геоинформатика,Бакалавриат,Б1.О.General,1.0,Зачет,15,"[1, 2]"
502412,Физическая география и ландшафтоведение,18,05.03.03 Картография и геоинформатика,Бакалавриат,Б1.О.Prof,1.0,Экзамен,15,[2]
584335,Линейное и математическое программирование,42,Неизвестное (Государственный экзамен...),Бакалавриат,Б1.О.Prof,1.0,Экзамен,31,[8]
584335,Программирование 3-мерной графики,42,Неизвестное (Государственный экзамен...),Бакалавриат,Б1.О.Prof,1.0,Зачет с оценкой,31,[7]
584335,Администрирование информационных систем,42,Неизвестное (Государственный экзамен...),Бакалавриат,Б1.О.Prof,1.0,Зачет с оценкой,31,[7]
584335,Объектно-ориентированное программирование и моделирование II,42,Неизвестное (Государственный экзамен...),Бакалавриат,Б1.О.Prof,1.0,Зачет,31,[8]
584335,Моделирование и программирование в среде Blender II,42,Неизвестное (Государственный экзамен...),Бакалавриат,Б1.О.Prof,1.0,Зачет,16,[8]
584335,Моделирование и программирование в среде Blender I,42,Неизвестное (Государственный экзамен...),Бакалавриат,Б1.О.Prof,1.0,Экзамен,16,[7]
584335,Автоматизированные методы обработки текстовой информации,42,Неизвестное (Государственный экзамен...),Бакалавриат,Б1.О.Prof,1.0,Зачет с оценкой,31,[7]
584335,Системы реального времени,42,Неизвестное (Государственный экзамен...),Бакалавриат,Б1.О.Prof,1.0,Зачет,31,[8]
584335,Государственный экзамен,42,Неизвестное (Государственный экзамен...),Бакалавриат,Б3,1.0,ГАК,31,[8]
584335,Объектно-ориентированное программирование и моделирование I,42,Неизвестное (Государственный экзамен...),Бакалавриат,Б1.О.Prof,1.0,Зачет,31,[7]
584335,Научно-исследовательская работа,42,Неизвестное (Государственный экзамен...),Бакалавриат,Б2,1.0,Зачет с оценкой,31,[7]
584335,Технология программирования приложений баз данных для промышленной СУБД II,42,Неизвестное (Государственный экзамен...),Бакалавриат,Б1.О.Prof,1.0,Зачет,15,[8]
584335,Практика по получению профессиональных умений и опыта профессиональной деятельности,42,Неизвестное (Государственный экзамен...),Бакалавриат,Б1.О.Prof,1.0,Зачет с оценкой,31,[7]
584335,Технология программирования приложений баз данных для промышленной СУБД I,42,Неизвестное (Государственный экзамен...),Бакалавриат,Б1.О.Prof,1.0,Экзамен,15,[7]
584335,Выпускная квалификационная работа (бакалаврская работа),42,Неизвестное (Государственный экзамен...),Бакалавриат,Б3,1.0,Защита ВКР,31,[8]
584335,Функциональное программирование,42,Неизвестное (Государственный экзамен...),Бакалавриат,Б1.О.Prof,1.0,Зачет,31,[8]
584335,Языки параллельного программирования,42,Неизвестное (Государственный экзамен...),Бакалавриат,Б1.О.Prof,1.0,Зачет,31,[7]
584335,Алгебра и теория чисел,42,Неизвестное (Государственный экзамен...),Бакалавриат,Б1.О.Prof,1.0,Экзамен,31,[7]
584335,Компьютерное и математическое моделирование,42,Неизвестное (Государственный экзамен...),Бакалавриат,Б1.О.Prof,1.0,Зачет с оценкой,31,[8]
584335,Математические методы обработки сигналов и изображений,42,Неизвестное (Государственный экзамен...),Бакалавриат,Б1.О.Prof,1.0,Зачет с оценкой,31,[7]
975516,"Учебная практика, ознакомительная практика",2,03.03.02 Физика / Радиофизика,Бакалавриат,Б2,0.333,Зачет с оценкой,15,[4]
975516,Электроника,2,03.03.02 Физика / Радиофизика,Бакалавриат,Б1.О.Prof,0.667,Экзамен,19,"[3, 4]"
975516,Радиоматериалы и радиокомпоненты,2,03.03.02 Физика / Радиофизика,Бакалавриат,Б1.В,0.333,Экзамен,19,[3]
975516,Компьютерное моделирование физических процессов,2,03.03.02 Физика / Радиофизика,Бакалавриат,Б1.О.Prof,0.833,Зачет с оценкой,5,[3]
975516,Прикладная физическая культура (ОФП),2,03.03.02 Физика / Радиофизика,Бакалавриат,Б1.О.General,0.5,Зачет,19,"[3, 4]"
975516,Основы проектирования технических систем,2,03.03.02 Физика / Радиофизика,Бакалавриат,Б1.О.Prof,0.667,Курсовая работа,19,[4]
975516,Оптика,2,03.03.02 Физика / Радиофизика,Бакалавриат,Б1.О.Prof,1.0,Экзамен,19,[3]
975516,Общий физический лабораторный практикум,2,03.03.02 Физика / Радиофизика,Бакалавриат,Б1.О.Prof,0.667,Зачет с оценкой,19,[3]
975516,Цифровые технологии: от интернета до блокчейна,2,03.03.02 Физика / Радиофизика,Бакалавриат,Б1.О.Prof,0.833,Зачет,19,[3]
975516,Атомная и ядерная физика,2,03.03.02 Физика / Радиофизика,Бакалавриат,Б1.В,0.167,Экзамен,18,[4]
975516,Радиотехнические цепи и сигналы,2,03.03.02 Физика / Радиофизика,Бакалавриат,Б1.В,0.333,Экзамен,19,[4]
975516,Философия,2,03.03.02 Физика / Радиофизика,Бакалавриат,Б1.О.General,1.0,Зачет с оценкой,19,[3]
975516,Лабораторный практикум по электронике,2,03.03.02 Физика / Радиофизика,Бакалавриат,Б1.О.Prof,0.667,Зачет с оценкой,18,"[3, 4]"
975516,Математика,2,03.03.02 Физика / Радиофизика,Бакалавриат,Б1.О.General,0.333,Экзамен,19,[3]
975516,Технологии программирования в радиотехнике,2,03.03.02 Физика / Радиофизика,Бакалавриат,Б1.В,0.333,Зачет с оценкой,19,[4]
975516,Компьютерные технологии в науке и образовании,2,03.03.02 Физика / Радиофизика,Бакалавриат,Б1.О.Prof,0.667,Зачет с оценкой,14,[3]
975516,Методы обработки экспериментальных данных,2,03.03.02 Физика / Радиофизика,Бакалавриат,Б1.О.Prof,0.833,Зачет с оценкой,17,[4]
936646,Основы математической обработки информации,36,Неизвестное (Основы математической обработки информац...),Бакалавриат,Б1.В,0.5,Зачет,34,[1]
936646,Иностранный язык,36,Неизвестное (Основы математической обработки информац...),Бакалавриат,Б1.О.General,1.0,Зачет с оценкой,34,"[1, 2]"
936646,"Учебная практика, профессионально-ознакомительная",36,Неизвестное (Основы математической обработки информац...),Бакалавриат,Б2,0.5,Зачет с оценкой,32,[2]
936646,Безопасность жизнедеятельности,36,Неизвестное (Основы математической обработки информац...),Бакалавриат,Б1.О.General,1.0,Зачет,34,[1]
936646,Правоведение,36,Неизвестное (Основы математической обработки информац...),Бакалавриат,Б1.О.General,1.0,Зачет,33,[2]
936646,Экономика,36,Неизвестное (Основы математической обработки информац...),Бакалавриат,Б1.О.General,1.0,Зачет,34,[1]
936646,Риторика,36,Неизвестное (Основы математической обработки информац...),Бакалавриат,Б1.О.Prof,1.0,Зачет с оценкой,34,[2]
936646,"Основные теории коммуникации, включая деловые и межличностные коммуникации",36,Неизвестное (Основы математической обработки информац...),Бакалавриат,Б1.О.Prof,1.0,Зачет с оценкой,34,[2]
936646,Математические и статистические методы в рекламе и связях с общественностью,36,Неизвестное (Основы математической обработки информац...),Бакалавриат,Б1.О.Prof,1.0,Зачет с оценкой,33,[2]
936646,Теория и практика рекламы,36,Неизвестное (Основы математической обработки информац...),Бакалавриат,Б1.О.Prof,1.0,Зачет с оценкой,32,[2]
936646,Введение в коммуникационные специальности,36,Неизвестное (Основы математической обработки информац...),Бакалавриат,Б1.О.Prof,1.0,Экзамен,34,[1]
936646,Физическая культура и спорт,36,Неизвестное (Основы математической обработки информац...),Бакалавриат,Б1.О.General,1.0,Зачет,34,[1]
936646,Теория мировой литературы,36,Неизвестное (Основы математической обработки информац...),Бакалавриат,Б1.О.Prof,1.0,Зачет с оценкой,34,[1]
936646,"История (история России, всеобщая история)",36,Неизвестное (Основы математической обработки информац...),Бакалавриат,Б1.О.General,1.0,Зачет с оценкой,34,[1]
936646,Политология,36,Неизвестное (Основы математической обработки информац...),Бакалавриат,Б1.О.Prof,1.0,Зачет с оценкой,34,[2]
936646,Теория и практика связей с общественностью,36,Неизвестное (Основы математической обработки информац...),Бакалавриат,Б1.О.Prof,1.0,Зачет с оценкой,33,[2]
936646,Русский язык и культура речи,36,Неизвестное (Основы математической обработки информац...),Бакалавриат,Б1.О.General,1.0,Зачет,34,[1]
936646,Экономика фирмы,36,Неизвестное (Основы математической обработки информац...),Бакалавриат,Б1.О.Prof,1.0,Зачет с оценкой,34,[2]
936646,Прикладная физическая культура (ОФП),36,Неизвестное (Основы математической обработки информац...),Бакалавриат,Б1.О.General,1.0,Зачет,34,"[1, 2]"
838350,Общая экология,18,05.03.03 Картография и геоинформатика,Бакалавриат,Б1.О.Prof,1.0,Зачет с оценкой,16,[1]
838350,Иностранный язык,18,05.03.03 Картография и геоинформатика,Бакалавриат,Б1.О.General,1.0,Зачет,17,"[1, 2]"
838350,"Учебная практика, практика по получению первичных профессиональных умений и навыков, в том числе первичных умений и навыков научно-исследовательско...",18,05.03.03 Картография и геоинформатика,Бакалавриат,Б2,1.0,Зачет с оценкой,16,[2]
838350,Прикладная физическая культура (Адаптивная физическая культура),18,05.03.03 Картография и геоинформатика,Бакалавриат,Б1.О.General,0.5,Зачет,1,[2]
838350,Химия,18,05.03.03 Картография и геоинформатика,Бакалавриат,Б1.О.Prof,1.0,Зачет с оценкой,17,[1]
838350,География почв с основами почвоведения,18,05.03.03 Картография и геоинформатика,Бакалавриат,Б1.О.Prof,1.0,Зачет с оценкой,16,[1]
838350,"Производственная практика, научно-исследовательская работа",18,05.03.03 Картография и геоинформатика,Бакалавриат,Б2,1.0,Зачет с оценкой,15,[2]
838350,Климатология с основами метеорологии,18,05.03.03 Картография и геоинформатика,Бакалавриат,Б1.О.Prof,1.0,Экзамен,16,[2]
838350,Физическая культура и спорт,18,05.03.03 Картография и геоинформатика,Бакалавриат,Б1.О.General,1.0,Зачет,17,[1]
838350,Картоведение,18,05.03.03 Картография и геоинформатика,Бакалавриат,Б1.О.Prof,1.0,Зачет,16,[1]
838350,Биология,18,05.03.03 Картография и геоинформатика,Бакалавриат,Б1.О.Prof,1.0,Зачет,16,[2]
838350,Геоморфология,18,05.03.03 Картография и геоинформатика,Бакалавриат,Б1.О.Prof,1.0,Зачет,16,[2]
838350,Землеведение,18,05.03.03 Картография и геоинформатика,Бакалавриат,Б1.О.Prof,1.0,Экзамен,16,[1]
838350,Русский язык и культура речи,18,05.03.03 Картография и геоинформатика,Бакалавриат,Б1.О.General,1.0,Зачет,16,[2]
838350,Прикладная физическая культура (Волейбол),18,05.03.03 Картография и геоинформатика,Бакалавриат,Б1.О.General,0.5,Зачет,7,"[1, 2]"
838350,История,18,05.03.03 Картография и геоинформатика,Бакалавриат,Б1.О.General,1.0,Зачет с оценкой,16,[1]
838350,Информатика,18,05.03.03 Картография и геоинформатика,Бакалавриат,Б1.О.General,1.0,Зачет,16,[2]
838350,Экономическая и социальная география,18,05.03.03 Картография и геоинформатика,Бакалавриат,Б1.О.Prof,1.0,Зачет с оценкой,16,[2]
838350,Прикладная физическая культура (ОФП),18,05.03.03 Картография и геоинформатика,Бакалавриат,Б1.О.General,1.0,Зачет,9,"[1, 2]"
838350,Геология,18,05.03.03 Картография и геоинформатика,Бакалавриат,Б1.О.Prof,1.0,Экзамен,16,[1]
838350,Техника спортивного туризма,18,05.03.03 Картография и геоинформатика,Бакалавриат,Б1.О.Prof,1.0,Зачет,16,[2]
838350,Математика,18,05.03.03 Картография и геоинформатика,Бакалавриат,Б1.О.General,1.0,Зачет,16,"[1, 2]"
838350,Физическая география и ландшафтоведение,18,05.03.03 Картография и геоинформатика,Бакалавриат,Б1.О.Prof,1.0,Экзамен,16,[2]
305874,Государственная политика и управление,4,41.03.04 Политология,Бакалавриат,Б1.О.Prof,1.0,Экзамен,10,[5]
305874,Сравнительная политология,4,41.03.04 Политология,Бакалавриат,Б1.О.Prof,1.0,Зачет с оценкой,10,[5]
305874,Прикладная физическая культура (Адаптивная физическая культура),4,41.03.04 Политология,Бакалавриат,Б1.О.General,0.333,Зачет,2,"[5, 6]"
305874,"Производственная практика, научно-исследовательская работа (по теме выпускной квалификационной работе)",4,41.03.04 Политология,Бакалавриат,Б2,0.667,Зачет с оценкой,9,[6]
305874,Политическое консультирование и экспертиза в российской политике,4,41.03.04 Политология,Бакалавриат,Б1.В,0.333,Зачет с оценкой,10,[6]
305874,Прикладная физическая культура (ОФП),4,41.03.04 Политология,Бакалавриат,Б1.О.General,1.0,Зачет,8,"[5, 6]"
305874,Религия и политика,4,41.03.04 Политология,Бакалавриат,Б1.В,0.333,Зачет с оценкой,10,[5]
305874,Мировая политика и международные отношения,4,41.03.04 Политология,Бакалавриат,Б1.В,0.167,Экзамен,10,[6]
305874,Технологии в экспертной и консалтинговой деятельности,4,41.03.04 Политология,Бакалавриат,Б1.О.Prof,1.0,Зачет с оценкой,10,[5]
305874,Политический менеджмент,4,41.03.04 Политология,Бакалавриат,Б1.О.Prof,1.0,Зачет с оценкой,10,[6]
305874,Эмпирические исследования в области политических наук и регионоведения,4,41.03.04 Политология,Бакалавриат,Б1.О.Prof,1.0,Экзамен,10,"[5, 6]"
305874,Современная российская политика,4,41.03.04 Политология,Бакалавриат,Б1.В,0.333,Экзамен,10,"[5, 6]"
305874,Политический анализ и прогнозирование,4,41.03.04 Политология,Бакалавриат,Б1.О.Prof,1.0,Экзамен,10,"[5, 6]"
305874,Политическая коммуникативистика,4,41.03.04 Политология,Бакалавриат,Б1.О.Prof,1.0,Зачет с оценкой,10,[5]
922325,Интеллектуальный анализ данных,3,01.03.02 ПМИ / 02.03.01 МКН,Бакалавриат,Б1.О.Prof,0.667,Зачет с оценкой,19,"[5, 6]"
922325,Теория систем и системный анализ,3,01.03.02 ПМИ / 02.03.01 МКН,Бакалавриат,Б1.В,0.333,Зачет с оценкой,19,[5]
922325,Прикладные пакеты обработки данных,3,01.03.02 ПМИ / 02.03.01 МКН,Бакалавриат,Б1.В,0.333,Зачет с оценкой,16,[6]
922325,Прикладная физическая культура (Адаптивная физическая культура),3,01.03.02 ПМИ / 02.03.01 МКН,Бакалавриат,Б1.О.General,0.667,Зачет,3,"[5, 6]"
922325,Проектирование информационных систем,3,01.03.02 ПМИ / 02.03.01 МКН,Бакалавриат,Б1.В,0.333,Экзамен,20,[5]
922325,Стохастическая и детерминационная идентификация и управление экономическими системами,3,01.03.02 ПМИ / 02.03.01 МКН,Бакалавриат,Б1.В,0.167,Зачет с оценкой,17,"[5, 6]"
922325,Прикладная физическая культура (ОФП),3,01.03.02 ПМИ / 02.03.01 МКН,Бакалавриат,Б1.О.General,1.0,Зачет,18,"[5, 6]"
922325,Анализ алгоритмов,3,01.03.02 ПМИ / 02.03.01 МКН,Бакалавриат,Б1.В,0.167,Зачет с оценкой,16,[6]
922325,Математическая экономика,3,01.03.02 ПМИ / 02.03.01 МКН,Бакалавриат,Б1.В,0.333,Зачет с оценкой,18,[5]
922325,Искусственные нейронные сети,3,01.03.02 ПМИ / 02.03.01 МКН,Бакалавриат,Б1.В,0.167,Зачет с оценкой,16,[6]
922325,Многомерный анализ данных,3,01.03.02 ПМИ / 02.03.01 МКН,Бакалавриат,Б1.В,0.333,Зачет с оценкой,18,[5]
922325,Визуальное моделирование,3,01.03.02 ПМИ / 02.03.01 МКН,Бакалавриат,Б1.В,0.167,Зачет с оценкой,17,[6]
922325,Качество информационных систем,3,01.03.02 ПМИ / 02.03.01 МКН,Бакалавриат,Б1.В,0.167,Зачет с оценкой,16,[6]
922325,Экономика,3,01.03.02 ПМИ / 02.03.01 МКН,Бакалавриат,Б1.О.General,0.167,Зачет,18,[5]
922325,Проектный практикум,3,01.03.02 ПМИ / 02.03.01 МКН,Бакалавриат,Б1.В,0.333,Зачет с оценкой,20,[5]
922325,"Учебная практика, проектно-технологическая практика",3,01.03.02 ПМИ / 02.03.01 МКН,Бакалавриат,Б2,0.333,Зачет с оценкой,4,[5]
922325,"Производственная практика, научно-исследовательская работа",3,01.03.02 ПМИ / 02.03.01 МКН,Бакалавриат,Б2,0.333,Зачет с оценкой,2,[5]
783065,Страхование,6,38.03.01 Экономика,Бакалавриат,Б1.О.Prof,0.667,Экзамен,19,[6]
783065,Прикладная физическая культура (Легкая атлетика),6,38.03.01 Экономика,Бакалавриат,Б1.О.General,1.0,Зачет,17,"[5, 6]"
783065,Экономика труда,6,38.03.01 Экономика,Бакалавриат,Б1.О.Prof,0.667,Экзамен,17,[5]
783065,Эконометрика,6,38.03.01 Экономика,Бакалавриат,Б1.О.Prof,1.0,Зачет с оценкой,17,[5]
783065,Маркетинг,6,38.03.01 Экономика,Бакалавриат,Б1.В,0.333,Зачет с оценкой,19,[6]
783065,Социальное предпринимательство и основы проектной деятельности,6,38.03.01 Экономика,Бакалавриат,Б1.О.General,0.667,Зачет,11,[6]
783065,Информационные системы в бухгалтерском учете,6,38.03.01 Экономика,Бакалавриат,Б1.О.Prof,1.0,Зачет с оценкой,17,[5]
783065,Бизнес-планирование,6,38.03.01 Экономика,Бакалавриат,Б1.В,0.333,Зачет с оценкой,17,[5]
783065,Прикладная физическая культура (Адаптивная физическая культура),6,38.03.01 Экономика,Бакалавриат,Б1.О.General,0.667,Зачет,1,[6]
783065,Социально-экономическое развитие Волгоградской области,6,38.03.01 Экономика,Бакалавриат,Б1.В,0.333,Экзамен,17,[5]
783065,Бизнес-курс Максимум,6,38.03.01 Экономика,Бакалавриат,Б1.О.Prof,1.0,Зачет с оценкой,19,[6]
783065,Институциональная экономика,6,38.03.01 Экономика,Бакалавриат,Б1.В,0.333,Зачет с оценкой,17,[5]
783065,Отраслевые рынки,6,38.03.01 Экономика,Бакалавриат,Б1.В,0.333,Зачет с оценкой,19,[6]
783065,Экономический анализ,6,38.03.01 Экономика,Бакалавриат,Б1.О.Prof,1.0,Зачет с оценкой,19,[6]
783065,"Производственная практика, практика по получению профессиональных умений и опыта профессиональной деятельности",6,38.03.01 Экономика,Бакалавриат,Б2,1.0,Зачет с оценкой,18,[6]
783065,Налоги и налогообложение,6,38.03.01 Экономика,Бакалавриат,Б1.О.Prof,1.0,Экзамен,17,[5]
783065,Экономика общественного сектора,6,38.03.01 Экономика,Бакалавриат,Б1.В,0.333,Зачет с оценкой,19,[6]
975582,Иностранный язык,7,45.03.01 Филология,Бакалавриат,Б1.О.General,1.0,Зачет с оценкой,23,"[1, 2]"
975582,Прикладная физическая культура (Адаптивная физическая культура),7,45.03.01 Филология,Бакалавриат,Б1.О.General,0.5,Зачет,1,[1]
975582,Устное народное творчество,7,45.03.01 Филология,Бакалавриат,Б1.О.Prof,1.0,Зачет,23,[1]
975582,Введение в славянскую филологию,7,45.03.01 Филология,Бакалавриат,Б1.В,0.5,Зачет,21,[1]
975582,Практикум по орфографии,7,45.03.01 Филология,Бакалавриат,Б1.О.Prof,1.0,Зачет,21,[1]
975582,Введение в языкознание,7,45.03.01 Филология,Бакалавриат,Б1.О.Prof,1.0,Экзамен,21,[1]
975582,Безопасность жизнедеятельности,7,45.03.01 Филология,Бакалавриат,Б1.О.General,0.5,Зачет,21,[2]
975582,Современный русский язык: морфемика и словообразование,7,45.03.01 Филология,Бакалавриат,Б1.О.Prof,1.0,Экзамен,21,[2]
975582,Современный русский язык: Фонетика,7,45.03.01 Филология,Бакалавриат,Б1.О.Prof,1.0,Экзамен,22,[1]
975582,История русской литературы XVIII века,7,45.03.01 Филология,Бакалавриат,Б1.О.Prof,1.0,Зачет,21,[2]
975582,Физическая культура и спорт,7,45.03.01 Филология,Бакалавриат,Б1.О.General,1.0,Зачет,21,[1]
975582,Современные методы литературоведческих исследований,7,45.03.01 Филология,Бакалавриат,Б1.В,0.5,Зачет,21,[2]
975582,Современные методы лингвистических исследований,7,45.03.01 Филология,Бакалавриат,Б1.В,0.5,Зачет,21,[2]
975582,Прикладная физическая культура (Волейбол),7,45.03.01 Филология,Бакалавриат,Б1.О.General,1.0,Зачет,20,"[1, 2]"
975582,Старославянский язык,7,45.03.01 Филология,Бакалавриат,Б1.О.Prof,1.0,Экзамен,21,[2]
975582,Современный литературный процесс,7,45.03.01 Филология,Бакалавриат,Б1.О.Prof,1.0,Зачет,21,[2]
975582,История,7,45.03.01 Филология,Бакалавриат,Б1.О.General,0.5,Экзамен,22,[1]
975582,История зарубежной литературы Средневековья и эпохи Возрождения,7,45.03.01 Филология,Бакалавриат,Б1.В,0.5,Зачет,21,[2]
975582,Иностранный (современный славянский) язык,7,45.03.01 Филология,Бакалавриат,Б1.В,0.5,Зачет,21,[2]
975582,Информатика,7,45.03.01 Филология,Бакалавриат,Б1.О.General,1.0,Зачет с оценкой,21,[1]
975582,"Учебная практика, практика по получению первичных профессиональных умений и навыков",7,45.03.01 Филология,Бакалавриат,Б2,0.5,Зачет с оценкой,21,[2]
975582,Введение в литературоведение,7,45.03.01 Филология,Бакалавриат,Б1.О.Prof,1.0,Зачет,22,[1]
975582,История древнерусской литературы,7,45.03.01 Филология,Бакалавриат,Б1.О.Prof,1.0,Зачет,21,[1]
975582,История античной литературы,7,45.03.01 Филология,Бакалавриат,Б1.В,0.5,Зачет,23,[1]
428774,Информатика,6,38.03.01 Экономика,Бакалавриат,Б1.О.General,1.0,Зачет с оценкой,12,[1]
428774,Микроэкономика,6,38.03.01 Экономика,Бакалавриат,Б1.О.Prof,1.0,Экзамен,12,"[1, 2]"
428774,Макроэкономика,6,38.03.01 Экономика,Бакалавриат,Б1.О.Prof,1.0,Экзамен,12,"[1, 2]"
428774,Иностранный язык,6,38.03.01 Экономика,Бакалавриат,Б1.О.General,1.0,Зачет с оценкой,12,"[1, 2]"
428774,Прикладная физическая культура (Адаптивная физическая культура),6,38.03.01 Экономика,Бакалавриат,Б1.О.General,0.333,Зачет,3,[1]
428774,Прикладная физическая культура (ОФП),6,38.03.01 Экономика,Бакалавриат,Б1.О.General,1.0,Зачет,9,"[1, 2]"
428774,Философия,6,38.03.01 Экономика,Бакалавриат,Б1.О.General,1.0,Экзамен,12,[1]
428774,Русский язык и культура речи,6,38.03.01 Экономика,Бакалавриат,Б1.О.General,1.0,Зачет,11,[2]
428774,Физическая культура и спорт,6,38.03.01 Экономика,Бакалавриат,Б1.О.General,1.0,Зачет,12,[1]
428774,Эволюция экономических учений,6,38.03.01 Экономика,Бакалавриат,Б1.О.Prof,1.0,Экзамен,11,[2]
428774,История,6,38.03.01 Экономика,Бакалавриат,Б1.О.General,1.0,Зачет с оценкой,12,[1]
428774,Безопасность жизнедеятельности,6,38.03.01 Экономика,Бакалавриат,Б1.О.General,1.0,Зачет,11,[2]
428774,Математика,6,38.03.01 Экономика,Бакалавриат,Б1.О.Prof,1.0,Зачет с оценкой,12,"[1, 2]"
238333,Физика: Механика,16,10.05.01 Компьютерная безопасность (спец.),Бакалавриат,Б1.О.Prof,1.0,Экзамен,32,[1]
238333,Моделирование социальных систем,16,10.05.01 Компьютерная безопасность (спец.),Бакалавриат,Б1.О.Prof,1.0,Зачет,32,[2]
238333,Иностранный язык,16,10.05.01 Компьютерная безопасность (спец.),Бакалавриат,Б1.О.General,1.0,Зачет с оценкой,33,"[1, 2]"
238333,Прикладная физическая культура (Адаптивная физическая культура),16,10.05.01 Компьютерная безопасность (спец.),Бакалавриат,Б1.О.General,1.0,Зачет,1,[2]
238333,Алгебра и геометрия,16,10.05.01 Компьютерная безопасность (спец.),Бакалавриат,Б1.О.Prof,1.0,Экзамен,32,[2]
238333,Правоведение,16,10.05.01 Компьютерная безопасность (спец.),Бакалавриат,Б1.О.General,1.0,Зачет,32,[2]
238333,Языки программирования,16,10.05.01 Компьютерная безопасность (спец.),Бакалавриат,Б1.О.Prof,1.0,Зачет с оценкой,32,[1]
238333,Физика: Электричество и магнетизм,16,10.05.01 Компьютерная безопасность (спец.),Бакалавриат,Б1.О.Prof,1.0,Экзамен,32,[2]
238333,Экономика,16,10.05.01 Компьютерная безопасность (спец.),Бакалавриат,Б1.О.General,1.0,Зачет с оценкой,31,[2]
238333,Безопасность жизнедеятельности,16,10.05.01 Компьютерная безопасность (спец.),Бакалавриат,Б1.О.General,1.0,Экзамен,31,[1]
238333,Организация ЭВМ и вычислительных сетей,16,10.05.01 Компьютерная безопасность (спец.),Бакалавриат,Б1.О.Prof,1.0,Зачет с оценкой,32,[2]
238333,Основы информационной безопасности,16,10.05.01 Компьютерная безопасность (спец.),Бакалавриат,Б1.О.Prof,1.0,Зачет,32,[1]
238333,Языки программирования для автоматизации задач информационной безопасности,16,10.05.01 Компьютерная безопасность (спец.),Бакалавриат,Б1.О.Prof,1.0,Экзамен,30,[2]
238333,Информатика и программирование,16,10.05.01 Компьютерная безопасность (спец.),Бакалавриат,Б1.О.Prof,1.0,Зачет с оценкой,31,[1]
238333,Физическая культура и спорт,16,10.05.01 Компьютерная безопасность (спец.),Бакалавриат,Б1.О.General,1.0,Зачет,31,[1]
238333,Менеджмент,16,10.05.01 Компьютерная безопасность (спец.),Бакалавриат,Б1.О.Prof,1.0,Зачет,33,[2]
238333,Математический анализ,16,10.05.01 Компьютерная безопасность (спец.),Бакалавриат,Б1.О.Prof,1.0,Экзамен,32,[1]
238333,Русский язык и культура речи,16,10.05.01 Компьютерная безопасность (спец.),Бакалавриат,Б1.О.General,1.0,Зачет,32,[1]
238333,Решение прикладных задач информационной безопасности,16,10.05.01 Компьютерная безопасность (спец.),Бакалавриат,Б1.В,0.5,Экзамен,32,[2]
238333,История,16,10.05.01 Компьютерная безопасность (спец.),Бакалавриат,Б1.О.General,1.0,Зачет с оценкой,31,[1]
238333,Прикладная физическая культура (ОФП),16,10.05.01 Компьютерная безопасность (спец.),Бакалавриат,Б1.О.General,1.0,Зачет,32,"[1, 2]"
473854,Лаборатоный практикум: Электричество,43,Неизвестное (Основы математической обработки информац...),Специалитет,Б1.О.Prof,1.0,Зачет с оценкой,30,[2]
473854,Основы математической обработки информации,43,Неизвестное (Основы математической обработки информац...),Специалитет,Б1.О.Prof,1.0,Зачет,24,[2]
473854,Информатика,43,Неизвестное (Основы математической обработки информац...),Специалитет,Б1.О.General,1.0,Экзамен,26,[1]
473854,Иностранный язык,43,Неизвестное (Основы математической обработки информац...),Специалитет,Б1.О.General,1.0,Зачет с оценкой,27,"[1, 2]"
473854,Дискретная математика,43,Неизвестное (Основы математической обработки информац...),Специалитет,Б1.О.Prof,1.0,Зачет с оценкой,24,[2]
473854,Информационные технологии в инфокоммуникационных системах,43,Неизвестное (Основы математической обработки информац...),Специалитет,Б1.О.Prof,1.0,Зачет с оценкой,30,[2]
473854,Русский язык и культура речи,43,Неизвестное (Основы математической обработки информац...),Специалитет,Б1.О.General,1.0,Зачет,30,[1]
473854,Прикладная физическая культура (Волейбол),43,Неизвестное (Основы математической обработки информац...),Специалитет,Б1.О.General,1.0,Зачет,25,"[1, 2]"
473854,"История (история России, всеобщая история)",43,Неизвестное (Основы математической обработки информац...),Специалитет,Б1.О.General,1.0,Зачет с оценкой,26,[1]
473854,Программирование микропроцессоров в инфокоммуникационных системах,43,Неизвестное (Основы математической обработки информац...),Специалитет,Б1.О.Prof,1.0,Зачет,27,[2]
473854,Физическая культура и спорт,43,Неизвестное (Основы математической обработки информац...),Специалитет,Б1.О.General,1.0,Зачет,29,[1]
473854,Конструирование систем подвижной радиосвязи,43,Неизвестное (Основы математической обработки информац...),Специалитет,Б1.О.Prof,1.0,Зачет с оценкой,30,[2]
473854,Физика,43,Неизвестное (Основы математической обработки информац...),Специалитет,Б1.О.General,1.0,Экзамен,23,[1]
473854,Математика,43,Неизвестное (Основы математической обработки информац...),Специалитет,Б1.О.General,1.0,Экзамен,26,[1]
473854,Экономика,43,Неизвестное (Основы математической обработки информац...),Специалитет,Б1.О.General,1.0,Зачет,25,[1]
473854,Вычислительные методы обработки информации в инфокоммуникационных системах,43,Неизвестное (Основы математической обработки информац...),Специалитет,Б1.О.Prof,1.0,Зачет с оценкой,31,"[1, 2]"
473854,Введение в специальность,43,Неизвестное (Основы математической обработки информац...),Специалитет,Б1.О.Prof,1.0,Зачет с оценкой,27,"[1, 2]"
369407,Методы теоретической физики,2,03.03.02 Физика / Радиофизика,Бакалавриат,Б1.В,0.333,Зачет,7,[2]
369407,Единицы физических величин,2,03.03.02 Физика / Радиофизика,Бакалавриат,Б1.О.Prof,0.667,Зачет,7,[2]
369407,Иностранный язык,2,03.03.02 Физика / Радиофизика,Бакалавриат,Б1.О.General,1.0,Зачет,13,"[1, 2]"
369407,Аналитическая геометрия и линейная алгебра,2,03.03.02 Физика / Радиофизика,Бакалавриат,Б1.О.Prof,0.667,Экзамен,13,[1]
369407,Прикладная физическая культура (Адаптивная физическая культура),2,03.03.02 Физика / Радиофизика,Бакалавриат,Б1.О.General,0.5,Зачет,1,"[1, 2]"
369407,Прикладная физическая культура (ОФП),2,03.03.02 Физика / Радиофизика,Бакалавриат,Б1.О.General,0.5,Зачет,3,"[1, 2]"
369407,Математический анализ,2,03.03.02 Физика / Радиофизика,Бакалавриат,Б1.О.Prof,0.667,Зачет,14,"[1, 2]"
369407,Общий физический лабораторный практикум,2,03.03.02 Физика / Радиофизика,Бакалавриат,Б1.О.Prof,0.667,Зачет,14,"[1, 2]"
369407,Русский язык и культура речи,2,03.03.02 Физика / Радиофизика,Бакалавриат,Б1.О.General,1.0,Зачет,13,[1]
369407,Вычислительная физика,2,03.03.02 Физика / Радиофизика,Бакалавриат,Б1.О.Prof,0.667,Зачет с оценкой,8,[2]
369407,Информатика и программирование,2,03.03.02 Физика / Радиофизика,Бакалавриат,Б1.О.Prof,0.667,Экзамен,11,[1]
369407,Физическая культура и спорт,2,03.03.02 Физика / Радиофизика,Бакалавриат,Б1.О.General,1.0,Зачет,15,[1]
369407,Электричество и магнетизм,2,03.03.02 Физика / Радиофизика,Бакалавриат,Б1.О.Prof,1.0,Экзамен,8,[2]
369407,История,2,03.03.02 Физика / Радиофизика,Бакалавриат,Б1.О.General,0.5,Зачет с оценкой,14,[1]
369407,Прикладная физическая культура (Волейбол),2,03.03.02 Физика / Радиофизика,Бакалавриат,Б1.О.General,1.0,Зачет,7,"[1, 2]"
369407,Безопасность жизнедеятельности,2,03.03.02 Физика / Радиофизика,Бакалавриат,Б1.О.General,0.667,Зачет,14,[1]
369407,Механика,2,03.03.02 Физика / Радиофизика,Бакалавриат,Б1.О.Prof,1.0,Экзамен,12,[1]
369407,Введение в специальность,2,03.03.02 Физика / Радиофизика,Бакалавриат,Б1.О.Prof,0.667,Зачет,14,"[1, 2]"
731921,Информатика,20,Неизвестное (Техногенные системы и экологический риск...),Бакалавриат,Б1.О.General,1.0,Зачет с оценкой,20,[2]
731921,Общая экология,20,Неизвестное (Техногенные системы и экологический риск...),Бакалавриат,Б1.О.Prof,1.0,Экзамен,21,[1]
731921,"Учебная  практика, практика по получению первичных профессиональных умений и навыков, в том числе первичных умений и навыков научно-исследовательск...",20,Неизвестное (Техногенные системы и экологический риск...),Бакалавриат,Б1.В,0.5,Зачет с оценкой,20,[2]
731921,Иностранный язык,20,Неизвестное (Техногенные системы и экологический риск...),Бакалавриат,Б1.О.General,1.0,Зачет с оценкой,21,"[1, 2]"
731921,Прикладная физическая культура (ОФП),20,Неизвестное (Техногенные системы и экологический риск...),Бакалавриат,Б1.О.General,1.0,Зачет,21,"[1, 2]"
731921,Химия,20,Неизвестное (Техногенные системы и экологический риск...),Бакалавриат,Б1.О.Prof,1.0,Зачет с оценкой,21,[1]
731921,Философия,20,Неизвестное (Техногенные системы и экологический риск...),Бакалавриат,Б1.О.General,1.0,Зачет с оценкой,21,[1]
731921,Русский язык и культура речи,20,Неизвестное (Техногенные системы и экологический риск...),Бакалавриат,Б1.О.General,1.0,Зачет,20,[2]
731921,Математика,20,Неизвестное (Техногенные системы и экологический риск...),Бакалавриат,Б1.О.General,1.0,Зачет с оценкой,21,[1]
731921,Почвоведение,20,Неизвестное (Техногенные системы и экологический риск...),Бакалавриат,Б1.О.Prof,1.0,Экзамен,20,[2]
731921,Геология,20,Неизвестное (Техногенные системы и экологический риск...),Бакалавриат,Б1.О.Prof,1.0,Зачет,20,[2]
731921,"Экология растений, животных и микроорганизмов",20,Неизвестное (Техногенные системы и экологический риск...),Бакалавриат,Б1.О.Prof,1.0,Экзамен,20,[2]
731921,История,20,Неизвестное (Техногенные системы и экологический риск...),Бакалавриат,Б1.О.General,1.0,Зачет с оценкой,21,[1]
731921,Физическая культура и спорт,20,Неизвестное (Техногенные системы и экологический риск...),Бакалавриат,Б1.О.General,1.0,Зачет,21,[1]
731921,География,20,Неизвестное (Техногенные системы и экологический риск...),Бакалавриат,Б1.О.Prof,1.0,Зачет с оценкой,20,[2]
731921,Биология,20,Неизвестное (Техногенные системы и экологический риск...),Бакалавриат,Б1.О.Prof,1.0,Зачет с оценкой,20,[2]
731921,Учение об атмосфере,20,Неизвестное (Техногенные системы и экологический риск...),Бакалавриат,Б1.О.Prof,1.0,Экзамен,21,[1]
570145,Организационно-техническое сопровождение профессиональной деятельности,4,41.03.04 Политология,Бакалавриат,Б1.О.Prof,1.0,Экзамен,15,[4]
570145,Государственная политика и управление,4,41.03.04 Политология,Бакалавриат,Б1.О.Prof,1.0,Экзамен,15,[4]
570145,Социальное предпринимательство и основы проектной деятельности,4,41.03.04 Политология,Бакалавриат,Б1.О.General,1.0,Зачет,15,[3]
570145,Культура общения,4,41.03.04 Политология,Бакалавриат,Б1.В,0.5,Зачет,1,[3]
570145,Прикладная физическая культура (Адаптивная физическая культура),4,41.03.04 Политология,Бакалавриат,Б1.О.General,0.333,Зачет,1,"[3, 4]"
570145,Прикладная физическая культура (ОФП),4,41.03.04 Политология,Бакалавриат,Б1.О.General,0.667,Зачет,14,"[3, 4]"
570145,"Учебная практика, научно-исследовательская работа (получение первичных навыков научно-исследовательской работы)",4,41.03.04 Политология,Бакалавриат,Б2,1.0,Зачет с оценкой,15,[4]
570145,Культурология,4,41.03.04 Политология,Бакалавриат,Б1.О.General,1.0,Зачет,6,[3]
570145,Политические и маркетинговые технологии в коммуникативном пространстве России,4,41.03.04 Политология,Бакалавриат,Б1.В,0.333,Зачет с оценкой,15,"[3, 4]"
570145,История политических учений,4,41.03.04 Политология,Бакалавриат,Б1.В,0.333,Зачет с оценкой,15,"[3, 4]"
570145,Информационно-аналитическое обеспечение современных региональных и международных процессов,4,41.03.04 Политология,Бакалавриат,Б1.О.Prof,1.0,Зачет с оценкой,16,"[3, 4]"
570145,Профессиональная иноязычная коммуникация,4,41.03.04 Политология,Бакалавриат,Б1.О.Prof,1.0,Зачет с оценкой,16,"[3, 4]"
570145,Теория политики,4,41.03.04 Политология,Бакалавриат,Б1.В,0.333,Экзамен,15,"[3, 4]"
570145,Конфликтология,4,41.03.04 Политология,Бакалавриат,Б1.О.General,0.667,Зачет,8,[3]
570145,Политическая история России и зарубежных стран,4,41.03.04 Политология,Бакалавриат,Б1.В,0.333,Экзамен,15,[3]
570145,Политическая конфликтология,4,41.03.04 Политология,Бакалавриат,Б1.О.Prof,1.0,Экзамен,15,[3]
549668,Организационно-техническое сопровождение профессиональной деятельности,4,41.03.04 Политология,Бакалавриат,Б1.О.Prof,1.0,Экзамен,15,[4]
549668,Государственная политика и управление,4,41.03.04 Политология,Бакалавриат,Б1.О.Prof,1.0,Экзамен,15,[4]
549668,Теория международных отношений,4,41.03.04 Политология,Бакалавриат,Б1.В,0.333,Зачет с оценкой,15,[4]
549668,Социальное предпринимательство и основы проектной деятельности,4,41.03.04 Политология,Бакалавриат,Б1.О.General,1.0,Зачет,17,[3]
549668,Прикладная физическая культура (ОФП),4,41.03.04 Политология,Бакалавриат,Б1.О.General,0.667,Зачет,16,"[3, 4]"
549668,"Учебная практика, научно-исследовательская работа (получение первичных навыков научно-исследовательской работы)",4,41.03.04 Политология,Бакалавриат,Б2,1.0,Зачет с оценкой,14,[4]
549668,Культурология,4,41.03.04 Политология,Бакалавриат,Б1.О.General,1.0,Зачет,1,[3]
549668,История международных отношений,4,41.03.04 Политология,Бакалавриат,Б1.В,0.333,Экзамен,17,[3]
549668,Теория и практика аргументации,4,41.03.04 Политология,Бакалавриат,Б1.В,0.5,Зачет,17,[3]
549668,Этнический и религиозный факторы в международных отношениях,4,41.03.04 Политология,Бакалавриат,Б1.В,0.333,Зачет с оценкой,17,[3]
549668,Информационно-аналитическое обеспечение современных региональных и международных процессов,4,41.03.04 Политология,Бакалавриат,Б1.О.Prof,1.0,Зачет с оценкой,17,"[3, 4]"
549668,Профессиональная иноязычная коммуникация,4,41.03.04 Политология,Бакалавриат,Б1.О.Prof,1.0,Зачет с оценкой,17,"[3, 4]"
549668,Современные миграционные и демографические процессы,4,41.03.04 Политология,Бакалавриат,Б1.В,0.333,Экзамен,16,[4]
549668,Иностранный язык (второй),4,41.03.04 Политология,Бакалавриат,Б1.О.Prof,0.667,Экзамен,17,"[3, 4]"
549668,Политическая конфликтология,4,41.03.04 Политология,Бакалавриат,Б1.О.Prof,1.0,Экзамен,17,[3]
545583,Алгебра и теория чисел,3,01.03.02 ПМИ / 02.03.01 МКН,Бакалавриат,Б1.О.Prof,0.667,Зачет с оценкой,60,"[1, 2]"
545583,Иностранный язык,3,01.03.02 ПМИ / 02.03.01 МКН,Бакалавриат,Б1.О.General,1.0,Зачет с оценкой,59,"[1, 2]"
545583,Прикладная физическая культура (Адаптивная физическая культура),3,01.03.02 ПМИ / 02.03.01 МКН,Бакалавриат,Б1.О.General,0.833,Зачет,6,"[1, 2]"
545583,Геометрия и топология,3,01.03.02 ПМИ / 02.03.01 МКН,Бакалавриат,Б1.В,0.333,Зачет с оценкой,59,"[1, 2]"
545583,Дискретная математика,3,01.03.02 ПМИ / 02.03.01 МКН,Бакалавриат,Б1.О.Prof,1.0,Экзамен,52,[2]
545583,Прикладная физическая культура (ОФП),3,01.03.02 ПМИ / 02.03.01 МКН,Бакалавриат,Б1.О.General,1.0,Зачет,27,"[1, 2]"
545583,Математический анализ,3,01.03.02 ПМИ / 02.03.01 МКН,Бакалавриат,Б1.О.Prof,1.0,Зачет с оценкой,59,"[1, 2]"
545583,Прикладная физическая культура (Волейбол),3,01.03.02 ПМИ / 02.03.01 МКН,Бакалавриат,Б1.О.General,0.5,Зачет,26,"[1, 2]"
545583,Русский язык и культура речи,3,01.03.02 ПМИ / 02.03.01 МКН,Бакалавриат,Б1.О.General,1.0,Зачет,56,[1]
545583,Информатика и программирование,3,01.03.02 ПМИ / 02.03.01 МКН,Бакалавриат,Б1.О.Prof,1.0,Экзамен,59,"[1, 2]"
545583,Физическая культура и спорт,3,01.03.02 ПМИ / 02.03.01 МКН,Бакалавриат,Б1.О.General,1.0,Зачет,57,[1]
545583,Правоведение,3,01.03.02 ПМИ / 02.03.01 МКН,Бакалавриат,Б1.О.General,0.667,Зачет,55,[2]
545583,"История (история России, всеобщая история)",3,01.03.02 ПМИ / 02.03.01 МКН,Бакалавриат,Б1.О.General,1.0,Зачет с оценкой,54,[2]
101170,Алгебра и теория чисел,3,01.03.02 ПМИ / 02.03.01 МКН,Бакалавриат,Б1.О.Prof,0.667,Зачет с оценкой,50,"[1, 2]"
101170,Иностранный язык,3,01.03.02 ПМИ / 02.03.01 МКН,Бакалавриат,Б1.О.General,1.0,Зачет с оценкой,50,"[1, 2]"
101170,Прикладная физическая культура (Адаптивная физическая культура),3,01.03.02 ПМИ / 02.03.01 МКН,Бакалавриат,Б1.О.General,0.833,Зачет,3,"[1, 2]"
101170,Дискретная математика,3,01.03.02 ПМИ / 02.03.01 МКН,Бакалавриат,Б1.О.Prof,1.0,Экзамен,49,[2]
101170,Прикладная физическая культура (ОФП),3,01.03.02 ПМИ / 02.03.01 МКН,Бакалавриат,Б1.О.General,1.0,Зачет,46,"[1, 2]"
101170,Геометрия и топология,3,01.03.02 ПМИ / 02.03.01 МКН,Бакалавриат,Б1.В,0.333,Экзамен,50,"[1, 2]"
101170,Математический анализ,3,01.03.02 ПМИ / 02.03.01 МКН,Бакалавриат,Б1.О.Prof,1.0,Зачет с оценкой,49,"[1, 2]"
101170,Русский язык и культура речи,3,01.03.02 ПМИ / 02.03.01 МКН,Бакалавриат,Б1.О.General,1.0,Зачет,49,[1]
101170,Информатика и программирование,3,01.03.02 ПМИ / 02.03.01 МКН,Бакалавриат,Б1.О.Prof,1.0,Экзамен,49,"[1, 2]"
101170,Физическая культура и спорт,3,01.03.02 ПМИ / 02.03.01 МКН,Бакалавриат,Б1.О.General,1.0,Зачет,50,[1]
101170,Правоведение,3,01.03.02 ПМИ / 02.03.01 МКН,Бакалавриат,Б1.О.General,0.667,Зачет,48,[2]
101170,"История (история России, всеобщая история)",3,01.03.02 ПМИ / 02.03.01 МКН,Бакалавриат,Б1.О.General,1.0,Зачет с оценкой,49,[2]
189248,"Производственная практика, научно-исследовательская работа (по теме выпускной квалификационной работы)",4,41.03.04 Политология,Бакалавриат,Б2,0.333,Зачет с оценкой,12,[6]
189248,Государственная политика и управление,4,41.03.04 Политология,Бакалавриат,Б1.О.Prof,1.0,Экзамен,12,[5]
189248,История и культура стран Северной Америки,4,41.03.04 Политология,Бакалавриат,Б1.В,0.333,Экзамен,12,[5]
189248,Сравнительная политология,4,41.03.04 Политология,Бакалавриат,Б1.О.Prof,1.0,Зачет с оценкой,12,[5]
189248,Национальная экономика США и Канады,4,41.03.04 Политология,Бакалавриат,Б1.В,0.333,Экзамен,12,[6]
189248,Прикладная физическая культура (ОФП),4,41.03.04 Политология,Бакалавриат,Б1.О.General,1.0,Зачет,12,"[5, 6]"
189248,Правовые системы США и Канады,4,41.03.04 Политология,Бакалавриат,Б1.В,0.333,Зачет,12,[6]
189248,Современная мировая политика и международные отношения,4,41.03.04 Политология,Бакалавриат,Б1.О.Prof,0.667,Зачет с оценкой,12,[6]
189248,Технологии в экспертной и консалтинговой деятельности,4,41.03.04 Политология,Бакалавриат,Б1.О.Prof,1.0,Зачет с оценкой,13,[5]
189248,Политический менеджмент,4,41.03.04 Политология,Бакалавриат,Б1.О.Prof,1.0,Зачет с оценкой,12,[6]
189248,Эмпирические исследования в области политических наук и регионоведения,4,41.03.04 Политология,Бакалавриат,Б1.О.Prof,1.0,Экзамен,12,"[5, 6]"
189248,Политический анализ и прогнозирование,4,41.03.04 Политология,Бакалавриат,Б1.О.Prof,1.0,Зачет с оценкой,12,"[5, 6]"
189248,Политическая коммуникативистика,4,41.03.04 Политология,Бакалавриат,Б1.О.Prof,1.0,Зачет с оценкой,12,[5]
189248,Иностранный язык (второй),4,41.03.04 Политология,Бакалавриат,Б1.О.Prof,0.667,Экзамен,12,"[5, 6]"
359233,Стратегический учет,9,38.05.01 Экономическая безопасность (спец.),Специалитет,Б1.О.Prof,1.0,Зачет с оценкой,54,[10]
359233,Оценка рисков,9,38.05.01 Экономическая безопасность (спец.),Специалитет,Б1.О.Prof,1.0,Экзамен,55,[9]
359233,Учет в государственных (муниципальных) учреждениях,9,38.05.01 Экономическая безопасность (спец.),Специалитет,Б1.О.Prof,1.0,Экзамен,54,[9]
359233,Учет на предприятиях малого бизнеса,9,38.05.01 Экономическая безопасность (спец.),Специалитет,Б1.О.Prof,1.0,Экзамен,54,[9]
359233,Деловая коммуникация,9,38.05.01 Экономическая безопасность (спец.),Специалитет,Б1.В,0.5,Зачет,52,[9]
359233,Лабораторный практикум по бухгалтерскому учету,9,38.05.01 Экономическая безопасность (спец.),Специалитет,Б1.О.Prof,1.0,Зачет,54,[9]
359233,"Производственная практика, преддипломная практика",9,38.05.01 Экономическая безопасность (спец.),Специалитет,Б2,1.0,Зачет с оценкой,55,[10]
359233,Судебная экономическая экспертиза,9,38.05.01 Экономическая безопасность (спец.),Специалитет,Б1.О.Prof,1.0,Зачет с оценкой,55,[9]
359233,"Учет, анализ и контроль деятельности прокуратуры и органов внутренних дел",9,38.05.01 Экономическая безопасность (спец.),Специалитет,Б1.О.Prof,1.0,Экзамен,54,[10]
359233,Международные стандарты финансовой отчетности,9,38.05.01 Экономическая безопасность (спец.),Специалитет,Б1.О.Prof,1.0,Зачет с оценкой,54,[10]
359233,Бюджетная система и бюджетный процесс,9,38.05.01 Экономическая безопасность (спец.),Специалитет,Б1.О.Prof,1.0,Зачет с оценкой,53,[9]
359233,"Производственная практика, научно-исследовательская работа",9,38.05.01 Экономическая безопасность (спец.),Специалитет,Б2,1.0,Зачет с оценкой,54,[9]
234310,Инженерная и компьютерная графика,1,09.03.02 ИСиТ,Бакалавриат,Б1.В,0.333,Экзамен,26,[4]
234310,Математическая логика и теория алгоритмов,1,09.03.02 ИСиТ,Бакалавриат,Б1.В,0.333,Зачет с оценкой,26,[3]
234310,Методы математической физики,1,09.03.02 ИСиТ,Бакалавриат,Б1.О.Prof,1.0,Зачет с оценкой,26,[4]
234310,Базы данных,1,09.03.02 ИСиТ,Бакалавриат,Б1.О.Prof,1.0,Экзамен,26,[3]
234310,Алгоритмы и структуры данных,1,09.03.02 ИСиТ,Бакалавриат,Б1.В,0.333,Зачет с оценкой,26,[4]
234310,Математическое моделирование физических систем,1,09.03.02 ИСиТ,Бакалавриат,Б1.О.Prof,1.0,Зачет с оценкой,26,[3]
234310,Дискретная математика,1,09.03.02 ИСиТ,Бакалавриат,Б1.О.Prof,1.0,Экзамен,26,[3]
234310,Прикладная физическая культура (Адаптивная физическая культура),1,09.03.02 ИСиТ,Бакалавриат,Б1.О.General,0.833,Зачет,4,"[3, 4]"
234310,"Учебная практика, научно-исследовательская работа (получение первичных навыков научно-исследовательской работы)",1,09.03.02 ИСиТ,Бакалавриат,Б2,1.0,Зачет с оценкой,1,[4]
234310,Операционные системы,1,09.03.02 ИСиТ,Бакалавриат,Б1.О.Prof,1.0,Экзамен,26,[4]
234310,Цифровые технологии: от интернета до блокчейна,1,09.03.02 ИСиТ,Бакалавриат,Б1.О.Prof,0.833,Зачет,26,[3]
234310,Прикладная физическая культура (Волейбол),1,09.03.02 ИСиТ,Бакалавриат,Б1.О.General,0.5,Зачет,23,[3]
234310,Численные методы,1,09.03.02 ИСиТ,Бакалавриат,Б1.О.Prof,1.0,Экзамен,26,[4]
234310,Философия,1,09.03.02 ИСиТ,Бакалавриат,Б1.О.General,0.667,Зачет с оценкой,26,[3]
234310,Экономико-математическое моделирование,1,09.03.02 ИСиТ,Бакалавриат,Б1.В,0.5,Зачет с оценкой,27,[4]
234310,Физические основы современных технологий,1,09.03.02 ИСиТ,Бакалавриат,Б1.В,0.333,Экзамен,26,[3]
234310,Объектно-ориентированное программирование,1,09.03.02 ИСиТ,Бакалавриат,Б1.О.Prof,1.0,Зачет с оценкой,26,[3]
770886,Техника записи,15,45.03.02 Лингвистика (перевод),Бакалавриат,Б1.В,0.5,Зачет,61,[6]
770886,Теоретическая грамматика,15,45.03.02 Лингвистика (перевод),Бакалавриат,Б1.О.Prof,1.0,Экзамен,60,[5]
770886,Практический курс устного перевода (первый иностранный язык),15,45.03.02 Лингвистика (перевод),Бакалавриат,Б1.О.Prof,1.0,Зачет с оценкой,64,"[5, 6]"
770886,Практический курс устного перевода (второй иностранный язык),15,45.03.02 Лингвистика (перевод),Бакалавриат,Б1.О.Prof,1.0,Зачет с оценкой,64,"[5, 6]"
770886,Технологии межкультурной деловой коммуникации,15,45.03.02 Лингвистика (перевод),Бакалавриат,Б1.В,0.5,Зачет,61,[6]
770886,Методика перевода,15,45.03.02 Лингвистика (перевод),Бакалавриат,Б1.О.Prof,1.0,Зачет,62,[6]
770886,Практический курс второго иностранного языка,15,45.03.02 Лингвистика (перевод),Бакалавриат,Б1.О.Prof,1.0,Экзамен,63,"[5, 6]"
770886,Прикладная физическая культура (ОФП),15,45.03.02 Лингвистика (перевод),Бакалавриат,Б1.О.General,1.0,Зачет,63,"[5, 6]"
770886,Теория перевода,15,45.03.02 Лингвистика (перевод),Бакалавриат,Б1.О.Prof,1.0,Экзамен,60,[5]
770886,Практический курс первого иностранного языка,15,45.03.02 Лингвистика (перевод),Бакалавриат,Б1.О.Prof,1.0,Зачет с оценкой,63,"[5, 6]"
770886,Информационный поиск в работе переводчика,15,45.03.02 Лингвистика (перевод),Бакалавриат,Б1.О.Prof,1.0,Зачет,60,[5]
770886,Практический курс письменного перевода (второй иностранный язык),15,45.03.02 Лингвистика (перевод),Бакалавриат,Б1.О.Prof,1.0,Зачет с оценкой,64,"[5, 6]"
770886,Практический курс письменного перевода (первый иностранный язык),15,45.03.02 Лингвистика (перевод),Бакалавриат,Б1.О.Prof,1.0,Зачет с оценкой,64,"[5, 6]"
813896,Технологическое предпринимательство и основы проектной деятельности,15,45.03.02 Лингвистика (перевод),Бакалавриат,Б1.О.General,1.0,Зачет,64,[4]
813896,Культура общения,15,45.03.02 Лингвистика (перевод),Бакалавриат,Б1.О.Prof,1.0,Зачет,1,[3]
813896,Прикладная физическая культура (Адаптивная физическая культура),15,45.03.02 Лингвистика (перевод),Бакалавриат,Б1.О.General,1.0,Зачет,8,"[3, 4]"
813896,Практический курс первого иностранного языка,15,45.03.02 Лингвистика (перевод),Бакалавриат,Б1.О.Prof,1.0,Зачет с оценкой,64,"[3, 4]"
813896,Социология,15,45.03.02 Лингвистика (перевод),Бакалавриат,Б1.О.Prof,1.0,Зачет,8,[3]
813896,Правоведение,15,45.03.02 Лингвистика (перевод),Бакалавриат,Б1.О.General,1.0,Зачет,63,[4]
813896,Лексикология,15,45.03.02 Лингвистика (перевод),Бакалавриат,Б1.О.Prof,1.0,Экзамен,64,[4]
813896,Практический курс второго иностранного языка,15,45.03.02 Лингвистика (перевод),Бакалавриат,Б1.О.Prof,1.0,Зачет с оценкой,64,"[3, 4]"
813896,Культурология,15,45.03.02 Лингвистика (перевод),Бакалавриат,Б1.О.General,1.0,Зачет,28,[3]
813896,Теория и практика аргументации,15,45.03.02 Лингвистика (перевод),Бакалавриат,Б1.О.Prof,1.0,Зачет,12,[3]
813896,Основы германистики (основы теории первого иностранного языка),15,45.03.02 Лингвистика (перевод),Бакалавриат,Б1.О.Prof,1.0,Экзамен,65,[3]
813896,Стилистика,15,45.03.02 Лингвистика (перевод),Бакалавриат,Б1.О.Prof,1.0,Экзамен,64,[4]
813896,Страноведение,15,45.03.02 Лингвистика (перевод),Бакалавриат,Б1.О.Prof,1.0,Зачет,64,[4]
813896,Глобальная экономическая история,15,45.03.02 Лингвистика (перевод),Бакалавриат,Б1.О.Prof,1.0,Зачет,2,[3]
813896,Технологии межкультурной деловой коммуникации,15,45.03.02 Лингвистика (перевод),Бакалавриат,Б1.О.Prof,1.0,Зачет,64,[4]
813896,Прикладная физическая культура (Волейбол),15,45.03.02 Лингвистика (перевод),Бакалавриат,Б1.О.General,0.5,Зачет,62,"[3, 4]"
813896,Философия,15,45.03.02 Лингвистика (перевод),Бакалавриат,Б1.О.General,1.0,Зачет с оценкой,62,[4]
813896,Конфликтология,15,45.03.02 Лингвистика (перевод),Бакалавриат,Б1.О.General,1.0,Зачет,10,[3]
813896,Прикладная физическая культура (ОФП),15,45.03.02 Лингвистика (перевод),Бакалавриат,Б1.О.General,1.0,Зачет,6,[4]
127825,Ресурсоведение,31,Неизвестное (ГИС в географии...),Бакалавриат,Б1.О.Prof,1.0,Зачет с оценкой,12,[7]
127825,Экономико-географическое районирование мира,31,Неизвестное (ГИС в географии...),Бакалавриат,Б1.О.Prof,1.0,Экзамен,12,[8]
127825,Геоурбанистика,31,Неизвестное (ГИС в географии...),Бакалавриат,Б1.О.Prof,1.0,Экзамен,12,[8]
127825,Физическая география материков и океанов,31,Неизвестное (ГИС в географии...),Бакалавриат,Б1.О.Prof,1.0,Экзамен,12,[7]
127825,Подготовка и сдача государственного экзамена,31,Неизвестное (ГИС в географии...),Бакалавриат,Б3,0.5,ГАК,12,[8]
127825,"Производственная практика, преддипломная практика",31,Неизвестное (ГИС в географии...),Бакалавриат,Б2,0.5,Зачет с оценкой,12,[8]
127825,"Защита выпускной квалификационной работы, включая подготовку к защите и процедуру защиты",31,Неизвестное (ГИС в географии...),Бакалавриат,Б3,0.5,Защита ВКР,12,[8]
127825,География населения с основами демографии,31,Неизвестное (ГИС в географии...),Бакалавриат,Б1.О.Prof,1.0,Зачет,12,[7]
127825,Технология и организация туристско-рекреационной деятельности,31,Неизвестное (ГИС в географии...),Бакалавриат,Б1.О.Prof,1.0,Зачет,12,[8]
127825,Экономическая и социальная география мира,31,Неизвестное (ГИС в географии...),Бакалавриат,Б1.О.Prof,1.0,Экзамен,12,[7]
127825,Социально-экономическая география Нижнего Поволжья,31,Неизвестное (ГИС в географии...),Бакалавриат,Б1.О.Prof,1.0,Зачет с оценкой,12,[8]
127825,Политическая география и геополитика,31,Неизвестное (ГИС в географии...),Бакалавриат,Б1.О.Prof,1.0,Зачет с оценкой,12,[7]
127825,Страноведение и международный туризм,31,Неизвестное (ГИС в географии...),Бакалавриат,Б1.О.Prof,1.0,Зачет с оценкой,12,[7]
127825,"Производственная практика, практика по получению профессиональных умений и опыта профессиональной деятельности (полевая)",31,Неизвестное (ГИС в географии...),Бакалавриат,Б2,0.5,Зачет с оценкой,12,[8]
127825,Геоэкология Нижнего Поволжья,31,Неизвестное (ГИС в географии...),Бакалавриат,Б1.О.Prof,1.0,Зачет с оценкой,12,[7]
127825,Методика преподавания географии,31,Неизвестное (ГИС в географии...),Бакалавриат,Б1.О.Prof,1.0,Зачет с оценкой,12,[8]
697169,Основы математической обработки информации,24,37.03.01 Психология,Бакалавриат,Б1.О.Prof,1.0,Зачет с оценкой,20,[1]
697169,Общая психология,24,37.03.01 Психология,Бакалавриат,Б1.О.Prof,1.0,Экзамен,21,"[1, 2]"
697169,Иностранный язык,24,37.03.01 Психология,Бакалавриат,Б1.О.General,1.0,Зачет с оценкой,21,"[1, 2]"
697169,Прикладная физическая культура (Адаптивная физическая культура),24,37.03.01 Психология,Бакалавриат,Б1.О.General,0.5,Зачет,2,"[1, 2]"
697169,Общий психологический практикум,24,37.03.01 Психология,Бакалавриат,Б1.О.Prof,1.0,Экзамен,21,"[1, 2]"
697169,Прикладная физическая культура (ОФП),24,37.03.01 Психология,Бакалавриат,Б1.О.General,1.0,Зачет,18,"[1, 2]"
697169,Введение в профессию,24,37.03.01 Психология,Бакалавриат,Б1.О.Prof,1.0,Экзамен,20,[1]
697169,Русский язык и культура речи,24,37.03.01 Психология,Бакалавриат,Б1.О.General,1.0,Зачет,20,[1]
697169,Безопасность жизнедеятельности,24,37.03.01 Психология,Бакалавриат,Б1.О.General,1.0,Зачет,20,[1]
697169,Физическая культура и спорт,24,37.03.01 Психология,Бакалавриат,Б1.О.General,1.0,Зачет,20,[1]
697169,Психофизиология,24,37.03.01 Психология,Бакалавриат,Б1.В,0.5,Зачет,19,[2]
697169,История,24,37.03.01 Психология,Бакалавриат,Б1.О.General,1.0,Зачет с оценкой,20,[1]
697169,Правоведение,24,37.03.01 Психология,Бакалавриат,Б1.О.General,0.5,Зачет,18,[2]
697169,Экономика,24,37.03.01 Психология,Бакалавриат,Б1.О.General,0.5,Зачет с оценкой,1,[2]
490326,Государственная политика и управление,4,41.03.04 Политология,Бакалавриат,Б1.О.Prof,1.0,Экзамен,15,[5]
490326,Теория международных отношений,4,41.03.04 Политология,Бакалавриат,Б1.В,0.333,Экзамен,15,[5]
490326,Сравнительная политология,4,41.03.04 Политология,Бакалавриат,Б1.О.Prof,1.0,Зачет с оценкой,15,[5]
490326,Мировая экономика,4,41.03.04 Политология,Бакалавриат,Б1.В,0.333,Экзамен,14,[6]
490326,"Производственная практика, научно-исследовательская работа (по теме выпускной квалификационной работе)",4,41.03.04 Политология,Бакалавриат,Б2,0.667,Зачет с оценкой,14,[6]
490326,Международное право,4,41.03.04 Политология,Бакалавриат,Б1.В,0.333,Зачет,14,[6]
490326,Прикладная физическая культура (ОФП),4,41.03.04 Политология,Бакалавриат,Б1.О.General,1.0,Зачет,14,"[5, 6]"
490326,Современная мировая политика и международные отношения,4,41.03.04 Политология,Бакалавриат,Б1.О.Prof,0.667,Зачет с оценкой,14,[6]
490326,Технологии в экспертной и консалтинговой деятельности,4,41.03.04 Политология,Бакалавриат,Б1.О.Prof,1.0,Зачет с оценкой,15,[5]
490326,Политический менеджмент,4,41.03.04 Политология,Бакалавриат,Б1.О.Prof,1.0,Зачет с оценкой,14,[6]
490326,Эмпирические исследования в области политических наук и регионоведения,4,41.03.04 Политология,Бакалавриат,Б1.О.Prof,1.0,Зачет с оценкой,15,"[5, 6]"
490326,Политический анализ и прогнозирование,4,41.03.04 Политология,Бакалавриат,Б1.О.Prof,1.0,Зачет с оценкой,15,"[5, 6]"
490326,Политическая коммуникативистика,4,41.03.04 Политология,Бакалавриат,Б1.О.Prof,1.0,Зачет с оценкой,15,[5]
490326,Иностранный язык (второй),4,41.03.04 Политология,Бакалавриат,Б1.О.Prof,0.667,Экзамен,15,"[5, 6]"
127840,Машинное обучение и анализ данных,25,02.03.02 ФИИТ / 09.03.01 Информатика,Бакалавриат,Б1.О.Prof,1.0,Экзамен,22,[7]
127840,Защита информации,25,02.03.02 ФИИТ / 09.03.01 Информатика,Бакалавриат,Б1.О.Prof,1.0,Зачет с оценкой,20,[8]
127840,Математические методы обработки информации и принятия решений,25,02.03.02 ФИИТ / 09.03.01 Информатика,Бакалавриат,Б1.О.Prof,1.0,Зачет с оценкой,22,[7]
127840,Актуальные проблемы прикладной математики и информатики,25,02.03.02 ФИИТ / 09.03.01 Информатика,Бакалавриат,Б1.О.Prof,1.0,Зачет с оценкой,20,[8]
127840,"Производственная практика, преддипломная практика",25,02.03.02 ФИИТ / 09.03.01 Информатика,Бакалавриат,Б2,1.0,Зачет с оценкой,20,[8]
127840,Научно-исследовательский семинар,25,02.03.02 ФИИТ / 09.03.01 Информатика,Бакалавриат,Б1.О.Prof,1.0,Зачет с оценкой,22,[7]
127840,Экономико-математическое моделирование,25,02.03.02 ФИИТ / 09.03.01 Информатика,Бакалавриат,Б1.О.Prof,1.0,Зачет с оценкой,22,[7]
127840,"Производственная практика, проектно-технологическая практика",25,02.03.02 ФИИТ / 09.03.01 Информатика,Бакалавриат,Б2,1.0,Зачет с оценкой,20,[8]
127840,Выполнение и защита выпускной квалификационной работы,25,02.03.02 ФИИТ / 09.03.01 Информатика,Бакалавриат,Б3,1.0,Защита ВКР,20,[8]
127840,Основы кибернетики,25,02.03.02 ФИИТ / 09.03.01 Информатика,Бакалавриат,Б1.О.Prof,1.0,Экзамен,21,[8]
127840,"Учебная практика, технологическая практика",25,02.03.02 ФИИТ / 09.03.01 Информатика,Бакалавриат,Б2,1.0,Зачет с оценкой,2,[7]
127840,Исследование операций и теория игр,25,02.03.02 ФИИТ / 09.03.01 Информатика,Бакалавриат,Б1.О.Prof,1.0,Зачет с оценкой,21,"[7, 8]"
127840,Системы и методы компьютерного моделирования,25,02.03.02 ФИИТ / 09.03.01 Информатика,Бакалавриат,Б1.О.Prof,1.0,Зачет,22,"[7, 8]"
127840,Численные методы математической физики,25,02.03.02 ФИИТ / 09.03.01 Информатика,Бакалавриат,Б1.О.Prof,1.0,Экзамен,21,[7]
127840,"Производственная практика, научно-исследовательская работа",25,02.03.02 ФИИТ / 09.03.01 Информатика,Бакалавриат,Б2,1.0,Зачет с оценкой,20,[7]
514916,Основы математической обработки информации,24,37.03.01 Психология,Бакалавриат,Б1.О.Prof,1.0,Зачет с оценкой,5,[1]
514916,Общая психология,24,37.03.01 Психология,Бакалавриат,Б1.О.Prof,1.0,Экзамен,7,"[1, 2]"
514916,Иностранный язык,24,37.03.01 Психология,Бакалавриат,Б1.О.General,1.0,Зачет с оценкой,7,"[1, 2]"
514916,Общий психологический практикум,24,37.03.01 Психология,Бакалавриат,Б1.О.Prof,1.0,Экзамен,6,"[1, 2]"
514916,Прикладная физическая культура (ОФП),24,37.03.01 Психология,Бакалавриат,Б1.О.General,1.0,Зачет,3,"[1, 2]"
514916,Тренинг коммуникативных навыков,24,37.03.01 Психология,Бакалавриат,Б1.В,0.5,Экзамен,6,[2]
514916,Введение в профессию,24,37.03.01 Психология,Бакалавриат,Б1.О.Prof,1.0,Экзамен,6,[1]
514916,Философия,24,37.03.01 Психология,Бакалавриат,Б1.О.General,0.5,Зачет с оценкой,2,[2]
514916,Русский язык и культура речи,24,37.03.01 Психология,Бакалавриат,Б1.О.General,1.0,Зачет,5,[1]
514916,Прикладная физическая культура (Волейбол),24,37.03.01 Психология,Бакалавриат,Б1.О.General,0.5,Зачет,3,"[1, 2]"
514916,Физическая культура и спорт,24,37.03.01 Психология,Бакалавриат,Б1.О.General,1.0,Зачет,6,[1]
514916,История,24,37.03.01 Психология,Бакалавриат,Б1.О.General,1.0,Зачет с оценкой,5,[1]
514916,Безопасность жизнедеятельности,24,37.03.01 Психология,Бакалавриат,Б1.О.General,1.0,Зачет,5,[1]
723813,Основы математической обработки информации,4,41.03.04 Политология,Бакалавриат,Б1.О.Prof,1.0,Зачет с оценкой,21,[1]
723813,Иностранный язык,4,41.03.04 Политология,Бакалавриат,Б1.О.General,1.0,Зачет с оценкой,21,"[1, 2]"
723813,Информационно-коммуникационные технологии в политических науках и регионоведении,4,41.03.04 Политология,Бакалавриат,Б1.О.Prof,1.0,Экзамен,16,[2]
723813,"Учебная практика, научно-исследовательская работа (получение первичных навыков научно-исследовательской работы)",4,41.03.04 Политология,Бакалавриат,Б2,1.0,Зачет с оценкой,16,[2]
723813,Международные и региональные организации в современных интеграционных процессах,4,41.03.04 Политология,Бакалавриат,Б1.О.Prof,0.667,Экзамен,21,[1]
723813,Безопасность жизнедеятельности,4,41.03.04 Политология,Бакалавриат,Б1.О.General,1.0,Зачет,21,[1]
723813,Правоведение,4,41.03.04 Политология,Бакалавриат,Б1.О.General,1.0,Зачет,16,[2]
723813,Теоретические основы современной регионалистики,4,41.03.04 Политология,Бакалавриат,Б1.В,0.333,Экзамен,18,[2]
723813,Экономика,4,41.03.04 Политология,Бакалавриат,Б1.О.General,1.0,Зачет,16,[2]
723813,Введение в профессию,4,41.03.04 Политология,Бакалавриат,Б1.О.Prof,1.0,Экзамен,21,[1]
723813,Физическая культура и спорт,4,41.03.04 Политология,Бакалавриат,Б1.О.General,1.0,Зачет,21,[1]
723813,Региональная и национальная безопасность стран Северной Америки,4,41.03.04 Политология,Бакалавриат,Б1.В,0.333,Зачет с оценкой,16,[2]
723813,"История (история России, всеобщая история)",4,41.03.04 Политология,Бакалавриат,Б1.О.General,1.0,Зачет с оценкой,21,[1]
723813,Информационное общество и обеспечение информационной безопасности,4,41.03.04 Политология,Бакалавриат,Б1.О.Prof,1.0,Экзамен,21,[1]
723813,СМИ в современной системе массовой коммуникации,4,41.03.04 Политология,Бакалавриат,Б1.О.Prof,1.0,Зачет с оценкой,21,[1]
723813,Философия,4,41.03.04 Политология,Бакалавриат,Б1.О.General,1.0,Зачет с оценкой,16,[2]
723813,Русский язык и культура речи,4,41.03.04 Политология,Бакалавриат,Б1.О.General,1.0,Зачет,21,[1]
723813,Научно-методическое обеспечение результатов профессиональной деятельности,4,41.03.04 Политология,Бакалавриат,Б1.О.Prof,1.0,Зачет с оценкой,16,[2]
723813,Прикладная физическая культура (ОФП),4,41.03.04 Политология,Бакалавриат,Б1.О.General,1.0,Зачет,20,"[1, 2]"
404329,Иностранный язык,7,45.03.01 Филология,Бакалавриат,Б1.О.General,1.0,Зачет с оценкой,25,"[1, 2]"
404329,Прикладная физическая культура (Адаптивная физическая культура),7,45.03.01 Филология,Бакалавриат,Б1.О.General,0.5,Зачет,7,"[1, 2]"
404329,Устное народное творчество,7,45.03.01 Филология,Бакалавриат,Б1.О.Prof,1.0,Зачет,25,[1]
404329,Введение в славянскую филологию,7,45.03.01 Филология,Бакалавриат,Б1.В,0.5,Зачет,25,[1]
404329,Практикум по орфографии,7,45.03.01 Филология,Бакалавриат,Б1.О.Prof,1.0,Зачет,25,[1]
404329,Введение в языкознание,7,45.03.01 Филология,Бакалавриат,Б1.О.Prof,1.0,Экзамен,25,[1]
404329,Безопасность жизнедеятельности,7,45.03.01 Филология,Бакалавриат,Б1.О.General,0.5,Зачет,25,[2]
404329,Современный русский язык: морфемика и словообразование,7,45.03.01 Филология,Бакалавриат,Б1.О.Prof,1.0,Экзамен,25,[2]
404329,Современный русский язык: Фонетика,7,45.03.01 Филология,Бакалавриат,Б1.О.Prof,1.0,Экзамен,25,[1]
404329,Физическая культура и спорт,7,45.03.01 Филология,Бакалавриат,Б1.О.General,1.0,Зачет,25,[1]
404329,История русской литературы XVIII века,7,45.03.01 Филология,Бакалавриат,Б1.О.Prof,1.0,Зачет,25,[2]
404329,Современные методы литературоведческих исследований,7,45.03.01 Филология,Бакалавриат,Б1.В,0.5,Зачет,25,[2]
404329,Современные методы лингвистических исследований,7,45.03.01 Филология,Бакалавриат,Б1.В,0.5,Зачет,25,[2]
404329,Прикладная физическая культура (Волейбол),7,45.03.01 Филология,Бакалавриат,Б1.О.General,1.0,Зачет,1,[1]
404329,Старославянский язык,7,45.03.01 Филология,Бакалавриат,Б1.О.Prof,1.0,Экзамен,25,[2]
404329,Современный литературный процесс,7,45.03.01 Филология,Бакалавриат,Б1.О.Prof,1.0,Зачет,25,[2]
404329,История,7,45.03.01 Филология,Бакалавриат,Б1.О.General,0.5,Экзамен,25,[1]
404329,История зарубежной литературы Средневековья и эпохи Возрождения,7,45.03.01 Филология,Бакалавриат,Б1.В,0.5,Зачет,25,[2]
404329,Информатика,7,45.03.01 Филология,Бакалавриат,Б1.О.General,1.0,Зачет с оценкой,25,[1]
404329,Иностранный (современный славянский) язык,7,45.03.01 Филология,Бакалавриат,Б1.В,0.5,Зачет,25,[2]
404329,Прикладная физическая культура (ОФП),7,45.03.01 Филология,Бакалавриат,Б1.О.General,0.5,Зачет,20,"[1, 2]"
404329,"Учебная практика, практика по получению первичных профессиональных умений и навыков",7,45.03.01 Филология,Бакалавриат,Б2,0.5,Зачет с оценкой,25,[2]
404329,Введение в литературоведение,7,45.03.01 Филология,Бакалавриат,Б1.О.Prof,1.0,Зачет,25,[1]
404329,История древнерусской литературы,7,45.03.01 Филология,Бакалавриат,Б1.О.Prof,1.0,Зачет,25,[1]
404329,История античной литературы,7,45.03.01 Филология,Бакалавриат,Б1.В,0.5,Зачет,25,[1]
611184,Государственный экзамен,16,10.05.01 Компьютерная безопасность (спец.),Бакалавриат,Б3,0.5,ГАК,15,[8]
611184,Системы радиомониторинга,16,10.05.01 Компьютерная безопасность (спец.),Бакалавриат,Б1.О.Prof,1.0,Экзамен,15,[8]
611184,Технологии построения защищенных автоматизированных систем,16,10.05.01 Компьютерная безопасность (спец.),Бакалавриат,Б1.В,0.5,Экзамен,17,[7]
611184,Инженерная графика,16,10.05.01 Компьютерная безопасность (спец.),Бакалавриат,Б1.О.Prof,1.0,Зачет с оценкой,16,[8]
611184,Техническая защита информации,16,10.05.01 Компьютерная безопасность (спец.),Бакалавриат,Б1.О.Prof,1.0,Экзамен,4,[7]
611184,Нормативная и методическая документация по аттестации объектов информатизации,16,10.05.01 Компьютерная безопасность (спец.),Бакалавриат,Б1.О.Prof,1.0,Экзамен,17,[7]
611184,Преддипломная практика,16,10.05.01 Компьютерная безопасность (спец.),Бакалавриат,Б2,0.5,Зачет с оценкой,15,[8]
611184,Мониторинг безопасности информационных систем,16,10.05.01 Компьютерная безопасность (спец.),Бакалавриат,Б1.О.Prof,1.0,Зачет с оценкой,15,[8]
611184,Основы управления информационной безопасностью,16,10.05.01 Компьютерная безопасность (спец.),Бакалавриат,Б1.О.Prof,1.0,Зачет с оценкой,16,[7]
611184,Производственная практика (Проектно-технологическая практика),16,10.05.01 Компьютерная безопасность (спец.),Бакалавриат,Б2,0.5,Зачет с оценкой,15,[7]
611184,Безопасность вычислительных сетей,16,10.05.01 Компьютерная безопасность (спец.),Бакалавриат,Б1.О.Prof,1.0,Экзамен,17,[7]
611184,Учебная практика (Научно-исследовательская работа),16,10.05.01 Компьютерная безопасность (спец.),Бакалавриат,Б2,0.5,Зачет с оценкой,17,[7]
611184,Документоведение,16,10.05.01 Компьютерная безопасность (спец.),Бакалавриат,Б1.В,0.5,Зачет с оценкой,15,[8]
611184,Криптографические методы защиты информации,16,10.05.01 Компьютерная безопасность (спец.),Бакалавриат,Б1.О.Prof,1.0,Зачет,17,"[7, 8]"
611184,Выпускная квалификационная работа (бакалаврская работа),16,10.05.01 Компьютерная безопасность (спец.),Бакалавриат,Б3,0.5,Защита ВКР,15,[8]
611184,Теория массового обслуживания,16,10.05.01 Компьютерная безопасность (спец.),Бакалавриат,Б1.О.Prof,1.0,Зачет с оценкой,17,[7]
514957,Информатика,6,38.03.01 Экономика,Бакалавриат,Б1.О.General,1.0,Зачет с оценкой,25,[1]
514957,Микроэкономика,6,38.03.01 Экономика,Бакалавриат,Б1.О.Prof,1.0,Экзамен,25,"[1, 2]"
514957,Макроэкономика,6,38.03.01 Экономика,Бакалавриат,Б1.О.Prof,1.0,Экзамен,25,"[1, 2]"
514957,Иностранный язык,6,38.03.01 Экономика,Бакалавриат,Б1.О.General,1.0,Зачет с оценкой,25,"[1, 2]"
514957,Прикладная физическая культура (ОФП),6,38.03.01 Экономика,Бакалавриат,Б1.О.General,1.0,Зачет,25,"[1, 2]"
514957,Русский язык и культура речи,6,38.03.01 Экономика,Бакалавриат,Б1.О.General,1.0,Зачет,25,[2]
514957,Философия,6,38.03.01 Экономика,Бакалавриат,Б1.О.General,1.0,Экзамен,25,[1]
514957,Физическая культура и спорт,6,38.03.01 Экономика,Бакалавриат,Б1.О.General,1.0,Зачет,25,[1]
514957,Эволюция экономических учений,6,38.03.01 Экономика,Бакалавриат,Б1.О.Prof,1.0,Экзамен,25,[2]
514957,История,6,38.03.01 Экономика,Бакалавриат,Б1.О.General,1.0,Зачет с оценкой,25,[1]
514957,Безопасность жизнедеятельности,6,38.03.01 Экономика,Бакалавриат,Б1.О.General,1.0,Зачет,25,[2]
514957,Математика,6,38.03.01 Экономика,Бакалавриат,Б1.О.Prof,1.0,Зачет с оценкой,25,"[1, 2]"
611215,Иностранный язык,25,02.03.02 ФИИТ / 09.03.01 Информатика,Бакалавриат,Б1.О.General,1.0,Зачет с оценкой,24,"[1, 2]"
611215,Прикладная физическая культура (Адаптивная физическая культура),25,02.03.02 ФИИТ / 09.03.01 Информатика,Бакалавриат,Б1.О.General,1.0,Зачет,3,"[1, 2]"
611215,Дискретная математика,25,02.03.02 ФИИТ / 09.03.01 Информатика,Бакалавриат,Б1.О.Prof,1.0,Экзамен,25,"[1, 2]"
611215,Прикладная физическая культура (ОФП),25,02.03.02 ФИИТ / 09.03.01 Информатика,Бакалавриат,Б1.О.General,1.0,Зачет,16,"[1, 2]"
611215,Процедурное программирование,25,02.03.02 ФИИТ / 09.03.01 Информатика,Бакалавриат,Б1.О.Prof,1.0,Зачет с оценкой,24,[1]
611215,Математический анализ,25,02.03.02 ФИИТ / 09.03.01 Информатика,Бакалавриат,Б1.О.Prof,1.0,Экзамен,26,"[1, 2]"
611215,Основы информатики,25,02.03.02 ФИИТ / 09.03.01 Информатика,Бакалавриат,Б1.О.Prof,1.0,Зачет с оценкой,24,"[1, 2]"
611215,Русский язык и культура речи,25,02.03.02 ФИИТ / 09.03.01 Информатика,Бакалавриат,Б1.О.General,1.0,Зачет,24,[1]
611215,Прикладная физическая культура (Волейбол),25,02.03.02 ФИИТ / 09.03.01 Информатика,Бакалавриат,Б1.О.General,0.5,Зачет,6,"[1, 2]"
611215,Физическая культура и спорт,25,02.03.02 ФИИТ / 09.03.01 Информатика,Бакалавриат,Б1.О.General,1.0,Зачет,24,[1]
611215,Алгебра и геометрия,25,02.03.02 ФИИТ / 09.03.01 Информатика,Бакалавриат,Б1.О.Prof,1.0,Экзамен,24,"[1, 2]"
611215,Правоведение,25,02.03.02 ФИИТ / 09.03.01 Информатика,Бакалавриат,Б1.О.General,1.0,Зачет,20,[2]
611215,Архитектура ЭВМ,25,02.03.02 ФИИТ / 09.03.01 Информатика,Бакалавриат,Б1.О.Prof,1.0,Зачет,22,[2]
611215,Концепции современного естествознания,25,02.03.02 ФИИТ / 09.03.01 Информатика,Бакалавриат,Б1.О.Prof,1.0,Зачет,24,[1]
611215,"История (история России, всеобщая история)",25,02.03.02 ФИИТ / 09.03.01 Информатика,Бакалавриат,Б1.О.General,1.0,Зачет с оценкой,20,[2]
891801,Основы математической обработки информации,4,41.03.04 Политология,Бакалавриат,Б1.О.Prof,1.0,Зачет с оценкой,19,[1]
891801,Международная и национальная безопасность России в глобальном мире,4,41.03.04 Политология,Бакалавриат,Б1.В,0.333,Зачет,19,[2]
891801,Иностранный язык,4,41.03.04 Политология,Бакалавриат,Б1.О.General,1.0,Зачет с оценкой,19,"[1, 2]"
891801,Прикладная физическая культура (Адаптивная физическая культура),4,41.03.04 Политология,Бакалавриат,Б1.О.General,0.667,Зачет,1,[1]
891801,Информационно-коммуникационные технологии в политических науках и регионоведении,4,41.03.04 Политология,Бакалавриат,Б1.О.Prof,1.0,Экзамен,19,[2]
891801,"Учебная практика, научно-исследовательская работа (получение первичных навыков научно-исследовательской работы)",4,41.03.04 Политология,Бакалавриат,Б2,1.0,Зачет с оценкой,20,[2]
891801,Безопасность жизнедеятельности,4,41.03.04 Политология,Бакалавриат,Б1.О.General,1.0,Зачет,19,[1]
891801,Правоведение,4,41.03.04 Политология,Бакалавриат,Б1.О.General,1.0,Зачет,19,[2]
891801,Экономика,4,41.03.04 Политология,Бакалавриат,Б1.О.General,1.0,Зачет,19,[2]
891801,Введение в профессию,4,41.03.04 Политология,Бакалавриат,Б1.О.Prof,1.0,Экзамен,19,[1]
891801,История политических учений,4,41.03.04 Политология,Бакалавриат,Б1.В,0.333,Зачет с оценкой,19,"[1, 2]"
891801,Физическая культура и спорт,4,41.03.04 Политология,Бакалавриат,Б1.О.General,1.0,Зачет,20,[1]
891801,"История (история России, всеобщая история)",4,41.03.04 Политология,Бакалавриат,Б1.О.General,1.0,Зачет с оценкой,19,[1]
891801,Информационное общество и обеспечение информационной безопасности,4,41.03.04 Политология,Бакалавриат,Б1.О.Prof,1.0,Зачет с оценкой,19,[1]
891801,СМИ в современной системе массовой коммуникации,4,41.03.04 Политология,Бакалавриат,Б1.О.Prof,1.0,Зачет с оценкой,19,[1]
891801,Прикладная физическая культура (Волейбол),4,41.03.04 Политология,Бакалавриат,Б1.О.General,0.5,Зачет,5,[1]
891801,Философия,4,41.03.04 Политология,Бакалавриат,Б1.О.General,1.0,Зачет с оценкой,19,[2]
891801,Русский язык и культура речи,4,41.03.04 Политология,Бакалавриат,Б1.О.General,1.0,Зачет,19,[1]
891801,Научно-методическое обеспечение результатов профессиональной деятельности,4,41.03.04 Политология,Бакалавриат,Б1.О.Prof,1.0,Зачет с оценкой,19,[2]
891801,Прикладная физическая культура (ОФП),4,41.03.04 Политология,Бакалавриат,Б1.О.General,1.0,Зачет,13,[1]
891801,Политическая история России и зарубежных стран,4,41.03.04 Политология,Бакалавриат,Б1.В,0.333,Экзамен,19,[2]
568222,Физика: Механика,5,10.05.01 Компьютерная безопасность (спец.),Специалитет,Б1.О.Prof,1.0,Экзамен,20,[1]
568222,Моделирование социальных систем,5,10.05.01 Компьютерная безопасность (спец.),Специалитет,Б1.О.Prof,1.0,Зачет,20,[2]
568222,Иностранный язык,5,10.05.01 Компьютерная безопасность (спец.),Специалитет,Б1.О.General,1.0,Зачет с оценкой,20,"[1, 2]"
568222,Прикладная физическая культура (Адаптивная физическая культура),5,10.05.01 Компьютерная безопасность (спец.),Специалитет,Б1.О.General,0.5,Зачет,2,"[1, 2]"
568222,Алгебра и геометрия,5,10.05.01 Компьютерная безопасность (спец.),Специалитет,Б1.О.Prof,1.0,Экзамен,20,[2]
568222,Безопасность жизнедеятельности,5,10.05.01 Компьютерная безопасность (спец.),Специалитет,Б1.О.General,1.0,Экзамен,20,[1]
568222,Языки программирования,5,10.05.01 Компьютерная безопасность (спец.),Специалитет,Б1.О.Prof,1.0,Зачет с оценкой,20,[1]
568222,Правоведение,5,10.05.01 Компьютерная безопасность (спец.),Специалитет,Б1.О.General,1.0,Зачет,20,[2]
568222,Физика: Электричество и магнетизм,5,10.05.01 Компьютерная безопасность (спец.),Специалитет,Б1.О.Prof,0.75,Экзамен,20,[2]
568222,Экономика,5,10.05.01 Компьютерная безопасность (спец.),Специалитет,Б1.О.General,1.0,Зачет с оценкой,20,[2]
568222,Организация ЭВМ и вычислительных сетей,5,10.05.01 Компьютерная безопасность (спец.),Специалитет,Б1.О.Prof,1.0,Экзамен,20,[2]
568222,Основы информационной безопасности,5,10.05.01 Компьютерная безопасность (спец.),Специалитет,Б1.О.Prof,1.0,Зачет,20,[1]
568222,Языки программирования для автоматизации задач информационной безопасности,5,10.05.01 Компьютерная безопасность (спец.),Специалитет,Б1.О.Prof,1.0,Экзамен,20,[2]
568222,Информатика и программирование,5,10.05.01 Компьютерная безопасность (спец.),Специалитет,Б1.О.Prof,1.0,Зачет с оценкой,20,[1]
568222,Физическая культура и спорт,5,10.05.01 Компьютерная безопасность (спец.),Специалитет,Б1.О.General,1.0,Зачет,20,[1]
568222,Менеджмент,5,10.05.01 Компьютерная безопасность (спец.),Специалитет,Б1.О.Prof,1.0,Зачет,20,[2]
568222,Математический анализ,5,10.05.01 Компьютерная безопасность (спец.),Специалитет,Б1.О.Prof,1.0,Экзамен,20,[1]
568222,Русский язык и культура речи,5,10.05.01 Компьютерная безопасность (спец.),Специалитет,Б1.О.General,1.0,Зачет,20,[1]
568222,Решение прикладных задач информационной безопасности,5,10.05.01 Компьютерная безопасность (спец.),Специалитет,Б1.В,0.5,Зачет с оценкой,20,[2]
568222,История,5,10.05.01 Компьютерная безопасность (спец.),Специалитет,Б1.О.General,1.0,Зачет с оценкой,20,[1]
568222,Прикладная физическая культура (ОФП),5,10.05.01 Компьютерная безопасность (спец.),Специалитет,Б1.О.General,1.0,Зачет,18,"[1, 2]"
699311,Технологическое предпринимательство и основы проектной деятельности,16,10.05.01 Компьютерная безопасность (спец.),Бакалавриат,Б1.О.General,0.5,Зачет,27,[5]
699311,Сети и системы передачи информации,16,10.05.01 Компьютерная безопасность (спец.),Бакалавриат,Б1.О.Prof,1.0,Экзамен,26,[5]
699311,Прикладная физическая культура (Адаптивная физическая культура),16,10.05.01 Компьютерная безопасность (спец.),Бакалавриат,Б1.О.General,0.5,Зачет,4,[6]
699311,Управление инновационными технологическими проектами,16,10.05.01 Компьютерная безопасность (спец.),Бакалавриат,Б1.В,0.5,Экзамен,25,[6]
699311,Безопасность вычислительных сетей,16,10.05.01 Компьютерная безопасность (спец.),Бакалавриат,Б1.О.Prof,1.0,Зачет с оценкой,25,[6]
699311,"Учебная практика, научно-исследовательская работа",16,10.05.01 Компьютерная безопасность (спец.),Бакалавриат,Б2,1.0,Зачет с оценкой,26,"[5, 6]"
699311,Безопасность операционных систем,16,10.05.01 Компьютерная безопасность (спец.),Бакалавриат,Б1.О.Prof,1.0,Экзамен,26,[5]
699311,"Теория и практика информационной безопасности (Theory and Practice of Information Security, на англ.яз.)",16,10.05.01 Компьютерная безопасность (спец.),Бакалавриат,Б1.О.Prof,1.0,Зачет,26,[6]
699311,Документоведение: работа с информацией ограниченного доступа,16,10.05.01 Компьютерная безопасность (спец.),Бакалавриат,Б1.О.Prof,1.0,Зачет,27,[5]
699311,Организационное и правовое обеспечение информационной безопасности,16,10.05.01 Компьютерная безопасность (спец.),Бакалавриат,Б1.О.Prof,1.0,Экзамен,27,[5]
699311,"Производственная практика, эксплуатационная",16,10.05.01 Компьютерная безопасность (спец.),Бакалавриат,Б2,1.0,Зачет с оценкой,25,[6]
699311,Основы защиты персональных данных,16,10.05.01 Компьютерная безопасность (спец.),Бакалавриат,Б1.О.Prof,1.0,Экзамен,26,[5]
699311,Безопасность систем баз данных,16,10.05.01 Компьютерная безопасность (спец.),Бакалавриат,Б1.О.Prof,1.0,Зачет с оценкой,27,"[5, 6]"
699311,Теория информации,16,10.05.01 Компьютерная безопасность (спец.),Бакалавриат,Б1.О.Prof,1.0,Зачет с оценкой,25,[6]
699311,Электроника и схемотехника,16,10.05.01 Компьютерная безопасность (спец.),Бакалавриат,Б1.О.Prof,1.0,Зачет с оценкой,26,"[5, 6]"
699311,Безопасное программирование,16,10.05.01 Компьютерная безопасность (спец.),Бакалавриат,Б1.О.Prof,1.0,Зачет,28,[5]
699311,Прикладная физическая культура (ОФП),16,10.05.01 Компьютерная безопасность (спец.),Бакалавриат,Б1.О.General,0.5,Зачет,28,"[5, 6]"
699311,Системы аудио-видео контроля,16,10.05.01 Компьютерная безопасность (спец.),Бакалавриат,Б1.В,0.5,Зачет с оценкой,26,[6]
699311,Нормативная и методическая документация по  организации технической защиты информации,16,10.05.01 Компьютерная безопасность (спец.),Бакалавриат,Б1.В,0.5,Зачет с оценкой,26,[6]
299956,Объектно-ориентированное программирование,25,02.03.02 ФИИТ / 09.03.01 Информатика,Бакалавриат,Б1.О.Prof,1.0,Зачет с оценкой,24,[4]
299956,Компьютерная графика,25,02.03.02 ФИИТ / 09.03.01 Информатика,Бакалавриат,Б1.О.Prof,1.0,Зачет с оценкой,31,[4]
299956,Системы программирования,25,02.03.02 ФИИТ / 09.03.01 Информатика,Бакалавриат,Б1.О.Prof,1.0,Зачет с оценкой,27,[4]
299956,Прикладная физическая культура (Адаптивная физическая культура),25,02.03.02 ФИИТ / 09.03.01 Информатика,Бакалавриат,Б1.О.General,1.0,Зачет,10,"[3, 4]"
299956,Комплексный анализ,25,02.03.02 ФИИТ / 09.03.01 Информатика,Бакалавриат,Б1.О.Prof,1.0,Зачет с оценкой,31,[4]
299956,Технологии разработки Web-сервисов,25,02.03.02 ФИИТ / 09.03.01 Информатика,Бакалавриат,Б1.О.Prof,1.0,Зачет с оценкой,30,[3]
299956,Математический анализ,25,02.03.02 ФИИТ / 09.03.01 Информатика,Бакалавриат,Б1.О.Prof,1.0,Экзамен,34,[3]
299956,Операционные системы,25,02.03.02 ФИИТ / 09.03.01 Информатика,Бакалавриат,Б1.О.Prof,1.0,Экзамен,34,[3]
299956,Физика,25,02.03.02 ФИИТ / 09.03.01 Информатика,Бакалавриат,Б1.О.General,1.0,Зачет с оценкой,36,"[3, 4]"
299956,Цифровые технологии: от интернета до блокчейна,25,02.03.02 ФИИТ / 09.03.01 Информатика,Бакалавриат,Б1.В,0.5,Зачет,35,[3]
299956,Языки и методы программирования,25,02.03.02 ФИИТ / 09.03.01 Информатика,Бакалавриат,Б1.О.Prof,1.0,Зачет с оценкой,35,"[3, 4]"
299956,Прикладная физическая культура (Волейбол),25,02.03.02 ФИИТ / 09.03.01 Информатика,Бакалавриат,Б1.О.General,0.5,Зачет,36,"[3, 4]"
299956,Философия,25,02.03.02 ФИИТ / 09.03.01 Информатика,Бакалавриат,Б1.О.General,1.0,Зачет с оценкой,34,[3]
299956,Безопасность жизнедеятельности,25,02.03.02 ФИИТ / 09.03.01 Информатика,Бакалавриат,Б1.О.General,1.0,Зачет,33,[3]
299956,Теория вероятностей и математическая статистика,25,02.03.02 ФИИТ / 09.03.01 Информатика,Бакалавриат,Б1.О.Prof,1.0,Экзамен,37,"[3, 4]"
299956,Экономика,25,02.03.02 ФИИТ / 09.03.01 Информатика,Бакалавриат,Б1.О.General,1.0,Зачет,28,[4]
299956,Дифференциальные уравнения,25,02.03.02 ФИИТ / 09.03.01 Информатика,Бакалавриат,Б1.О.Prof,1.0,Зачет с оценкой,36,"[3, 4]"
553908,История мировой культуры,14,46.03.01 История,Бакалавриат,Б1.О.Prof,1.0,Зачет с оценкой,23,[2]
553908,История юга России в древности и средневековье,14,46.03.01 История,Бакалавриат,Б1.О.Prof,1.0,Зачет с оценкой,23,[2]
553908,Иностранный язык,14,46.03.01 История,Бакалавриат,Б1.О.General,1.0,Зачет,22,"[1, 2]"
553908,Прикладная физическая культура (Адаптивная физическая культура),14,46.03.01 История,Бакалавриат,Б1.О.General,0.5,Зачет,4,[1]
553908,"Учебная практика, практика по получению первичных профессиональных умений и навыков (археологическая)",14,46.03.01 История,Бакалавриат,Б2,1.0,Зачет с оценкой,23,[2]
553908,Антропология,14,46.03.01 История,Бакалавриат,Б1.О.Prof,1.0,Зачет с оценкой,23,[1]
553908,Прикладная физическая культура (ОФП),14,46.03.01 История,Бакалавриат,Б1.О.General,1.0,Зачет,10,[1]
553908,Археология,14,46.03.01 История,Бакалавриат,Б1.О.Prof,1.0,Экзамен,23,[1]
553908,Русский язык и культура речи,14,46.03.01 История,Бакалавриат,Б1.О.General,1.0,Зачет,23,[1]
553908,Математика,14,46.03.01 История,Бакалавриат,Б1.О.General,1.0,Зачет с оценкой,23,[1]
553908,История первобытного общества,14,46.03.01 История,Бакалавриат,Б1.О.Prof,1.0,Экзамен,23,[1]
553908,Философия,14,46.03.01 История,Бакалавриат,Б1.О.General,1.0,Экзамен,22,[2]
553908,Прикладная физическая культура (Волейбол),14,46.03.01 История,Бакалавриат,Б1.О.General,0.5,Зачет,9,[1]
553908,Физическая культура и спорт,14,46.03.01 История,Бакалавриат,Б1.О.General,1.0,Зачет,22,[1]
553908,История,14,46.03.01 История,Бакалавриат,Б1.О.General,1.0,Экзамен,22,[1]
553908,Безопасность жизнедеятельности,14,46.03.01 История,Бакалавриат,Б1.О.General,1.0,Зачет,22,[2]
553908,История древнего мира,14,46.03.01 История,Бакалавриат,Б1.О.Prof,1.0,Экзамен,23,"[1, 2]"
553908,Этнология,14,46.03.01 История,Бакалавриат,Б1.О.Prof,1.0,Экзамен,23,[2]
244663,Автоматизированные информационные технологии финансового анализа,19,Неизвестное (Информатика и алгоритмические языки...),Бакалавриат,Б1.О.Prof,1.0,Зачет с оценкой,10,[6]
244663,Проектирование информационных систем,19,Неизвестное (Информатика и алгоритмические языки...),Бакалавриат,Б1.О.Prof,1.0,Экзамен,10,"[5, 6]"
244663,Дискретная математика,19,Неизвестное (Информатика и алгоритмические языки...),Бакалавриат,Б1.О.Prof,1.0,Зачет с оценкой,10,[5]
244663,Теория экономических информационных систем,19,Неизвестное (Информатика и алгоритмические языки...),Бакалавриат,Б1.О.Prof,1.0,Экзамен,10,[5]
244663,Прикладная физическая культура (ОФП),19,Неизвестное (Информатика и алгоритмические языки...),Бакалавриат,Б1.О.General,1.0,Зачет,10,"[5, 6]"
244663,Объектно-ориентированный анализ и программирование,19,Неизвестное (Информатика и алгоритмические языки...),Бакалавриат,Б1.О.Prof,1.0,Экзамен,10,[5]
244663,Бухгалтерский учет,19,Неизвестное (Информатика и алгоритмические языки...),Бакалавриат,Б1.О.Prof,1.0,Зачет с оценкой,10,[5]
244663,Автоматизированные системы бухгалтерского учета (1С),19,Неизвестное (Информатика и алгоритмические языки...),Бакалавриат,Б1.О.Prof,1.0,Экзамен,10,[6]
244663,Проектирование систем электронного документооборота,19,Неизвестное (Информатика и алгоритмические языки...),Бакалавриат,Б1.О.Prof,1.0,Зачет с оценкой,10,[6]
244663,Предметно-ориентированные экономические информационные системы (1С),19,Неизвестное (Информатика и алгоритмические языки...),Бакалавриат,Б1.О.Prof,1.0,Экзамен,10,[6]
244663,Экспертные системы,19,Неизвестное (Информатика и алгоритмические языки...),Бакалавриат,Б1.О.Prof,1.0,Экзамен,10,[5]
244663,"Стандартизация, сертификация и управление качеством программного обеспечения",19,Неизвестное (Информатика и алгоритмические языки...),Бакалавриат,Б1.О.Prof,1.0,Зачет с оценкой,10,[6]
244663,"Производственная практика, практика по получению профессиональных умений и опыта профессиональной деятельности",19,Неизвестное (Информатика и алгоритмические языки...),Бакалавриат,Б2,1.0,Зачет с оценкой,10,[6]
244663,"Производственная практика, научно-исследовательская работа",19,Неизвестное (Информатика и алгоритмические языки...),Бакалавриат,Б2,1.0,Зачет с оценкой,10,[5]
816055,Выпускная квалификационная работа (бакалаврская работа),23,11.03.02 Инфокоммуникации,Бакалавриат,Б3,0.5,Защита ВКР,14,[8]
816055,Системы коммутаций,23,11.03.02 Инфокоммуникации,Бакалавриат,Б1.О.Prof,1.0,Зачет с оценкой,15,"[7, 8]"
816055,Сети и системы радиосвязи,23,11.03.02 Инфокоммуникации,Бакалавриат,Б1.О.Prof,1.0,Зачет с оценкой,14,[8]
816055,Направляющие среды электросвязи,23,11.03.02 Инфокоммуникации,Бакалавриат,Б1.В,0.5,Зачет с оценкой,15,[7]
816055,Волоконно-оптические линии связи,23,11.03.02 Инфокоммуникации,Бакалавриат,Б1.О.Prof,1.0,Экзамен,14,[7]
816055,Цифровые системы передачи,23,11.03.02 Инфокоммуникации,Бакалавриат,Б1.О.Prof,1.0,Экзамен,14,[7]
816055,Практика по получению профессиональных умений и опыта профессиональной деятельности,23,11.03.02 Инфокоммуникации,Бакалавриат,Б1.В,0.5,Зачет с оценкой,14,[7]
816055,Безопасность жизнедеятельности,23,11.03.02 Инфокоммуникации,Бакалавриат,Б1.О.General,1.0,Зачет,14,[8]
816055,Системы связи,23,11.03.02 Инфокоммуникации,Бакалавриат,Б1.В,0.5,Экзамен,14,[7]
816055,Системы документальной электросвязи,23,11.03.02 Инфокоммуникации,Бакалавриат,Б1.О.Prof,1.0,Экзамен,14,[8]
816055,Преддипломная практика,23,11.03.02 Инфокоммуникации,Бакалавриат,Б2,0.5,Зачет с оценкой,14,[8]
816055,Теория телетрафика,23,11.03.02 Инфокоммуникации,Бакалавриат,Б1.О.Prof,1.0,Экзамен,14,[7]
359354,Информатика,1,09.03.02 ИСиТ,Бакалавриат,Б1.О.Prof,1.0,Экзамен,25,[1]
359354,Иностранный язык,1,09.03.02 ИСиТ,Бакалавриат,Б1.О.General,1.0,Зачет,26,"[1, 2]"
359354,Прикладная физическая культура (Адаптивная физическая культура),1,09.03.02 ИСиТ,Бакалавриат,Б1.О.General,0.667,Зачет,2,"[1, 2]"
359354,Прикладная физическая культура (ОФП),1,09.03.02 ИСиТ,Бакалавриат,Б1.О.General,1.0,Зачет,10,"[1, 2]"
359354,Технологии сети Интернет,1,09.03.02 ИСиТ,Бакалавриат,Б1.О.Prof,1.0,Зачет с оценкой,24,[2]
359354,Математический анализ,1,09.03.02 ИСиТ,Бакалавриат,Б1.О.Prof,1.0,Зачет с оценкой,26,"[1, 2]"
359354,Прикладная физическая культура (Волейбол),1,09.03.02 ИСиТ,Бакалавриат,Б1.О.General,0.5,Зачет,14,"[1, 2]"
359354,Физика,1,09.03.02 ИСиТ,Бакалавриат,Б1.О.General,0.667,Экзамен,24,[2]
359354,Языки высокого уровня,1,09.03.02 ИСиТ,Бакалавриат,Б1.О.Prof,1.0,Зачет с оценкой,26,"[1, 2]"
359354,Безопасность жизнедеятельности,1,09.03.02 ИСиТ,Бакалавриат,Б1.О.General,1.0,Зачет,26,[1]
359354,Физическая культура и спорт,1,09.03.02 ИСиТ,Бакалавриат,Б1.О.General,1.0,Зачет,27,[1]
359354,Русский язык и культура речи,1,09.03.02 ИСиТ,Бакалавриат,Б1.О.General,1.0,Зачет,26,[1]
359354,Алгебра и геометрия,1,09.03.02 ИСиТ,Бакалавриат,Б1.О.Prof,1.0,Экзамен,26,[1]
359354,Правоведение,1,09.03.02 ИСиТ,Бакалавриат,Б1.О.General,1.0,Зачет,24,[2]
359354,Основы математического моделирования,1,09.03.02 ИСиТ,Бакалавриат,Б1.О.Prof,1.0,Зачет с оценкой,26,"[1, 2]"
359354,Экономика,1,09.03.02 ИСиТ,Бакалавриат,Б1.О.General,0.667,Зачет,24,[2]
359354,"История (история России, всеобщая история)",1,09.03.02 ИСиТ,Бакалавриат,Б1.О.General,1.0,Зачет с оценкой,25,[2]
670653,Теория вероятностей и математическая статистика,25,02.03.02 ФИИТ / 09.03.01 Информатика,Бакалавриат,Б1.О.Prof,1.0,Экзамен,25,"[3, 4]"
670653,Объектно-ориентированное программирование,25,02.03.02 ФИИТ / 09.03.01 Информатика,Бакалавриат,Б1.О.Prof,1.0,Зачет с оценкой,24,[4]
670653,Компьютерная графика,25,02.03.02 ФИИТ / 09.03.01 Информатика,Бакалавриат,Б1.О.Prof,1.0,Зачет с оценкой,24,[4]
670653,Системы программирования,25,02.03.02 ФИИТ / 09.03.01 Информатика,Бакалавриат,Б1.О.Prof,1.0,Зачет с оценкой,24,[4]
670653,Прикладная физическая культура (Адаптивная физическая культура),25,02.03.02 ФИИТ / 09.03.01 Информатика,Бакалавриат,Б1.О.General,1.0,Зачет,1,"[3, 4]"
670653,Комплексный анализ,25,02.03.02 ФИИТ / 09.03.01 Информатика,Бакалавриат,Б1.О.Prof,1.0,Зачет с оценкой,25,[4]
670653,Технологии разработки Web-сервисов,25,02.03.02 ФИИТ / 09.03.01 Информатика,Бакалавриат,Б1.О.Prof,1.0,Зачет с оценкой,25,[3]
670653,Прикладная физическая культура (ОФП),25,02.03.02 ФИИТ / 09.03.01 Информатика,Бакалавриат,Б1.О.General,0.5,Зачет,24,"[3, 4]"
670653,Математический анализ,25,02.03.02 ФИИТ / 09.03.01 Информатика,Бакалавриат,Б1.О.Prof,1.0,Экзамен,25,[3]
670653,Операционные системы,25,02.03.02 ФИИТ / 09.03.01 Информатика,Бакалавриат,Б1.О.Prof,1.0,Экзамен,25,[3]
670653,Физика,25,02.03.02 ФИИТ / 09.03.01 Информатика,Бакалавриат,Б1.О.General,1.0,Зачет с оценкой,26,"[3, 4]"
670653,Безопасность жизнедеятельности,25,02.03.02 ФИИТ / 09.03.01 Информатика,Бакалавриат,Б1.О.General,1.0,Зачет,27,[3]
670653,Философия,25,02.03.02 ФИИТ / 09.03.01 Информатика,Бакалавриат,Б1.О.General,1.0,Зачет с оценкой,25,[3]
670653,Правоведение,25,02.03.02 ФИИТ / 09.03.01 Информатика,Бакалавриат,Б1.О.General,0.5,Зачет,24,[4]
670653,Языки и методы программирования,25,02.03.02 ФИИТ / 09.03.01 Информатика,Бакалавриат,Б1.О.Prof,1.0,Зачет с оценкой,26,"[3, 4]"
670653,Экономика,25,02.03.02 ФИИТ / 09.03.01 Информатика,Бакалавриат,Б1.О.General,1.0,Зачет,25,[4]
670653,Дифференциальные уравнения,25,02.03.02 ФИИТ / 09.03.01 Информатика,Бакалавриат,Б1.О.Prof,1.0,Зачет с оценкой,26,"[3, 4]"
107454,Схемотехника аналоговых электронных устройств,2,03.03.02 Физика / Радиофизика,Бакалавриат,Б1.О.Prof,0.667,Экзамен,14,[5]
107454,Цифровые устройства и микропроцессоры,2,03.03.02 Физика / Радиофизика,Бакалавриат,Б1.О.Prof,0.667,Экзамен,14,[5]
107454,Прикладная физическая культура (ОФП),2,03.03.02 Физика / Радиофизика,Бакалавриат,Б1.О.General,1.0,Зачет,14,"[5, 6]"
107454,Спецпроцессоры и спецконтроллеры,2,03.03.02 Физика / Радиофизика,Бакалавриат,Б1.В,0.5,Зачет с оценкой,14,[5]
107454,Силовая электроника,2,03.03.02 Физика / Радиофизика,Бакалавриат,Б1.В,0.167,Зачет,16,[6]
107454,Электродинамика и распространение радиоволн,2,03.03.02 Физика / Радиофизика,Бакалавриат,Б1.В,0.5,Зачет,14,[5]
107454,Функциональная электроника,2,03.03.02 Физика / Радиофизика,Бакалавриат,Б1.В,0.167,Экзамен,15,[6]
107454,"Производственная практика, технологическая практика",2,03.03.02 Физика / Радиофизика,Бакалавриат,Б2,0.333,Зачет с оценкой,15,[6]
107454,Физика полупроводников,2,03.03.02 Физика / Радиофизика,Бакалавриат,Б1.О.Prof,0.667,Экзамен,15,[6]
107454,Радиотехнические цепи и сигналы,2,03.03.02 Физика / Радиофизика,Бакалавриат,Б1.В,0.333,Экзамен,14,[5]
107454,Правоведение,2,03.03.02 Физика / Радиофизика,Бакалавриат,Б1.О.General,0.5,Зачет,14,[6]
107454,Аппаратные средства персонального компьютера,2,03.03.02 Физика / Радиофизика,Бакалавриат,Б1.О.Prof,0.667,Зачет с оценкой,15,[6]
107454,Экономика,2,03.03.02 Физика / Радиофизика,Бакалавриат,Б1.О.General,0.333,Зачет,15,[6]
107454,Теория колебаний,2,03.03.02 Физика / Радиофизика,Бакалавриат,Б1.О.Prof,0.833,Зачет с оценкой,14,[5]
107454,Колебания и волны,2,03.03.02 Физика / Радиофизика,Бакалавриат,Б1.О.Prof,0.667,Экзамен,14,[6]
107454,"Производственная практика, научно-исследовательская работа",2,03.03.02 Физика / Радиофизика,Бакалавриат,Б2,1.0,Зачет с оценкой,16,"[5, 6]"
928704,Активные процессы в современном русском языке,7,45.03.01 Филология,Бакалавриат,Б1.О.Prof,1.0,Зачет с оценкой,14,[7]
928704,История русской литературы XX века,7,45.03.01 Филология,Бакалавриат,Б1.В,0.5,Экзамен,14,[7]
928704,Практика по получению профессиональных умений и опыта профессиональной деятельности (Педагогическая),7,45.03.01 Филология,Бакалавриат,Б1.В,0.5,Зачет с оценкой,14,[8]
928704,Лингвистические основы обработки текстов,7,45.03.01 Филология,Бакалавриат,Б1.О.Prof,1.0,Зачет с оценкой,14,[8]
928704,Практикум по пунктуации,7,45.03.01 Филология,Бакалавриат,Б1.О.Prof,1.0,Зачет,14,[7]
928704,Введение в теорию коммуникации,7,45.03.01 Филология,Бакалавриат,Б1.В,0.5,Зачет,14,[7]
928704,Преддипломная практика,7,45.03.01 Филология,Бакалавриат,Б2,0.5,Зачет с оценкой,14,[8]
928704,Грамматические нормы книжных стилей русского языка,7,45.03.01 Филология,Бакалавриат,Б1.О.Prof,1.0,Зачет с оценкой,14,[7]
928704,Современный русский язык: синтаксис,7,45.03.01 Филология,Бакалавриат,Б1.О.Prof,1.0,Экзамен,14,[7]
928704,Теория литературы,7,45.03.01 Филология,Бакалавриат,Б1.О.Prof,1.0,Зачет с оценкой,14,[7]
928704,Общее языкознание,7,45.03.01 Филология,Бакалавриат,Б1.О.Prof,1.0,Экзамен,14,[8]
928704,Основы социолингвистики,7,45.03.01 Филология,Бакалавриат,Б1.О.Prof,1.0,Зачет с оценкой,14,[8]
928704,Методика преподавания русского языка,7,45.03.01 Филология,Бакалавриат,Б1.О.Prof,1.0,Зачет,14,[7]
928704,Спецкурсы и спецсеминар научного руководителя,7,45.03.01 Филология,Бакалавриат,Б1.В,0.5,Зачет с оценкой,14,[7]
928704,История лингвистических учений,7,45.03.01 Филология,Бакалавриат,Б1.В,0.5,Зачет с оценкой,14,[7]
928704,Теория текста,7,45.03.01 Филология,Бакалавриат,Б1.О.Prof,1.0,Зачет с оценкой,14,[8]
656328,Технологическое предпринимательство и основы проектной деятельности,5,10.05.01 Компьютерная безопасность (спец.),Специалитет,Б1.О.General,0.5,Зачет,27,[5]
656328,Теория автоматического управления,5,10.05.01 Компьютерная безопасность (спец.),Специалитет,Б1.О.Prof,1.0,Зачет с оценкой,27,[6]
656328,Сети и системы передачи информации,5,10.05.01 Компьютерная безопасность (спец.),Специалитет,Б1.О.Prof,1.0,Экзамен,27,[5]
656328,Прикладная физическая культура (Адаптивная физическая культура),5,10.05.01 Компьютерная безопасность (спец.),Специалитет,Б1.О.General,1.0,Зачет,5,[6]
656328,Управление инновационными технологическими проектами,5,10.05.01 Компьютерная безопасность (спец.),Специалитет,Б1.В,0.5,Экзамен,27,[6]
656328,"Производственная практика, научно-исследовательская работа",5,10.05.01 Компьютерная безопасность (спец.),Специалитет,Б2,1.0,Зачет с оценкой,27,[6]
656328,Безопасность операционных систем,5,10.05.01 Компьютерная безопасность (спец.),Специалитет,Б1.О.Prof,1.0,Экзамен,27,[5]
656328,Безопасность сетей ЭВМ,5,10.05.01 Компьютерная безопасность (спец.),Специалитет,Б1.О.Prof,1.0,Зачет с оценкой,27,[6]
656328,"Производственная практика, эксплуатационная",5,10.05.01 Компьютерная безопасность (спец.),Специалитет,Б2,1.0,Зачет с оценкой,27,[6]
656328,Основы защиты персональных данных,5,10.05.01 Компьютерная безопасность (спец.),Специалитет,Б1.В,0.5,Зачет с оценкой,27,[5]
656328,Безопасность систем баз данных,5,10.05.01 Компьютерная безопасность (спец.),Специалитет,Б1.О.Prof,1.0,Экзамен,28,"[5, 6]"
656328,Электроника и схемотехника,5,10.05.01 Компьютерная безопасность (спец.),Специалитет,Б1.О.Prof,1.0,Экзамен,27,"[5, 6]"
656328,Документоведение,5,10.05.01 Компьютерная безопасность (спец.),Специалитет,Б1.В,0.5,Зачет,28,[5]
656328,Безопасное программирование,5,10.05.01 Компьютерная безопасность (спец.),Специалитет,Б1.О.Prof,1.0,Зачет,26,[5]
656328,Прикладная физическая культура (Легкая атлетика),5,10.05.01 Компьютерная безопасность (спец.),Специалитет,Б1.О.General,1.0,Зачет,22,[6]
656328,Дискретная математика для решения задач информационной безопасности,5,10.05.01 Компьютерная безопасность (спец.),Специалитет,Б1.О.Prof,1.0,Экзамен,29,[5]
656328,Прикладная физическая культура (ОФП),5,10.05.01 Компьютерная безопасность (спец.),Специалитет,Б1.О.General,0.5,Зачет,27,[5]
656328,Администрирование в операционных системах,5,10.05.01 Компьютерная безопасность (спец.),Специалитет,Б1.О.Prof,1.0,Зачет с оценкой,27,[6]
656328,Исследование операций и теория игр,5,10.05.01 Компьютерная безопасность (спец.),Специалитет,Б1.О.Prof,1.0,Зачет с оценкой,28,[6]
179146,Иностранный язык,36,Неизвестное (Основы математической обработки информац...),Бакалавриат,Б1.О.General,1.0,Зачет с оценкой,32,"[1, 2]"
179146,"Учебная практика, профессионально-ознакомительная практика",36,Неизвестное (Основы математической обработки информац...),Бакалавриат,Б2,0.5,Зачет с оценкой,30,[2]
179146,Безопасность жизнедеятельности,36,Неизвестное (Основы математической обработки информац...),Бакалавриат,Б1.О.General,1.0,Зачет,27,[1]
179146,Правоведение,36,Неизвестное (Основы математической обработки информац...),Бакалавриат,Б1.О.General,1.0,Зачет,29,[2]
179146,Экономика,36,Неизвестное (Основы математической обработки информац...),Бакалавриат,Б1.О.General,1.0,Зачет,30,[1]
179146,Риторика,36,Неизвестное (Основы математической обработки информац...),Бакалавриат,Б1.О.Prof,1.0,Зачет с оценкой,30,[2]
179146,"Основные теории коммуникации, включая деловые и межличностные коммуникации",36,Неизвестное (Основы математической обработки информац...),Бакалавриат,Б1.О.Prof,1.0,Зачет с оценкой,30,[2]
179146,Теория и практика рекламы,36,Неизвестное (Основы математической обработки информац...),Бакалавриат,Б1.О.Prof,1.0,Зачет с оценкой,30,[2]
179146,Математические и статистические методы в рекламе и связях с общественностью,36,Неизвестное (Основы математической обработки информац...),Бакалавриат,Б1.О.Prof,1.0,Зачет с оценкой,30,[2]
179146,Введение в коммуникационные специальности,36,Неизвестное (Основы математической обработки информац...),Бакалавриат,Б1.О.Prof,1.0,Экзамен,31,[1]
179146,Физическая культура и спорт,36,Неизвестное (Основы математической обработки информац...),Бакалавриат,Б1.О.General,1.0,Зачет,29,[1]
179146,Теория мировой литературы,36,Неизвестное (Основы математической обработки информац...),Бакалавриат,Б1.О.Prof,1.0,Зачет с оценкой,31,[1]
179146,"История (история России, всеобщая история)",36,Неизвестное (Основы математической обработки информац...),Бакалавриат,Б1.О.General,1.0,Зачет с оценкой,29,[1]
179146,Политология,36,Неизвестное (Основы математической обработки информац...),Бакалавриат,Б1.О.Prof,1.0,Зачет с оценкой,30,[2]
179146,Теория и практика связей с общественностью,36,Неизвестное (Основы математической обработки информац...),Бакалавриат,Б1.О.Prof,1.0,Зачет с оценкой,30,[2]
179146,Русский язык и культура речи,36,Неизвестное (Основы математической обработки информац...),Бакалавриат,Б1.О.General,1.0,Зачет,29,[1]
179146,Прикладная физическая культура (Волейбол),36,Неизвестное (Основы математической обработки информац...),Бакалавриат,Б1.О.General,0.5,Зачет,1,[1]
179146,Экономика фирмы,36,Неизвестное (Основы математической обработки информац...),Бакалавриат,Б1.О.Prof,1.0,Зачет с оценкой,30,[2]
179146,Основы математической  обработки информации,36,Неизвестное (Основы математической обработки информац...),Бакалавриат,Б1.В,0.5,Зачет,30,[1]
179146,Прикладная физическая культура (ОФП),36,Неизвестное (Основы математической обработки информац...),Бакалавриат,Б1.О.General,1.0,Зачет,28,"[1, 2]"
121807,Моделирование и программирование в среде Blender,1,09.03.02 ИСиТ,Бакалавриат,Б1.О.Prof,1.0,Зачет с оценкой,9,[8]
121807,Защита информации,1,09.03.02 ИСиТ,Бакалавриат,Б1.О.Prof,1.0,Экзамен,10,[7]
121807,Технологии обработки информации,1,09.03.02 ИСиТ,Бакалавриат,Б1.О.Prof,1.0,Зачет с оценкой,10,[7]
121807,Параллельное программирование,1,09.03.02 ИСиТ,Бакалавриат,Б1.О.Prof,1.0,Зачет с оценкой,10,[7]
121807,Администрирование локальных сетей,1,09.03.02 ИСиТ,Бакалавриат,Б1.В,0.5,Зачет с оценкой,9,[7]
121807,Компьютерный практикум,1,09.03.02 ИСиТ,Бакалавриат,Б1.В,0.5,Зачет,10,[7]
121807,Математические пакеты прикладных программ,1,09.03.02 ИСиТ,Бакалавриат,Б1.В,0.167,Зачет с оценкой,9,[8]
121807,Методологии и риски реализации проектов,1,09.03.02 ИСиТ,Бакалавриат,Б1.В,0.5,Зачет с оценкой,10,[7]
121807,Экономико-математическое моделирование,1,09.03.02 ИСиТ,Бакалавриат,Б1.В,0.5,Зачет с оценкой,10,[7]
121807,Мультимедиа технологии,1,09.03.02 ИСиТ,Бакалавриат,Б1.О.Prof,1.0,Зачет с оценкой,9,[8]
121807,Безопасность жизнедеятельности,1,09.03.02 ИСиТ,Бакалавриат,Б1.О.General,1.0,Зачет,10,[7]
121807,Интеллектуальные системы и технологии,1,09.03.02 ИСиТ,Бакалавриат,Б1.О.Prof,0.667,Зачет с оценкой,9,[8]
121807,"Учебная практика, проектно-технологическая практика",1,09.03.02 ИСиТ,Бакалавриат,Б2,0.5,Зачет с оценкой,2,[7]
938960,Биогеография растений и животных,21,06.03.01 Биология,Бакалавриат,Б1.О.Prof,1.0,Зачет с оценкой,21,[7]
938960,Биоэтика,21,06.03.01 Биология,Бакалавриат,Б1.О.Prof,1.0,Зачет с оценкой,21,[7]
938960,Популяционная генетика,21,06.03.01 Биология,Бакалавриат,Б1.В,0.5,Экзамен,21,[8]
938960,Палеонтология,21,06.03.01 Биология,Бакалавриат,Б1.О.Prof,1.0,Зачет,21,[7]
938960,История изучения природы Нижнего Поволжья,21,06.03.01 Биология,Бакалавриат,Б1.О.Prof,1.0,Зачет с оценкой,21,[8]
938960,"Производственная практика, практика по получению профессиональных умений и опыта профессиональной деятельности",21,06.03.01 Биология,Бакалавриат,Б2,1.0,Зачет с оценкой,21,[7]
938960,"Право, правовые основы охраны природы и природопользования",21,06.03.01 Биология,Бакалавриат,Б1.О.Prof,1.0,Зачет,21,[8]
938960,"Производственная практика, преддипломная практика",21,06.03.01 Биология,Бакалавриат,Б2,1.0,Зачет с оценкой,21,[8]
938960,Государственный экзамен,21,06.03.01 Биология,Бакалавриат,Б3,0.5,ГАК,21,[8]
938960,Физиология фотосинтеза и обмена веществ,21,06.03.01 Биология,Бакалавриат,Б1.О.Prof,1.0,Зачет с оценкой,21,[7]
938960,Биология размножения и развития,21,06.03.01 Биология,Бакалавриат,Б1.О.Prof,1.0,Экзамен,21,[7]
938960,Науки о земле: биология почв,21,06.03.01 Биология,Бакалавриат,Б1.О.Prof,1.0,Зачет,21,[8]
938960,Этимология названий живых организмов,21,06.03.01 Биология,Бакалавриат,Б1.О.Prof,1.0,Зачет,21,[8]
938960,Основы эволюции,21,06.03.01 Биология,Бакалавриат,Б1.О.Prof,1.0,Зачет,21,[8]
938960,Ведение в биотехнологию,21,06.03.01 Биология,Бакалавриат,Б1.В,0.5,Зачет,21,[7]
938960,Общая биология,21,06.03.01 Биология,Бакалавриат,Б1.В,0.5,Зачет,21,[7]
938960,Выпускная квалификационная работа (бакалаврская работа),21,06.03.01 Биология,Бакалавриат,Б3,0.5,Защита ВКР,21,[8]
938960,Фитопатология,21,06.03.01 Биология,Бакалавриат,Б1.О.Prof,1.0,Зачет,21,[7]
938960,Экология и рациональное природопользование,21,06.03.01 Биология,Бакалавриат,Б1.О.Prof,1.0,Зачет,21,[8]
938960,История биологии,21,06.03.01 Биология,Бакалавриат,Б1.О.Prof,1.0,Зачет,21,[7]
398300,Финансовый контроль,6,38.03.01 Экономика,Бакалавриат,Б1.О.Prof,1.0,Экзамен,24,[7]
398300,Страхование,6,38.03.01 Экономика,Бакалавриат,Б1.О.Prof,1.0,Зачет с оценкой,24,[7]
398300,Банковское дело,6,38.03.01 Экономика,Бакалавриат,Б1.О.Prof,1.0,Зачет с оценкой,1,[8]
398300,Финансовый менеджмент,6,38.03.01 Экономика,Бакалавриат,Б1.О.Prof,1.0,Зачет с оценкой,24,[7]
398300,"Производственная практика, преддипломная практика",6,38.03.01 Экономика,Бакалавриат,Б2,1.0,Зачет с оценкой,23,[8]
398300,Практикум по методике исчисления и уплаты налогов и сборов,6,38.03.01 Экономика,Бакалавриат,Б1.О.Prof,1.0,Зачет с оценкой,24,[7]
398300,Анализ финансовых рынков,6,38.03.01 Экономика,Бакалавриат,Б1.О.Prof,1.0,Экзамен,24,[7]
398300,Финансовый анализ,6,38.03.01 Экономика,Бакалавриат,Б1.В,0.5,Экзамен,24,[7]
281566,Интеллектуальные информационные системы,19,Неизвестное (Информатика и алгоритмические языки...),Бакалавриат,Б1.О.Prof,1.0,Экзамен,22,[3]
281566,Эконометрика,19,Неизвестное (Информатика и алгоритмические языки...),Бакалавриат,Б1.О.Prof,1.0,Зачет с оценкой,23,[4]
281566,Информатика и алгоритмические языки,19,Неизвестное (Информатика и алгоритмические языки...),Бакалавриат,Б1.О.Prof,1.0,Экзамен,22,[3]
281566,Теория систем и системный анализ,19,Неизвестное (Информатика и алгоритмические языки...),Бакалавриат,Б1.О.Prof,1.0,Зачет,22,[3]
281566,Иностранный язык,19,Неизвестное (Информатика и алгоритмические языки...),Бакалавриат,Б1.О.General,1.0,Экзамен,22,[3]
281566,"Учебная практика, практика по получению первичных профессиональных умений и навыков, в том числе первичных умений и навыков научно-исследовательско...",19,Неизвестное (Информатика и алгоритмические языки...),Бакалавриат,Б2,1.0,Зачет с оценкой,22,[4]
281566,Анализ данных,19,Неизвестное (Информатика и алгоритмические языки...),Бакалавриат,Б1.О.Prof,1.0,Зачет с оценкой,22,[3]
281566,Базы данных,19,Неизвестное (Информатика и алгоритмические языки...),Бакалавриат,Б1.О.Prof,1.0,Экзамен,22,[4]
281566,"Вычислительные системы, сети, телекоммуникации",19,Неизвестное (Информатика и алгоритмические языки...),Бакалавриат,Б1.О.Prof,1.0,Зачет с оценкой,23,[4]
281566,Прикладная физическая культура (ОФП),19,Неизвестное (Информатика и алгоритмические языки...),Бакалавриат,Б1.О.General,1.0,Зачет,22,"[3, 4]"
281566,Прикладная информатика,19,Неизвестное (Информатика и алгоритмические языки...),Бакалавриат,Б1.О.Prof,1.0,Зачет с оценкой,23,"[3, 4]"
281566,Информационная безопасность,19,Неизвестное (Информатика и алгоритмические языки...),Бакалавриат,Б1.О.Prof,1.0,Зачет с оценкой,23,[4]
281566,Русский язык и культура речи,19,Неизвестное (Информатика и алгоритмические языки...),Бакалавриат,Б1.О.General,1.0,Зачет,21,[3]
281566,Линейная алгебра,19,Неизвестное (Информатика и алгоритмические языки...),Бакалавриат,Б1.О.Prof,1.0,Зачет с оценкой,22,[3]
281566,Цифровые технологии: от интернета до блокчейна,19,Неизвестное (Информатика и алгоритмические языки...),Бакалавриат,Б1.О.Prof,1.0,Зачет,23,[4]
281566,Безопасность жизнедеятельности,19,Неизвестное (Информатика и алгоритмические языки...),Бакалавриат,Б1.О.General,1.0,Зачет,21,[3]
281566,Теория вероятностей и математическая статистика,19,Неизвестное (Информатика и алгоритмические языки...),Бакалавриат,Б1.О.Prof,1.0,Зачет с оценкой,23,[3]
281566,Моделирование бизнес-процессов,19,Неизвестное (Информатика и алгоритмические языки...),Бакалавриат,Б1.О.Prof,1.0,Экзамен,23,[4]
947168,Технологии программирования в радиофизике,2,03.03.02 Физика / Радиофизика,Бакалавриат,Б1.В,0.333,Зачет с оценкой,7,[4]
947168,Методы математической физики,2,03.03.02 Физика / Радиофизика,Бакалавриат,Б1.О.Prof,0.667,Зачет с оценкой,11,"[3, 4]"
947168,Электроника,2,03.03.02 Физика / Радиофизика,Бакалавриат,Б1.О.Prof,0.667,Экзамен,11,"[3, 4]"
947168,"Учебная практика, практика по получению первичных профессиональных умений и навыков, в том числе первичных умений и навыков научно-исследовательско...",2,03.03.02 Физика / Радиофизика,Бакалавриат,Б2,0.333,Зачет с оценкой,7,[4]
947168,Прикладная физическая культура (ОФП),2,03.03.02 Физика / Радиофизика,Бакалавриат,Б1.О.General,0.5,Зачет,11,"[3, 4]"
947168,Основы проектирования технических систем,2,03.03.02 Физика / Радиофизика,Бакалавриат,Б1.О.Prof,0.667,Зачет с оценкой,8,[4]
947168,Теоретическая механика и механика сплошных сред,2,03.03.02 Физика / Радиофизика,Бакалавриат,Б1.В,0.333,Экзамен,9,[4]
947168,Оптика,2,03.03.02 Физика / Радиофизика,Бакалавриат,Б1.О.Prof,1.0,Экзамен,9,[4]
947168,Философия,2,03.03.02 Физика / Радиофизика,Бакалавриат,Б1.О.General,1.0,Зачет с оценкой,11,[3]
947168,Общий физический лабораторный практикум,2,03.03.02 Физика / Радиофизика,Бакалавриат,Б1.О.Prof,0.667,Зачет,13,"[3, 4]"
947168,Электричество и магнетизм,2,03.03.02 Физика / Радиофизика,Бакалавриат,Б1.В,0.333,Экзамен,12,[3]
947168,Цифровые технологии: от интернета до блокчейна,2,03.03.02 Физика / Радиофизика,Бакалавриат,Б1.О.Prof,0.833,Зачет,9,[3]
947168,Лабораторный практикум по электронике,2,03.03.02 Физика / Радиофизика,Бакалавриат,Б1.О.Prof,0.667,Зачет с оценкой,11,"[3, 4]"
947168,Правоведение,2,03.03.02 Физика / Радиофизика,Бакалавриат,Б1.О.General,0.667,Зачет,10,[3]
947168,Методы обработки экспериментальных данных,2,03.03.02 Физика / Радиофизика,Бакалавриат,Б1.О.Prof,0.833,Зачет,9,[4]
947168,Экономика,2,03.03.02 Физика / Радиофизика,Бакалавриат,Б1.О.General,0.667,Зачет с оценкой,9,[4]
947168,Компьютерные технологии в науке и образовании,2,03.03.02 Физика / Радиофизика,Бакалавриат,Б1.О.Prof,0.667,Зачет,10,[3]
947168,Дифференциальные уравнения,2,03.03.02 Физика / Радиофизика,Бакалавриат,Б1.О.Prof,0.667,Экзамен,11,[3]
998383,Политическая журналистика,26,42.03.02 Журналистика,Бакалавриат,Б1.О.Prof,1.0,Зачет,30,[8]
998383,Выпуск учебных СМИ,26,42.03.02 Журналистика,Бакалавриат,Б1.О.Prof,1.0,Зачет с оценкой,30,[7]
998383,История отечественной журналистики,26,42.03.02 Журналистика,Бакалавриат,Б1.О.Prof,1.0,Экзамен,29,[7]
998383,Аналитическая журналистика,26,42.03.02 Журналистика,Бакалавриат,Б1.О.Prof,1.0,Зачет,30,[7]
998383,Технологии манипуляции и массмедиа,26,42.03.02 Журналистика,Бакалавриат,Б1.О.Prof,1.0,Экзамен,30,[8]
998383,Художественная критика в СМИ,26,42.03.02 Журналистика,Бакалавриат,Б1.О.Prof,1.0,Зачет,30,[7]
998383,Экономика и менеджмент СМИ,26,42.03.02 Журналистика,Бакалавриат,Б1.О.Prof,1.0,Зачет,30,[8]
998383,История зарубежной журналистики,26,42.03.02 Журналистика,Бакалавриат,Б1.О.Prof,1.0,Зачет,31,"[7, 8]"
998383,Создание рекламных текстов в СМИ,26,42.03.02 Журналистика,Бакалавриат,Б1.О.Prof,1.0,Зачет,30,[8]
998383,Маркетинговые коммуникации и масс-медиа,26,42.03.02 Журналистика,Бакалавриат,Б1.О.Prof,1.0,Зачет,30,[7]
998383,Спецсеминар научного руководителя,26,42.03.02 Журналистика,Бакалавриат,Б1.О.Prof,1.0,Зачет с оценкой,30,[7]
998383,Основы рекламы и PR в СМИ,26,42.03.02 Журналистика,Бакалавриат,Б1.О.Prof,1.0,Экзамен,31,[7]
998383,"Производственная практика, преддипломная",26,42.03.02 Журналистика,Бакалавриат,Б2,1.0,Зачет с оценкой,30,[8]
998383,Деловая журналистика,26,42.03.02 Журналистика,Бакалавриат,Б1.О.Prof,1.0,Зачет,30,[8]
998383,Научная журналистика,26,42.03.02 Журналистика,Бакалавриат,Б1.О.Prof,1.0,Экзамен,30,[7]
998383,Правовые основы журналистики,26,42.03.02 Журналистика,Бакалавриат,Б1.О.Prof,1.0,Зачет,30,[7]
998383,Профессиональные творческие студии,26,42.03.02 Журналистика,Бакалавриат,Б1.О.Prof,1.0,Зачет с оценкой,30,[7]
998383,Язык современных СМИ,26,42.03.02 Журналистика,Бакалавриат,Б1.О.Prof,1.0,Зачет с оценкой,30,[7]
259056,Информатика,1,09.03.02 ИСиТ,Бакалавриат,Б1.О.Prof,1.0,Экзамен,55,[1]
259056,Иностранный язык,1,09.03.02 ИСиТ,Бакалавриат,Б1.О.General,1.0,Зачет с оценкой,55,"[1, 2]"
259056,Прикладная физическая культура (Адаптивная физическая культура),1,09.03.02 ИСиТ,Бакалавриат,Б1.О.General,0.667,Зачет,9,"[1, 2]"
259056,Прикладная физическая культура (ОФП),1,09.03.02 ИСиТ,Бакалавриат,Б1.О.General,1.0,Зачет,26,"[1, 2]"
259056,Технологии сети Интернет,1,09.03.02 ИСиТ,Бакалавриат,Б1.О.Prof,1.0,Экзамен,51,[2]
259056,Математический анализ,1,09.03.02 ИСиТ,Бакалавриат,Б1.О.Prof,1.0,Экзамен,57,"[1, 2]"
259056,Введение в программную инженерию,1,09.03.02 ИСиТ,Бакалавриат,Б1.В,0.333,Экзамен,52,[2]
259056,Русский язык и культура речи,1,09.03.02 ИСиТ,Бакалавриат,Б1.О.General,1.0,Зачет,54,[1]
259056,Безопасность жизнедеятельности,1,09.03.02 ИСиТ,Бакалавриат,Б1.О.General,1.0,Зачет,57,[1]
259056,Языки высокого уровня,1,09.03.02 ИСиТ,Бакалавриат,Б1.О.Prof,1.0,Зачет с оценкой,55,"[1, 2]"
259056,Прикладная физическая культура (Волейбол),1,09.03.02 ИСиТ,Бакалавриат,Б1.О.General,0.5,Зачет,19,"[1, 2]"
259056,Физическая культура и спорт,1,09.03.02 ИСиТ,Бакалавриат,Б1.О.General,1.0,Зачет,57,[1]
259056,Алгебра и геометрия,1,09.03.02 ИСиТ,Бакалавриат,Б1.О.Prof,1.0,Экзамен,55,[1]
259056,Физические основы современных технологий,1,09.03.02 ИСиТ,Бакалавриат,Б1.В,0.333,Зачет с оценкой,51,[2]
259056,Правоведение,1,09.03.02 ИСиТ,Бакалавриат,Б1.О.General,1.0,Зачет,51,[2]
259056,Основы математического моделирования,1,09.03.02 ИСиТ,Бакалавриат,Б1.О.Prof,1.0,Экзамен,54,[1]
259056,Экономика,1,09.03.02 ИСиТ,Бакалавриат,Б1.О.General,0.667,Зачет,50,[2]
259056,"История (история России, всеобщая история)",1,09.03.02 ИСиТ,Бакалавриат,Б1.О.General,1.0,Зачет с оценкой,51,[2]
732144,Технологическое предпринимательство и основы проектной деятельности,21,06.03.01 Биология,Бакалавриат,Б1.О.General,1.0,Зачет,19,[4]
732144,Прикладная физическая культура (Адаптивная физическая культура),21,06.03.01 Биология,Бакалавриат,Б1.О.General,0.5,Зачет,1,"[3, 4]"
732144,Теория принятия решений,21,06.03.01 Биология,Бакалавриат,Б1.О.Prof,1.0,Зачет,10,[3]
732144,Химия,21,06.03.01 Биология,Бакалавриат,Б1.О.Prof,1.0,Зачет с оценкой,19,"[3, 4]"
732144,Физика,21,06.03.01 Биология,Бакалавриат,Б1.О.General,1.0,Экзамен,19,[3]
732144,Цифровые технологии: от интернета до блокчейна,21,06.03.01 Биология,Бакалавриат,Б1.В,0.5,Зачет,2,[3]
732144,Биофизика,21,06.03.01 Биология,Бакалавриат,Б1.О.Prof,1.0,Зачет,19,[4]
732144,Экономика,21,06.03.01 Биология,Бакалавриат,Б1.О.General,1.0,Зачет с оценкой,19,[3]
732144,"Производственная практика, научно-исследовательская работа",21,06.03.01 Биология,Бакалавриат,Б2,0.5,Зачет с оценкой,19,"[3, 4]"
732144,Биологическая номенклатура,21,06.03.01 Биология,Бакалавриат,Б1.О.Prof,1.0,Курсовая работа,19,[4]
732144,Большой биологический практикум,21,06.03.01 Биология,Бакалавриат,Б1.О.Prof,1.0,Зачет с оценкой,19,"[3, 4]"
732144,Ботаника,21,06.03.01 Биология,Бакалавриат,Б1.О.Prof,1.0,Экзамен,19,"[3, 4]"
732144,Русский язык и культура речи,21,06.03.01 Биология,Бакалавриат,Б1.О.General,1.0,Зачет,19,[3]
732144,Комнатное цветоводство,21,06.03.01 Биология,Бакалавриат,Б1.О.Prof,1.0,Зачет,19,[4]
732144,"Учебная практика, практика по получению первичных профессиональных умений и навыков (по ботанике и зоологии)",21,06.03.01 Биология,Бакалавриат,Б2,0.5,Зачет с оценкой,19,[4]
732144,Информатика,21,06.03.01 Биология,Бакалавриат,Б1.О.General,1.0,Зачет с оценкой,19,[3]
732144,Зоология,21,06.03.01 Биология,Бакалавриат,Б1.О.Prof,1.0,Экзамен,19,"[3, 4]"
732144,Прикладная физическая культура (ОФП),21,06.03.01 Биология,Бакалавриат,Б1.О.General,1.0,Зачет,18,"[3, 4]"
732144,Управление личными финансами,21,06.03.01 Биология,Бакалавриат,Б1.В,0.5,Зачет,3,[3]
732144,Ресурсоведение,21,06.03.01 Биология,Бакалавриат,Б1.В,0.5,Зачет,4,[3]
355314,Алгебра и теория чисел,3,01.03.02 ПМИ / 02.03.01 МКН,Бакалавриат,Б1.В,0.167,Экзамен,30,"[3, 4]"
355314,Дифференциальные уравнения,3,01.03.02 ПМИ / 02.03.01 МКН,Бакалавриат,Б1.О.Prof,0.833,Зачет с оценкой,30,"[3, 4]"
355314,Прикладная физическая культура (Адаптивная физическая культура),3,01.03.02 ПМИ / 02.03.01 МКН,Бакалавриат,Б1.О.General,0.833,Зачет,2,[4]
355314,"Учебная практика, научно-исследовательская работа (получение первичных навыков научно-исследовательской работы)",3,01.03.02 ПМИ / 02.03.01 МКН,Бакалавриат,Б2,1.0,Зачет с оценкой,9,[4]
355314,Математический анализ,3,01.03.02 ПМИ / 02.03.01 МКН,Бакалавриат,Б1.О.Prof,0.667,Экзамен,30,"[3, 4]"
355314,Философия,3,01.03.02 ПМИ / 02.03.01 МКН,Бакалавриат,Б1.О.General,1.0,Зачет с оценкой,28,[3]
355314,Прикладная физическая культура (Волейбол),3,01.03.02 ПМИ / 02.03.01 МКН,Бакалавриат,Б1.О.General,0.5,Зачет,27,"[3, 4]"
355314,Цифровые технологии: от интернета до блокчейна,3,01.03.02 ПМИ / 02.03.01 МКН,Бакалавриат,Б1.О.Prof,0.833,Зачет,23,[4]
355314,Информатика и программирование,3,01.03.02 ПМИ / 02.03.01 МКН,Бакалавриат,Б1.О.Prof,0.667,Экзамен,27,"[3, 4]"
355314,Численные методы,3,01.03.02 ПМИ / 02.03.01 МКН,Бакалавриат,Б1.В,0.333,Зачет с оценкой,25,[4]
355314,Безопасность жизнедеятельности,3,01.03.02 ПМИ / 02.03.01 МКН,Бакалавриат,Б1.О.General,0.333,Зачет,28,[3]
355314,Экономика,3,01.03.02 ПМИ / 02.03.01 МКН,Бакалавриат,Б1.О.General,0.667,Зачет,28,[3]
355314,Правоведение,3,01.03.02 ПМИ / 02.03.01 МКН,Бакалавриат,Б1.О.General,0.5,Зачет,24,[4]
982000,"Производственная практика, проектно-технологическая",22,43.03.02 Туризм,Бакалавриат,Б2,0.5,Зачет с оценкой,18,[8]
982000,"Производственная практика, преддипломная",22,43.03.02 Туризм,Бакалавриат,Б2,0.5,Зачет с оценкой,18,[8]
982000,Профессиональная иноязычная коммуникация,22,43.03.02 Туризм,Бакалавриат,Б1.О.Prof,1.0,Экзамен,18,[7]
982000,Комплексный практикум по туризму,22,43.03.02 Туризм,Бакалавриат,Б1.О.Prof,1.0,Экзамен,20,[7]
982000,Бизнес-планирование в туристской индустрии,22,43.03.02 Туризм,Бакалавриат,Б1.О.Prof,1.0,Зачет с оценкой,18,[7]
240628,Математическая логика и теория алгоритмов,1,09.03.02 ИСиТ,Бакалавриат,Б1.В,0.333,Зачет с оценкой,23,[3]
240628,Инженерная и компьютерная графика,1,09.03.02 ИСиТ,Бакалавриат,Б1.В,0.333,Экзамен,22,[4]
240628,Методы математической физики,1,09.03.02 ИСиТ,Бакалавриат,Б1.О.Prof,1.0,Зачет с оценкой,22,[4]
240628,Базы данных,1,09.03.02 ИСиТ,Бакалавриат,Б1.О.Prof,1.0,Экзамен,23,[3]
240628,Алгоритмы и структуры данных,1,09.03.02 ИСиТ,Бакалавриат,Б1.В,0.333,Зачет с оценкой,22,[4]
240628,Математическое моделирование физических систем,1,09.03.02 ИСиТ,Бакалавриат,Б1.О.Prof,1.0,Зачет с оценкой,24,[3]
240628,Прикладная физическая культура (ОФП),1,09.03.02 ИСиТ,Бакалавриат,Б1.О.General,0.5,Зачет,21,"[3, 4]"
240628,Модели и методы принятия решений,1,09.03.02 ИСиТ,Бакалавриат,Б1.В,0.5,Зачет с оценкой,23,[4]
240628,Дискретная математика,1,09.03.02 ИСиТ,Бакалавриат,Б1.О.Prof,1.0,Экзамен,22,[3]
240628,Операционные системы,1,09.03.02 ИСиТ,Бакалавриат,Б1.О.Prof,1.0,Экзамен,22,[4]
240628,Прикладная физическая культура (Адаптивная физическая культура),1,09.03.02 ИСиТ,Бакалавриат,Б1.О.General,0.833,Зачет,2,"[3, 4]"
240628,"Учебная практика, научно-исследовательская работа (получение первичных навыков научно-исследовательской работы)",1,09.03.02 ИСиТ,Бакалавриат,Б2,1.0,Зачет с оценкой,4,[4]
240628,Философия,1,09.03.02 ИСиТ,Бакалавриат,Б1.О.General,0.667,Зачет с оценкой,24,[3]
240628,Цифровые технологии: от интернета до блокчейна,1,09.03.02 ИСиТ,Бакалавриат,Б1.О.Prof,0.833,Зачет,23,[3]
240628,Численные методы,1,09.03.02 ИСиТ,Бакалавриат,Б1.О.Prof,1.0,Экзамен,22,[4]
240628,Физические основы современных технологий,1,09.03.02 ИСиТ,Бакалавриат,Б1.В,0.333,Экзамен,23,[3]
240628,Объектно-ориентированное программирование,1,09.03.02 ИСиТ,Бакалавриат,Б1.О.Prof,1.0,Экзамен,23,[3]
642038,Организационно-техническое сопровождение профессиональной деятельности,4,41.03.04 Политология,Бакалавриат,Б1.О.Prof,1.0,Экзамен,16,[4]
642038,Государственная политика и управление,4,41.03.04 Политология,Бакалавриат,Б1.О.Prof,1.0,Экзамен,16,[4]
642038,Социальное предпринимательство и основы проектной деятельности,4,41.03.04 Политология,Бакалавриат,Б1.О.General,1.0,Зачет,16,[3]
642038,Прикладная физическая культура (ОФП),4,41.03.04 Политология,Бакалавриат,Б1.О.General,0.667,Зачет,5,"[3, 4]"
642038,"Учебная практика, научно-исследовательская работа (получение первичных навыков научно-исследовательской работы)",4,41.03.04 Политология,Бакалавриат,Б2,1.0,Зачет с оценкой,15,[4]
642038,Культурология,4,41.03.04 Политология,Бакалавриат,Б1.О.General,1.0,Зачет,3,[3]
642038,Политические и маркетинговые технологии в коммуникативном пространстве России,4,41.03.04 Политология,Бакалавриат,Б1.В,0.333,Зачет с оценкой,16,"[3, 4]"
642038,Прикладная физическая культура (Волейбол),4,41.03.04 Политология,Бакалавриат,Б1.О.General,0.5,Зачет,11,"[3, 4]"
642038,Теория и практика аргументации,4,41.03.04 Политология,Бакалавриат,Б1.В,0.5,Зачет,4,[3]
642038,История политических учений,4,41.03.04 Политология,Бакалавриат,Б1.В,0.333,Зачет с оценкой,16,"[3, 4]"
642038,Социология,4,41.03.04 Политология,Бакалавриат,Б1.В,0.5,Зачет,10,[3]
642038,Информационно-аналитическое обеспечение современных региональных и международных процессов,4,41.03.04 Политология,Бакалавриат,Б1.О.Prof,1.0,Экзамен,16,"[3, 4]"
642038,Профессиональная иноязычная коммуникация,4,41.03.04 Политология,Бакалавриат,Б1.О.Prof,1.0,Зачет с оценкой,16,"[3, 4]"
642038,Теория политики,4,41.03.04 Политология,Бакалавриат,Б1.В,0.333,Экзамен,16,"[3, 4]"
642038,Политическая история России и зарубежных стран,4,41.03.04 Политология,Бакалавриат,Б1.В,0.333,Экзамен,15,[3]
642038,Политическая конфликтология,4,41.03.04 Политология,Бакалавриат,Б1.О.Prof,1.0,Экзамен,16,[3]
818176,Биогеография растений и животных,21,06.03.01 Биология,Бакалавриат,Б1.О.Prof,1.0,Зачет с оценкой,13,[7]
818176,Микология,21,06.03.01 Биология,Бакалавриат,Б1.В,0.5,Зачет с оценкой,13,[8]
818176,Подготовка и сдача государственного экзамена,21,06.03.01 Биология,Бакалавриат,Б3,0.5,ГАК,13,[8]
818176,Биоэтика,21,06.03.01 Биология,Бакалавриат,Б1.О.Prof,1.0,Зачет с оценкой,13,[7]
818176,Палеонтология,21,06.03.01 Биология,Бакалавриат,Б1.О.Prof,1.0,Зачет,13,[7]
818176,История изучения природы Нижнего Поволжья,21,06.03.01 Биология,Бакалавриат,Б1.О.Prof,1.0,Зачет,13,[8]
818176,"Производственная практика, практика по получению профессиональных умений и опыта профессиональной деятельности",21,06.03.01 Биология,Бакалавриат,Б2,1.0,Зачет с оценкой,13,[7]
818176,"Право, правовые основы охраны природы и природопользования",21,06.03.01 Биология,Бакалавриат,Б1.О.Prof,1.0,Зачет,13,[8]
818176,"Производственная практика, преддипломная практика",21,06.03.01 Биология,Бакалавриат,Б2,1.0,Зачет с оценкой,13,[8]
818176,Физиология фотосинтеза и обмена веществ,21,06.03.01 Биология,Бакалавриат,Б1.О.Prof,1.0,Зачет с оценкой,13,[7]
818176,Биология размножения и развития,21,06.03.01 Биология,Бакалавриат,Б1.О.Prof,1.0,Экзамен,13,[7]
818176,Науки о земле: биология почв,21,06.03.01 Биология,Бакалавриат,Б1.О.Prof,1.0,Зачет,13,[8]
818176,Этимология названий живых организмов,21,06.03.01 Биология,Бакалавриат,Б1.О.Prof,1.0,Зачет,13,[8]
818176,Основы эволюции,21,06.03.01 Биология,Бакалавриат,Б1.О.Prof,1.0,Зачет,13,[7]
818176,"Защита выпускной квалификационной работы, включая подготовку к защите и процедуру защиты",21,06.03.01 Биология,Бакалавриат,Б3,0.5,Защита ВКР,13,[8]
818176,Фитопатология,21,06.03.01 Биология,Бакалавриат,Б1.О.Prof,1.0,Зачет с оценкой,13,[7]
818176,Экология и рациональное природопользование,21,06.03.01 Биология,Бакалавриат,Б1.О.Prof,1.0,Зачет,13,[8]
818176,Введение в биотехнологию,21,06.03.01 Биология,Бакалавриат,Б1.В,0.5,Зачет,13,[7]
818176,История биологии,21,06.03.01 Биология,Бакалавриат,Б1.О.Prof,1.0,Экзамен,13,[8]
816133,Деловой этикет,22,43.03.02 Туризм,Бакалавриат,Б1.О.Prof,1.0,Зачет с оценкой,26,[3]
816133,Основы математической обработки информации,22,43.03.02 Туризм,Бакалавриат,Б1.О.Prof,1.0,Зачет с оценкой,26,[3]
816133,Технология организации экскурсионных услуг,22,43.03.02 Туризм,Бакалавриат,Б1.О.Prof,1.0,Экзамен,24,[4]
816133,Правовое регулирование в туризме,22,43.03.02 Туризм,Бакалавриат,Б1.О.Prof,1.0,Экзамен,27,"[3, 4]"
816133,Социальное предпринимательство и основы проектной деятельности,22,43.03.02 Туризм,Бакалавриат,Б1.О.General,1.0,Зачет,27,[3]
816133,Туристские ресурсы РФ,22,43.03.02 Туризм,Бакалавриат,Б1.О.Prof,1.0,Экзамен,27,[3]
816133,"Учебная практика, ознакомительная практика",22,43.03.02 Туризм,Бакалавриат,Б2,0.5,Зачет с оценкой,1,[4]
816133,Прикладная физическая культура (ОФП),22,43.03.02 Туризм,Бакалавриат,Б1.О.General,1.0,Зачет,21,[3]
816133,"Учебная практика, исследовательская практика",22,43.03.02 Туризм,Бакалавриат,Б2,0.5,Зачет с оценкой,12,[4]
816133,Прикладная физическая культура (Волейбол),22,43.03.02 Туризм,Бакалавриат,Б1.О.General,0.5,Зачет,7,"[3, 4]"
816133,Туристская индустрия в СНГ,22,43.03.02 Туризм,Бакалавриат,Б1.О.Prof,1.0,Экзамен,26,[3]
816133,Ресурсно-технологический практикум,22,43.03.02 Туризм,Бакалавриат,Б1.В,0.5,Зачет с оценкой,11,[4]
816133,Профессиональная иноязычная коммуникация,22,43.03.02 Туризм,Бакалавриат,Б1.О.Prof,1.0,Зачет с оценкой,27,"[3, 4]"
816133,Менеджмент в туристской индустрии,22,43.03.02 Туризм,Бакалавриат,Б1.О.Prof,1.0,Экзамен,13,[4]
816133,Экономика,22,43.03.02 Туризм,Бакалавриат,Б1.О.General,1.0,Зачет,26,[3]
816133,Иностранный язык (второй),22,43.03.02 Туризм,Бакалавриат,Б1.В,0.5,Зачет,13,[4]
816133,Культурно-исторические объекты туристского интереса,22,43.03.02 Туризм,Бакалавриат,Б1.О.Prof,1.0,Зачет,24,[4]
197638,Инженерная и компьютерная графика,1,09.03.02 ИСиТ,Бакалавриат,Б1.О.Prof,0.667,Экзамен,12,[6]
197638,Технологическое предпринимательство и основы проектной деятельности,1,09.03.02 ИСиТ,Бакалавриат,Б1.О.General,0.833,Зачет,12,[6]
197638,Геоинформационные системы,1,09.03.02 ИСиТ,Бакалавриат,Б1.О.Prof,1.0,Экзамен,13,[5]
197638,"3D технологии: моделирование, сканирование и печать",1,09.03.02 ИСиТ,Бакалавриат,Б1.О.Prof,1.0,Экзамен,11,[6]
197638,Прикладная физическая культура (Адаптивная физическая культура),1,09.03.02 ИСиТ,Бакалавриат,Б1.О.General,0.5,Зачет,1,[6]
197638,Проектирование информационных систем,1,09.03.02 ИСиТ,Бакалавриат,Б1.О.Prof,1.0,Экзамен,16,[5]
197638,Технологии разработки Web-сервисов,1,09.03.02 ИСиТ,Бакалавриат,Б1.О.Prof,1.0,Зачет с оценкой,15,[5]
197638,Технологии разработки программного обеспечения,1,09.03.02 ИСиТ,Бакалавриат,Б1.О.Prof,0.667,Курсовая работа,11,[6]
197638,Сети и телекоммуникации,1,09.03.02 ИСиТ,Бакалавриат,Б1.О.Prof,0.667,Экзамен,12,[6]
197638,Прикладная физическая культура (ОФП),1,09.03.02 ИСиТ,Бакалавриат,Б1.О.General,1.0,Зачет,17,"[5, 6]"
197638,"Производственная практика, технологическая практика",1,09.03.02 ИСиТ,Бакалавриат,Б2,0.833,Зачет с оценкой,1,[6]
197638,Программирование и математическое моделирование,1,09.03.02 ИСиТ,Бакалавриат,Б1.О.Prof,1.0,Экзамен,15,[5]
197638,Электроника и схемотехника,1,09.03.02 ИСиТ,Бакалавриат,Б1.О.Prof,1.0,Зачет с оценкой,11,[6]
197638,Визуальное программирование,1,09.03.02 ИСиТ,Бакалавриат,Б1.О.Prof,1.0,Зачет с оценкой,16,[5]
197638,Теория вероятностей и математическая статистика,1,09.03.02 ИСиТ,Бакалавриат,Б1.О.Prof,1.0,Зачет с оценкой,16,[5]
197638,Экономика,1,09.03.02 ИСиТ,Бакалавриат,Б1.О.General,0.667,Зачет,12,[6]
197638,"Производственная практика, научно-исследовательская работа",1,09.03.02 ИСиТ,Бакалавриат,Б2,1.0,Зачет с оценкой,12,"[5, 6]"
777228,Психология,36,Неизвестное (Основы математической обработки информац...),Бакалавриат,Б1.О.Prof,1.0,Зачет,33,[4]
777228,Иностранный язык,36,Неизвестное (Основы математической обработки информац...),Бакалавриат,Б1.О.General,1.0,Экзамен,31,[3]
777228,Культура общения,36,Неизвестное (Основы математической обработки информац...),Бакалавриат,Б1.О.Prof,1.0,Зачет,4,[4]
777228,Искусствоведение,36,Неизвестное (Основы математической обработки информац...),Бакалавриат,Б1.О.Prof,1.0,Зачет с оценкой,33,[4]
777228,"Производственная практика, профессионально-творческая",36,Неизвестное (Основы математической обработки информац...),Бакалавриат,Б2,1.0,Зачет с оценкой,32,[4]
777228,Теория и практика медиакоммуникаций,36,Неизвестное (Основы математической обработки информац...),Бакалавриат,Б1.О.Prof,1.0,Зачет с оценкой,33,[4]
777228,"Основные теории коммуникации, включая деловые и межличностные коммуникации",36,Неизвестное (Основы математической обработки информац...),Бакалавриат,Б1.О.Prof,1.0,Экзамен,32,[3]
777228,Стилистика русского языка,36,Неизвестное (Основы математической обработки информац...),Бакалавриат,Б1.О.Prof,1.0,Зачет с оценкой,32,[3]
777228,Теория и практика рекламы,36,Неизвестное (Основы математической обработки информац...),Бакалавриат,Б1.О.Prof,1.0,Зачет с оценкой,34,"[3, 4]"
777228,Культурология,36,Неизвестное (Основы математической обработки информац...),Бакалавриат,Б1.О.General,1.0,Зачет,12,[4]
777228,Поведение потребителей,36,Неизвестное (Основы математической обработки информац...),Бакалавриат,Б1.О.Prof,1.0,Зачет с оценкой,33,[4]
777228,Теория и практика аргументации,36,Неизвестное (Основы математической обработки информац...),Бакалавриат,Б1.О.Prof,1.0,Зачет,3,[4]
777228,Теория и практика связей с общественностью,36,Неизвестное (Основы математической обработки информац...),Бакалавриат,Б1.О.Prof,1.0,Экзамен,34,"[3, 4]"
777228,Философия,36,Неизвестное (Основы математической обработки информац...),Бакалавриат,Б1.О.General,1.0,Зачет с оценкой,31,[3]
777228,Экономика рекламы и связей с общественностью,36,Неизвестное (Основы математической обработки информац...),Бакалавриат,Б1.О.Prof,1.0,Зачет с оценкой,32,[3]
777228,Конфликтология,36,Неизвестное (Основы математической обработки информац...),Бакалавриат,Б1.О.General,1.0,Зачет,13,[4]
777228,Информационные технологии и базы данных в прикладных коммуникациях,36,Неизвестное (Основы математической обработки информац...),Бакалавриат,Б1.О.Prof,1.0,Зачет с оценкой,31,[3]
777228,Теория и практика брендинга,36,Неизвестное (Основы математической обработки информац...),Бакалавриат,Б1.О.Prof,1.0,Экзамен,33,[4]
777228,Прикладная физическая культура (ОФП),36,Неизвестное (Основы математической обработки информац...),Бакалавриат,Б1.О.General,1.0,Зачет,32,"[3, 4]"
777228,Основы маркетинга,36,Неизвестное (Основы математической обработки информац...),Бакалавриат,Б1.О.Prof,1.0,Экзамен,32,[3]
109595,Моделирование и программирование в среде Blender,3,01.03.02 ПМИ / 02.03.01 МКН,Бакалавриат,Б1.О.Prof,1.0,Зачет с оценкой,17,[8]
109595,Технологическое предпринимательство и основы проектной деятельности,3,01.03.02 ПМИ / 02.03.01 МКН,Бакалавриат,Б1.О.General,0.5,Зачет,17,[7]
109595,Подготовка к процедуре защиты и защита выпускной квалификационной работы,3,01.03.02 ПМИ / 02.03.01 МКН,Бакалавриат,Б3,0.25,Защита ВКР,15,[8]
109595,Компьютерная графика,3,01.03.02 ПМИ / 02.03.01 МКН,Бакалавриат,Б1.В,0.25,Зачет с оценкой,18,"[7, 8]"
109595,Основы визуального моделирования,3,01.03.02 ПМИ / 02.03.01 МКН,Бакалавриат,Б1.В,0.25,Зачет с оценкой,17,[7]
109595,"Производственная практика, преддипломная практика",3,01.03.02 ПМИ / 02.03.01 МКН,Бакалавриат,Б2,0.75,Зачет с оценкой,18,[8]
109595,Методы оптимизации,3,01.03.02 ПМИ / 02.03.01 МКН,Бакалавриат,Б1.В,0.25,Зачет с оценкой,17,[8]
109595,Функциональный анализ,3,01.03.02 ПМИ / 02.03.01 МКН,Бакалавриат,Б1.В,0.25,Экзамен,17,[7]
109595,Геометрическое web-моделирование,3,01.03.02 ПМИ / 02.03.01 МКН,Бакалавриат,Б1.В,0.25,Зачет с оценкой,18,[8]
109595,Проектирование и разработка мобильных приложений,3,01.03.02 ПМИ / 02.03.01 МКН,Бакалавриат,Б1.В,0.25,Зачет с оценкой,18,[8]
109595,Теоретическая механика,3,01.03.02 ПМИ / 02.03.01 МКН,Бакалавриат,Б1.В,0.25,Экзамен,18,[7]
109595,Алгоритмы обработки растровых изображений,3,01.03.02 ПМИ / 02.03.01 МКН,Бакалавриат,Б1.О.Prof,0.75,Зачет с оценкой,17,[8]
109595,"Производственная практика, технологическая  практика",3,01.03.02 ПМИ / 02.03.01 МКН,Бакалавриат,Б2,0.25,Зачет с оценкой,18,[8]
109595,Web-программирование,3,01.03.02 ПМИ / 02.03.01 МКН,Бакалавриат,Б1.В,0.25,Зачет с оценкой,17,[7]
109595,"Производственная практика, научно-исследовательская работа",3,01.03.02 ПМИ / 02.03.01 МКН,Бакалавриат,Б2,1.0,Зачет с оценкой,9,[7]
721956,Журналистское мастерство,26,42.03.02 Журналистика,Бакалавриат,Б1.О.Prof,1.0,Зачет с оценкой,29,"[5, 6]"
721956,Новые медиа,26,42.03.02 Журналистика,Бакалавриат,Б1.О.Prof,1.0,Зачет,29,[6]
721956,Профессиональная этика журналиста,26,42.03.02 Журналистика,Бакалавриат,Б1.О.Prof,1.0,Экзамен,29,[5]
721956,Организация работы пресс-службы,26,42.03.02 Журналистика,Бакалавриат,Б1.О.Prof,1.0,Зачет,29,[6]
721956,Психология журналистики,26,42.03.02 Журналистика,Бакалавриат,Б1.О.Prof,1.0,Зачет,29,[5]
721956,Спецсеминар научного руководителя,26,42.03.02 Журналистика,Бакалавриат,Б1.В,0.5,Зачет,29,"[5, 6]"
721956,Журналистика русского зарубежья,26,42.03.02 Журналистика,Бакалавриат,Б1.В,0.5,Зачет,29,[5]
721956,Интернет- журналистика,26,42.03.02 Журналистика,Бакалавриат,Б1.О.Prof,1.0,Зачет,29,[5]
721956,Социология журналистики,26,42.03.02 Журналистика,Бакалавриат,Б1.О.Prof,1.0,Зачет,29,[6]
721956,Функциональная и практическая стилистика,26,42.03.02 Журналистика,Бакалавриат,Б1.В,0.5,Экзамен,29,[5]
721956,Практикум по пунктуации,26,42.03.02 Журналистика,Бакалавриат,Б1.В,0.5,Зачет с оценкой,29,[5]
721956,Аксиология журналистики,26,42.03.02 Журналистика,Бакалавриат,Б1.О.Prof,1.0,Экзамен,13,[6]
721956,Современный литературный процесс,26,42.03.02 Журналистика,Бакалавриат,Б1.В,0.5,Зачет,29,[6]
721956,Грамматические нормы языка в профессиональной сфере общения,26,42.03.02 Журналистика,Бакалавриат,Б1.В,0.5,Зачет с оценкой,29,[5]
721956,Новостная журналистика и репортерская работа в СМИ,26,42.03.02 Журналистика,Бакалавриат,Б1.В,0.5,Экзамен,29,[5]
721956,Дизайн массмедиа,26,42.03.02 Журналистика,Бакалавриат,Б1.В,0.5,Зачет,29,[5]
721956,Литературное редактирование,26,42.03.02 Журналистика,Бакалавриат,Б1.В,0.5,Экзамен,29,[6]
721956,Профессиональные творческие студии,26,42.03.02 Журналистика,Бакалавриат,Б1.О.Prof,1.0,Зачет,29,[6]
721956,История отечественной журналистики,26,42.03.02 Журналистика,Бакалавриат,Б1.О.Prof,1.0,Зачет,29,[6]
721956,История русской литературы 20 в.,26,42.03.02 Журналистика,Бакалавриат,Б1.О.Prof,1.0,Зачет,29,[5]
721956,История зарубежной литературы 20 в.,26,42.03.02 Журналистика,Бакалавриат,Б1.О.Prof,1.0,Зачет,29,[5]
721956,Социальное предпринимательство и основы проектной деятельности,26,42.03.02 Журналистика,Бакалавриат,Б1.О.General,1.0,Зачет,29,[5]
721956,Прикладная физическая культура (ОФП),26,42.03.02 Журналистика,Бакалавриат,Б1.О.General,1.0,Зачет,29,"[5, 6]"
721956,"Производственная практика, проектная",26,42.03.02 Журналистика,Бакалавриат,Б2,1.0,Зачет с оценкой,29,[6]
721956,"Прикладные дисциплины (фотодело, компьютерный дизайн и др.)",26,42.03.02 Журналистика,Бакалавриат,Б1.О.Prof,1.0,Зачет с оценкой,29,[5]
721956,Международное гуманитарное право и СМИ,26,42.03.02 Журналистика,Бакалавриат,Б1.В,0.5,Экзамен,16,[6]
785449,Информатика,9,38.05.01 Экономическая безопасность (спец.),Специалитет,Б1.О.General,1.0,Зачет с оценкой,28,[1]
785449,Иностранный язык,9,38.05.01 Экономическая безопасность (спец.),Специалитет,Б1.О.General,1.0,Зачет с оценкой,28,[2]
785449,Правоохранительные органы,9,38.05.01 Экономическая безопасность (спец.),Специалитет,Б1.О.Prof,1.0,Зачет с оценкой,28,[1]
785449,Профессиональная этика и служебный этикет,9,38.05.01 Экономическая безопасность (спец.),Специалитет,Б1.О.Prof,1.0,Зачет с оценкой,27,[2]
785449,Прикладная физическая культура (ОФП),9,38.05.01 Экономическая безопасность (спец.),Специалитет,Б1.О.General,1.0,Зачет,29,"[1, 2]"
785449,Философия,9,38.05.01 Экономическая безопасность (спец.),Специалитет,Б1.О.General,1.0,Экзамен,28,[1]
785449,Русский язык и культура речи,9,38.05.01 Экономическая безопасность (спец.),Специалитет,Б1.О.General,1.0,Зачет,26,[2]
785449,Экономическая теория,9,38.05.01 Экономическая безопасность (спец.),Специалитет,Б1.О.Prof,1.0,Экзамен,29,"[1, 2]"
785449,Физическая культура и спорт,9,38.05.01 Экономическая безопасность (спец.),Специалитет,Б1.О.General,1.0,Зачет,28,[1]
785449,Эволюция экономических учений,9,38.05.01 Экономическая безопасность (спец.),Специалитет,Б1.О.Prof,1.0,Экзамен,28,[2]
785449,История,9,38.05.01 Экономическая безопасность (спец.),Специалитет,Б1.О.General,1.0,Зачет с оценкой,28,[1]
785449,Безопасность жизнедеятельности,9,38.05.01 Экономическая безопасность (спец.),Специалитет,Б1.О.General,1.0,Зачет,28,[2]
785449,Математика,9,38.05.01 Экономическая безопасность (спец.),Специалитет,Б1.О.Prof,1.0,Зачет с оценкой,29,"[1, 2]"
785449,Правоведение,9,38.05.01 Экономическая безопасность (спец.),Специалитет,Б1.О.General,1.0,Зачет,28,[1]
889907,История России,14,46.03.01 История,Бакалавриат,Б1.О.Prof,1.0,Экзамен,14,[7]
889907,История мировой культуры,14,46.03.01 История,Бакалавриат,Б1.О.Prof,1.0,Зачет с оценкой,14,[8]
889907,Эволюция европейских монархий от абсолютизма к демократии,14,46.03.01 История,Бакалавриат,Б1.О.Prof,1.0,Зачет,6,[7]
889907,История мировых религий,14,46.03.01 История,Бакалавриат,Б1.О.Prof,1.0,Зачет с оценкой,14,[8]
889907,Методика преподавания истории,14,46.03.01 История,Бакалавриат,Б1.О.Prof,1.0,Зачет с оценкой,15,[7]
889907,История военного плена в СССР,14,46.03.01 История,Бакалавриат,Б1.О.Prof,1.0,Зачет,5,[8]
889907,Новейшая история,14,46.03.01 История,Бакалавриат,Б1.О.Prof,1.0,Экзамен,15,[7]
889907,Кочевники Юго-Восточной Европы в эпоху средневековья,14,46.03.01 История,Бакалавриат,Б1.О.Prof,1.0,Зачет,4,[8]
889907,История государственных учреждений в России до начала ХХ века,14,46.03.01 История,Бакалавриат,Б1.О.Prof,1.0,Зачет,6,[7]
889907,История южных и западных славян,14,46.03.01 История,Бакалавриат,Б1.О.Prof,1.0,Зачет с оценкой,14,[8]
889907,"Производственная практика, преддипломная",14,46.03.01 История,Бакалавриат,Б2,0.5,Зачет с оценкой,15,[8]
889907,История стран Азии и Африки в новейшее время,14,46.03.01 История,Бакалавриат,Б1.О.Prof,1.0,Экзамен,15,[7]
889907,Религиозные корпорации в средние века,14,46.03.01 История,Бакалавриат,Б1.О.Prof,1.0,Зачет,6,[8]
889907,Этноисторические проблемы в изучении раннего железного века,14,46.03.01 История,Бакалавриат,Б1.О.Prof,1.0,Зачет,3,[7]
889907,История отечественной культуры,14,46.03.01 История,Бакалавриат,Б1.О.Prof,1.0,Зачет с оценкой,14,[8]
889907,"Производственная практика, практика по получению профессиональных умений и опыта профессиональной деятельности",14,46.03.01 История,Бакалавриат,Б2,0.5,Зачет с оценкой,14,[8]
889907,Юг России в новое и новейшее время,14,46.03.01 История,Бакалавриат,Б1.О.Prof,1.0,Экзамен,15,[7]
375860,Технологическое предпринимательство и основы проектной деятельности,30,05.03.01 Геология,Бакалавриат,Б1.О.General,0.5,Зачет,14,[4]
375860,Иностранный язык,30,05.03.01 Геология,Бакалавриат,Б1.О.General,1.0,Зачет с оценкой,16,[3]
375860,Культура общения,30,05.03.01 Геология,Бакалавриат,Б1.В,0.5,Зачет,6,[3]
375860,Основы гидрохимии,30,05.03.01 Геология,Бакалавриат,Б1.В,0.5,Зачет с оценкой,14,[4]
375860,Прикладная физическая культура (Адаптивная физическая культура),30,05.03.01 Геология,Бакалавриат,Б1.О.General,0.5,Зачет,1,"[3, 4]"
375860,Организационная коммуникация,30,05.03.01 Геология,Бакалавриат,Б1.О.Prof,1.0,Зачет,2,[3]
375860,Физика,30,05.03.01 Геология,Бакалавриат,Б1.О.General,1.0,Экзамен,16,[3]
375860,Социология,30,05.03.01 Геология,Бакалавриат,Б1.В,0.5,Зачет,3,[3]
375860,Правоведение,30,05.03.01 Геология,Бакалавриат,Б1.О.General,1.0,Зачет,16,[3]
375860,Экологическая геология,30,05.03.01 Геология,Бакалавриат,Б1.О.Prof,1.0,Зачет с оценкой,16,[3]
375860,Экономика,30,05.03.01 Геология,Бакалавриат,Б1.О.General,1.0,Зачет с оценкой,16,[3]
375860,"Производственная практика, научно-исследовательская работа",30,05.03.01 Геология,Бакалавриат,Б2,1.0,Зачет с оценкой,15,"[3, 4]"
375860,Общая стратиграфия,30,05.03.01 Геология,Бакалавриат,Б1.О.Prof,1.0,Зачет с оценкой,14,[4]
375860,ГИС в геологии,30,05.03.01 Геология,Бакалавриат,Б1.В,0.5,Зачет с оценкой,14,[4]
375860,Культурология,30,05.03.01 Геология,Бакалавриат,Б1.О.General,1.0,Зачет,1,[3]
375860,Теория и практика аргументации,30,05.03.01 Геология,Бакалавриат,Б1.В,0.5,Зачет,2,[3]
375860,Геодезия и картография,30,05.03.01 Геология,Бакалавриат,Б1.О.Prof,1.0,Экзамен,14,[4]
375860,Структурная геология,30,05.03.01 Геология,Бакалавриат,Б1.О.Prof,1.0,Экзамен,15,[3]
375860,Философия,30,05.03.01 Геология,Бакалавриат,Б1.О.General,1.0,Зачет с оценкой,16,[3]
375860,"Учебная практика, практика по получению первичных профессиональных умений и навыков (полевая)",30,05.03.01 Геология,Бакалавриат,Б2,1.0,Зачет с оценкой,14,[4]
375860,Конфликтология,30,05.03.01 Геология,Бакалавриат,Б1.О.General,1.0,Зачет,1,[3]
375860,Информатика,30,05.03.01 Геология,Бакалавриат,Б1.О.General,1.0,Зачет с оценкой,15,[3]
375860,Петрография,30,05.03.01 Геология,Бакалавриат,Б1.В,0.5,Экзамен,14,[4]
375860,Прикладная физическая культура (ОФП),30,05.03.01 Геология,Бакалавриат,Б1.О.General,0.5,Зачет,15,"[3, 4]"
838709,Технологическое предпринимательство и основы проектной деятельности,23,11.03.02 Инфокоммуникации,Бакалавриат,Б1.О.General,0.5,Зачет,25,[5]
838709,Прикладная физическая культура (Легкая атлетика),23,11.03.02 Инфокоммуникации,Бакалавриат,Б1.О.General,1.0,Зачет,24,[5]
838709,Теория автоматического управления,23,11.03.02 Инфокоммуникации,Бакалавриат,Б1.О.Prof,1.0,Экзамен,24,[5]
838709,Волоконно-оптические системы передачи,23,11.03.02 Инфокоммуникации,Бакалавриат,Б1.О.Prof,1.0,Экзамен,23,[6]
838709,Цифровая обработка сигналов,23,11.03.02 Инфокоммуникации,Бакалавриат,Б1.О.Prof,1.0,Зачет с оценкой,24,[5]
838709,Сети связи,23,11.03.02 Инфокоммуникации,Бакалавриат,Б1.О.Prof,1.0,Зачет с оценкой,24,[6]
838709,Управление инновационными технологическими проектами,23,11.03.02 Инфокоммуникации,Бакалавриат,Б1.О.Prof,1.0,Экзамен,24,[6]
838709,Электромагнитные поля и волны,23,11.03.02 Инфокоммуникации,Бакалавриат,Б1.О.Prof,1.0,Экзамен,25,[5]
838709,"Производственная практика, проектно-технологическая практика",23,11.03.02 Инфокоммуникации,Бакалавриат,Б2,1.0,Зачет с оценкой,23,[6]
838709,Цифровые системы передачи,23,11.03.02 Инфокоммуникации,Бакалавриат,Б1.О.Prof,1.0,Зачет с оценкой,23,[6]
838709,Схемотехника телекоммуникационных устройств,23,11.03.02 Инфокоммуникации,Бакалавриат,Б1.О.Prof,1.0,Зачет с оценкой,24,"[5, 6]"
838709,Электропитание устройств и систем телекоммуникаций,23,11.03.02 Инфокоммуникации,Бакалавриат,Б1.О.Prof,1.0,Зачет с оценкой,24,[5]
838709,"Производственная практика, научно-исследовательская работа",23,11.03.02 Инфокоммуникации,Бакалавриат,Б2,1.0,Зачет с оценкой,24,"[5, 6]"
465976,ЭВМ и периферийные устройства,1,09.03.02 ИСиТ,Бакалавриат,Б1.О.Prof,0.667,Экзамен,19,[6]
465976,Технологическое предпринимательство и основы проектной деятельности,1,09.03.02 ИСиТ,Бакалавриат,Б1.О.General,0.833,Зачет,20,[6]
465976,Геоинформационные системы,1,09.03.02 ИСиТ,Бакалавриат,Б1.О.Prof,1.0,Экзамен,22,[5]
465976,"3D технологии: моделирование, сканирование и печать",1,09.03.02 ИСиТ,Бакалавриат,Б1.О.Prof,1.0,Зачет с оценкой,19,[6]
465976,Прикладная физическая культура (Адаптивная физическая культура),1,09.03.02 ИСиТ,Бакалавриат,Б1.О.General,0.5,Зачет,7,"[5, 6]"
465976,Проектирование информационных систем,1,09.03.02 ИСиТ,Бакалавриат,Б1.О.Prof,1.0,Экзамен,22,[5]
465976,Технологии разработки Web-сервисов,1,09.03.02 ИСиТ,Бакалавриат,Б1.О.Prof,1.0,Зачет с оценкой,22,[5]
465976,Технологии разработки программного обеспечения,1,09.03.02 ИСиТ,Бакалавриат,Б1.О.Prof,0.667,Экзамен,19,[6]
465976,Прикладная физическая культура (ОФП),1,09.03.02 ИСиТ,Бакалавриат,Б1.О.General,1.0,Зачет,20,"[5, 6]"
465976,Технологии сети Интернет,1,09.03.02 ИСиТ,Бакалавриат,Б1.В,0.333,Экзамен,19,[6]
465976,"Производственная практика, технологическая практика",1,09.03.02 ИСиТ,Бакалавриат,Б2,0.833,Зачет с оценкой,18,[6]
465976,Программирование и математическое моделирование,1,09.03.02 ИСиТ,Бакалавриат,Б1.О.Prof,1.0,Экзамен,22,[5]
465976,Электроника и схемотехника,1,09.03.02 ИСиТ,Бакалавриат,Б1.О.Prof,1.0,Экзамен,19,[6]
465976,Визуальное программирование,1,09.03.02 ИСиТ,Бакалавриат,Б1.О.Prof,1.0,Зачет с оценкой,22,[5]
465976,Правоведение,1,09.03.02 ИСиТ,Бакалавриат,Б1.О.General,0.5,Зачет,18,[6]
465976,Теория вероятностей и математическая статистика,1,09.03.02 ИСиТ,Бакалавриат,Б1.О.Prof,1.0,Зачет с оценкой,22,[5]
465976,Экономика,1,09.03.02 ИСиТ,Бакалавриат,Б1.О.General,0.667,Зачет,19,[6]
465976,"Производственная практика, научно-исследовательская работа",1,09.03.02 ИСиТ,Бакалавриат,Б2,1.0,Зачет с оценкой,18,"[5, 6]"
203834,Государственный экзамен,1,09.03.02 ИСиТ,Бакалавриат,Б3,0.5,ГАК,20,[8]
203834,Моделирование и программирование в среде Blender,1,09.03.02 ИСиТ,Бакалавриат,Б1.О.Prof,1.0,Зачет с оценкой,20,[7]
203834,Защита информации,1,09.03.02 ИСиТ,Бакалавриат,Б1.О.Prof,1.0,Экзамен,20,[7]
203834,Управление программными проектами,1,09.03.02 ИСиТ,Бакалавриат,Б1.В,0.333,Курсовая работа,20,[7]
203834,Модели и методы принятия решений,1,09.03.02 ИСиТ,Бакалавриат,Б1.В,0.5,Зачет с оценкой,20,[7]
203834,Технологии обработки информации,1,09.03.02 ИСиТ,Бакалавриат,Б1.О.Prof,1.0,Зачет с оценкой,20,[7]
203834,Параллельное программирование,1,09.03.02 ИСиТ,Бакалавриат,Б1.О.Prof,1.0,Экзамен,21,[7]
203834,Тестирование программного обеспечения,1,09.03.02 ИСиТ,Бакалавриат,Б1.В,0.333,Зачет,21,[8]
203834,Мультимедиа технологии,1,09.03.02 ИСиТ,Бакалавриат,Б1.О.Prof,1.0,Зачет с оценкой,21,[8]
203834,"Производственная практика, преддипломная",1,09.03.02 ИСиТ,Бакалавриат,Б2,0.167,Зачет с оценкой,20,[8]
203834,Безопасность жизнедеятельности,1,09.03.02 ИСиТ,Бакалавриат,Б1.О.General,1.0,Зачет,18,[7]
203834,Системы автоматизированного проектирования,1,09.03.02 ИСиТ,Бакалавриат,Б1.В,0.5,Зачет с оценкой,21,[8]
203834,Экономика программной инженерии,1,09.03.02 ИСиТ,Бакалавриат,Б1.В,0.167,Зачет,21,[8]
203834,Экономика,1,09.03.02 ИСиТ,Бакалавриат,Б1.О.General,0.333,Зачет,18,[8]
203834,Правоведение,1,09.03.02 ИСиТ,Бакалавриат,Б1.О.General,0.167,Зачет,20,[8]
203834,"Производственная практика, научно-исследовательская работа",1,09.03.02 ИСиТ,Бакалавриат,Б2,0.167,Зачет с оценкой,20,[7]
902207,Технологическое предпринимательство и основы проектной деятельности,17,38.03.04 ГМУ,Бакалавриат,Б1.О.General,0.5,Зачет,25,[6]
902207,Городское и жилищно-коммунальное хозяйство,17,38.03.04 ГМУ,Бакалавриат,Б1.О.Prof,1.0,Зачет с оценкой,27,[5]
902207,Принятие и исполнение государственных решений,17,38.03.04 ГМУ,Бакалавриат,Б1.О.Prof,1.0,Экзамен,27,[6]
902207,"Сертификация, стандартизация и лицензирование",17,38.03.04 ГМУ,Бакалавриат,Б1.О.Prof,1.0,Экзамен,27,[5]
902207,Прикладная физическая культура (Адаптивная физическая культура),17,38.03.04 ГМУ,Бакалавриат,Б1.О.General,0.5,Зачет,1,[6]
902207,"Производственная практика, практика по получению профессиональных умений и опыта профессиональной деятельности (в том числе технологическая практика)",17,38.03.04 ГМУ,Бакалавриат,Б2,1.0,Зачет с оценкой,27,[6]
902207,Деловые коммуникации в органах государственной власти,17,38.03.04 ГМУ,Бакалавриат,Б1.О.Prof,1.0,Зачет с оценкой,26,[6]
902207,Прогнозирование и планирование,17,38.03.04 ГМУ,Бакалавриат,Б1.О.Prof,1.0,Зачет с оценкой,21,[6]
902207,Государственные и муниципальные услуги населению,17,38.03.04 ГМУ,Бакалавриат,Б1.О.Prof,1.0,Зачет с оценкой,26,[6]
902207,Прикладная физическая культура (ОФП),17,38.03.04 ГМУ,Бакалавриат,Б1.О.General,1.0,Зачет,27,"[5, 6]"
902207,Обеспечение экономической безопасности муниципального образования,17,38.03.04 ГМУ,Бакалавриат,Б1.О.Prof,1.0,Зачет с оценкой,27,[5]
902207,Административный менеджмент,17,38.03.04 ГМУ,Бакалавриат,Б1.О.Prof,1.0,Зачет с оценкой,21,[6]
902207,Управление государственным и муниципальным заказом,17,38.03.04 ГМУ,Бакалавриат,Б1.О.Prof,1.0,Зачет с оценкой,27,[6]
902207,Государственная и муниципальная служба,17,38.03.04 ГМУ,Бакалавриат,Б1.О.Prof,1.0,Экзамен,27,[5]
902207,Управление государственной собственностью,17,38.03.04 ГМУ,Бакалавриат,Б1.О.Prof,1.0,Зачет с оценкой,27,[5]
902207,Управление инвестиционными проектами,17,38.03.04 ГМУ,Бакалавриат,Б1.О.Prof,1.0,Экзамен,25,[6]
902207,Управление персоналом в органах государственной власти,17,38.03.04 ГМУ,Бакалавриат,Б1.О.Prof,1.0,Зачет с оценкой,27,[6]
902207,Организационные структуры местного самоуправления,17,38.03.04 ГМУ,Бакалавриат,Б1.О.Prof,1.0,Зачет с оценкой,27,[5]
275522,Дифференциальная и гендерная психология,24,37.03.01 Психология,Бакалавриат,Б1.О.Prof,1.0,Экзамен,16,[5]
275522,Экспериментальная психология,24,37.03.01 Психология,Бакалавриат,Б1.В,0.5,Экзамен,1,[6]
275522,Социальная психология,24,37.03.01 Психология,Бакалавриат,Б1.О.Prof,1.0,Экзамен,16,[5]
275522,Прикладная физическая культура (ОФП),24,37.03.01 Психология,Бакалавриат,Б1.О.General,1.0,Зачет,3,"[5, 6]"
275522,Психология стресса и экстремальных ситуаций,24,37.03.01 Психология,Бакалавриат,Б1.О.Prof,1.0,Экзамен,16,[5]
275522,Математические методы в психологии,24,37.03.01 Психология,Бакалавриат,Б1.В,0.5,Зачет с оценкой,16,[5]
275522,Психология труда,24,37.03.01 Психология,Бакалавриат,Б1.В,0.5,Экзамен,16,[5]
275522,Психология семьи,24,37.03.01 Психология,Бакалавриат,Б1.В,0.5,Экзамен,1,[6]
275522,Психодиагностика,24,37.03.01 Психология,Бакалавриат,Б1.О.Prof,1.0,Экзамен,16,[5]
275522,Психология управления,24,37.03.01 Психология,Бакалавриат,Б1.В,0.5,Экзамен,1,[6]
275522,Психология личности,24,37.03.01 Психология,Бакалавриат,Б1.О.Prof,1.0,Зачет с оценкой,16,"[5, 6]"
275522,"Производственная практика, научно-исследовательская работа",24,37.03.01 Психология,Бакалавриат,Б2,1.0,Зачет с оценкой,1,[6]
109638,Экономика природопользования,20,Неизвестное (Техногенные системы и экологический риск...),Бакалавриат,Б1.О.Prof,1.0,Зачет с оценкой,13,[5]
109638,Техногенные системы и экологический риск,20,Неизвестное (Техногенные системы и экологический риск...),Бакалавриат,Б1.О.Prof,1.0,Зачет с оценкой,14,[6]
109638,Социология,20,Неизвестное (Техногенные системы и экологический риск...),Бакалавриат,Б1.В,0.5,Зачет,13,[5]
109638,Особо охраняемые природные территории,20,Неизвестное (Техногенные системы и экологический риск...),Бакалавриат,Б1.О.Prof,1.0,Зачет с оценкой,13,[6]
109638,Безопасность жизнедеятельности,20,Неизвестное (Техногенные системы и экологический риск...),Бакалавриат,Б1.О.General,0.5,Зачет,13,[5]
109638,Агроэкология,20,Неизвестное (Техногенные системы и экологический риск...),Бакалавриат,Б1.О.Prof,1.0,Экзамен,14,[6]
109638,"Производственная практика, практика по получению профессиональных умений и опыта профессиональной
деятельности",20,Неизвестное (Техногенные системы и экологический риск...),Бакалавриат,Б2,0.5,Зачет с оценкой,14,[6]
109638,"Производственная практика, научно-исследовательская работа",20,Неизвестное (Техногенные системы и экологический риск...),Бакалавриат,Б2,1.0,Зачет с оценкой,14,"[5, 6]"
109638,Технологии основных производств,20,Неизвестное (Техногенные системы и экологический риск...),Бакалавриат,Б1.О.Prof,1.0,Зачет с оценкой,13,[5]
109638,Нормирование и снижение загрязнения окружающей среды,20,Неизвестное (Техногенные системы и экологический риск...),Бакалавриат,Б1.О.Prof,1.0,Экзамен,13,[5]
109638,Управление природопользованием на предприятии,20,Неизвестное (Техногенные системы и экологический риск...),Бакалавриат,Б1.О.Prof,1.0,Зачет с оценкой,14,[6]
109638,Основы научных исследований,20,Неизвестное (Техногенные системы и экологический риск...),Бакалавриат,Б1.В,0.5,Зачет,14,[6]
109638,Экология человека,20,Неизвестное (Техногенные системы и экологический риск...),Бакалавриат,Б1.О.Prof,1.0,Зачет с оценкой,13,[5]
109638,Промышленная экология,20,Неизвестное (Техногенные системы и экологический риск...),Бакалавриат,Б1.О.Prof,1.0,Зачет с оценкой,13,[5]
109638,Геоэкология,20,Неизвестное (Техногенные системы и экологический риск...),Бакалавриат,Б1.О.Prof,1.0,Экзамен,13,[5]
109638,Эколого-экономический ущерб,20,Неизвестное (Техногенные системы и экологический риск...),Бакалавриат,Б1.О.Prof,1.0,Экзамен,14,[6]
109638,Прикладная физическая культура (ОФП),20,Неизвестное (Техногенные системы и экологический риск...),Бакалавриат,Б1.О.General,0.5,Зачет,14,"[5, 6]"
109638,Социальная экология,20,Неизвестное (Техногенные системы и экологический риск...),Бакалавриат,Б1.О.Prof,1.0,Зачет,14,[6]
109638,Геоэкология природно-антропогенных систем,20,Неизвестное (Техногенные системы и экологический риск...),Бакалавриат,Б1.О.Prof,1.0,Экзамен,13,[6]
267335,Информатика,44,20.03.01 Техносферная безопасность,Бакалавриат,Б1.О.General,1.0,Зачет с оценкой,16,[2]
267335,Экология человека,44,20.03.01 Техносферная безопасность,Бакалавриат,Б1.О.Prof,1.0,Зачет с оценкой,18,[2]
267335,Иностранный язык,44,20.03.01 Техносферная безопасность,Бакалавриат,Б1.О.General,1.0,Зачет с оценкой,17,"[1, 2]"
267335,"Учебная практика, практика по получению первичных профессиональных умений и навыков, в том числе первичных умений и навыков научно-исследовательско...",44,20.03.01 Техносферная безопасность,Бакалавриат,Б2,1.0,Зачет с оценкой,16,[2]
267335,Экология,44,20.03.01 Техносферная безопасность,Бакалавриат,Б1.О.Prof,1.0,Экзамен,17,[1]
267335,Прикладная физическая культура (Адаптивная физическая культура),44,20.03.01 Техносферная безопасность,Бакалавриат,Б1.О.General,1.0,Зачет,1,"[1, 2]"
267335,Прикладная физическая культура (ОФП),44,20.03.01 Техносферная безопасность,Бакалавриат,Б1.О.General,1.0,Зачет,11,"[1, 2]"
267335,Химия,44,20.03.01 Техносферная безопасность,Бакалавриат,Б1.О.Prof,1.0,Зачет с оценкой,17,"[1, 2]"
267335,Ноксология,44,20.03.01 Техносферная безопасность,Бакалавриат,Б1.О.Prof,1.0,Экзамен,17,[2]
267335,Физика,44,20.03.01 Техносферная безопасность,Бакалавриат,Б1.О.General,1.0,Экзамен,17,"[1, 2]"
267335,Русский язык и культура речи,44,20.03.01 Техносферная безопасность,Бакалавриат,Б1.О.General,1.0,Зачет,16,[2]
267335,Философия,44,20.03.01 Техносферная безопасность,Бакалавриат,Б1.О.General,1.0,Зачет с оценкой,18,[1]
267335,Прикладная физическая культура (Волейбол),44,20.03.01 Техносферная безопасность,Бакалавриат,Б1.О.General,1.0,Зачет,4,"[1, 2]"
267335,Физическая культура и спорт,44,20.03.01 Техносферная безопасность,Бакалавриат,Б1.О.General,1.0,Зачет,20,[1]
267335,История,44,20.03.01 Техносферная безопасность,Бакалавриат,Б1.О.General,1.0,Зачет с оценкой,17,[1]
267335,Математика,44,20.03.01 Техносферная безопасность,Бакалавриат,Б1.О.General,1.0,Зачет с оценкой,18,[1]
451663,Прикладная физическая культура (Адаптивная физическая культура),23,11.03.02 Инфокоммуникации,Бакалавриат,Б1.О.General,1.0,Зачет,4,[4]
451663,Проектирование и эксплуатация систем связи,23,11.03.02 Инфокоммуникации,Бакалавриат,Б1.О.Prof,1.0,Зачет с оценкой,23,[4]
451663,Организационная коммуникация,23,11.03.02 Инфокоммуникации,Бакалавриат,Б1.В,0.5,Зачет,2,[3]
451663,Социология,23,11.03.02 Инфокоммуникации,Бакалавриат,Б1.В,0.5,Зачет,1,[3]
451663,Основы построения инфокоммуникационных систем и сетей,23,11.03.02 Инфокоммуникации,Бакалавриат,Б1.В,0.5,Зачет с оценкой,24,[3]
451663,Безопасность жизнедеятельности,23,11.03.02 Инфокоммуникации,Бакалавриат,Б1.О.General,1.0,Зачет,24,[3]
451663,Правоведение,23,11.03.02 Инфокоммуникации,Бакалавриат,Б1.О.General,1.0,Зачет,24,[3]
451663,"Производственная практика, научно-исследовательская работа",23,11.03.02 Инфокоммуникации,Бакалавриат,Б2,1.0,Зачет с оценкой,19,[4]
451663,Физические основы электроники,23,11.03.02 Инфокоммуникации,Бакалавриат,Б1.О.Prof,1.0,Экзамен,21,[4]
451663,Культурология,23,11.03.02 Инфокоммуникации,Бакалавриат,Б1.О.General,1.0,Зачет,12,[3]
451663,Теория и практика аргументации,23,11.03.02 Инфокоммуникации,Бакалавриат,Б1.В,0.5,Зачет,1,[3]
451663,Общая теория связи,23,11.03.02 Инфокоммуникации,Бакалавриат,Б1.О.Prof,1.0,Зачет с оценкой,24,"[3, 4]"
451663,Автоматизация администрирования инфокоммуникационных систем,23,11.03.02 Инфокоммуникации,Бакалавриат,Б1.О.Prof,1.0,Зачет,24,[3]
451663,Лабораторный практикум: Оптика,23,11.03.02 Инфокоммуникации,Бакалавриат,Б1.О.Prof,1.0,Зачет с оценкой,24,[3]
451663,Философия,23,11.03.02 Инфокоммуникации,Бакалавриат,Б1.О.General,1.0,Зачет с оценкой,24,[3]
451663,Теория вероятностей и математическая статистика,23,11.03.02 Инфокоммуникации,Бакалавриат,Б1.О.Prof,1.0,Зачет с оценкой,24,[3]
451663,Конфликтология,23,11.03.02 Инфокоммуникации,Бакалавриат,Б1.О.General,0.5,Зачет,8,[3]
451663,Теория электрических цепей,23,11.03.02 Инфокоммуникации,Бакалавриат,Б1.О.Prof,1.0,Экзамен,21,[4]
451663,"Учебная практика, ознакомительная практика",23,11.03.02 Инфокоммуникации,Бакалавриат,Б2,1.0,Зачет с оценкой,21,[4]
451663,Электроника,23,11.03.02 Инфокоммуникации,Бакалавриат,Б1.О.Prof,1.0,Зачет с оценкой,23,[4]
451663,Экономическая оценка инвестиций и инноваций в телекоммуникациях,23,11.03.02 Инфокоммуникации,Бакалавриат,Б1.О.Prof,1.0,Зачет,24,[3]
451663,Прикладная физическая культура (ОФП),23,11.03.02 Инфокоммуникации,Бакалавриат,Б1.О.General,0.5,Зачет,24,"[3, 4]"
451663,Вычислительная техника и информационные технологии,23,11.03.02 Инфокоммуникации,Бакалавриат,Б1.О.Prof,1.0,Экзамен,22,[3]
451663,"Метрология,стандартизация и сертификация в инфокоммуникациях",23,11.03.02 Инфокоммуникации,Бакалавриат,Б1.О.Prof,1.0,Зачет с оценкой,24,[4]
891992,"Производственная практика, практика по получению профессиональных умений и опыта профессиональной деятельности переводческая практика (первый иност...",15,45.03.02 Лингвистика (перевод),Бакалавриат,Б2,0.5,Зачет с оценкой,1,[7]
891992,Практический курс устного перевода (первый иностранный язык),15,45.03.02 Лингвистика (перевод),Бакалавриат,Б1.О.Prof,1.0,Зачет с оценкой,58,"[7, 8]"
891992,Практический курс устного перевода (второй иностранный язык),15,45.03.02 Лингвистика (перевод),Бакалавриат,Б1.О.Prof,1.0,Зачет с оценкой,59,"[7, 8]"
891992,Практический курс первого иностранного языка,15,45.03.02 Лингвистика (перевод),Бакалавриат,Б1.О.Prof,1.0,Экзамен,58,[7]
891992,Практический курс второго иностранного языка,15,45.03.02 Лингвистика (перевод),Бакалавриат,Б1.О.Prof,1.0,Экзамен,58,[7]
891992,"Производственная практика, преддипломная",15,45.03.02 Лингвистика (перевод),Бакалавриат,Б2,0.5,Зачет с оценкой,57,[8]
891992,Стилистика,15,45.03.02 Лингвистика (перевод),Бакалавриат,Б1.О.Prof,1.0,Экзамен,58,[7]
891992,Переводческое реферирование и аннотирование,15,45.03.02 Лингвистика (перевод),Бакалавриат,Б1.О.Prof,1.0,Зачет,57,[7]
891992,"Учебная практика, практика по получению первичных профессиональных умений и навыков (переводческая практика (второй иностранный язык))",15,45.03.02 Лингвистика (перевод),Бакалавриат,Б2,0.5,Зачет с оценкой,13,[7]
891992,История и культура стран изучаемого языка,15,45.03.02 Лингвистика (перевод),Бакалавриат,Б1.О.Prof,1.0,Зачет,57,[8]
891992,Практический курс письменного перевода (второй иностранный язык),15,45.03.02 Лингвистика (перевод),Бакалавриат,Б1.О.Prof,1.0,Зачет с оценкой,59,"[7, 8]"
891992,Практический курс письменного перевода (первый иностранный язык),15,45.03.02 Лингвистика (перевод),Бакалавриат,Б1.О.Prof,1.0,Зачет с оценкой,58,"[7, 8]"
525401,Специальный практикум,13,28.03.01 Нанотехнологии,Бакалавриат,Б1.О.Prof,1.0,Зачет с оценкой,23,"[5, 6]"
525401,Технологическое предпринимательство и основы проектной деятельности,13,28.03.01 Нанотехнологии,Бакалавриат,Б1.О.General,1.0,Зачет,24,[5]
525401,Прикладная физическая культура (Адаптивная физическая культура),13,28.03.01 Нанотехнологии,Бакалавриат,Б1.О.General,1.0,Зачет,1,[6]
525401,Управление инновационными технологическими проектами,13,28.03.01 Нанотехнологии,Бакалавриат,Б1.О.Prof,1.0,Экзамен,23,[6]
525401,"Производственная практика, эксплуатационная практика",13,28.03.01 Нанотехнологии,Бакалавриат,Б2,1.0,Зачет с оценкой,21,[6]
525401,Материаловедение,13,28.03.01 Нанотехнологии,Бакалавриат,Б1.О.Prof,1.0,Зачет с оценкой,24,"[5, 6]"
525401,"Производственная практика, научно-исследовательская работа",13,28.03.01 Нанотехнологии,Бакалавриат,Б2,1.0,Зачет с оценкой,22,"[5, 6]"
525401,Методы диагностики в нанотехнологиях: Рентгенография и рентгеноструктурный анализ,13,28.03.01 Нанотехнологии,Бакалавриат,Б1.В,0.5,Экзамен,21,[6]
525401,Аналитическая механика,13,28.03.01 Нанотехнологии,Бакалавриат,Б1.О.Prof,1.0,Экзамен,25,[5]
525401,Процессы получения наночастиц и наноматериалов,13,28.03.01 Нанотехнологии,Бакалавриат,Б1.О.Prof,1.0,Экзамен,23,[5]
525401,Методы диагностики в нанотехнологиях: Электронная и сканирующая зондовая микроскопия,13,28.03.01 Нанотехнологии,Бакалавриат,Б1.О.Prof,1.0,Экзамен,21,[6]
525401,Квантовая механика,13,28.03.01 Нанотехнологии,Бакалавриат,Б1.О.Prof,1.0,Зачет с оценкой,22,[6]
525401,Оптико-физические методы анализа материалов,13,28.03.01 Нанотехнологии,Бакалавриат,Б1.О.Prof,1.0,Зачет с оценкой,23,[5]
525401,Безопасность нанотехнологий,13,28.03.01 Нанотехнологии,Бакалавриат,Б1.В,0.5,Зачет,25,[5]
525401,Хроматографические методы анализа,13,28.03.01 Нанотехнологии,Бакалавриат,Б1.В,0.5,Зачет с оценкой,21,[6]
525401,Прикладная физическая культура (Легкая атлетика),13,28.03.01 Нанотехнологии,Бакалавриат,Б1.О.General,1.0,Зачет,21,"[5, 6]"
525401,Спектроскопические методы исследования материалов,13,28.03.01 Нанотехнологии,Бакалавриат,Б1.О.Prof,1.0,Зачет,24,[6]
525401,Компьютерное моделирование наносистем и процессов нанотехнологий,13,28.03.01 Нанотехнологии,Бакалавриат,Б1.О.Prof,1.0,Экзамен,25,[5]
525401,Атомное строение вещества,13,28.03.01 Нанотехнологии,Бакалавриат,Б1.О.Prof,1.0,Зачет,23,[5]
250986,Технологическое предпринимательство и основы проектной деятельности,21,06.03.01 Биология,Бакалавриат,Б1.О.General,1.0,Зачет,19,[4]
250986,Информатика,21,06.03.01 Биология,Бакалавриат,Б1.О.General,1.0,Зачет с оценкой,19,[3]
250986,Зоология,21,06.03.01 Биология,Бакалавриат,Б1.О.Prof,1.0,Экзамен,20,"[3, 4]"
250986,Биологическая номенклатура,21,06.03.01 Биология,Бакалавриат,Б1.О.Prof,1.0,Зачет с оценкой,19,[4]
250986,Большой биологический практикум,21,06.03.01 Биология,Бакалавриат,Б1.О.Prof,1.0,Зачет с оценкой,19,"[3, 4]"
250986,Теория принятия решений,21,06.03.01 Биология,Бакалавриат,Б1.О.Prof,1.0,Зачет,19,[3]
250986,Прикладная физическая культура (ОФП),21,06.03.01 Биология,Бакалавриат,Б1.О.General,1.0,Зачет,19,"[3, 4]"
250986,"Производственная практика, проектная практика",21,06.03.01 Биология,Бакалавриат,Б2,0.5,Зачет с оценкой,19,[4]
250986,Химия,21,06.03.01 Биология,Бакалавриат,Б1.О.Prof,1.0,Зачет с оценкой,19,"[3, 4]"
250986,Ботаника,21,06.03.01 Биология,Бакалавриат,Б1.О.Prof,1.0,Экзамен,19,"[3, 4]"
250986,Физика,21,06.03.01 Биология,Бакалавриат,Б1.О.General,1.0,Экзамен,19,[3]
250986,Русский язык и культура речи,21,06.03.01 Биология,Бакалавриат,Б1.О.General,1.0,Зачет,19,[3]
250986,"Учебная практика, практика по получению первичных профессиональных умений и навыков (полевая практика по ботанике и зоологии)",21,06.03.01 Биология,Бакалавриат,Б2,0.5,Зачет с оценкой,19,[4]
250986,Биофизика,21,06.03.01 Биология,Бакалавриат,Б1.О.Prof,1.0,Зачет,20,[4]
250986,Комнатное цветоводство,21,06.03.01 Биология,Бакалавриат,Б1.О.Prof,1.0,Зачет,18,[4]
250986,Экономика,21,06.03.01 Биология,Бакалавриат,Б1.О.General,1.0,Зачет с оценкой,19,[3]
250986,"Учебная практика, научно-исследовательская работа",21,06.03.01 Биология,Бакалавриат,Б2,0.5,Зачет с оценкой,19,"[3, 4]"
670829,Информатика,32,38.03.02 Менеджмент,Бакалавриат,Б1.О.General,1.0,Зачет с оценкой,16,[2]
670829,Экология,32,38.03.02 Менеджмент,Бакалавриат,Б1.О.Prof,1.0,Зачет,17,[2]
670829,Иностранный язык,32,38.03.02 Менеджмент,Бакалавриат,Б1.О.General,1.0,Зачет с оценкой,17,"[1, 2]"
670829,Введение в инноватику,32,38.03.02 Менеджмент,Бакалавриат,Б1.О.Prof,1.0,Экзамен,17,[1]
670829,Прикладная физическая культура (ОФП),32,38.03.02 Менеджмент,Бакалавриат,Б1.О.General,1.0,Зачет,17,"[1, 2]"
670829,Русский язык и культура речи,32,38.03.02 Менеджмент,Бакалавриат,Б1.О.General,1.0,Зачет,17,[1]
670829,Математика,32,38.03.02 Менеджмент,Бакалавриат,Б1.О.General,1.0,Зачет с оценкой,17,"[1, 2]"
670829,Экономическая теория,32,38.03.02 Менеджмент,Бакалавриат,Б1.О.Prof,1.0,Зачет с оценкой,17,"[1, 2]"
670829,Теоретическая инноватика,32,38.03.02 Менеджмент,Бакалавриат,Б1.О.Prof,1.0,Экзамен,17,[2]
670829,Физическая культура и спорт,32,38.03.02 Менеджмент,Бакалавриат,Б1.О.General,1.0,Зачет,17,[1]
670829,Физика,32,38.03.02 Менеджмент,Бакалавриат,Б1.О.General,1.0,Экзамен,17,[1]
670829,История,32,38.03.02 Менеджмент,Бакалавриат,Б1.О.General,1.0,Зачет с оценкой,17,[1]
670829,Философия,32,38.03.02 Менеджмент,Бакалавриат,Б1.О.General,1.0,Зачет с оценкой,17,[2]
670829,Безопасность жизнедеятельности,32,38.03.02 Менеджмент,Бакалавриат,Б1.О.General,1.0,Зачет,17,[2]
670829,Компьютерные технологии и базы данных,32,38.03.02 Менеджмент,Бакалавриат,Б1.О.Prof,1.0,Зачет с оценкой,17,[2]
670829,Концепции современного естествознания,32,38.03.02 Менеджмент,Бакалавриат,Б1.О.Prof,1.0,Зачет с оценкой,17,[1]
670829,Правоведение,32,38.03.02 Менеджмент,Бакалавриат,Б1.О.General,1.0,Зачет,17,[1]
842862,Технологическое предпринимательство и основы проектной деятельности,7,45.03.01 Филология,Бакалавриат,Б1.О.General,0.667,Зачет,23,[3]
842862,История зарубежной литературы XVII-XVIII века,7,45.03.01 Филология,Бакалавриат,Б1.О.Prof,0.667,Зачет,22,[3]
842862,Культура общения,7,45.03.01 Филология,Бакалавриат,Б1.В,0.333,Зачет,1,[4]
842862,Прикладная физическая культура (Адаптивная физическая культура),7,45.03.01 Филология,Бакалавриат,Б1.О.General,0.667,Зачет,5,"[3, 4]"
842862,Организационная коммуникация,7,45.03.01 Филология,Бакалавриат,Б1.О.Prof,0.667,Зачет,2,[4]
842862,Культура общения в разных сферах коммуникации,7,45.03.01 Филология,Бакалавриат,Б1.В,0.333,Зачет с оценкой,11,[4]
842862,Введение в теорию коммуникации,7,45.03.01 Филология,Бакалавриат,Б1.О.Prof,0.667,Зачет с оценкой,12,[4]
842862,Риторика,7,45.03.01 Филология,Бакалавриат,Б1.О.Prof,0.667,Зачет с оценкой,11,[4]
842862,История зарубежной литературы XIX века,7,45.03.01 Филология,Бакалавриат,Б1.О.Prof,0.667,Зачет,22,[4]
842862,История русской литературы первой трети XIX века,7,45.03.01 Филология,Бакалавриат,Б1.О.Prof,1.0,Экзамен,22,[3]
842862,Спецсеминар научного руководителя,7,45.03.01 Филология,Бакалавриат,Б1.О.Prof,0.667,Зачет,23,"[3, 4]"
842862,Академическое письмо,7,45.03.01 Филология,Бакалавриат,Б1.О.Prof,0.667,Зачет,22,[4]
842862,Культурология,7,45.03.01 Филология,Бакалавриат,Б1.О.General,1.0,Зачет,7,[4]
842862,Теория и практика аргументации,7,45.03.01 Филология,Бакалавриат,Б1.О.Prof,0.667,Зачет,2,[4]
842862,История русской литературы второй трети XIX века,7,45.03.01 Филология,Бакалавриат,Б1.О.Prof,1.0,Экзамен,22,[4]
842862,История лингвистических учений,7,45.03.01 Филология,Бакалавриат,Б1.О.Prof,0.667,Зачет с оценкой,12,[3]
842862,Историческая морфология русского языка,7,45.03.01 Филология,Бакалавриат,Б1.О.Prof,1.0,Экзамен,23,[4]
842862,Прикладная физическая культура (Волейбол),7,45.03.01 Филология,Бакалавриат,Б1.О.General,0.667,Зачет,20,"[3, 4]"
842862,Философия,7,45.03.01 Филология,Бакалавриат,Б1.О.General,1.0,Экзамен,21,[3]
842862,Конфликтология,7,45.03.01 Филология,Бакалавриат,Б1.О.General,1.0,Зачет,9,[4]
842862,Историческая фонетика русского языка,7,45.03.01 Филология,Бакалавриат,Б1.О.Prof,1.0,Экзамен,23,[3]
842862,Современный русский язык: Лексикология,7,45.03.01 Филология,Бакалавриат,Б1.О.Prof,1.0,Экзамен,23,[3]
842862,Иностранный (современный славянский) язык,7,45.03.01 Филология,Бакалавриат,Б1.О.Prof,0.667,Экзамен,23,[3]
842862,Современный русский язык: морфология,7,45.03.01 Филология,Бакалавриат,Б1.О.Prof,1.0,Экзамен,22,[4]
842862,Диалектология русского языка,7,45.03.01 Филология,Бакалавриат,Б1.О.Prof,1.0,Зачет с оценкой,23,[3]
842862,Прикладная физическая культура (ОФП),7,45.03.01 Филология,Бакалавриат,Б1.О.General,1.0,Зачет,3,[4]
842862,"Учебная практика, практика по получению первичных профессиональных умений и навыков",7,45.03.01 Филология,Бакалавриат,Б2,0.667,Зачет с оценкой,23,[4]
842862,Современная драматургия: проблематика и поэтика,7,45.03.01 Филология,Бакалавриат,Б1.В,0.333,Зачет с оценкой,10,[4]
842862,История литературоведческих учений,7,45.03.01 Филология,Бакалавриат,Б1.В,0.333,Зачет с оценкой,9,[3]
285808,"Вычислительные системы, сети и телекоммуникации",3,01.03.02 ПМИ / 02.03.01 МКН,Бакалавриат,Б1.В,0.333,Зачет,51,"[1, 2]"
285808,Элементы проектирования web-интерфейсов,3,01.03.02 ПМИ / 02.03.01 МКН,Бакалавриат,Б1.В,0.333,Зачет,52,"[1, 2]"
285808,Иностранный язык,3,01.03.02 ПМИ / 02.03.01 МКН,Бакалавриат,Б1.О.General,1.0,Зачет с оценкой,52,"[1, 2]"
285808,Прикладная физическая культура (Адаптивная физическая культура),3,01.03.02 ПМИ / 02.03.01 МКН,Бакалавриат,Б1.О.General,0.833,Зачет,5,"[1, 2]"
285808,Дискретная математика,3,01.03.02 ПМИ / 02.03.01 МКН,Бакалавриат,Б1.О.Prof,1.0,Экзамен,51,[1]
285808,Прикладная физическая культура (ОФП),3,01.03.02 ПМИ / 02.03.01 МКН,Бакалавриат,Б1.О.General,1.0,Зачет,22,"[1, 2]"
285808,Математический анализ,3,01.03.02 ПМИ / 02.03.01 МКН,Бакалавриат,Б1.О.Prof,1.0,Зачет с оценкой,52,"[1, 2]"
285808,Русский язык и культура речи,3,01.03.02 ПМИ / 02.03.01 МКН,Бакалавриат,Б1.О.General,1.0,Зачет,48,[2]
285808,Прикладная физическая культура (Волейбол),3,01.03.02 ПМИ / 02.03.01 МКН,Бакалавриат,Б1.О.General,0.5,Зачет,25,"[1, 2]"
285808,Информатика и программирование,3,01.03.02 ПМИ / 02.03.01 МКН,Бакалавриат,Б1.О.Prof,1.0,Зачет с оценкой,50,"[1, 2]"
285808,Физическая культура и спорт,3,01.03.02 ПМИ / 02.03.01 МКН,Бакалавриат,Б1.О.General,1.0,Зачет,52,[1]
285808,Информационные системы и технологии,3,01.03.02 ПМИ / 02.03.01 МКН,Бакалавриат,Б1.В,0.333,Экзамен,51,[1]
285808,Алгебра и геометрия,3,01.03.02 ПМИ / 02.03.01 МКН,Бакалавриат,Б1.В,0.333,Зачет с оценкой,51,"[1, 2]"
285808,Безопасность жизнедеятельности,3,01.03.02 ПМИ / 02.03.01 МКН,Бакалавриат,Б1.О.General,0.333,Зачет,52,[1]
285808,"История (история России, всеобщая история)",3,01.03.02 ПМИ / 02.03.01 МКН,Бакалавриат,Б1.О.General,1.0,Зачет с оценкой,47,[2]
285808,Правоведение,3,01.03.02 ПМИ / 02.03.01 МКН,Бакалавриат,Б1.О.General,0.667,Зачет,48,[2]
408698,История зарубежной литературы второй половины ХХ века,7,45.03.01 Филология,Бакалавриат,Б1.В,0.5,Зачет,20,[8]
408698,Грамматические нормы книжных стилей русского языка,7,45.03.01 Филология,Бакалавриат,Б1.О.Prof,1.0,Зачет,21,[7]
408698,"Производственная практика, преддипломная",7,45.03.01 Филология,Бакалавриат,Б2,0.5,Зачет с оценкой,21,[8]
408698,Курсовая работа по направлению подготовки и спецсеминар научного руководителя,7,45.03.01 Филология,Бакалавриат,Б1.В,0.5,Зачет с оценкой,21,[7]
408698,Общее языкознание,7,45.03.01 Филология,Бакалавриат,Б1.О.Prof,1.0,Экзамен,21,[7]
408698,"Производственная практика, практика по получению профессиональных умений и опыта профессиональной деятельности",7,45.03.01 Филология,Бакалавриат,Б2,0.5,Зачет с оценкой,21,[8]
408698,Активные процессы в современном русском языке,7,45.03.01 Филология,Бакалавриат,Б1.О.Prof,1.0,Экзамен,21,[7]
408698,История русской литературы ХХ века: 60-90-е годы,7,45.03.01 Филология,Бакалавриат,Б1.В,0.5,Зачет,21,[8]
408698,Лингвистические основы обработки текстов,7,45.03.01 Филология,Бакалавриат,Б1.О.Prof,1.0,Зачет,21,[8]
408698,Теория литературы,7,45.03.01 Филология,Бакалавриат,Б1.О.Prof,1.0,Экзамен,21,[7]
408698,История зарубежной литературы первой половины XX века,7,45.03.01 Филология,Бакалавриат,Б1.В,0.5,Зачет,20,[7]
408698,Методика преподавания русского языка,7,45.03.01 Филология,Бакалавриат,Б1.О.Prof,1.0,Зачет с оценкой,21,[7]
408698,Практикум по пунктуации,7,45.03.01 Филология,Бакалавриат,Б1.О.Prof,1.0,Зачет,21,[7]
408698,Основы психолингвистики,7,45.03.01 Филология,Бакалавриат,Б1.В,0.5,Зачет,11,[8]
408698,Литература русского зарубежья,7,45.03.01 Филология,Бакалавриат,Б1.В,0.5,Зачет,10,[8]
408698,История русской литературы XX века: 20-50-е годы,7,45.03.01 Филология,Бакалавриат,Б1.В,0.5,Экзамен,21,[7]
408698,Современный русский язык: синтаксис,7,45.03.01 Филология,Бакалавриат,Б1.О.Prof,1.0,Экзамен,21,[7]
408698,Основы социолингвистики,7,45.03.01 Филология,Бакалавриат,Б1.О.Prof,1.0,Зачет,11,[8]
408698,История и теория литературной критики,7,45.03.01 Филология,Бакалавриат,Б1.В,0.5,Зачет,10,[8]
408698,Теория текста,7,45.03.01 Филология,Бакалавриат,Б1.О.Prof,1.0,Зачет с оценкой,21,[8]
883840,Основы международной безопасности,45,Неизвестное (Основы международной безопасности...),Бакалавриат,Б1.О.Prof,1.0,Зачет,22,[8]
883840,Экономические и политические процессы в СНГ,45,Неизвестное (Основы международной безопасности...),Бакалавриат,Б1.О.Prof,1.0,Зачет,22,[8]
883840,Международная интеграция и международные организации,45,Неизвестное (Основы международной безопасности...),Бакалавриат,Б1.О.Prof,1.0,Зачет,22,[8]
883840,Институты современной дипломатии,45,Неизвестное (Основы международной безопасности...),Бакалавриат,Б1.О.Prof,1.0,Экзамен,22,[7]
883840,Практикум по дипломатическому этикету и протоколу,45,Неизвестное (Основы международной безопасности...),Бакалавриат,Б1.О.Prof,1.0,Экзамен,22,[7]
883840,Преддипломная практика,45,Неизвестное (Основы международной безопасности...),Бакалавриат,Б2,1.0,Зачет с оценкой,22,[8]
883840,Мировая политика,45,Неизвестное (Основы международной безопасности...),Бакалавриат,Б1.О.Prof,1.0,Зачет с оценкой,22,[7]
883840,Практикум по иностранному языку,45,Неизвестное (Основы международной безопасности...),Бакалавриат,Б1.О.Prof,1.0,Зачет,22,[7]
883840,Иностранный язык. Основы профессионально-ориентированного перевода,45,Неизвестное (Основы международной безопасности...),Бакалавриат,Б1.О.Prof,1.0,Зачет с оценкой,22,[7]
883840,Региональная и национальная безопасность,45,Неизвестное (Основы международной безопасности...),Бакалавриат,Б1.О.Prof,1.0,Зачет с оценкой,22,[7]
883840,Практика по получению профессиональных умений и опыта профессиональной деятельности,45,Неизвестное (Основы международной безопасности...),Бакалавриат,Б1.О.Prof,1.0,Зачет с оценкой,22,[8]
883840,Россия в глобальной политике,45,Неизвестное (Основы международной безопасности...),Бакалавриат,Б1.О.Prof,1.0,Экзамен,22,"[7, 8]"
883840,Научный семинар,45,Неизвестное (Основы международной безопасности...),Бакалавриат,Б1.О.Prof,1.0,Экзамен,22,[7]
883840,Иностранный язык (второй),45,Неизвестное (Основы международной безопасности...),Бакалавриат,Б1.О.Prof,1.0,Зачет с оценкой,22,"[7, 8]"
883840,История дипломатии,45,Неизвестное (Основы международной безопасности...),Бакалавриат,Б1.О.Prof,1.0,Зачет,22,[7]
353422,Физика: Механика,5,10.05.01 Компьютерная безопасность (спец.),Специалитет,Б1.О.Prof,1.0,Экзамен,22,[1]
353422,Иностранный язык,5,10.05.01 Компьютерная безопасность (спец.),Специалитет,Б1.О.General,1.0,Зачет с оценкой,22,"[1, 2]"
353422,Моделирование социальных систем,5,10.05.01 Компьютерная безопасность (спец.),Специалитет,Б1.О.Prof,1.0,Зачет,21,[2]
353422,Алгебра и геометрия,5,10.05.01 Компьютерная безопасность (спец.),Специалитет,Б1.О.Prof,1.0,Экзамен,21,[2]
353422,Безопасность жизнедеятельности,5,10.05.01 Компьютерная безопасность (спец.),Специалитет,Б1.О.General,1.0,Экзамен,24,[1]
353422,Языки программирования,5,10.05.01 Компьютерная безопасность (спец.),Специалитет,Б1.О.Prof,1.0,Зачет с оценкой,22,[1]
353422,Правоведение,5,10.05.01 Компьютерная безопасность (спец.),Специалитет,Б1.О.General,1.0,Зачет,21,[2]
353422,Экономика,5,10.05.01 Компьютерная безопасность (спец.),Специалитет,Б1.О.General,1.0,Зачет с оценкой,21,[2]
353422,Организация ЭВМ и вычислительных сетей,5,10.05.01 Компьютерная безопасность (спец.),Специалитет,Б1.О.Prof,1.0,Зачет с оценкой,21,[2]
353422,Основы информационной безопасности,5,10.05.01 Компьютерная безопасность (спец.),Специалитет,Б1.О.Prof,1.0,Зачет,22,[1]
353422,Языки программирования для автоматизации задач информационной безопасности,5,10.05.01 Компьютерная безопасность (спец.),Специалитет,Б1.О.Prof,1.0,Зачет с оценкой,21,[2]
353422,Информатика и программирование,5,10.05.01 Компьютерная безопасность (спец.),Специалитет,Б1.О.Prof,1.0,Зачет с оценкой,22,[1]
353422,Физическая культура и спорт,5,10.05.01 Компьютерная безопасность (спец.),Специалитет,Б1.О.General,1.0,Зачет,24,[1]
353422,Менеджмент,5,10.05.01 Компьютерная безопасность (спец.),Специалитет,Б1.О.Prof,1.0,Зачет,21,[2]
353422,Математический анализ,5,10.05.01 Компьютерная безопасность (спец.),Специалитет,Б1.О.Prof,1.0,Экзамен,22,[1]
353422,Прикладная физическая культура (Волейбол),5,10.05.01 Компьютерная безопасность (спец.),Специалитет,Б1.О.General,0.5,Зачет,11,[1]
353422,Русский язык и культура речи,5,10.05.01 Компьютерная безопасность (спец.),Специалитет,Б1.О.General,1.0,Зачет,22,[1]
353422,История,5,10.05.01 Компьютерная безопасность (спец.),Специалитет,Б1.О.General,1.0,Зачет с оценкой,22,[1]
353422,"Учебная практика, ознакомительная практика",5,10.05.01 Компьютерная безопасность (спец.),Специалитет,Б2,0.25,Зачет с оценкой,20,[2]
353422,Прикладная физическая культура (ОФП),5,10.05.01 Компьютерная безопасность (спец.),Специалитет,Б1.О.General,1.0,Зачет,11,[1]
664720,Теория вероятности и математическая статистика,17,38.03.04 ГМУ,Бакалавриат,Б1.О.Prof,1.0,Зачет с оценкой,19,[2]
664720,Иностранный язык,17,38.03.04 ГМУ,Бакалавриат,Б1.О.General,1.0,Зачет с оценкой,23,"[1, 2]"
664720,Прикладная физическая культура (Адаптивная физическая культура),17,38.03.04 ГМУ,Бакалавриат,Б1.О.General,0.5,Зачет,1,[1]
664720,Правоведение,17,38.03.04 ГМУ,Бакалавриат,Б1.О.General,1.0,Зачет,23,[1]
664720,Теория управления,17,38.03.04 ГМУ,Бакалавриат,Б1.О.Prof,1.0,Экзамен,23,[1]
664720,Прикладная физическая культура (ОФП),17,38.03.04 ГМУ,Бакалавриат,Б1.О.General,1.0,Зачет,14,[1]
664720,Теория организации,17,38.03.04 ГМУ,Бакалавриат,Б1.О.Prof,1.0,Зачет с оценкой,20,[2]
664720,Гражданское право,17,38.03.04 ГМУ,Бакалавриат,Б1.О.Prof,1.0,Зачет,19,[2]
664720,Русский язык и культура речи,17,38.03.04 ГМУ,Бакалавриат,Б1.О.General,1.0,Зачет,23,[1]
664720,Экономическая теория,17,38.03.04 ГМУ,Бакалавриат,Б1.О.Prof,1.0,Зачет с оценкой,23,"[1, 2]"
664720,Прикладная физическая культура (Волейбол),17,38.03.04 ГМУ,Бакалавриат,Б1.О.General,0.5,Зачет,8,[1]
664720,Физическая культура и спорт,17,38.03.04 ГМУ,Бакалавриат,Б1.О.General,1.0,Зачет,23,[1]
664720,История,17,38.03.04 ГМУ,Бакалавриат,Б1.О.General,1.0,Зачет с оценкой,23,[1]
664720,Безопасность жизнедеятельности,17,38.03.04 ГМУ,Бакалавриат,Б1.О.General,1.0,Зачет,23,[1]
664720,Математика,17,38.03.04 ГМУ,Бакалавриат,Б1.О.General,1.0,Экзамен,23,"[1, 2]"
664720,Информатика и информационные технологии,17,38.03.04 ГМУ,Бакалавриат,Б1.О.Prof,1.0,Зачет с оценкой,23,[1]
664720,Конституционное право,17,38.03.04 ГМУ,Бакалавриат,Б1.О.Prof,1.0,Зачет,21,[2]
664720,Введение в специальность,17,38.03.04 ГМУ,Бакалавриат,Б1.О.Prof,1.0,Зачет с оценкой,21,[2]
930981,Информационные технологии в юридической деятельности,12,40.03.01 Юриспруденция,Бакалавриат,Б1.О.Prof,1.0,Экзамен,124,[1]
930981,Иностранный язык,12,40.03.01 Юриспруденция,Бакалавриат,Б1.О.General,1.0,Экзамен,118,[1]
930981,Прикладная физическая культура (Адаптивная физическая культура),12,40.03.01 Юриспруденция,Бакалавриат,Б1.О.General,1.0,Зачет,3,"[1, 2]"
930981,Безопасность жизнедеятельности,12,40.03.01 Юриспруденция,Бакалавриат,Б1.О.General,1.0,Зачет,120,[1]
930981,История государства и права зарубежных стран,12,40.03.01 Юриспруденция,Бакалавриат,Б1.О.Prof,1.0,Экзамен,137,"[1, 2]"
930981,Логика в профессиональной деятельности юриста,12,40.03.01 Юриспруденция,Бакалавриат,Б1.О.Prof,1.0,Зачет,127,[2]
930981,Профессиональная этика,12,40.03.01 Юриспруденция,Бакалавриат,Б1.В,0.5,Экзамен,123,[1]
930981,Физическая культура и спорт,12,40.03.01 Юриспруденция,Бакалавриат,Б1.О.General,1.0,Зачет,123,[1]
930981,Иностранный язык в сфере юриспруденции,12,40.03.01 Юриспруденция,Бакалавриат,Б1.О.Prof,1.0,Экзамен,131,[2]
930981,Конституционное право,12,40.03.01 Юриспруденция,Бакалавриат,Б1.О.Prof,1.0,Экзамен,140,"[1, 2]"
930981,"Органы и лица, исполняющие наказания и другие меры уголовно-правового характера",12,40.03.01 Юриспруденция,Бакалавриат,Б1.О.Prof,1.0,Зачет с оценкой,26,[2]
930981,Антикоррупционное право,12,40.03.01 Юриспруденция,Бакалавриат,Б1.О.Prof,1.0,Зачет с оценкой,35,[2]
930981,Судебная речь,12,40.03.01 Юриспруденция,Бакалавриат,Б1.О.Prof,1.0,Зачет с оценкой,30,[2]
930981,Правоохранительные органы,12,40.03.01 Юриспруденция,Бакалавриат,Б1.О.Prof,1.0,Экзамен,123,[1]
930981,Прикладная физическая культура (ОФП),12,40.03.01 Юриспруденция,Бакалавриат,Б1.О.General,1.0,Зачет,129,"[1, 2]"
930981,Общая теория права,12,40.03.01 Юриспруденция,Бакалавриат,Б1.В,0.5,Зачет с оценкой,35,[2]
930981,Русский язык и культура речи в юриспруденции,12,40.03.01 Юриспруденция,Бакалавриат,Б1.О.Prof,1.0,Зачет,122,[1]
930981,Теория государства и права,12,40.03.01 Юриспруденция,Бакалавриат,Б1.О.Prof,1.0,Экзамен,137,"[1, 2]"
930981,История государства и права России,12,40.03.01 Юриспруденция,Бакалавриат,Б1.О.Prof,1.0,Экзамен,138,"[1, 2]"
543915,Техногенные системы и экологический риск,20,Неизвестное (Техногенные системы и экологический риск...),Бакалавриат,Б1.О.Prof,1.0,Зачет с оценкой,23,[6]
543915,Экономика природопользования,20,Неизвестное (Техногенные системы и экологический риск...),Бакалавриат,Б1.О.Prof,1.0,Зачет с оценкой,23,[5]
543915,Прикладная физическая культура (Адаптивная физическая культура),20,Неизвестное (Техногенные системы и экологический риск...),Бакалавриат,Б1.О.General,0.5,Зачет,5,[6]
543915,Промышленная санитария и гигиена труда,20,Неизвестное (Техногенные системы и экологический риск...),Бакалавриат,Б1.В,0.5,Зачет,24,[5]
543915,Урбоэкология,20,Неизвестное (Техногенные системы и экологический риск...),Бакалавриат,Б1.В,0.5,Зачет с оценкой,23,[5]
543915,Особо охраняемые природные территории,20,Неизвестное (Техногенные системы и экологический риск...),Бакалавриат,Б1.О.Prof,1.0,Зачет с оценкой,23,[6]
543915,Агроэкология,20,Неизвестное (Техногенные системы и экологический риск...),Бакалавриат,Б1.О.Prof,1.0,Экзамен,23,[6]
543915,"Производственная практика, практика по получению профессиональных умений и опыта профессиональной деятельности",20,Неизвестное (Техногенные системы и экологический риск...),Бакалавриат,Б2,0.5,Зачет с оценкой,23,[6]
543915,"Производственная практика, научно-исследовательская работа",20,Неизвестное (Техногенные системы и экологический риск...),Бакалавриат,Б2,1.0,Зачет с оценкой,23,"[5, 6]"
543915,Технологии основных производств,20,Неизвестное (Техногенные системы и экологический риск...),Бакалавриат,Б1.О.Prof,1.0,Зачет с оценкой,23,[5]
543915,Нормирование и снижение загрязнения окружающей среды,20,Неизвестное (Техногенные системы и экологический риск...),Бакалавриат,Б1.О.Prof,1.0,Экзамен,23,[5]
543915,Основы научных исследований в области охраны окружающей среды,20,Неизвестное (Техногенные системы и экологический риск...),Бакалавриат,Б1.В,0.5,Зачет,23,[6]
543915,Управление природопользованием на предприятии,20,Неизвестное (Техногенные системы и экологический риск...),Бакалавриат,Б1.О.Prof,1.0,Зачет с оценкой,23,[6]
543915,ГИС в экологии и природопользовании,20,Неизвестное (Техногенные системы и экологический риск...),Бакалавриат,Б1.В,0.5,Зачет,23,[5]
543915,Экология человека,20,Неизвестное (Техногенные системы и экологический риск...),Бакалавриат,Б1.О.Prof,1.0,Зачет,25,[5]
543915,Прикладная физическая культура (Легкая атлетика),20,Неизвестное (Техногенные системы и экологический риск...),Бакалавриат,Б1.О.General,0.5,Зачет,24,"[5, 6]"
543915,Промышленная экология,20,Неизвестное (Техногенные системы и экологический риск...),Бакалавриат,Б1.О.Prof,1.0,Зачет с оценкой,24,[5]
543915,Геоэкология,20,Неизвестное (Техногенные системы и экологический риск...),Бакалавриат,Б1.О.Prof,1.0,Экзамен,23,[5]
543915,Эколого-экономический ущерб,20,Неизвестное (Техногенные системы и экологический риск...),Бакалавриат,Б1.О.Prof,1.0,Экзамен,23,[6]
543915,Социальная экология,20,Неизвестное (Техногенные системы и экологический риск...),Бакалавриат,Б1.О.Prof,1.0,Зачет,23,[6]
543915,Геоэкология природно-антропогенных систем,20,Неизвестное (Техногенные системы и экологический риск...),Бакалавриат,Б1.О.Prof,1.0,Экзамен,23,[6]
160940,Страхование,9,38.05.01 Экономическая безопасность (спец.),Специалитет,Б1.О.Prof,1.0,Зачет с оценкой,54,[7]
160940,Учет в государственных (муниципальных) учреждениях,9,38.05.01 Экономическая безопасность (спец.),Специалитет,Б1.В,0.5,Зачет с оценкой,54,[8]
160940,Государственный финансовый контроль,9,38.05.01 Экономическая безопасность (спец.),Специалитет,Б1.В,0.5,Экзамен,54,[7]
160940,Комплексный экономический анализ хозяйственной деятельности,9,38.05.01 Экономическая безопасность (спец.),Специалитет,Б1.О.Prof,1.0,Зачет с оценкой,54,[7]
160940,Международные валютно-кредитные отношения,9,38.05.01 Экономическая безопасность (спец.),Специалитет,Б1.О.Prof,1.0,Зачет с оценкой,54,[8]
160940,Информационные системы в бухгалтерском учете,9,38.05.01 Экономическая безопасность (спец.),Специалитет,Б1.В,0.5,Зачет с оценкой,54,[7]
160940,Контроль и ревизия,9,38.05.01 Экономическая безопасность (спец.),Специалитет,Б1.О.Prof,1.0,Экзамен,54,[8]
160940,Лабораторный практикум по бухгалтерскому учету,9,38.05.01 Экономическая безопасность (спец.),Специалитет,Б1.В,0.5,Зачет,43,[8]
160940,Экономическая безопасность,9,38.05.01 Экономическая безопасность (спец.),Специалитет,Б1.О.Prof,1.0,Курсовая работа,54,[8]
160940,"Производственная практика, информационно-аналитическая и контрольно-ревизионная",9,38.05.01 Экономическая безопасность (спец.),Специалитет,Б2,1.0,Зачет с оценкой,54,[8]
160940,Организация и методика проведения налоговых проверок,9,38.05.01 Экономическая безопасность (спец.),Специалитет,Б1.О.Prof,1.0,Зачет с оценкой,54,[7]
160940,Бухгалтерский управленческий учет,9,38.05.01 Экономическая безопасность (спец.),Специалитет,Б1.О.Prof,1.0,Экзамен,54,[7]
160940,Аудит,9,38.05.01 Экономическая безопасность (спец.),Специалитет,Б1.О.Prof,1.0,Экзамен,54,"[7, 8]"
720044,Экономика фирмы,19,Неизвестное (Информатика и алгоритмические языки...),Бакалавриат,Б1.О.Prof,1.0,Зачет с оценкой,18,[2]
720044,Микроэкономика,19,Неизвестное (Информатика и алгоритмические языки...),Бакалавриат,Б1.О.Prof,1.0,Зачет с оценкой,18,[1]
720044,Информатика и алгоритмические языки,19,Неизвестное (Информатика и алгоритмические языки...),Бакалавриат,Б1.О.Prof,1.0,Экзамен,19,"[1, 2]"
720044,Макроэкономика,19,Неизвестное (Информатика и алгоритмические языки...),Бакалавриат,Б1.О.Prof,1.0,Зачет с оценкой,18,[2]
720044,Иностранный язык,19,Неизвестное (Информатика и алгоритмические языки...),Бакалавриат,Б1.О.General,1.0,Зачет с оценкой,18,"[1, 2]"
720044,Прикладная физическая культура (ОФП),19,Неизвестное (Информатика и алгоритмические языки...),Бакалавриат,Б1.О.General,1.0,Зачет,19,"[1, 2]"
720044,"Операционные среды, системы и оболочки. Текстовые и табличные процессоры",19,Неизвестное (Информатика и алгоритмические языки...),Бакалавриат,Б1.О.Prof,1.0,Зачет,19,"[1, 2]"
720044,Математический анализ,19,Неизвестное (Информатика и алгоритмические языки...),Бакалавриат,Б1.О.General,1.0,Зачет с оценкой,18,[1]
720044,Дифференциальные и разностные уравнения,19,Неизвестное (Информатика и алгоритмические языки...),Бакалавриат,Б1.О.Prof,1.0,Зачет с оценкой,18,[2]
720044,Философия,19,Неизвестное (Информатика и алгоритмические языки...),Бакалавриат,Б1.О.General,1.0,Экзамен,18,[2]
720044,Основы электронного бизнеса,19,Неизвестное (Информатика и алгоритмические языки...),Бакалавриат,Б1.О.Prof,1.0,Зачет с оценкой,18,[1]
720044,Рынки ИКТ и организация продаж,19,Неизвестное (Информатика и алгоритмические языки...),Бакалавриат,Б1.О.Prof,1.0,Экзамен,18,[1]
720044,Программирование на языках высокого уровня,19,Неизвестное (Информатика и алгоритмические языки...),Бакалавриат,Б1.О.Prof,1.0,Экзамен,18,[2]
720044,Социология,19,Неизвестное (Информатика и алгоритмические языки...),Бакалавриат,Б1.О.Prof,1.0,Зачет,19,[2]
720044,Физическая культура и спорт,19,Неизвестное (Информатика и алгоритмические языки...),Бакалавриат,Б1.О.General,1.0,Зачет,18,[1]
720044,История,19,Неизвестное (Информатика и алгоритмические языки...),Бакалавриат,Б1.О.General,1.0,Экзамен,18,[1]
462013,Специальный практикум,2,03.03.02 Физика / Радиофизика,Бакалавриат,Б1.В,0.4,Зачет с оценкой,12,"[7, 8]"
462013,Физика конденсированного состояния,2,03.03.02 Физика / Радиофизика,Бакалавриат,Б1.В,0.4,Зачет с оценкой,12,[8]
462013,Матрица плотности,2,03.03.02 Физика / Радиофизика,Бакалавриат,Б1.В,0.4,Зачет с оценкой,12,[8]
462013,Основы химической кинетики,2,03.03.02 Физика / Радиофизика,Бакалавриат,Б1.В,0.4,Экзамен,13,[7]
462013,Химическая физика,2,03.03.02 Физика / Радиофизика,Бакалавриат,Б1.В,0.4,Экзамен,12,[8]
462013,Квантовая теория,2,03.03.02 Физика / Радиофизика,Бакалавриат,Б1.В,0.4,Экзамен,14,[7]
462013,Цифровые устройства и микропроцессоры,2,03.03.02 Физика / Радиофизика,Бакалавриат,Б1.В,0.2,Зачет,4,[7]
462013,Нелинейные волны,2,03.03.02 Физика / Радиофизика,Бакалавриат,Б1.В,0.4,Экзамен,13,[7]
462013,Подготовка и сдача государственного экзамена,2,03.03.02 Физика / Радиофизика,Бакалавриат,Б3,0.2,ГАК,10,[8]
462013,"Производственная практика, преддипломная практика",2,03.03.02 Физика / Радиофизика,Бакалавриат,Б2,0.6,Зачет с оценкой,10,[8]
462013,"Защита выпускной квалификационной работы, включая подготовку к защите и процедуру защиты",2,03.03.02 Физика / Радиофизика,Бакалавриат,Б3,0.4,Защита ВКР,11,[8]
462013,"Учебная практика, практика по получению первичных профессиональных умений и навыков",2,03.03.02 Физика / Радиофизика,Бакалавриат,Б2,0.4,Зачет с оценкой,11,[7]
462013,Моделирование стохастических процессов,2,03.03.02 Физика / Радиофизика,Бакалавриат,Б1.В,0.4,Зачет с оценкой,11,[7]
462013,"Термодинамика, статистическая физика и физическая кинетика",2,03.03.02 Физика / Радиофизика,Бакалавриат,Б1.В,0.4,Зачет с оценкой,14,"[7, 8]"
462013,"Производственная практика, практика по получению профессиональных умений и опыта профессиональной деятельности",2,03.03.02 Физика / Радиофизика,Бакалавриат,Б2,0.4,Зачет с оценкой,12,[8]
462013,"Производственная практика, научно-исследовательская работа",2,03.03.02 Физика / Радиофизика,Бакалавриат,Б2,0.8,Зачет с оценкой,12,[7]
353473,Иностранный язык,10,06.05.01 Биоинженерия (спец.),Специалитет,Б1.О.General,1.0,Зачет,23,"[1, 2]"
353473,"Учебная практика, практика по получению первичных профессиональных умений и навыков, в том числе первичных умений и навыков научно-исследовательско...",10,06.05.01 Биоинженерия (спец.),Специалитет,Б2,1.0,Зачет с оценкой,23,[2]
353473,Прикладная физическая культура (Адаптивная физическая культура),10,06.05.01 Биоинженерия (спец.),Специалитет,Б1.О.General,1.0,Зачет,3,"[1, 2]"
353473,Физика,10,06.05.01 Биоинженерия (спец.),Специалитет,Б1.О.Prof,1.0,Зачет с оценкой,23,[2]
353473,Безопасность жизнедеятельности,10,06.05.01 Биоинженерия (спец.),Специалитет,Б1.О.General,1.0,Зачет,23,[2]
353473,Химия: Общая и неорганическая химия,10,06.05.01 Биоинженерия (спец.),Специалитет,Б1.О.Prof,1.0,Экзамен,23,[1]
353473,Теория вероятностей,10,06.05.01 Биоинженерия (спец.),Специалитет,Б1.О.Prof,1.0,Экзамен,23,[2]
353473,Основы программирования на языке Python,10,06.05.01 Биоинженерия (спец.),Специалитет,Б1.В,0.5,Экзамен,23,[2]
353473,Физическая культура и спорт,10,06.05.01 Биоинженерия (спец.),Специалитет,Б1.О.General,1.0,Зачет,23,[1]
353473,Клеточная биология,10,06.05.01 Биоинженерия (спец.),Специалитет,Б1.В,0.5,Экзамен,24,[1]
353473,Ботаника,10,06.05.01 Биоинженерия (спец.),Специалитет,Б1.О.Prof,1.0,Экзамен,24,[1]
353473,Прикладная физическая культура (Волейбол),10,06.05.01 Биоинженерия (спец.),Специалитет,Б1.О.General,0.5,Зачет,11,"[1, 2]"
353473,Русский язык и культура речи,10,06.05.01 Биоинженерия (спец.),Специалитет,Б1.О.General,1.0,Зачет,24,[1]
353473,История,10,06.05.01 Биоинженерия (спец.),Специалитет,Б1.О.General,1.0,Зачет с оценкой,24,[1]
353473,Информатика,10,06.05.01 Биоинженерия (спец.),Специалитет,Б1.О.General,0.5,Зачет с оценкой,24,[1]
353473,Зоология,10,06.05.01 Биоинженерия (спец.),Специалитет,Б1.О.Prof,1.0,Экзамен,22,[2]
353473,Химия: аналитическая химия,10,06.05.01 Биоинженерия (спец.),Специалитет,Б1.О.Prof,1.0,Экзамен,23,[2]
353473,Гистология,10,06.05.01 Биоинженерия (спец.),Специалитет,Б1.В,0.5,Экзамен,23,[2]
353473,Прикладная физическая культура (ОФП),10,06.05.01 Биоинженерия (спец.),Специалитет,Б1.О.General,1.0,Зачет,13,"[1, 2]"
353473,Математика,10,06.05.01 Биоинженерия (спец.),Специалитет,Б1.О.General,1.0,Зачет с оценкой,23,[1]
611529,Политическая журналистика,4,41.03.04 Политология,Бакалавриат,Б1.О.Prof,1.0,Зачет с оценкой,20,[7]
611529,СМИ в современной системе массовой коммуникации,4,41.03.04 Политология,Бакалавриат,Б1.О.Prof,1.0,Зачет с оценкой,20,[7]
611529,Внешняя политика США и Канады,4,41.03.04 Политология,Бакалавриат,Б1.В,0.333,Экзамен,19,[7]
611529,"Производственная практика, профессиональная",4,41.03.04 Политология,Бакалавриат,Б2,1.0,Зачет с оценкой,19,[8]
611529,Основы глобального и регионального управления,4,41.03.04 Политология,Бакалавриат,Б1.О.Prof,1.0,Зачет с оценкой,19,[7]
611529,"Производственная практика, преддипломная",4,41.03.04 Политология,Бакалавриат,Б2,1.0,Зачет с оценкой,19,[8]
611529,Современная регионалистика,4,41.03.04 Политология,Бакалавриат,Б1.О.Prof,1.0,Зачет с оценкой,20,[7]
611529,Региональные аспекты современных международных отношений,4,41.03.04 Политология,Бакалавриат,Б1.В,0.333,Зачет с оценкой,20,[7]
611529,Региональная и национальная безопасность стран Северной Америки,4,41.03.04 Политология,Бакалавриат,Б1.В,0.333,Экзамен,19,[7]
611529,Международные и региональные организации в современных интеграционных процессах,4,41.03.04 Политология,Бакалавриат,Б1.О.Prof,0.667,Экзамен,20,[7]
611529,Политическая конфликтология,4,41.03.04 Политология,Бакалавриат,Б1.О.Prof,0.667,Зачет с оценкой,20,[7]
240842,Физическая химия веществ и материалов,8,40.03.01 Юриспруденция,Специалитет,Б1.О.Prof,1.0,Зачет с оценкой,18,[4]
240842,Математика и информатика,8,40.03.01 Юриспруденция,Специалитет,Б1.О.Prof,1.0,Экзамен,19,[3]
240842,Политология,8,40.03.01 Юриспруденция,Специалитет,Б1.О.Prof,1.0,Зачет,19,[4]
240842,Иностранный язык,8,40.03.01 Юриспруденция,Специалитет,Б1.О.General,1.0,Зачет,20,"[3, 4]"
240842,Современные методы аналитической химии в профессиональной деятельности,8,40.03.01 Юриспруденция,Специалитет,Б1.О.Prof,1.0,Экзамен,18,[3]
240842,Прикладная физическая культура (Адаптивная физическая культура),8,40.03.01 Юриспруденция,Специалитет,Б1.О.General,1.0,Зачет,2,[4]
240842,Прикладная физическая культура (ОФП),8,40.03.01 Юриспруденция,Специалитет,Б1.О.General,0.5,Зачет,19,[3]
240842,Практикум по обработке результатов измерений,8,40.03.01 Юриспруденция,Специалитет,Б1.О.Prof,1.0,Зачет,19,[4]
240842,Естественнонаучные методы судебно-экспертных исследований,8,40.03.01 Юриспруденция,Специалитет,Б1.О.Prof,1.0,Зачет с оценкой,20,"[3, 4]"
240842,Органическая химия,8,40.03.01 Юриспруденция,Специалитет,Б1.О.Prof,1.0,Зачет с оценкой,19,[3]
240842,Философия,8,40.03.01 Юриспруденция,Специалитет,Б1.О.General,1.0,Экзамен,19,[3]
240842,Электрические и магнитные свойства веществ,8,40.03.01 Юриспруденция,Специалитет,Б1.О.Prof,1.0,Зачет с оценкой,20,[3]
240842,Криминалистика,8,40.03.01 Юриспруденция,Специалитет,Б1.О.Prof,1.0,Зачет,19,[4]
240842,Правоведение,8,40.03.01 Юриспруденция,Специалитет,Б1.О.General,1.0,Зачет,18,[4]
240842,Статистические методы анализа в профессиональной деятельности,8,40.03.01 Юриспруденция,Специалитет,Б1.В,0.5,Экзамен,18,[4]
240842,Экономика,8,40.03.01 Юриспруденция,Специалитет,Б1.О.General,1.0,Зачет с оценкой,18,[4]
240842,Прикладная оптика,8,40.03.01 Юриспруденция,Специалитет,Б1.О.Prof,1.0,Экзамен,20,[3]
240842,Теория государства и права,8,40.03.01 Юриспруденция,Специалитет,Б1.О.Prof,1.0,Зачет,18,[4]
398547,Общая экология,10,06.05.01 Биоинженерия (спец.),Специалитет,Б1.О.Prof,1.0,Зачет с оценкой,14,[3]
398547,Базы данных и основы биоинформатики,10,06.05.01 Биоинженерия (спец.),Специалитет,Б1.О.Prof,1.0,Зачет с оценкой,14,"[3, 4]"
398547,Иностранный язык,10,06.05.01 Биоинженерия (спец.),Специалитет,Б1.О.General,1.0,Экзамен,14,[3]
398547,Прикладная физическая культура (Адаптивная физическая культура),10,06.05.01 Биоинженерия (спец.),Специалитет,Б1.О.General,0.5,Зачет,3,"[3, 4]"
398547,"Учебная практика, практика по получению первичных профессиональных умений и навыков, в том числе первичных умений и навыков научно-исследовательско...",10,06.05.01 Биоинженерия (спец.),Специалитет,Б2,1.0,Зачет с оценкой,14,[4]
398547,Латинский язык,10,06.05.01 Биоинженерия (спец.),Специалитет,Б1.О.Prof,1.0,Зачет,14,[4]
398547,Химия: органическая химия,10,06.05.01 Биоинженерия (спец.),Специалитет,Б1.О.Prof,1.0,Зачет с оценкой,14,[3]
398547,Физическая и коллоидная химия,10,06.05.01 Биоинженерия (спец.),Специалитет,Б1.О.Prof,1.0,Зачет с оценкой,14,[4]
398547,Прикладная физическая культура (ОФП),10,06.05.01 Биоинженерия (спец.),Специалитет,Б1.О.General,1.0,Зачет,12,"[3, 4]"
398547,Биологическая систематика,10,06.05.01 Биоинженерия (спец.),Специалитет,Б1.В,0.5,Зачет с оценкой,14,[4]
398547,Философия,10,06.05.01 Биоинженерия (спец.),Специалитет,Б1.О.General,1.0,Зачет с оценкой,14,[3]
398547,Физика,10,06.05.01 Биоинженерия (спец.),Специалитет,Б1.О.Prof,1.0,Экзамен,14,[3]
398547,Микробиология с основами вирусология,10,06.05.01 Биоинженерия (спец.),Специалитет,Б1.О.Prof,1.0,Зачет с оценкой,14,[4]
398547,Экономика,10,06.05.01 Биоинженерия (спец.),Специалитет,Б1.О.General,1.0,Зачет с оценкой,15,[3]
398547,Математические методы обработки результатов биологических исследований,10,06.05.01 Биоинженерия (спец.),Специалитет,Б1.О.Prof,1.0,Экзамен,14,"[3, 4]"
838867,Страхование,9,38.05.01 Экономическая безопасность (спец.),Специалитет,Б1.О.Prof,1.0,Зачет с оценкой,54,[7]
838867,Комплексный экономический анализ хозяйственной деятельности,9,38.05.01 Экономическая безопасность (спец.),Специалитет,Б1.О.Prof,1.0,Зачет с оценкой,55,"[7, 8]"
838867,Международные валютно-кредитные отношения,9,38.05.01 Экономическая безопасность (спец.),Специалитет,Б1.О.Prof,1.0,Экзамен,54,[8]
838867,Контроль и ревизия,9,38.05.01 Экономическая безопасность (спец.),Специалитет,Б1.О.Prof,1.0,Экзамен,55,[8]
838867,Государственные и муниципальные финансы,9,38.05.01 Экономическая безопасность (спец.),Специалитет,Б1.В,0.5,Зачет с оценкой,53,[7]
838867,Экономическая безопасность,9,38.05.01 Экономическая безопасность (спец.),Специалитет,Б1.О.Prof,1.0,Курсовая работа,55,[8]
838867,Бухгалтерский управленческий учет,9,38.05.01 Экономическая безопасность (спец.),Специалитет,Б1.О.Prof,1.0,Экзамен,54,[7]
838867,Организация и методика проведения налоговых проверок,9,38.05.01 Экономическая безопасность (спец.),Специалитет,Б1.О.Prof,1.0,Зачет с оценкой,55,[8]
838867,Налогообложение организаций,9,38.05.01 Экономическая безопасность (спец.),Специалитет,Б1.В,0.5,Экзамен,54,[7]
838867,"Производственная практика, информационно-аналитическая и контрольно-ревизионная",9,38.05.01 Экономическая безопасность (спец.),Специалитет,Б2,1.0,Зачет с оценкой,55,[8]
838867,Аудит,9,38.05.01 Экономическая безопасность (спец.),Специалитет,Б1.О.Prof,1.0,Зачет с оценкой,55,"[7, 8]"
109784,Алгебра и теория чисел,3,01.03.02 ПМИ / 02.03.01 МКН,Бакалавриат,Б1.О.Prof,0.667,Зачет с оценкой,29,"[1, 2]"
109784,Иностранный язык,3,01.03.02 ПМИ / 02.03.01 МКН,Бакалавриат,Б1.О.General,1.0,Зачет с оценкой,28,"[1, 2]"
109784,Прикладная физическая культура (Адаптивная физическая культура),3,01.03.02 ПМИ / 02.03.01 МКН,Бакалавриат,Б1.О.General,0.833,Зачет,3,"[1, 2]"
109784,Дискретная математика,3,01.03.02 ПМИ / 02.03.01 МКН,Бакалавриат,Б1.О.Prof,1.0,Зачет с оценкой,28,"[1, 2]"
109784,Прикладная физическая культура (ОФП),3,01.03.02 ПМИ / 02.03.01 МКН,Бакалавриат,Б1.О.General,1.0,Зачет,13,"[1, 2]"
109784,Математический анализ,3,01.03.02 ПМИ / 02.03.01 МКН,Бакалавриат,Б1.О.Prof,1.0,Экзамен,28,"[1, 2]"
109784,Прикладная физическая культура (Волейбол),3,01.03.02 ПМИ / 02.03.01 МКН,Бакалавриат,Б1.О.General,0.5,Зачет,13,"[1, 2]"
109784,Русский язык и культура речи,3,01.03.02 ПМИ / 02.03.01 МКН,Бакалавриат,Б1.О.General,1.0,Зачет,28,[1]
109784,Аналитическая геометрия,3,01.03.02 ПМИ / 02.03.01 МКН,Бакалавриат,Б1.В,0.333,Зачет с оценкой,29,"[1, 2]"
109784,Информатика и программирование,3,01.03.02 ПМИ / 02.03.01 МКН,Бакалавриат,Б1.О.Prof,1.0,Зачет с оценкой,28,"[1, 2]"
109784,Физическая культура и спорт,3,01.03.02 ПМИ / 02.03.01 МКН,Бакалавриат,Б1.О.General,1.0,Зачет,28,[1]
109784,"История (история России, всеобщая история)",3,01.03.02 ПМИ / 02.03.01 МКН,Бакалавриат,Б1.О.General,1.0,Зачет с оценкой,24,[2]
967901,Язык и стиль современных медиатекстов и интернета,7,45.03.01 Филология,Бакалавриат,Б1.О.Prof,1.0,Зачет,12,[5]
967901,Проблемы русского исторического языкознания,7,45.03.01 Филология,Бакалавриат,Б1.О.Prof,1.0,Зачет,12,[6]
967901,Курсовая работа по направлению подготовки и спецсеминар научного руководителя,7,45.03.01 Филология,Бакалавриат,Б1.О.Prof,1.0,Зачет,21,"[5, 6]"
967901,Безопасность жизнедеятельности,7,45.03.01 Филология,Бакалавриат,Б1.О.General,0.5,Зачет,21,[5]
967901,Правоведение,7,45.03.01 Филология,Бакалавриат,Б1.О.General,1.0,Зачет,22,[5]
967901,Экономика,7,45.03.01 Филология,Бакалавриат,Б1.О.General,1.0,Зачет с оценкой,21,[5]
967901,Литература Нижневолжского региона,7,45.03.01 Филология,Бакалавриат,Б1.О.Prof,1.0,Зачет,9,[5]
967901,"Производственная практика, научно-исследовательская работа",7,45.03.01 Филология,Бакалавриат,Б2,1.0,Зачет с оценкой,21,[6]
967901,Стилистика русского языка,7,45.03.01 Филология,Бакалавриат,Б1.О.Prof,1.0,Экзамен,21,[6]
967901,Поэтика рассказа,7,45.03.01 Филология,Бакалавриат,Б1.О.Prof,1.0,Зачет,9,[6]
967901,История зарубежной литературы конца XIX - начала ХХ века,7,45.03.01 Филология,Бакалавриат,Б1.О.Prof,1.0,Зачет,21,[6]
967901,Сравнительно-историческая лексикология славянских языков,7,45.03.01 Филология,Бакалавриат,Б1.О.Prof,1.0,Зачет,12,[6]
967901,Гендерный анализ художественного текста,7,45.03.01 Филология,Бакалавриат,Б1.В,0.5,Зачет,9,[5]
967901,История русского литературного языка,7,45.03.01 Филология,Бакалавриат,Б1.О.Prof,1.0,Экзамен,22,[5]
967901,Методика преподавания русской литературы,7,45.03.01 Филология,Бакалавриат,Б1.О.Prof,1.0,Зачет с оценкой,21,[6]
967901,История русской литературы конца XIX - начала XX века,7,45.03.01 Филология,Бакалавриат,Б1.О.Prof,1.0,Экзамен,21,[6]
967901,Педагогика,7,45.03.01 Филология,Бакалавриат,Б1.О.Prof,1.0,Зачет с оценкой,21,[6]
967901,История русской литературы третьей трети XIX века,7,45.03.01 Филология,Бакалавриат,Б1.О.Prof,1.0,Экзамен,21,[5]
967901,Современный русский язык: морфология,7,45.03.01 Филология,Бакалавриат,Б1.О.Prof,1.0,Экзамен,21,[5]
967901,Теория и практика отечественного постмодернизма,7,45.03.01 Филология,Бакалавриат,Б1.О.Prof,1.0,Зачет,9,[6]
967901,Прикладная физическая культура (ОФП),7,45.03.01 Филология,Бакалавриат,Б1.О.General,1.0,Зачет,21,"[5, 6]"
967901,Современный русский язык: синтаксис,7,45.03.01 Филология,Бакалавриат,Б1.О.Prof,1.0,Экзамен,21,[6]
967901,Лексические нормы книжных стилей русского языка,7,45.03.01 Филология,Бакалавриат,Б1.О.Prof,1.0,Зачет,21,[6]
967901,Этнолингвистика,7,45.03.01 Филология,Бакалавриат,Б1.О.Prof,1.0,Зачет,13,[5]
967901,Русская лексикография,7,45.03.01 Филология,Бакалавриат,Б1.О.Prof,1.0,Экзамен,21,[5]
394472,Математическая статистика,9,38.05.01 Экономическая безопасность (спец.),Специалитет,Б1.О.Prof,1.0,Зачет с оценкой,31,[3]
394472,Прикладная физическая культура (Легкая атлетика),9,38.05.01 Экономическая безопасность (спец.),Специалитет,Б1.О.General,0.5,Зачет,39,"[3, 4]"
394472,Статистика,9,38.05.01 Экономическая безопасность (спец.),Специалитет,Б1.О.Prof,1.0,Зачет с оценкой,40,"[3, 4]"
394472,Финансы,9,38.05.01 Экономическая безопасность (спец.),Специалитет,Б1.О.Prof,1.0,Экзамен,39,[4]
394472,Антикоррупционное законодательство,9,38.05.01 Экономическая безопасность (спец.),Специалитет,Б1.О.Prof,1.0,Зачет,38,[4]
394472,Гражданское право,9,38.05.01 Экономическая безопасность (спец.),Специалитет,Б1.О.Prof,1.0,Зачет с оценкой,40,[3]
394472,Уголовное право и процесс,9,38.05.01 Экономическая безопасность (спец.),Специалитет,Б1.О.Prof,1.0,Зачет,39,[4]
394472,Мировая экономика и международные экономические отношения,9,38.05.01 Экономическая безопасность (спец.),Специалитет,Б1.О.Prof,1.0,Экзамен,41,[3]
394472,Экономика организации (предприятия),9,38.05.01 Экономическая безопасность (спец.),Специалитет,Б1.О.Prof,1.0,Экзамен,40,[3]
394472,Экономическая терминология на иностранном языке,9,38.05.01 Экономическая безопасность (спец.),Специалитет,Б1.О.Prof,1.0,Экзамен,41,[3]
394472,Национальная экономика,9,38.05.01 Экономическая безопасность (спец.),Специалитет,Б1.О.Prof,1.0,Экзамен,39,[3]
394472,Менеджмент,9,38.05.01 Экономическая безопасность (спец.),Специалитет,Б1.О.Prof,1.0,Зачет с оценкой,38,[4]
394472,"Учебная практика, практика по получению первичных профессиональных умений, в том числе первичных умений и навыков научно-исследовательской деятельност",9,38.05.01 Экономическая безопасность (спец.),Специалитет,Б2,0.5,Зачет с оценкой,38,[4]
394472,Административное право,9,38.05.01 Экономическая безопасность (спец.),Специалитет,Б1.О.Prof,1.0,Зачет с оценкой,38,[4]
394472,Бухгалтерский учет,9,38.05.01 Экономическая безопасность (спец.),Специалитет,Б1.О.Prof,1.0,Зачет с оценкой,39,[4]
371947,Специальный практикум,13,28.03.01 Нанотехнологии,Бакалавриат,Б1.О.Prof,1.0,Зачет с оценкой,21,[7]
371947,Безопасность жизнедеятельности,13,28.03.01 Нанотехнологии,Бакалавриат,Б1.О.General,1.0,Зачет,24,[8]
371947,Нелинейная оптика и спектроскопия,13,28.03.01 Нанотехнологии,Бакалавриат,Б1.О.Prof,1.0,Зачет,24,[8]
371947,Взаимодействие электромагнитного излучения с веществом,13,28.03.01 Нанотехнологии,Бакалавриат,Б1.О.Prof,1.0,Зачет,21,[7]
371947,"Материаловедение наноматериалов и наносистем:Двумерные наноструктуры, полимеры, биоматериалы",13,28.03.01 Нанотехнологии,Бакалавриат,Б1.В,0.5,Экзамен,23,[8]
371947,"Производственная практика, преддипломная практика",13,28.03.01 Нанотехнологии,Бакалавриат,Б2,0.5,Зачет с оценкой,23,[8]
371947,Нанометрология,13,28.03.01 Нанотехнологии,Бакалавриат,Б1.О.Prof,1.0,Зачет,21,[7]
371947,Выполнение и защита выпускной квалификационной работы,13,28.03.01 Нанотехнологии,Бакалавриат,Б3,0.5,Защита ВКР,23,[8]
371947,Инженерная и компьютерная графика,13,28.03.01 Нанотехнологии,Бакалавриат,Б1.О.Prof,1.0,Зачет,21,[7]
371947,Электродинамика,13,28.03.01 Нанотехнологии,Бакалавриат,Б1.О.Prof,1.0,Зачет,24,[8]
371947,Материаловедение наноматериалов и наносистем: Тубулярные наноструктуры и атомные кластеры,13,28.03.01 Нанотехнологии,Бакалавриат,Б1.О.Prof,1.0,Экзамен,21,[7]
371947,Физика конденсированного состояния веществ,13,28.03.01 Нанотехнологии,Бакалавриат,Б1.О.Prof,1.0,Экзамен,20,[7]
371947,Физико-химические основы нанотехнологий,13,28.03.01 Нанотехнологии,Бакалавриат,Б1.О.Prof,1.0,Экзамен,20,[7]
371947,Технологические системы в нанотехнологии,13,28.03.01 Нанотехнологии,Бакалавриат,Б1.О.Prof,1.0,Зачет,24,[8]
371947,Основы надежности технических систем,13,28.03.01 Нанотехнологии,Бакалавриат,Б1.О.Prof,1.0,Зачет,21,[7]
371947,Спектроскопические методы исследования материалов,13,28.03.01 Нанотехнологии,Бакалавриат,Б1.О.Prof,1.0,Экзамен,21,[7]
371947,Подготовка к сдаче и сдача государственного экзамена,13,28.03.01 Нанотехнологии,Бакалавриат,Б3,0.5,ГАК,23,[8]
371947,Компьютерные сети,13,28.03.01 Нанотехнологии,Бакалавриат,Б1.О.Prof,1.0,Экзамен,23,[8]
371947,Системы управления технологическими процессами,13,28.03.01 Нанотехнологии,Бакалавриат,Б1.О.Prof,1.0,Зачет,21,[7]
371947,Кристаллография,13,28.03.01 Нанотехнологии,Бакалавриат,Б1.О.Prof,1.0,Зачет,24,[8]
990443,Государственный экзамен,18,05.03.03 Картография и геоинформатика,Бакалавриат,Б3,0.5,ГАК,17,[8]
990443,Основы рисунка и композиции,18,05.03.03 Картография и геоинформатика,Бакалавриат,Б1.О.Prof,1.0,Зачет,17,[7]
990443,Компьютерная графика в оформлении карт,18,05.03.03 Картография и геоинформатика,Бакалавриат,Б1.О.Prof,1.0,Зачет с оценкой,17,[7]
990443,Методика организации и проведения картографических работ,18,05.03.03 Картография и геоинформатика,Бакалавриат,Б1.В,0.5,Зачет с оценкой,17,[8]
990443,Оформление туристских карт,18,05.03.03 Картография и геоинформатика,Бакалавриат,Б1.О.Prof,1.0,Экзамен,17,[8]
990443,Математико-картографическое моделирование,18,05.03.03 Картография и геоинформатика,Бакалавриат,Б1.О.Prof,1.0,Зачет с оценкой,17,[7]
990443,Цифровая картография,18,05.03.03 Картография и геоинформатика,Бакалавриат,Б1.О.Prof,1.0,Экзамен,17,[8]
990443,"Производственная практика, преддипломная практика",18,05.03.03 Картография и геоинформатика,Бакалавриат,Б2,1.0,Зачет с оценкой,17,[8]
990443,Создание землеустроительных планов,18,05.03.03 Картография и геоинформатика,Бакалавриат,Б1.О.Prof,1.0,Зачет,17,[7]
990443,Кадастровая деятельность,18,05.03.03 Картография и геоинформатика,Бакалавриат,Б1.О.Prof,1.0,Экзамен,17,[7]
990443,Тематические географические карты,18,05.03.03 Картография и геоинформатика,Бакалавриат,Б1.О.Prof,1.0,Экзамен,17,"[7, 8]"
990443,Дешифрирование аэрокосмических снимков,18,05.03.03 Картография и геоинформатика,Бакалавриат,Б1.О.Prof,1.0,Зачет с оценкой,17,[7]
990443,"Производственная практика, практика по получению профессиональных умений и опыта профессиональной деятельности",18,05.03.03 Картография и геоинформатика,Бакалавриат,Б2,1.0,Зачет с оценкой,17,[7]
990443,Выпускная квалификационная работа (бакалаврская работа),18,05.03.03 Картография и геоинформатика,Бакалавриат,Б3,0.5,Защита ВКР,17,[8]
990443,"Производственная практика, научно-исследовательская работа",18,05.03.03 Картография и геоинформатика,Бакалавриат,Б2,1.0,Зачет с оценкой,17,[8]
406771,Государственный экзамен,46,Неизвестное (Государственный экзамен...),Бакалавриат,Б3,1.0,ГАК,16,[8]
406771,Групповые формы практической психологической работы,46,Неизвестное (Государственный экзамен...),Бакалавриат,Б1.О.Prof,1.0,Экзамен,16,[8]
406771,Гендерная психология,46,Неизвестное (Государственный экзамен...),Бакалавриат,Б1.О.Prof,1.0,Экзамен,16,[7]
406771,Основы психотерапии,46,Неизвестное (Государственный экзамен...),Бакалавриат,Б1.О.Prof,1.0,Зачет с оценкой,16,[7]
406771,Методологические основы психологии,46,Неизвестное (Государственный экзамен...),Бакалавриат,Б1.О.Prof,1.0,Экзамен,16,[7]
406771,Практикум психологического исследования,46,Неизвестное (Государственный экзамен...),Бакалавриат,Б1.О.Prof,1.0,Экзамен,16,[7]
406771,Педагогическая психология и методика преподавания психологии,46,Неизвестное (Государственный экзамен...),Бакалавриат,Б1.О.Prof,1.0,Зачет с оценкой,16,[7]
406771,Основы консультативной психологии,46,Неизвестное (Государственный экзамен...),Бакалавриат,Б1.О.Prof,1.0,Экзамен,16,[7]
406771,Выпускная квалификационная работа (бакалаврская работа),46,Неизвестное (Государственный экзамен...),Бакалавриат,Б3,1.0,Защита ВКР,16,[8]
552193,Математическая статистика,6,38.03.01 Экономика,Бакалавриат,Б1.О.Prof,1.0,Зачет с оценкой,5,[3]
552193,Управление личными финансами,6,38.03.01 Экономика,Бакалавриат,Б1.В,0.5,Зачет,18,[3]
552193,Статистика,6,38.03.01 Экономика,Бакалавриат,Б1.О.Prof,1.0,Зачет с оценкой,38,"[3, 4]"
552193,"Учебная практика, практика по получению первичных профессиональных умений и навыков, в том числе первичных умений и навыков научно-исследовательско...",6,38.03.01 Экономика,Бакалавриат,Б2,1.0,Зачет с оценкой,23,[4]
552193,Прикладная физическая культура (ОФП),6,38.03.01 Экономика,Бакалавриат,Б1.О.General,0.5,Зачет,19,[3]
552193,Финансы,6,38.03.01 Экономика,Бакалавриат,Б1.О.Prof,1.0,Экзамен,23,[4]
552193,Организация предпринимательской деятельности в национальной экономике,6,38.03.01 Экономика,Бакалавриат,Б1.О.Prof,1.0,Курсовая работа,23,[4]
552193,Экономика организации (предприятия),6,38.03.01 Экономика,Бакалавриат,Б1.О.Prof,1.0,Экзамен,19,[3]
552193,Мировая экономика и международные экономические отношения,6,38.03.01 Экономика,Бакалавриат,Б1.О.Prof,1.0,Экзамен,19,[3]
552193,Экономическая терминология на иностранном языке,6,38.03.01 Экономика,Бакалавриат,Б1.О.Prof,1.0,Зачет с оценкой,38,"[3, 4]"
552193,Национальная экономика,6,38.03.01 Экономика,Бакалавриат,Б1.О.Prof,1.0,Экзамен,19,[3]
552193,Правоведение,6,38.03.01 Экономика,Бакалавриат,Б1.О.General,1.0,Зачет,19,[3]
552193,Менеджмент,6,38.03.01 Экономика,Бакалавриат,Б1.О.Prof,1.0,Зачет с оценкой,23,[4]
552193,Бухгалтерский учет,6,38.03.01 Экономика,Бакалавриат,Б1.О.Prof,1.0,Зачет с оценкой,23,[4]
986371,Технологическое предпринимательство и основы проектной деятельности,11,45.03.02 Лингвистика (прикладная),Бакалавриат,Б1.О.General,1.0,Зачет,11,[5]
986371,Практикум по аннотированию и реферированию специальных текстов (второй иностранный язык),11,45.03.02 Лингвистика (прикладная),Бакалавриат,Б1.В,0.5,Зачет,11,[6]
986371,Общая теория дискурса,11,45.03.02 Лингвистика (прикладная),Бакалавриат,Б1.О.Prof,1.0,Зачет с оценкой,11,[6]
986371,Прикладная физическая культура (ОФП),11,45.03.02 Лингвистика (прикладная),Бакалавриат,Б1.О.General,1.0,Зачет,11,"[5, 6]"
986371,Практикум устной и письменной речи английского языка,11,45.03.02 Лингвистика (прикладная),Бакалавриат,Б1.В,0.5,Экзамен,11,"[5, 6]"
986371,Лингвистическая экспертиза,11,45.03.02 Лингвистика (прикладная),Бакалавриат,Б1.В,0.5,Зачет,11,[6]
986371,Теория перевода,11,45.03.02 Лингвистика (прикладная),Бакалавриат,Б1.О.Prof,1.0,Экзамен,11,[5]
986371,Практический курс письменного перевода (английский язык),11,45.03.02 Лингвистика (прикладная),Бакалавриат,Б1.В,0.5,Экзамен,11,[6]
986371,"Производственная практика, проектная",11,45.03.02 Лингвистика (прикладная),Бакалавриат,Б2,1.0,Зачет с оценкой,11,[6]
986371,Второй иностранный язык,11,45.03.02 Лингвистика (прикладная),Бакалавриат,Б1.О.Prof,1.0,Зачет с оценкой,11,"[5, 6]"
986371,Общая семантика и лексикология,11,45.03.02 Лингвистика (прикладная),Бакалавриат,Б1.О.Prof,1.0,Зачет с оценкой,11,[5]
986371,Автоматизированные методы обработки текстовой информации,11,45.03.02 Лингвистика (прикладная),Бакалавриат,Б1.О.Prof,1.0,Зачет с оценкой,11,"[5, 6]"
986371,Основы прикладной лингвистики,11,45.03.02 Лингвистика (прикладная),Бакалавриат,Б1.О.Prof,1.0,Зачет,11,"[5, 6]"
986371,Безопасность жизнедеятельности,11,45.03.02 Лингвистика (прикладная),Бакалавриат,Б1.О.General,1.0,Зачет,11,[5]
986371,Практикум по аннотированию и реферированию специальных текстов (английский язык),11,45.03.02 Лингвистика (прикладная),Бакалавриат,Б1.В,0.5,Экзамен,11,"[5, 6]"
107783,Технологическое предпринимательство и основы проектной деятельности,1,09.03.02 ИСиТ,Бакалавриат,Б1.О.General,0.167,Зачет,28,[2]
107783,Информатика,1,09.03.02 ИСиТ,Бакалавриат,Б1.О.Prof,1.0,Экзамен,28,[1]
107783,Иностранный язык,1,09.03.02 ИСиТ,Бакалавриат,Б1.О.General,1.0,Зачет,29,"[1, 2]"
107783,Прикладная физическая культура (ОФП),1,09.03.02 ИСиТ,Бакалавриат,Б1.О.General,1.0,Зачет,29,"[1, 2]"
107783,Технологии сети Интернет,1,09.03.02 ИСиТ,Бакалавриат,Б1.О.Prof,1.0,Зачет с оценкой,28,[2]
107783,Математический анализ,1,09.03.02 ИСиТ,Бакалавриат,Б1.О.Prof,1.0,Зачет с оценкой,29,"[1, 2]"
107783,Физика,1,09.03.02 ИСиТ,Бакалавриат,Б1.О.General,0.667,Экзамен,28,[2]
107783,Русский язык и культура речи,1,09.03.02 ИСиТ,Бакалавриат,Б1.О.General,1.0,Зачет,29,[1]
107783,Безопасность жизнедеятельности,1,09.03.02 ИСиТ,Бакалавриат,Б1.О.General,1.0,Зачет,29,[1]
107783,Языки высокого уровня,1,09.03.02 ИСиТ,Бакалавриат,Б1.О.Prof,1.0,Зачет с оценкой,28,"[1, 2]"
107783,Физическая культура и спорт,1,09.03.02 ИСиТ,Бакалавриат,Б1.О.General,1.0,Зачет,29,[1]
107783,Алгебра и геометрия,1,09.03.02 ИСиТ,Бакалавриат,Б1.О.Prof,1.0,Экзамен,29,[1]
107783,Правоведение,1,09.03.02 ИСиТ,Бакалавриат,Б1.О.General,1.0,Зачет,28,[2]
107783,Основы математического моделирования,1,09.03.02 ИСиТ,Бакалавриат,Б1.О.Prof,1.0,Зачет с оценкой,29,"[1, 2]"
107783,Экономика,1,09.03.02 ИСиТ,Бакалавриат,Б1.О.General,0.667,Зачет,29,[2]
107783,"История (история России, всеобщая история)",1,09.03.02 ИСиТ,Бакалавриат,Б1.О.General,1.0,Зачет с оценкой,29,[2]
371975,Конституционное (уставное) право субъектов РФ,12,40.03.01 Юриспруденция,Бакалавриат,Б1.О.Prof,1.0,Зачет с оценкой,2,[7]
371975,Экологическое право,12,40.03.01 Юриспруденция,Бакалавриат,Б1.О.Prof,1.0,Экзамен,132,[7]
371975,Информационное право,12,40.03.01 Юриспруденция,Бакалавриат,Б1.О.Prof,1.0,Зачет с оценкой,28,[8]
371975,Представительство в гражданском процессе,12,40.03.01 Юриспруденция,Бакалавриат,Б1.О.Prof,1.0,Зачет с оценкой,6,[8]
371975,Нотариат в Российской Федерации,12,40.03.01 Юриспруденция,Бакалавриат,Б1.О.Prof,1.0,Зачет с оценкой,53,[7]
371975,"Производственная практика, преддипломная",12,40.03.01 Юриспруденция,Бакалавриат,Б2,1.0,Зачет с оценкой,129,[8]
371975,Обязательства из причинения вреда,12,40.03.01 Юриспруденция,Бакалавриат,Б1.О.Prof,1.0,Зачет с оценкой,37,[7]
371975,"Производственная практика, практика по получению профессиональных умений и опыта профессиональной деятельности",12,40.03.01 Юриспруденция,Бакалавриат,Б2,1.0,Зачет с оценкой,129,[8]
371975,Банковское право,12,40.03.01 Юриспруденция,Бакалавриат,Б1.О.Prof,1.0,Зачет с оценкой,51,[8]
371975,Арбитражный процесс,12,40.03.01 Юриспруденция,Бакалавриат,Б1.О.Prof,1.0,Зачет с оценкой,131,[8]
371975,Криминальная виктимология,12,40.03.01 Юриспруденция,Бакалавриат,Б1.О.Prof,1.0,Зачет с оценкой,10,[8]
371975,Жилищное право,12,40.03.01 Юриспруденция,Бакалавриат,Б1.О.Prof,1.0,Зачет,129,[7]
371975,Процессуальные особенности рассмотрения отдельных категорий гражданских дел,12,40.03.01 Юриспруденция,Бакалавриат,Б1.О.Prof,1.0,Зачет,129,[8]
371975,Земельное право,12,40.03.01 Юриспруденция,Бакалавриат,Б1.О.Prof,1.0,Зачет с оценкой,124,[7]
371975,Юридическая психология,12,40.03.01 Юриспруденция,Бакалавриат,Б1.О.Prof,1.0,Зачет с оценкой,128,[7]
371975,Государственный экзамен,12,40.03.01 Юриспруденция,Бакалавриат,Б3,0.5,ГАК,128,[8]
371975,Судебная медицина,12,40.03.01 Юриспруденция,Бакалавриат,Б1.О.Prof,1.0,Зачет с оценкой,31,[7]
371975,Прокурорский надзор,12,40.03.01 Юриспруденция,Бакалавриат,Б1.О.Prof,1.0,Зачет с оценкой,131,[8]
371975,Обвинение и защита в уголовном судопроизводстве,12,40.03.01 Юриспруденция,Бакалавриат,Б1.О.Prof,1.0,Зачет с оценкой,3,[8]
371975,Выпускная квалификационная работа (бакалаврская работа),12,40.03.01 Юриспруденция,Бакалавриат,Б3,0.5,Защита ВКР,128,[8]
371975,Уголовный процесс,12,40.03.01 Юриспруденция,Бакалавриат,Б1.О.Prof,1.0,Экзамен,132,[7]
371975,Право интеллектуальной собственности,12,40.03.01 Юриспруденция,Бакалавриат,Б1.О.Prof,1.0,Зачет,130,[8]
371975,Международное частное право,12,40.03.01 Юриспруденция,Бакалавриат,Б1.О.Prof,1.0,Экзамен,133,[7]
371975,Криминология,12,40.03.01 Юриспруденция,Бакалавриат,Б1.О.Prof,1.0,Зачет,121,[7]
371975,Общая теория права,12,40.03.01 Юриспруденция,Бакалавриат,Б1.В,0.5,Зачет с оценкой,31,[8]
371975,Исполнительное производство,12,40.03.01 Юриспруденция,Бакалавриат,Б1.О.Prof,1.0,Зачет,131,[7]
371975,Международное гуманитарное право,12,40.03.01 Юриспруденция,Бакалавриат,Б1.О.Prof,1.0,Зачет с оценкой,7,[7]
926994,"Учебная  практика, практика по получению первичных профессиональных умений и навыков, в том числе первичных умений и навыков научно-исследовательск...",20,Неизвестное (Техногенные системы и экологический риск...),Бакалавриат,Б1.В,0.5,Зачет с оценкой,18,[4]
926994,Экология сообществ и популяций,20,Неизвестное (Техногенные системы и экологический риск...),Бакалавриат,Б1.О.Prof,1.0,Экзамен,20,[3]
926994,Организационная коммуникация,20,Неизвестное (Техногенные системы и экологический риск...),Бакалавриат,Б1.В,0.5,Зачет,1,[3]
926994,Физика,20,Неизвестное (Техногенные системы и экологический риск...),Бакалавриат,Б1.О.General,1.0,Зачет с оценкой,19,[4]
926994,Социология,20,Неизвестное (Техногенные системы и экологический риск...),Бакалавриат,Б1.О.Prof,1.0,Зачет,2,[3]
926994,Правоведение,20,Неизвестное (Техногенные системы и экологический риск...),Бакалавриат,Б1.О.General,1.0,Зачет,19,[3]
926994,Безопасность жизнедеятельности,20,Неизвестное (Техногенные системы и экологический риск...),Бакалавриат,Б1.О.General,1.0,Зачет,19,[3]
926994,Экономика,20,Неизвестное (Техногенные системы и экологический риск...),Бакалавриат,Б1.О.General,1.0,Зачет с оценкой,20,[3]
926994,"Учебная практика, научно-исследовательская работа",20,Неизвестное (Техногенные системы и экологический риск...),Бакалавриат,Б2,1.0,Зачет с оценкой,19,"[3, 4]"
926994,Аналитическая химия,20,Неизвестное (Техногенные системы и экологический риск...),Бакалавриат,Б1.О.Prof,1.0,Зачет,20,[3]
926994,Теория и практика аргументации,20,Неизвестное (Техногенные системы и экологический риск...),Бакалавриат,Б1.О.Prof,1.0,Зачет,3,[3]
926994,Картография,20,Неизвестное (Техногенные системы и экологический риск...),Бакалавриат,Б1.О.Prof,1.0,Зачет с оценкой,19,[4]
926994,Биоразнообразие,20,Неизвестное (Техногенные системы и экологический риск...),Бакалавриат,Б1.О.Prof,1.0,Зачет с оценкой,19,[4]
926994,Основы природопользования,20,Неизвестное (Техногенные системы и экологический риск...),Бакалавриат,Б1.О.Prof,1.0,Зачет с оценкой,20,[3]
926994,Учение о гидросфере,20,Неизвестное (Техногенные системы и экологический риск...),Бакалавриат,Б1.О.Prof,1.0,Зачет,20,[3]
926994,Методы полевых экологических исследований и обработки информации,20,Неизвестное (Техногенные системы и экологический риск...),Бакалавриат,Б1.О.Prof,1.0,Зачет,20,[3]
926994,Конфликтология,20,Неизвестное (Техногенные системы и экологический риск...),Бакалавриат,Б1.О.General,0.5,Зачет,12,[3]
926994,Учение о биосфере,20,Неизвестное (Техногенные системы и экологический риск...),Бакалавриат,Б1.О.Prof,1.0,Экзамен,18,[4]
926994,Ландшафтоведение,20,Неизвестное (Техногенные системы и экологический риск...),Бакалавриат,Б1.О.Prof,1.0,Зачет,20,[3]
926994,Экология России,20,Неизвестное (Техногенные системы и экологический риск...),Бакалавриат,Б1.О.Prof,1.0,Зачет с оценкой,19,[4]
926994,Социальное предпринимательство и основы проектной деятельности,20,Неизвестное (Техногенные системы и экологический риск...),Бакалавриат,Б1.О.General,1.0,Зачет,18,[4]
926994,Прикладная физическая культура (ОФП),20,Неизвестное (Техногенные системы и экологический риск...),Бакалавриат,Б1.О.General,1.0,Зачет,19,"[3, 4]"
926994,Геохимия окружающей среды,20,Неизвестное (Техногенные системы и экологический риск...),Бакалавриат,Б1.О.Prof,1.0,Экзамен,19,[4]
926994,Пробоотбор в экологическом анализе,20,Неизвестное (Техногенные системы и экологический риск...),Бакалавриат,Б1.О.Prof,1.0,Зачет,20,[3]
357653,Иностранный язык,32,38.03.02 Менеджмент,Бакалавриат,Б1.О.General,1.0,Зачет с оценкой,12,"[1, 2]"
357653,Прикладная физическая культура (Адаптивная физическая культура),32,38.03.02 Менеджмент,Бакалавриат,Б1.О.General,0.5,Зачет,3,[1]
357653,Физика,32,38.03.02 Менеджмент,Бакалавриат,Б1.О.General,1.0,Экзамен,12,[1]
357653,Теоретическая инноватика,32,38.03.02 Менеджмент,Бакалавриат,Б1.О.Prof,1.0,Экзамен,11,[2]
357653,Безопасность жизнедеятельности,32,38.03.02 Менеджмент,Бакалавриат,Б1.О.General,1.0,Зачет,12,[2]
357653,Правоведение,32,38.03.02 Менеджмент,Бакалавриат,Б1.О.General,1.0,Зачет,12,[2]
357653,Концепции современного естествознания,32,38.03.02 Менеджмент,Бакалавриат,Б1.О.Prof,1.0,Зачет с оценкой,12,[1]
357653,Физическая культура и спорт,32,38.03.02 Менеджмент,Бакалавриат,Б1.О.General,1.0,Зачет,12,[1]
357653,Экология,32,38.03.02 Менеджмент,Бакалавриат,Б1.О.Prof,1.0,Зачет,11,[2]
357653,Русский язык и культура речи,32,38.03.02 Менеджмент,Бакалавриат,Б1.О.General,1.0,Зачет,12,[2]
357653,Прикладная физическая культура (Волейбол),32,38.03.02 Менеджмент,Бакалавриат,Б1.О.General,0.5,Зачет,4,"[1, 2]"
357653,Философия,32,38.03.02 Менеджмент,Бакалавриат,Б1.О.General,1.0,Зачет с оценкой,12,[2]
357653,История,32,38.03.02 Менеджмент,Бакалавриат,Б1.О.General,1.0,Зачет с оценкой,12,[1]
357653,Компьютерные технологии и базы данных,32,38.03.02 Менеджмент,Бакалавриат,Б1.О.Prof,1.0,Зачет с оценкой,11,[2]
357653,Информатика,32,38.03.02 Менеджмент,Бакалавриат,Б1.О.General,1.0,Зачет с оценкой,12,[1]
357653,Введение в инноватику,32,38.03.02 Менеджмент,Бакалавриат,Б1.О.Prof,1.0,Экзамен,12,[1]
357653,Прикладная физическая культура (ОФП),32,38.03.02 Менеджмент,Бакалавриат,Б1.О.General,1.0,Зачет,5,[1]
357653,Экономическая теория,32,38.03.02 Менеджмент,Бакалавриат,Б1.О.Prof,1.0,Зачет с оценкой,12,"[1, 2]"
357653,Математика,32,38.03.02 Менеджмент,Бакалавриат,Б1.О.General,1.0,Зачет с оценкой,12,"[1, 2]"
537884,Теория принятия решений в области информационной безопасности,5,10.05.01 Компьютерная безопасность (спец.),Специалитет,Б1.О.Prof,1.0,Экзамен,22,[10]
537884,Управление информационной безопасностью,5,10.05.01 Компьютерная безопасность (спец.),Специалитет,Б1.В,0.5,Экзамен,22,[9]
537884,Подготовка к сдаче и сдача государственного экзамена,5,10.05.01 Компьютерная безопасность (спец.),Специалитет,Б3,0.5,ГАК,22,[10]
537884,Инженерная графика,5,10.05.01 Компьютерная безопасность (спец.),Специалитет,Б1.О.Prof,1.0,Экзамен,22,[9]
537884,Расследование компьютерных инцидентов,5,10.05.01 Компьютерная безопасность (спец.),Специалитет,Б1.О.Prof,1.0,Зачет,22,[9]
537884,Техническая защита информации,5,10.05.01 Компьютерная безопасность (спец.),Специалитет,Б1.О.Prof,1.0,Экзамен,22,[9]
537884,Системы аудио-видео контроля,5,10.05.01 Компьютерная безопасность (спец.),Специалитет,Б1.О.Prof,1.0,Зачет с оценкой,22,[10]
537884,Нормативная и методическая документация по аттестации объектов информатизации,5,10.05.01 Компьютерная безопасность (спец.),Специалитет,Б1.В,0.5,Экзамен,22,[9]
537884,"Защита выпускной квалификационной работы, включая подготовку к защите и процедуру защиты",5,10.05.01 Компьютерная безопасность (спец.),Специалитет,Б3,0.5,Защита ВКР,21,[10]
537884,"Производственная практика, преддипломная",5,10.05.01 Компьютерная безопасность (спец.),Специалитет,Б2,0.5,Зачет с оценкой,22,[10]
537884,"Производственная практика, конструкторская",5,10.05.01 Компьютерная безопасность (спец.),Специалитет,Б2,0.5,Зачет с оценкой,22,[9]
537884,Безопасность виртуальной среды,5,10.05.01 Компьютерная безопасность (спец.),Специалитет,Б1.О.Prof,1.0,Зачет с оценкой,22,[10]
537884,"Теоретические основы систем обнаружения, предупреждения компьютерных атак",5,10.05.01 Компьютерная безопасность (спец.),Специалитет,Б1.О.Prof,1.0,Зачет с оценкой,22,[9]
537884,Теория массового обслуживания,5,10.05.01 Компьютерная безопасность (спец.),Специалитет,Б1.О.Prof,1.0,Зачет с оценкой,22,[9]
834846,Прикладная физическая культура (Адаптивная физическая культура),13,28.03.01 Нанотехнологии,Бакалавриат,Б1.О.General,1.0,Зачет,1,[4]
834846,"Учебная практика, научно-исследовательская работа (получение первичных навыков научно-исследовательской работы)",13,28.03.01 Нанотехнологии,Бакалавриат,Б2,0.5,Зачет с оценкой,19,[4]
834846,Электрические и магнитные свойства веществ,13,28.03.01 Нанотехнологии,Бакалавриат,Б1.О.Prof,1.0,Экзамен,18,[3]
834846,Правоведение,13,28.03.01 Нанотехнологии,Бакалавриат,Б1.О.General,1.0,Зачет,20,[4]
834846,Экономика,13,28.03.01 Нанотехнологии,Бакалавриат,Б1.О.General,1.0,Зачет,19,[3]
834846,Прикладная оптика,13,28.03.01 Нанотехнологии,Бакалавриат,Б1.О.Prof,1.0,Экзамен,18,[3]
834846,Коллоидная химия,13,28.03.01 Нанотехнологии,Бакалавриат,Б1.О.Prof,1.0,Экзамен,20,[4]
834846,Практикум по обработке результатов измерений,13,28.03.01 Нанотехнологии,Бакалавриат,Б1.О.Prof,1.0,Зачет,18,[4]
834846,Методы моделирования в наноинженерии,13,28.03.01 Нанотехнологии,Бакалавриат,Б1.В,0.5,Экзамен,18,[3]
834846,Научно-технический перевод,13,28.03.01 Нанотехнологии,Бакалавриат,Б1.В,0.5,Зачет,19,[4]
834846,Современные методы аналитической химии в профессиональной деятельности,13,28.03.01 Нанотехнологии,Бакалавриат,Б1.О.Prof,1.0,Экзамен,18,[3]
834846,Лабораторный практикум,13,28.03.01 Нанотехнологии,Бакалавриат,Б1.В,0.5,Зачет,19,[4]
834846,Философия,13,28.03.01 Нанотехнологии,Бакалавриат,Б1.О.General,1.0,Зачет с оценкой,20,[3]
834846,Современные статистические методы обработки результатов,13,28.03.01 Нанотехнологии,Бакалавриат,Б1.В,0.5,Экзамен,19,[4]
834846,Электрохимия,13,28.03.01 Нанотехнологии,Бакалавриат,Б1.О.Prof,1.0,Зачет,20,[4]
834846,Безопасность нанотехнологий,13,28.03.01 Нанотехнологии,Бакалавриат,Б1.О.Prof,1.0,Зачет,18,[4]
834846,Органическая химия,13,28.03.01 Нанотехнологии,Бакалавриат,Б1.О.Prof,1.0,Зачет с оценкой,21,[3]
834846,Физическая химия веществ и материалов,13,28.03.01 Нанотехнологии,Бакалавриат,Б1.О.Prof,1.0,Экзамен,20,[4]
834846,Информатика,13,28.03.01 Нанотехнологии,Бакалавриат,Б1.О.General,1.0,Экзамен,18,[3]
834846,Прикладная физическая культура (Легкая атлетика),13,28.03.01 Нанотехнологии,Бакалавриат,Б1.О.General,0.5,Зачет,19,"[3, 4]"
834846,Электротехника и электроника,13,28.03.01 Нанотехнологии,Бакалавриат,Б1.В,0.5,Зачет с оценкой,20,[3]
689444,История России,14,46.03.01 История,Бакалавриат,Б1.О.Prof,1.0,Экзамен,17,"[3, 4]"
689444,Информатика,14,46.03.01 История,Бакалавриат,Б1.О.General,1.0,Зачет с оценкой,16,[3]
689444,Музееведение,14,46.03.01 История,Бакалавриат,Б1.О.Prof,1.0,Зачет,15,[4]
689444,История мировой культуры,14,46.03.01 История,Бакалавриат,Б1.О.Prof,1.0,Зачет с оценкой,15,[4]
689444,История юга России в древности и средневековье,14,46.03.01 История,Бакалавриат,Б1.О.Prof,1.0,Курсовой проект,16,[3]
689444,Социальное предпринимательство и основы проектной деятельности,14,46.03.01 История,Бакалавриат,Б1.О.General,1.0,Зачет,16,[3]
689444,Иностранный язык,14,46.03.01 История,Бакалавриат,Б1.О.General,1.0,Зачет с оценкой,16,[3]
689444,"Учебная практика, практика по получению первичных профессиональных умений и навыков  (музейная)",14,46.03.01 История,Бакалавриат,Б2,1.0,Зачет с оценкой,15,[4]
689444,Прикладная физическая культура (ОФП),14,46.03.01 История,Бакалавриат,Б1.О.General,1.0,Зачет,17,"[3, 4]"
689444,Квантитативная история,14,46.03.01 История,Бакалавриат,Б1.О.Prof,1.0,Зачет с оценкой,17,[3]
689444,История средних веков,14,46.03.01 История,Бакалавриат,Б1.О.Prof,1.0,Экзамен,17,"[3, 4]"
689444,Правоведение,14,46.03.01 История,Бакалавриат,Б1.О.General,1.0,Зачет,15,[4]
689444,Вспомогательные исторические дисциплины,14,46.03.01 История,Бакалавриат,Б1.О.Prof,1.0,Зачет с оценкой,16,[4]
689444,Экономика,14,46.03.01 История,Бакалавриат,Б1.О.General,1.0,Зачет с оценкой,17,[3]
689444,История отечественной культуры,14,46.03.01 История,Бакалавриат,Б1.О.Prof,1.0,Зачет с оценкой,15,[4]
689444,История исторической науки,14,46.03.01 История,Бакалавриат,Б1.О.Prof,1.0,Экзамен,15,[4]
513317,Политическая журналистика,4,41.03.04 Политология,Бакалавриат,Б1.О.Prof,1.0,Зачет с оценкой,14,[7]
513317,СМИ в современной системе массовой коммуникации,4,41.03.04 Политология,Бакалавриат,Б1.О.Prof,1.0,Зачет с оценкой,14,[7]
513317,Практикум по дипломатическому этикету и ведению переговоров,4,41.03.04 Политология,Бакалавриат,Б1.В,0.333,Зачет с оценкой,14,[7]
513317,Основы глобального и регионального управления,4,41.03.04 Политология,Бакалавриат,Б1.О.Prof,1.0,Зачет с оценкой,14,[7]
513317,"Производственная практика, профессиональная",4,41.03.04 Политология,Бакалавриат,Б2,1.0,Зачет с оценкой,14,[8]
513317,"Производственная практика, преддипломная",4,41.03.04 Политология,Бакалавриат,Б2,1.0,Зачет с оценкой,14,[8]
513317,Современная регионалистика,4,41.03.04 Политология,Бакалавриат,Б1.О.Prof,1.0,Зачет с оценкой,14,[7]
513317,Международные и региональные организации в современных интеграционных процессах,4,41.03.04 Политология,Бакалавриат,Б1.О.Prof,0.667,Экзамен,14,[7]
513317,Россия в глобальной политике,4,41.03.04 Политология,Бакалавриат,Б1.В,0.333,Экзамен,14,[7]
513317,Международная безопасность и конфликты в XXI веке,4,41.03.04 Политология,Бакалавриат,Б1.В,0.333,Экзамен,14,[7]
513317,Политическая конфликтология,4,41.03.04 Политология,Бакалавриат,Б1.О.Prof,0.667,Зачет с оценкой,14,[7]
584997,Технологическое предпринимательство и основы проектной деятельности,25,02.03.02 ФИИТ / 09.03.01 Информатика,Бакалавриат,Б1.О.General,1.0,Зачет,24,[5]
584997,Информационные системы в экономике,25,02.03.02 ФИИТ / 09.03.01 Информатика,Бакалавриат,Б1.О.Prof,1.0,Зачет с оценкой,24,[5]
584997,Математические методы обработки информации и принятия решений,25,02.03.02 ФИИТ / 09.03.01 Информатика,Бакалавриат,Б1.О.Prof,1.0,Зачет,24,"[5, 6]"
584997,Проектирование информационных систем,25,02.03.02 ФИИТ / 09.03.01 Информатика,Бакалавриат,Б1.О.Prof,1.0,Зачет с оценкой,23,[6]
584997,Базы данных,25,02.03.02 ФИИТ / 09.03.01 Информатика,Бакалавриат,Б1.О.Prof,1.0,Экзамен,23,[6]
584997,Прикладная физическая культура (ОФП),25,02.03.02 ФИИТ / 09.03.01 Информатика,Бакалавриат,Б1.О.General,1.0,Зачет,23,"[5, 6]"
584997,"Учебная практика, научно-исследовательская работа (получение первичных навыков научно-исследовательской работы)",25,02.03.02 ФИИТ / 09.03.01 Информатика,Бакалавриат,Б2,0.5,Зачет с оценкой,10,[6]
584997,Оптимальное управление,25,02.03.02 ФИИТ / 09.03.01 Информатика,Бакалавриат,Б1.О.Prof,1.0,Экзамен,24,[5]
584997,Прикладная физическая культура (Адаптивная физическая культура),25,02.03.02 ФИИТ / 09.03.01 Информатика,Бакалавриат,Б1.О.General,1.0,Зачет,1,[5]
584997,Научно-исследовательский семинар,25,02.03.02 ФИИТ / 09.03.01 Информатика,Бакалавриат,Б1.О.Prof,1.0,Зачет,22,[6]
584997,Методы оптимизации,25,02.03.02 ФИИТ / 09.03.01 Информатика,Бакалавриат,Б1.О.Prof,1.0,Экзамен,24,[5]
584997,Численные методы,25,02.03.02 ФИИТ / 09.03.01 Информатика,Бакалавриат,Б1.О.Prof,1.0,Зачет с оценкой,24,"[5, 6]"
584997,Программирование в 1С,25,02.03.02 ФИИТ / 09.03.01 Информатика,Бакалавриат,Б1.О.Prof,1.0,Зачет с оценкой,23,[6]
584997,Технологии программирования в Internet,25,02.03.02 ФИИТ / 09.03.01 Информатика,Бакалавриат,Б1.В,0.5,Зачет с оценкой,24,"[5, 6]"
584997,Объектно-ориентированное программирование,25,02.03.02 ФИИТ / 09.03.01 Информатика,Бакалавриат,Б1.О.Prof,1.0,Экзамен,24,[5]
584997,Уравнения математической физики,25,02.03.02 ФИИТ / 09.03.01 Информатика,Бакалавриат,Б1.О.Prof,1.0,Зачет с оценкой,24,"[5, 6]"
994598,Минералогия,30,05.03.01 Геология,Бакалавриат,Б1.О.Prof,1.0,Зачет с оценкой,15,[1]
994598,Геоморфология,30,05.03.01 Геология,Бакалавриат,Б1.О.Prof,1.0,Экзамен,15,[2]
994598,Землеведение,30,05.03.01 Геология,Бакалавриат,Б1.О.Prof,1.0,Экзамен,15,[1]
994598,Экология,30,05.03.01 Геология,Бакалавриат,Б1.В,0.5,Экзамен,15,[1]
994598,Иностранный язык,30,05.03.01 Геология,Бакалавриат,Б1.О.General,1.0,Зачет,15,"[1, 2]"
994598,Историческая геология,30,05.03.01 Геология,Бакалавриат,Б1.О.Prof,1.0,Зачет с оценкой,15,[2]
994598,Прикладная физическая культура (ОФП),30,05.03.01 Геология,Бакалавриат,Б1.О.General,1.0,Зачет,15,"[1, 2]"
994598,Введение в специальность,30,05.03.01 Геология,Бакалавриат,Б1.О.Prof,1.0,Зачет с оценкой,15,[1]
994598,Химия,30,05.03.01 Геология,Бакалавриат,Б1.О.Prof,1.0,Зачет с оценкой,15,[1]
994598,Русский язык и культура речи,30,05.03.01 Геология,Бакалавриат,Б1.О.General,1.0,Зачет,15,[2]
994598,Математика,30,05.03.01 Геология,Бакалавриат,Б1.О.General,1.0,Зачет,15,"[1, 2]"
994598,Палеонтология,30,05.03.01 Геология,Бакалавриат,Б1.О.Prof,1.0,Зачет с оценкой,15,[2]
994598,Общая геология,30,05.03.01 Геология,Бакалавриат,Б1.О.Prof,1.0,Экзамен,15,[1]
994598,Физическая культура и спорт,30,05.03.01 Геология,Бакалавриат,Б1.О.General,1.0,Зачет,15,[1]
994598,История,30,05.03.01 Геология,Бакалавриат,Б1.О.General,1.0,Зачет с оценкой,15,[1]
994598,Техника спортивного туризма,30,05.03.01 Геология,Бакалавриат,Б1.О.Prof,1.0,Зачет,15,[2]
994598,Литология,30,05.03.01 Геология,Бакалавриат,Б1.О.Prof,1.0,Зачет с оценкой,15,[2]
994598,"Учебная практика, практика по получению первичных профессиональных умений и навыков (по общей геологии и геоморфологии)",30,05.03.01 Геология,Бакалавриат,Б2,1.0,Зачет с оценкой,15,[2]
908586,Основы математической обработки информации,34,44.03.05 Педобразование (ин.яз.),Бакалавриат,Б1.О.Prof,1.0,Зачет,16,[3]
908586,Общая психология,34,44.03.05 Педобразование (ин.яз.),Бакалавриат,Б1.О.Prof,1.0,Экзамен,16,[3]
908586,Культура общения,34,44.03.05 Педобразование (ин.яз.),Бакалавриат,Б1.О.Prof,1.0,Зачет,1,[4]
908586,Прикладная физическая культура (Адаптивная физическая культура),34,44.03.05 Педобразование (ин.яз.),Бакалавриат,Б1.О.General,1.0,Зачет,2,[4]
908586,Организационная коммуникация,34,44.03.05 Педобразование (ин.яз.),Бакалавриат,Б1.О.Prof,1.0,Зачет,4,[4]
908586,Социология,34,44.03.05 Педобразование (ин.яз.),Бакалавриат,Б1.О.Prof,1.0,Зачет,9,[4]
908586,Безопасность жизнедеятельности,34,44.03.05 Педобразование (ин.яз.),Бакалавриат,Б1.О.General,1.0,Зачет,16,[3]
908586,Правоведение,34,44.03.05 Педобразование (ин.яз.),Бакалавриат,Б1.О.General,1.0,Зачет,16,[3]
908586,Практический курс первого иностранного языка (английский язык),34,44.03.05 Педобразование (ин.яз.),Бакалавриат,Б1.О.Prof,1.0,Зачет с оценкой,16,"[3, 4]"
908586,"Современный немецкий язык: фонетика, морфология, словообразование, синтаксис",34,44.03.05 Педобразование (ин.яз.),Бакалавриат,Б1.О.Prof,1.0,Экзамен,16,[4]
908586,Современный английский язык: лексикология,34,44.03.05 Педобразование (ин.яз.),Бакалавриат,Б1.О.Prof,1.0,Зачет,16,[4]
908586,Культурология,34,44.03.05 Педобразование (ин.яз.),Бакалавриат,Б1.О.General,1.0,Зачет,2,[4]
908586,Стилистика немецкого языка,34,44.03.05 Педобразование (ин.яз.),Бакалавриат,Б1.О.Prof,1.0,Зачет,16,[3]
908586,Философия,34,44.03.05 Педобразование (ин.яз.),Бакалавриат,Б1.О.General,1.0,Зачет с оценкой,16,[4]
908586,Прикладная физическая культура (Волейбол),34,44.03.05 Педобразование (ин.яз.),Бакалавриат,Б1.О.General,1.0,Зачет,16,"[3, 4]"
908586,Современный немецкий язык: лексикология,34,44.03.05 Педобразование (ин.яз.),Бакалавриат,Б1.О.Prof,1.0,Зачет,16,[4]
908586,Деловая коммуникация на втором иностранном языке,34,44.03.05 Педобразование (ин.яз.),Бакалавриат,Б1.О.Prof,1.0,Зачет,16,[4]
908586,"Современный английский язык: фонетика, морфология, словообразование, синтаксис",34,44.03.05 Педобразование (ин.яз.),Бакалавриат,Б1.О.Prof,1.0,Экзамен,16,[4]
908586,"Учебная практика, ознакомительная практика",34,44.03.05 Педобразование (ин.яз.),Бакалавриат,Б2,1.0,Зачет с оценкой,16,[4]
908586,Практический курс второго иностранного языка (немецкого языка),34,44.03.05 Педобразование (ин.яз.),Бакалавриат,Б1.О.Prof,1.0,Экзамен,16,"[3, 4]"
908586,Основы медицинских знаний и здорового образа жизни,34,44.03.05 Педобразование (ин.яз.),Бакалавриат,Б1.О.Prof,1.0,Зачет,16,[3]
908586,"Возрастная анатомия, физиология и гигиена",34,44.03.05 Педобразование (ин.яз.),Бакалавриат,Б1.О.Prof,1.0,Зачет с оценкой,16,[4]
908586,Деловая коммуникация на первом иностранном языке,34,44.03.05 Педобразование (ин.яз.),Бакалавриат,Б1.О.Prof,1.0,Зачет,16,[4]
908586,Страноведение (англоязычные страны),34,44.03.05 Педобразование (ин.яз.),Бакалавриат,Б1.О.Prof,1.0,Зачет,16,[4]
425259,Государственный экзамен,47,Неизвестное (Государственный экзамен...),Специалитет,Б3,1.0,ГАК,23,[10]
425259,Выпускная квалификационная работа (дипломная работа специалиста),47,Неизвестное (Государственный экзамен...),Специалитет,Б3,1.0,Защита ВКР,23,[10]
425259,Инженерная энзимология,47,Неизвестное (Государственный экзамен...),Специалитет,Б1.О.Prof,1.0,Экзамен,23,[9]
425259,Биоэтика,47,Неизвестное (Государственный экзамен...),Специалитет,Б1.О.Prof,1.0,Зачет,23,[9]
425259,"Производственная практика, научно-исследовательская практика",47,Неизвестное (Государственный экзамен...),Специалитет,Б2,1.0,Зачет с оценкой,23,[9]
425259,Основы инноватики,47,Неизвестное (Государственный экзамен...),Специалитет,Б1.О.Prof,1.0,Зачет,23,[9]
425259,"Производственная практика, преддипломная",47,Неизвестное (Государственный экзамен...),Специалитет,Б2,1.0,Зачет с оценкой,23,[10]
425259,Правоведение,47,Неизвестное (Государственный экзамен...),Специалитет,Б1.О.General,1.0,Зачет,23,[9]
425259,Новейшие приложения в биоинформатике,47,Неизвестное (Государственный экзамен...),Специалитет,Б1.О.Prof,1.0,Экзамен,23,[9]
425259,Основы бионаноинженерии,47,Неизвестное (Государственный экзамен...),Специалитет,Б1.О.Prof,1.0,Зачет,23,[9]
349486,Специальный практикум,8,40.03.01 Юриспруденция,Специалитет,Б1.О.Prof,1.0,Зачет с оценкой,49,[10]
349486,Подготовка к сдаче и сдача государственного экзамена,8,40.03.01 Юриспруденция,Специалитет,Б3,0.5,ГАК,48,[10]
349486,Компьютерные сети,8,40.03.01 Юриспруденция,Специалитет,Б1.О.Prof,1.0,Экзамен,49,[10]
349486,Правоохранительные органы,8,40.03.01 Юриспруденция,Специалитет,Б1.О.Prof,1.0,Зачет,49,[10]
349486,Компьютерные технологии в экспертной деятельности,8,40.03.01 Юриспруденция,Специалитет,Б1.О.Prof,1.0,Зачет,49,[9]
349486,"Производственная практика, преддипломная практика",8,40.03.01 Юриспруденция,Специалитет,Б2,0.5,Зачет с оценкой,48,[10]
349486,"Защита выпускной квалификационной работы, включая подготовку к защите и процедуру защиты",8,40.03.01 Юриспруденция,Специалитет,Б3,0.5,Защита ВКР,48,[10]
349486,Нанотехнологии и наноматериалы,8,40.03.01 Юриспруденция,Специалитет,Б1.О.Prof,1.0,Зачет,49,[10]
349486,Судебная экспертиза стекла и изделий из него,8,40.03.01 Юриспруденция,Специалитет,Б1.О.Prof,1.0,Экзамен,49,[9]
349486,Судебная экспертиза нефтепродуктов и горюче-смазочных материалов,8,40.03.01 Юриспруденция,Специалитет,Б1.О.Prof,1.0,Экзамен,49,[9]
349486,Судебная экспертиза наркотических средств и психотропных веществ,8,40.03.01 Юриспруденция,Специалитет,Б1.О.Prof,1.0,Экзамен,48,[9]
349486,Безопасность жизнедеятельности,8,40.03.01 Юриспруденция,Специалитет,Б1.О.General,1.0,Зачет,49,[10]
349486,Менеджмент,8,40.03.01 Юриспруденция,Специалитет,Б1.В,0.5,Зачет,49,[9]
349486,"Судебная экспертиза полимерных, строительных материалов и парфюмерно-косметических сред",8,40.03.01 Юриспруденция,Специалитет,Б1.О.Prof,1.0,Экзамен,48,[10]
349486,Административное право,8,40.03.01 Юриспруденция,Специалитет,Б1.О.Prof,1.0,Зачет,48,[9]
349486,Судебная экспертиза спиртосодержащих жидкостей,8,40.03.01 Юриспруденция,Специалитет,Б1.О.Prof,1.0,Экзамен,48,[9]
503096,Зоология,21,06.03.01 Биология,Бакалавриат,Б1.О.Prof,1.0,Экзамен,39,"[1, 2]"
503096,Гистология,21,06.03.01 Биология,Бакалавриат,Б1.О.Prof,1.0,Зачет,36,[2]
503096,Латинский язык для биологов,21,06.03.01 Биология,Бакалавриат,Б1.О.Prof,1.0,Зачет,36,[1]
503096,Иностранный язык,21,06.03.01 Биология,Бакалавриат,Б1.О.General,1.0,Зачет с оценкой,40,"[1, 2]"
503096,Прикладная физическая культура (Адаптивная физическая культура),21,06.03.01 Биология,Бакалавриат,Б1.О.General,0.5,Зачет,6,"[1, 2]"
503096,Клеточная биология,21,06.03.01 Биология,Бакалавриат,Б1.О.Prof,1.0,Зачет с оценкой,36,[1]
503096,Прикладная физическая культура (ОФП),21,06.03.01 Биология,Бакалавриат,Б1.О.General,1.0,Зачет,16,"[1, 2]"
503096,Химия,21,06.03.01 Биология,Бакалавриат,Б1.О.Prof,1.0,Зачет с оценкой,38,"[1, 2]"
503096,Методы биологических исследований,21,06.03.01 Биология,Бакалавриат,Б1.О.Prof,1.0,Зачет с оценкой,40,"[1, 2]"
503096,Ботаника,21,06.03.01 Биология,Бакалавриат,Б1.О.Prof,1.0,Экзамен,39,"[1, 2]"
503096,Прикладная физическая культура (Волейбол),21,06.03.01 Биология,Бакалавриат,Б1.О.General,0.5,Зачет,16,"[1, 2]"
503096,Математика и основы моделирования биологических систем,21,06.03.01 Биология,Бакалавриат,Б1.О.Prof,1.0,Зачет с оценкой,39,"[1, 2]"
503096,Физическая культура и спорт,21,06.03.01 Биология,Бакалавриат,Б1.О.General,1.0,Зачет,36,[1]
503096,История,21,06.03.01 Биология,Бакалавриат,Б1.О.General,1.0,Зачет с оценкой,35,[2]
503096,"Учебная практика, практика по получению первичных профессиональных умений и навыков (по ботанике и зоологии)",21,06.03.01 Биология,Бакалавриат,Б2,1.0,Зачет с оценкой,33,[2]
503096,Биологическая фотография,21,06.03.01 Биология,Бакалавриат,Б1.О.Prof,1.0,Зачет,37,[2]
503096,"Учебная практика, научно-исследовательская работа",21,06.03.01 Биология,Бакалавриат,Б2,0.5,Зачет с оценкой,36,[1]
503096,"Производственная практика, научно-исследовательская работа",21,06.03.01 Биология,Бакалавриат,Б2,1.0,Зачет с оценкой,33,[2]
701761,Физика: Механика,16,10.05.01 Компьютерная безопасность (спец.),Бакалавриат,Б1.О.Prof,1.0,Экзамен,41,[1]
701761,Иностранный язык,16,10.05.01 Компьютерная безопасность (спец.),Бакалавриат,Б1.О.General,1.0,Зачет с оценкой,42,"[1, 2]"
701761,Моделирование социальных систем,16,10.05.01 Компьютерная безопасность (спец.),Бакалавриат,Б1.О.Prof,1.0,Зачет,36,[2]
701761,Прикладная физическая культура (Адаптивная физическая культура),16,10.05.01 Компьютерная безопасность (спец.),Бакалавриат,Б1.О.General,1.0,Зачет,1,[1]
701761,Алгебра и геометрия,16,10.05.01 Компьютерная безопасность (спец.),Бакалавриат,Б1.О.Prof,1.0,Экзамен,36,[2]
701761,Безопасность жизнедеятельности,16,10.05.01 Компьютерная безопасность (спец.),Бакалавриат,Б1.О.General,1.0,Экзамен,43,[1]
701761,Языки программирования,16,10.05.01 Компьютерная безопасность (спец.),Бакалавриат,Б1.О.Prof,1.0,Зачет с оценкой,39,[1]
701761,Экономика,16,10.05.01 Компьютерная безопасность (спец.),Бакалавриат,Б1.О.General,1.0,Зачет с оценкой,37,[2]
701761,Физика: Электричество и магнетизм,16,10.05.01 Компьютерная безопасность (спец.),Бакалавриат,Б1.О.Prof,1.0,Зачет с оценкой,34,[2]
701761,Правоведение,16,10.05.01 Компьютерная безопасность (спец.),Бакалавриат,Б1.О.General,1.0,Зачет,38,[2]
701761,Организация ЭВМ и вычислительных сетей,16,10.05.01 Компьютерная безопасность (спец.),Бакалавриат,Б1.О.Prof,1.0,Зачет с оценкой,33,[2]
701761,Основы информационной безопасности,16,10.05.01 Компьютерная безопасность (спец.),Бакалавриат,Б1.О.Prof,1.0,Зачет,42,[1]
701761,Языки программирования для автоматизации задач информационной безопасности,16,10.05.01 Компьютерная безопасность (спец.),Бакалавриат,Б1.О.Prof,1.0,Зачет с оценкой,32,[2]
701761,Информатика и программирование,16,10.05.01 Компьютерная безопасность (спец.),Бакалавриат,Б1.О.Prof,1.0,Зачет с оценкой,43,[1]
701761,Физическая культура и спорт,16,10.05.01 Компьютерная безопасность (спец.),Бакалавриат,Б1.О.General,1.0,Зачет,45,[1]
701761,Менеджмент,16,10.05.01 Компьютерная безопасность (спец.),Бакалавриат,Б1.О.Prof,1.0,Зачет,38,[2]
701761,Математический анализ,16,10.05.01 Компьютерная безопасность (спец.),Бакалавриат,Б1.О.Prof,1.0,Экзамен,39,[1]
701761,Русский язык и культура речи,16,10.05.01 Компьютерная безопасность (спец.),Бакалавриат,Б1.О.General,1.0,Зачет,43,[1]
701761,Прикладная физическая культура (Волейбол),16,10.05.01 Компьютерная безопасность (спец.),Бакалавриат,Б1.О.General,0.5,Зачет,30,[1]
701761,История,16,10.05.01 Компьютерная безопасность (спец.),Бакалавриат,Б1.О.General,1.0,Зачет с оценкой,43,[1]
701761,"Учебная практика, ознакомительная практика",16,10.05.01 Компьютерная безопасность (спец.),Бакалавриат,Б2,0.5,Зачет с оценкой,31,[2]
701761,Прикладная физическая культура (ОФП),16,10.05.01 Компьютерная безопасность (спец.),Бакалавриат,Б1.О.General,1.0,Зачет,10,[1]
310615,Политическая журналистика,4,41.03.04 Политология,Бакалавриат,Б1.О.Prof,1.0,Зачет с оценкой,10,[7]
310615,Политическая психология,4,41.03.04 Политология,Бакалавриат,Б1.В,0.333,Зачет с оценкой,10,[7]
310615,СМИ в современной системе массовой коммуникации,4,41.03.04 Политология,Бакалавриат,Б1.О.Prof,1.0,Зачет с оценкой,10,[7]
310615,Политическое консультирование и экспертиза в российской политике,4,41.03.04 Политология,Бакалавриат,Б1.В,0.333,Экзамен,10,[7]
310615,Основы глобального и регионального управления,4,41.03.04 Политология,Бакалавриат,Б1.О.Prof,1.0,Зачет с оценкой,10,[7]
310615,"Производственная практика, профессиональная",4,41.03.04 Политология,Бакалавриат,Б2,1.0,Зачет с оценкой,10,[8]
310615,Политические и маркетинговые технологии в коммуникативном пространстве России,4,41.03.04 Политология,Бакалавриат,Б1.В,0.333,Экзамен,10,[7]
310615,"Производственная практика, преддипломная",4,41.03.04 Политология,Бакалавриат,Б2,1.0,Зачет с оценкой,10,[8]
310615,Современная регионалистика,4,41.03.04 Политология,Бакалавриат,Б1.О.Prof,1.0,Зачет с оценкой,10,[7]
310615,Информационное общество и обеспечение информационной безопасности,4,41.03.04 Политология,Бакалавриат,Б1.В,0.333,Зачет с оценкой,10,[7]
494950,Прикладная физическая культура (Адаптивная физическая культура),12,40.03.01 Юриспруденция,Бакалавриат,Б1.О.General,1.0,Зачет,10,"[5, 6]"
494950,Право социального обеспечения,12,40.03.01 Юриспруденция,Бакалавриат,Б1.О.Prof,1.0,Экзамен,152,[5]
494950,Насильственные преступления и их предупреждение,12,40.03.01 Юриспруденция,Бакалавриат,Б1.О.Prof,1.0,Зачет с оценкой,44,[6]
494950,Антропология права,12,40.03.01 Юриспруденция,Бакалавриат,Б1.О.Prof,1.0,Зачет с оценкой,8,[6]
494950,Гражданский процесс,12,40.03.01 Юриспруденция,Бакалавриат,Б1.О.Prof,1.0,Зачет с оценкой,172,"[5, 6]"
494950,Судебная психиатрия,12,40.03.01 Юриспруденция,Бакалавриат,Б1.О.Prof,1.0,Зачет с оценкой,61,[6]
494950,Избирательное право,12,40.03.01 Юриспруденция,Бакалавриат,Б1.В,0.5,Зачет с оценкой,9,[6]
494950,Предпринимательское право,12,40.03.01 Юриспруденция,Бакалавриат,Б1.О.Prof,1.0,Экзамен,173,[5]
494950,"Производственная практика, научно-исследовательская работа",12,40.03.01 Юриспруденция,Бакалавриат,Б2,1.0,Зачет с оценкой,163,[6]
494950,Семейное право,12,40.03.01 Юриспруденция,Бакалавриат,Б1.О.Prof,1.0,Зачет,160,[6]
494950,Уголовное право,12,40.03.01 Юриспруденция,Бакалавриат,Б1.О.Prof,1.0,Зачет с оценкой,172,"[5, 6]"
494950,Конкурентное право,12,40.03.01 Юриспруденция,Бакалавриат,Б1.О.Prof,1.0,Зачет,168,[6]
494950,Гражданское право,12,40.03.01 Юриспруденция,Бакалавриат,Б1.О.Prof,1.0,Зачет с оценкой,173,"[5, 6]"
494950,Гражданско-правовое регулирование энергетики,12,40.03.01 Юриспруденция,Бакалавриат,Б1.В,0.5,Зачет с оценкой,12,[6]
494950,Административный процесс,12,40.03.01 Юриспруденция,Бакалавриат,Б1.О.Prof,1.0,Зачет с оценкой,30,[6]
494950,Уголовный процесс,12,40.03.01 Юриспруденция,Бакалавриат,Б1.О.Prof,1.0,Зачет с оценкой,175,"[5, 6]"
494950,Налоговое право,12,40.03.01 Юриспруденция,Бакалавриат,Б1.О.Prof,1.0,Экзамен,173,[5]
494950,Прикладная физическая культура (ОФП),12,40.03.01 Юриспруденция,Бакалавриат,Б1.О.General,1.0,Зачет,157,"[5, 6]"
494950,"Учебная практика, практика по получению первичных профессиональных умений и навыков",12,40.03.01 Юриспруденция,Бакалавриат,Б2,0.5,Зачет с оценкой,156,[6]
494950,Криминалистика,12,40.03.01 Юриспруденция,Бакалавриат,Б1.О.Prof,1.0,Зачет с оценкой,175,"[5, 6]"
226672,Основы математической обработки информации,4,41.03.04 Политология,Бакалавриат,Б1.О.Prof,1.0,Зачет с оценкой,21,[1]
226672,Международная и национальная безопасность России в глобальном мире,4,41.03.04 Политология,Бакалавриат,Б1.В,0.333,Зачет,19,[2]
226672,Иностранный язык,4,41.03.04 Политология,Бакалавриат,Б1.О.General,1.0,Зачет с оценкой,22,"[1, 2]"
226672,Информационно-коммуникационные технологии в политических науках и регионоведении,4,41.03.04 Политология,Бакалавриат,Б1.О.Prof,1.0,Экзамен,20,[2]
226672,"Учебная практика, научно-исследовательская работа (получение первичных навыков научно-исследовательской работы)",4,41.03.04 Политология,Бакалавриат,Б2,1.0,Зачет с оценкой,16,[2]
226672,Безопасность жизнедеятельности,4,41.03.04 Политология,Бакалавриат,Б1.О.General,1.0,Зачет,21,[1]
226672,Правоведение,4,41.03.04 Политология,Бакалавриат,Б1.О.General,1.0,Зачет,20,[2]
226672,Экономика,4,41.03.04 Политология,Бакалавриат,Б1.О.General,1.0,Зачет,21,[2]
226672,Введение в профессию,4,41.03.04 Политология,Бакалавриат,Б1.О.Prof,1.0,Экзамен,21,[1]
226672,История политических учений,4,41.03.04 Политология,Бакалавриат,Б1.В,0.333,Зачет с оценкой,22,"[1, 2]"
226672,Физическая культура и спорт,4,41.03.04 Политология,Бакалавриат,Б1.О.General,1.0,Зачет,21,[1]
226672,"История (история России, всеобщая история)",4,41.03.04 Политология,Бакалавриат,Б1.О.General,1.0,Зачет с оценкой,20,[1]
226672,Информационное общество и обеспечение информационной безопасности,4,41.03.04 Политология,Бакалавриат,Б1.О.Prof,1.0,Зачет с оценкой,21,[1]
226672,СМИ в современной системе массовой коммуникации,4,41.03.04 Политология,Бакалавриат,Б1.О.Prof,1.0,Зачет с оценкой,21,[1]
226672,Философия,4,41.03.04 Политология,Бакалавриат,Б1.О.General,1.0,Зачет с оценкой,20,[2]
226672,Русский язык и культура речи,4,41.03.04 Политология,Бакалавриат,Б1.О.General,1.0,Зачет,21,[1]
226672,Научно-методическое обеспечение результатов профессиональной деятельности,4,41.03.04 Политология,Бакалавриат,Б1.О.Prof,1.0,Зачет с оценкой,20,[2]
226672,Прикладная физическая культура (ОФП),4,41.03.04 Политология,Бакалавриат,Б1.О.General,1.0,Зачет,20,"[1, 2]"
226672,Политическая история России и зарубежных стран,4,41.03.04 Политология,Бакалавриат,Б1.В,0.333,Экзамен,21,[2]
105847,Современные рынки социологических и консалтинговых исследований,33,39.03.01 Социология,Бакалавриат,Б1.О.Prof,1.0,Зачет с оценкой,22,[7]
105847,Социология религии,33,39.03.01 Социология,Бакалавриат,Б1.О.Prof,1.0,Зачет с оценкой,22,[7]
105847,Визуальные исследования в социологии,33,39.03.01 Социология,Бакалавриат,Б1.О.Prof,1.0,Зачет с оценкой,22,[7]
105847,Консалтинг и трудовые ресурсы в социальной сфере,33,39.03.01 Социология,Бакалавриат,Б1.О.Prof,1.0,Зачет с оценкой,22,[7]
105847,Социологические методы в маркетинге,33,39.03.01 Социология,Бакалавриат,Б1.О.Prof,1.0,Зачет с оценкой,22,[7]
105847,Методология и методы социологического исследования,33,39.03.01 Социология,Бакалавриат,Б1.О.Prof,1.0,Зачет с оценкой,22,[7]
105847,Политическая социология,33,39.03.01 Социология,Бакалавриат,Б1.О.Prof,1.0,Зачет с оценкой,22,[7]
105847,Социология науки и техники,33,39.03.01 Социология,Бакалавриат,Б1.О.Prof,1.0,Экзамен,21,[8]
105847,"Производственная практика, научно-исследовательская работа",33,39.03.01 Социология,Бакалавриат,Б2,1.0,Зачет с оценкой,22,[8]
609659,Информатика и алгоритмические языки,19,Неизвестное (Информатика и алгоритмические языки...),Бакалавриат,Б1.О.Prof,1.0,Экзамен,16,[3]
609659,Иностранный язык,19,Неизвестное (Информатика и алгоритмические языки...),Бакалавриат,Б1.О.General,1.0,Экзамен,17,[3]
609659,Анализ данных,19,Неизвестное (Информатика и алгоритмические языки...),Бакалавриат,Б1.О.Prof,1.0,Зачет с оценкой,17,[3]
609659,"Учебная практика, практика по получению первичных профессиональных умений и навыков, в том числе первичных умений и навыков научно-исследовательско...",19,Неизвестное (Информатика и алгоритмические языки...),Бакалавриат,Б2,1.0,Зачет с оценкой,16,[4]
609659,Теория принятия решений,19,Неизвестное (Информатика и алгоритмические языки...),Бакалавриат,Б1.В,0.5,Зачет,10,[4]
609659,Цифровые технологии: от интернета до блокчейна,19,Неизвестное (Информатика и алгоритмические языки...),Бакалавриат,Б1.О.Prof,1.0,Зачет,6,[4]
609659,Безопасность жизнедеятельности,19,Неизвестное (Информатика и алгоритмические языки...),Бакалавриат,Б1.О.General,1.0,Зачет,17,[3]
609659,Интеллектуальные информационные системы,19,Неизвестное (Информатика и алгоритмические языки...),Бакалавриат,Б1.О.Prof,1.0,Экзамен,16,[3]
609659,Теория систем и системный анализ,19,Неизвестное (Информатика и алгоритмические языки...),Бакалавриат,Б1.О.Prof,1.0,Зачет,16,[3]
609659,Линейная алгебра,19,Неизвестное (Информатика и алгоритмические языки...),Бакалавриат,Б1.О.Prof,1.0,Зачет с оценкой,17,[3]
609659,Прикладная информатика,19,Неизвестное (Информатика и алгоритмические языки...),Бакалавриат,Б1.О.Prof,1.0,Зачет с оценкой,17,"[3, 4]"
609659,Эконометрика,19,Неизвестное (Информатика и алгоритмические языки...),Бакалавриат,Б1.О.Prof,1.0,Зачет с оценкой,16,[4]
609659,"Вычислительные системы, сети, телекоммуникации",19,Неизвестное (Информатика и алгоритмические языки...),Бакалавриат,Б1.О.Prof,1.0,Зачет с оценкой,16,[4]
609659,Информационная безопасность,19,Неизвестное (Информатика и алгоритмические языки...),Бакалавриат,Б1.О.Prof,1.0,Зачет с оценкой,16,[4]
609659,Русский язык и культура речи,19,Неизвестное (Информатика и алгоритмические языки...),Бакалавриат,Б1.О.General,1.0,Зачет,16,[3]
609659,Теория вероятностей и математическая статистика,19,Неизвестное (Информатика и алгоритмические языки...),Бакалавриат,Б1.О.Prof,1.0,Зачет с оценкой,17,[3]
609659,Моделирование бизнес-процессов,19,Неизвестное (Информатика и алгоритмические языки...),Бакалавриат,Б1.О.Prof,1.0,Экзамен,16,[4]
609659,Базы данных,19,Неизвестное (Информатика и алгоритмические языки...),Бакалавриат,Б1.О.Prof,1.0,Экзамен,16,[4]
609659,Прикладная физическая культура (ОФП),19,Неизвестное (Информатика и алгоритмические языки...),Бакалавриат,Б1.О.General,1.0,Зачет,16,"[3, 4]"
916867,Методы теоретической физики,2,03.03.02 Физика / Радиофизика,Бакалавриат,Б1.В,0.333,Зачет,10,[2]
916867,Единицы физических величин,2,03.03.02 Физика / Радиофизика,Бакалавриат,Б1.О.Prof,0.667,Зачет,8,[2]
916867,Иностранный язык,2,03.03.02 Физика / Радиофизика,Бакалавриат,Б1.О.General,1.0,Зачет,12,"[1, 2]"
916867,Аналитическая геометрия и линейная алгебра,2,03.03.02 Физика / Радиофизика,Бакалавриат,Б1.О.Prof,0.667,Экзамен,12,[1]
916867,Введение в специальность,2,03.03.02 Физика / Радиофизика,Бакалавриат,Б1.О.Prof,0.667,Зачет,12,"[1, 2]"
916867,Математический анализ,2,03.03.02 Физика / Радиофизика,Бакалавриат,Б1.О.Prof,0.667,Зачет,12,"[1, 2]"
916867,Прикладная физическая культура (Волейбол),2,03.03.02 Физика / Радиофизика,Бакалавриат,Б1.О.General,1.0,Зачет,12,"[1, 2]"
916867,Русский язык и культура речи,2,03.03.02 Физика / Радиофизика,Бакалавриат,Б1.О.General,1.0,Зачет,12,[1]
916867,Общий физический лабораторный практикум,2,03.03.02 Физика / Радиофизика,Бакалавриат,Б1.О.Prof,0.667,Зачет,12,"[1, 2]"
916867,Информатика и программирование,2,03.03.02 Физика / Радиофизика,Бакалавриат,Б1.О.Prof,0.667,Экзамен,12,[1]
916867,Физическая культура и спорт,2,03.03.02 Физика / Радиофизика,Бакалавриат,Б1.О.General,1.0,Зачет,12,[1]
916867,Вычислительная физика,2,03.03.02 Физика / Радиофизика,Бакалавриат,Б1.О.Prof,0.667,Зачет с оценкой,10,[2]
916867,История,2,03.03.02 Физика / Радиофизика,Бакалавриат,Б1.О.General,0.5,Зачет с оценкой,12,[1]
916867,История физики и техники,2,03.03.02 Физика / Радиофизика,Бакалавриат,Б1.О.Prof,0.667,Зачет,2,[2]
916867,Безопасность жизнедеятельности,2,03.03.02 Физика / Радиофизика,Бакалавриат,Б1.О.General,0.667,Зачет,12,[1]
916867,Механика,2,03.03.02 Физика / Радиофизика,Бакалавриат,Б1.О.Prof,1.0,Экзамен,12,[1]
916867,Электричество и магнетизм,2,03.03.02 Физика / Радиофизика,Бакалавриат,Б1.О.Prof,1.0,Экзамен,11,[2]
808324,Постгеномные технологии,10,06.05.01 Биоинженерия (спец.),Специалитет,Б1.О.Prof,1.0,Зачет с оценкой,17,[8]
808324,Клеточные технологии с основами генной инженерии,10,06.05.01 Биоинженерия (спец.),Специалитет,Б1.О.Prof,1.0,Экзамен,17,[7]
808324,Энзимология,10,06.05.01 Биоинженерия (спец.),Специалитет,Б1.О.Prof,1.0,Зачет с оценкой,17,[7]
808324,Токсикология,10,06.05.01 Биоинженерия (спец.),Специалитет,Б1.О.Prof,1.0,Зачет с оценкой,17,[7]
808324,Экологическая биотехнология,10,06.05.01 Биоинженерия (спец.),Специалитет,Б1.О.Prof,1.0,Зачет с оценкой,17,[7]
808324,Перспективы развития биоинженерии и биоинформатики,10,06.05.01 Биоинженерия (спец.),Специалитет,Б1.О.Prof,1.0,Зачет,17,[8]
808324,Иммунология,10,06.05.01 Биоинженерия (спец.),Специалитет,Б1.О.Prof,1.0,Экзамен,17,[7]
808324,"Производственная практика, практика по получения профессиональных умений и опыта профессиональной деятельности",10,06.05.01 Биоинженерия (спец.),Специалитет,Б2,1.0,Зачет с оценкой,17,[8]
808324,Новейшие приложения в биоинформатике и их программирование,10,06.05.01 Биоинженерия (спец.),Специалитет,Б1.О.Prof,1.0,Экзамен,17,[8]
808324,Биоинженерия растительных и животных клеток,10,06.05.01 Биоинженерия (спец.),Специалитет,Б1.О.Prof,1.0,Экзамен,17,"[7, 8]"
808324,Стандартизация и регламентация биоинженерной практики,10,06.05.01 Биоинженерия (спец.),Специалитет,Б1.О.Prof,1.0,Зачет с оценкой,17,[7]
808324,"Производственная практика, научно-исследовательская работа",10,06.05.01 Биоинженерия (спец.),Специалитет,Б2,1.0,Зачет с оценкой,17,"[7, 8]"
796041,Общая экология,29,12.03.04 Биотехнические системы,Бакалавриат,Б1.В,0.5,Зачет с оценкой,9,[4]
796041,Иностранный язык,29,12.03.04 Биотехнические системы,Бакалавриат,Б1.О.General,1.0,Экзамен,9,[3]
796041,Основные узлы и элементы биотехнических систем,29,12.03.04 Биотехнические системы,Бакалавриат,Б1.О.Prof,1.0,Экзамен,9,[4]
796041,Прикладная физическая культура (Адаптивная физическая культура),29,12.03.04 Биотехнические системы,Бакалавриат,Б1.О.General,0.5,Зачет,1,[4]
796041,Прикладная физическая культура (ОФП),29,12.03.04 Биотехнические системы,Бакалавриат,Б1.О.General,1.0,Зачет,9,"[3, 4]"
796041,Сопротивление материалов,29,12.03.04 Биотехнические системы,Бакалавриат,Б1.О.Prof,1.0,Зачет с оценкой,9,[4]
796041,Метрология и технические измерения,29,12.03.04 Биотехнические системы,Бакалавриат,Б1.В,0.5,Экзамен,9,[3]
796041,Организация и планирование научного исследования,29,12.03.04 Биотехнические системы,Бакалавриат,Б1.В,0.5,Экзамен,9,[3]
796041,"Стандартизация, регистрация, сертификация и лицензирование биотехнических систем и технологий",29,12.03.04 Биотехнические системы,Бакалавриат,Б1.О.Prof,1.0,Зачет с оценкой,9,[3]
796041,"Учебная практика, научно-исследовательская работа (получение первичных навыков научно-исследовательской работы)",29,12.03.04 Биотехнические системы,Бакалавриат,Б2,1.0,Зачет с оценкой,9,[4]
796041,Безопасность при производстве и использовании биотехнических систем и технологий,29,12.03.04 Биотехнические системы,Бакалавриат,Б1.О.Prof,1.0,Зачет с оценкой,9,[3]
796041,Математические методы обработки результатов эксперимента,29,12.03.04 Биотехнические системы,Бакалавриат,Б1.О.Prof,1.0,Зачет с оценкой,9,"[3, 4]"
796041,Электроника и схемотехника,29,12.03.04 Биотехнические системы,Бакалавриат,Б1.О.Prof,1.0,Зачет с оценкой,9,[4]
796041,Основы конструирования биотехнических систем,29,12.03.04 Биотехнические системы,Бакалавриат,Б1.В,0.5,Зачет с оценкой,9,[4]
796041,Математическое моделирование,29,12.03.04 Биотехнические системы,Бакалавриат,Б1.О.Prof,1.0,Экзамен,9,[4]
796041,Материаловедение,29,12.03.04 Биотехнические системы,Бакалавриат,Б1.О.Prof,1.0,Экзамен,9,[3]
544153,Системы радиомониторинга,5,10.05.01 Компьютерная безопасность (спец.),Специалитет,Б1.О.Prof,1.0,Экзамен,22,[8]
544153,"Теория и практика информационной безопасности (Theory and Practice of Information Security, на англ.яз.)",5,10.05.01 Компьютерная безопасность (спец.),Специалитет,Б1.О.Prof,1.0,Зачет,22,[8]
544153,Теория информации,5,10.05.01 Компьютерная безопасность (спец.),Специалитет,Б1.О.Prof,1.0,Экзамен,22,[7]
544153,Методы проектирования защищенных распределенных информационных систем,5,10.05.01 Компьютерная безопасность (спец.),Специалитет,Б1.В,0.5,Зачет с оценкой,22,[7]
544153,Разработка и эксплуатация защищенных автоматизированных систем,5,10.05.01 Компьютерная безопасность (спец.),Специалитет,Б1.В,0.5,Зачет с оценкой,22,[8]
544153,Нормативная и методическая документация по организации технической защиты информации,5,10.05.01 Компьютерная безопасность (спец.),Специалитет,Б1.О.Prof,1.0,Зачет с оценкой,22,[8]
544153,Моделирование процессов и систем защиты информации,5,10.05.01 Компьютерная безопасность (спец.),Специалитет,Б1.О.Prof,1.0,Экзамен,22,[8]
544153,Программно-аппаратные средства обеспечения информационной безопасности,5,10.05.01 Компьютерная безопасность (спец.),Специалитет,Б1.О.Prof,1.0,Экзамен,22,[7]
544153,Безопасность сетей ЭВМ,5,10.05.01 Компьютерная безопасность (спец.),Специалитет,Б1.О.Prof,1.0,Экзамен,22,[7]
544153,Технологии построения защищенных распределенных приложений,5,10.05.01 Компьютерная безопасность (спец.),Специалитет,Б1.В,0.5,Зачет с оценкой,22,[7]
544153,Теория графов и ее приложения,5,10.05.01 Компьютерная безопасность (спец.),Специалитет,Б1.О.Prof,1.0,Экзамен,22,[7]
544153,"Производственная практика, технологическая",5,10.05.01 Компьютерная безопасность (спец.),Специалитет,Б2,1.0,Зачет с оценкой,22,[8]
544153,Исследование операций и теория игр,5,10.05.01 Компьютерная безопасность (спец.),Специалитет,Б1.В,0.5,Экзамен,22,[7]
544153,Информационная безопасность распределенных информационных систем,5,10.05.01 Компьютерная безопасность (спец.),Специалитет,Б1.В,0.5,Зачет с оценкой,21,[8]
544153,Основы защиты персональных данных,5,10.05.01 Компьютерная безопасность (спец.),Специалитет,Б1.О.Prof,1.0,Зачет с оценкой,22,[8]
544153,Криптографические методы защиты информации,5,10.05.01 Компьютерная безопасность (спец.),Специалитет,Б1.О.Prof,1.0,Зачет с оценкой,22,"[7, 8]"
544153,"Производственная практика, научно-исследовательская работа",5,10.05.01 Компьютерная безопасность (спец.),Специалитет,Б2,1.0,Зачет с оценкой,22,"[7, 8]"
636320,Теория отраслевых рынков,6,38.03.01 Экономика,Бакалавриат,Б1.В,0.333,Зачет с оценкой,28,[5]
636320,Прикладная физическая культура (Легкая атлетика),6,38.03.01 Экономика,Бакалавриат,Б1.О.General,1.0,Зачет,26,"[5, 6]"
636320,Эконометрика,6,38.03.01 Экономика,Бакалавриат,Б1.О.Prof,1.0,Зачет с оценкой,28,[5]
636320,Информационные системы в бухгалтерском учете,6,38.03.01 Экономика,Бакалавриат,Б1.О.Prof,1.0,Зачет с оценкой,28,[5]
636320,Прикладная физическая культура (Адаптивная физическая культура),6,38.03.01 Экономика,Бакалавриат,Б1.О.General,0.667,Зачет,2,"[5, 6]"
636320,Финансовая математика,6,38.03.01 Экономика,Бакалавриат,Б1.О.Prof,0.667,Зачет с оценкой,28,[6]
636320,Финансы,6,38.03.01 Экономика,Бакалавриат,Б1.В,0.333,Курсовая работа,28,[5]
636320,Финансовый анализ,6,38.03.01 Экономика,Бакалавриат,Б1.О.Prof,0.667,Зачет с оценкой,28,[6]
636320,Бизнес-курс Максимум,6,38.03.01 Экономика,Бакалавриат,Б1.О.Prof,1.0,Зачет с оценкой,28,[6]
636320,Финансовые рынки,6,38.03.01 Экономика,Бакалавриат,Б1.О.Prof,0.667,Зачет с оценкой,28,[5]
636320,Экономико-математическое моделирование,6,38.03.01 Экономика,Бакалавриат,Б1.В,0.333,Зачет с оценкой,28,[6]
636320,Экономический анализ,6,38.03.01 Экономика,Бакалавриат,Б1.О.Prof,1.0,Зачет с оценкой,28,[5]
636320,Менеджмент,6,38.03.01 Экономика,Бакалавриат,Б1.В,0.333,Зачет с оценкой,28,[5]
636320,Корпоративные финансы,6,38.03.01 Экономика,Бакалавриат,Б1.О.Prof,0.667,Экзамен,28,[6]
636320,"Производственная практика, практика по получению профессиональных умений и опыта профессиональной деятельности",6,38.03.01 Экономика,Бакалавриат,Б2,1.0,Зачет с оценкой,29,[6]
636320,Налоги и налогообложение,6,38.03.01 Экономика,Бакалавриат,Б1.О.Prof,1.0,Зачет с оценкой,28,[6]
538019,Правовое регулирование рекламной деятельностью,28,42.03.01 Реклама и СО,Бакалавриат,Б1.О.Prof,1.0,Зачет,17,[7]
538019,Аналитические инструменты PR-процессов,28,42.03.01 Реклама и СО,Бакалавриат,Б1.О.Prof,1.0,Зачет с оценкой,17,[8]
538019,Теория и практика массовой информации,28,42.03.01 Реклама и СО,Бакалавриат,Б1.О.Prof,1.0,Зачет с оценкой,17,[8]
538019,Коммуникации в эмпирическом маркетинге,28,42.03.01 Реклама и СО,Бакалавриат,Б1.О.Prof,1.0,Зачет с оценкой,17,[8]
538019,Стратегия и тактика рекламной кампании,28,42.03.01 Реклама и СО,Бакалавриат,Б1.В,0.5,Экзамен,17,[7]
538019,Продвижение стартапов,28,42.03.01 Реклама и СО,Бакалавриат,Б1.О.Prof,1.0,Зачет с оценкой,17,[7]
538019,Технологии производства рекламного продукта,28,42.03.01 Реклама и СО,Бакалавриат,Б1.О.Prof,1.0,Экзамен,17,[7]
538019,Реклама в отраслях и сферах деятельности,28,42.03.01 Реклама и СО,Бакалавриат,Б1.О.Prof,1.0,Зачет с оценкой,17,[7]
538019,Реклама и PR инноваций,28,42.03.01 Реклама и СО,Бакалавриат,Б1.О.Prof,1.0,Зачет с оценкой,17,[8]
538019,Практика по получению профессиональных умений и опыта профессиональной деятельности,28,42.03.01 Реклама и СО,Бакалавриат,Б1.В,0.5,Зачет с оценкой,17,[7]
538019,Коммерческая деятельность,28,42.03.01 Реклама и СО,Бакалавриат,Б1.О.Prof,1.0,Зачет с оценкой,17,[7]
538019,Преддипломная практика,28,42.03.01 Реклама и СО,Бакалавриат,Б2,0.5,Зачет с оценкой,17,[8]
408998,Моделирование и программирование в среде Blender,1,09.03.02 ИСиТ,Бакалавриат,Б1.О.Prof,1.0,Зачет с оценкой,20,[8]
408998,Защита информации,1,09.03.02 ИСиТ,Бакалавриат,Б1.О.Prof,1.0,Экзамен,21,[7]
408998,Параллельное программирование,1,09.03.02 ИСиТ,Бакалавриат,Б1.О.Prof,1.0,Зачет с оценкой,22,[7]
408998,Технологии обработки информации,1,09.03.02 ИСиТ,Бакалавриат,Б1.О.Prof,1.0,Зачет с оценкой,21,[7]
408998,Компьютерный практикум,1,09.03.02 ИСиТ,Бакалавриат,Б1.В,0.5,Зачет с оценкой,21,[7]
408998,Мультимедиа технологии,1,09.03.02 ИСиТ,Бакалавриат,Б1.О.Prof,1.0,Зачет с оценкой,20,[8]
408998,Экономико-математическое моделирование,1,09.03.02 ИСиТ,Бакалавриат,Б1.В,0.5,Зачет с оценкой,22,[7]
408998,Теория информационных процессов и систем,1,09.03.02 ИСиТ,Бакалавриат,Б1.В,0.333,Экзамен,22,[7]
408998,Методологии и риски реализации проектов,1,09.03.02 ИСиТ,Бакалавриат,Б1.В,0.5,Зачет с оценкой,21,[7]
408998,Безопасность жизнедеятельности,1,09.03.02 ИСиТ,Бакалавриат,Б1.О.General,1.0,Зачет,22,[7]
408998,Обработка и визуализация данных,1,09.03.02 ИСиТ,Бакалавриат,Б1.В,0.333,Зачет с оценкой,20,[8]
408998,Интеллектуальные системы и технологии,1,09.03.02 ИСиТ,Бакалавриат,Б1.О.Prof,0.667,Зачет с оценкой,20,[8]
408998,"Учебная практика, проектно-технологическая практика",1,09.03.02 ИСиТ,Бакалавриат,Б2,0.5,Зачет с оценкой,10,[7]
505260,Инженерная и компьютерная графика,1,09.03.02 ИСиТ,Бакалавриат,Б1.О.Prof,0.667,Экзамен,19,[6]
505260,ЭВМ и периферийные устройства,1,09.03.02 ИСиТ,Бакалавриат,Б1.О.Prof,0.667,Экзамен,21,[6]
505260,Геоинформационные системы,1,09.03.02 ИСиТ,Бакалавриат,Б1.О.Prof,1.0,Экзамен,22,[5]
505260,"3D технологии: моделирование, сканирование и печать",1,09.03.02 ИСиТ,Бакалавриат,Б1.О.Prof,1.0,Зачет с оценкой,20,[6]
505260,Прикладная физическая культура (Адаптивная физическая культура),1,09.03.02 ИСиТ,Бакалавриат,Б1.О.General,0.5,Зачет,5,"[5, 6]"
505260,Проектирование информационных систем,1,09.03.02 ИСиТ,Бакалавриат,Б1.О.Prof,1.0,Экзамен,22,[5]
505260,Технологии разработки Web-сервисов,1,09.03.02 ИСиТ,Бакалавриат,Б1.О.Prof,1.0,Зачет с оценкой,21,[5]
505260,Прикладная физическая культура (ОФП),1,09.03.02 ИСиТ,Бакалавриат,Б1.О.General,1.0,Зачет,20,"[5, 6]"
505260,Сети и телекоммуникации,1,09.03.02 ИСиТ,Бакалавриат,Б1.О.Prof,0.667,Экзамен,21,[6]
505260,"Производственная практика, технологическая практика",1,09.03.02 ИСиТ,Бакалавриат,Б2,0.833,Зачет с оценкой,20,[6]
505260,Программирование и математическое моделирование,1,09.03.02 ИСиТ,Бакалавриат,Б1.О.Prof,1.0,Экзамен,21,[5]
505260,Электроника и схемотехника,1,09.03.02 ИСиТ,Бакалавриат,Б1.О.Prof,1.0,Зачет с оценкой,20,[6]
505260,Визуальное программирование,1,09.03.02 ИСиТ,Бакалавриат,Б1.О.Prof,1.0,Зачет с оценкой,21,[5]
505260,Теория вероятностей и математическая статистика,1,09.03.02 ИСиТ,Бакалавриат,Б1.О.Prof,1.0,Зачет с оценкой,21,[5]
505260,"Производственная практика, научно-исследовательская работа",1,09.03.02 ИСиТ,Бакалавриат,Б2,1.0,Зачет с оценкой,20,"[5, 6]"
484783,Иностранный язык,18,05.03.03 Картография и геоинформатика,Бакалавриат,Б1.О.General,1.0,Зачет с оценкой,10,[3]
484783,"Учебная практика, практика по получению первичных профессиональных умений и навыков, в том числе первичных умений и навыков научно-исследовательско...",18,05.03.03 Картография и геоинформатика,Бакалавриат,Б2,1.0,Зачет с оценкой,8,[4]
484783,Культура общения,18,05.03.03 Картография и геоинформатика,Бакалавриат,Б1.В,0.5,Зачет,1,[3]
484783,Физика,18,05.03.03 Картография и геоинформатика,Бакалавриат,Б1.О.General,1.0,Экзамен,9,"[3, 4]"
484783,Социология,18,05.03.03 Картография и геоинформатика,Бакалавриат,Б1.В,0.5,Зачет,3,[3]
484783,Правоведение,18,05.03.03 Картография и геоинформатика,Бакалавриат,Б1.О.General,1.0,Зачет,9,[3]
484783,Экономика,18,05.03.03 Картография и геоинформатика,Бакалавриат,Б1.О.General,1.0,Зачет с оценкой,10,[3]
484783,"Производственная практика, научно-исследовательская работа",18,05.03.03 Картография и геоинформатика,Бакалавриат,Б2,1.0,Зачет с оценкой,9,[4]
484783,Гидрология,18,05.03.03 Картография и геоинформатика,Бакалавриат,Б1.О.Prof,1.0,Зачет,10,[3]
484783,Культурология,18,05.03.03 Картография и геоинформатика,Бакалавриат,Б1.О.General,1.0,Зачет,3,[3]
484783,Геоэкология с основами биогеографии,18,05.03.03 Картография и геоинформатика,Бакалавриат,Б1.О.Prof,1.0,Зачет с оценкой,9,[4]
484783,Геодезия,18,05.03.03 Картография и геоинформатика,Бакалавриат,Б1.О.Prof,1.0,Зачет,9,[4]
484783,Русский язык и культура речи,18,05.03.03 Картография и геоинформатика,Бакалавриат,Б1.О.General,0.5,Зачет,9,[4]
484783,Философия,18,05.03.03 Картография и геоинформатика,Бакалавриат,Б1.О.General,1.0,Зачет с оценкой,9,[3]
484783,Конфликтология,18,05.03.03 Картография и геоинформатика,Бакалавриат,Б1.О.General,1.0,Зачет,3,[3]
484783,Основы геоинформатики,18,05.03.03 Картография и геоинформатика,Бакалавриат,Б1.О.Prof,1.0,Зачет с оценкой,9,[4]
484783,Информатика,18,05.03.03 Картография и геоинформатика,Бакалавриат,Б1.О.General,1.0,Зачет с оценкой,10,"[3, 4]"
484783,Геоинформационные системы,18,05.03.03 Картография и геоинформатика,Бакалавриат,Б1.О.Prof,1.0,Экзамен,9,[3]
484783,Топография,18,05.03.03 Картография и геоинформатика,Бакалавриат,Б1.В,0.5,Зачет с оценкой,9,[4]
484783,Социальное предпринимательство и основы проектной деятельности,18,05.03.03 Картография и геоинформатика,Бакалавриат,Б1.О.General,1.0,Зачет,9,[4]
484783,Прикладная физическая культура (ОФП),18,05.03.03 Картография и геоинформатика,Бакалавриат,Б1.О.General,1.0,Зачет,9,"[3, 4]"
484783,Математика,18,05.03.03 Картография и геоинформатика,Бакалавриат,Б1.О.General,1.0,Экзамен,9,[3]
656819,Информатика,29,12.03.04 Биотехнические системы,Бакалавриат,Б1.О.General,1.0,Экзамен,10,[1]
656819,Основы математической обработки информации,29,12.03.04 Биотехнические системы,Бакалавриат,Б1.О.Prof,1.0,Зачет,10,[2]
656819,Иностранный язык,29,12.03.04 Биотехнические системы,Бакалавриат,Б1.О.General,1.0,Зачет с оценкой,10,"[1, 2]"
656819,Теория принятия решений,29,12.03.04 Биотехнические системы,Бакалавриат,Б1.В,0.5,Зачет,9,[2]
656819,Прикладная физическая культура (ОФП),29,12.03.04 Биотехнические системы,Бакалавриат,Б1.О.General,1.0,Зачет,10,"[1, 2]"
656819,Основы современной биологии,29,12.03.04 Биотехнические системы,Бакалавриат,Б1.О.Prof,1.0,Экзамен,10,[1]
656819,Математический анализ,29,12.03.04 Биотехнические системы,Бакалавриат,Б1.О.General,1.0,Экзамен,10,[2]
656819,Химия,29,12.03.04 Биотехнические системы,Бакалавриат,Б1.О.Prof,1.0,Экзамен,10,"[1, 2]"
656819,Русский язык и культура речи,29,12.03.04 Биотехнические системы,Бакалавриат,Б1.О.General,1.0,Зачет,10,[1]
656819,Физика,29,12.03.04 Биотехнические системы,Бакалавриат,Б1.О.General,1.0,Экзамен,10,"[1, 2]"
656819,Цифровые технологии: от интернета до блокчейна,29,12.03.04 Биотехнические системы,Бакалавриат,Б1.В,0.5,Зачет,1,[2]
656819,Физическая культура и спорт,29,12.03.04 Биотехнические системы,Бакалавриат,Б1.О.General,1.0,Зачет,9,[1]
656819,Безопасность жизнедеятельности,29,12.03.04 Биотехнические системы,Бакалавриат,Б1.О.General,1.0,Зачет,10,[2]
656819,Математика,29,12.03.04 Биотехнические системы,Бакалавриат,Б1.О.General,1.0,Экзамен,10,[1]
656819,Экономика,29,12.03.04 Биотехнические системы,Бакалавриат,Б1.О.General,1.0,Зачет,10,[1]
656819,Материаловедение,29,12.03.04 Биотехнические системы,Бакалавриат,Б1.О.Prof,1.0,Экзамен,10,[2]
656819,"История (история России, всеобщая история)",29,12.03.04 Биотехнические системы,Бакалавриат,Б1.О.General,1.0,Зачет с оценкой,10,[1]
656819,Правоведение,29,12.03.04 Биотехнические системы,Бакалавриат,Б1.О.General,1.0,Зачет,10,[1]
167348,Психология творчества,24,37.03.01 Психология,Бакалавриат,Б1.О.Prof,1.0,Зачет с оценкой,16,[7]
167348,Профконсультирование,24,37.03.01 Психология,Бакалавриат,Б1.О.Prof,1.0,Экзамен,16,[8]
167348,"Производственная практика, преддипломная",24,37.03.01 Психология,Бакалавриат,Б2,1.0,Зачет с оценкой,16,[8]
167348,Методологические основы психологии,24,37.03.01 Психология,Бакалавриат,Б1.О.Prof,1.0,Экзамен,16,[7]
167348,Практикум психологического исследования,24,37.03.01 Психология,Бакалавриат,Б1.О.Prof,1.0,Экзамен,16,[7]
167348,Основы социально-психологического тренинга,24,37.03.01 Психология,Бакалавриат,Б1.О.Prof,1.0,Экзамен,16,[8]
167348,Педагогическая психология и методика преподавания психологии,24,37.03.01 Психология,Бакалавриат,Б1.О.Prof,1.0,Экзамен,16,[7]
167348,"Производственная практика, практика по получению профессиональных умений и опыта профессиональной деятельности",24,37.03.01 Психология,Бакалавриат,Б2,1.0,Зачет с оценкой,16,[7]
167348,Основы консультативной психологии,24,37.03.01 Психология,Бакалавриат,Б1.О.Prof,1.0,Экзамен,16,[7]
167348,Этнопсихология,24,37.03.01 Психология,Бакалавриат,Б1.О.Prof,1.0,Экзамен,16,[8]
695734,Оценка рисков,9,38.05.01 Экономическая безопасность (спец.),Специалитет,Б1.В,0.5,Зачет с оценкой,54,[6]
695734,Прикладная физическая культура (Легкая атлетика),9,38.05.01 Экономическая безопасность (спец.),Специалитет,Б1.О.General,1.0,Зачет,52,"[5, 6]"
695734,Эконометрика,9,38.05.01 Экономическая безопасность (спец.),Специалитет,Б1.О.Prof,1.0,Зачет с оценкой,53,[6]
695734,Бухгалтерский финансовый учет,9,38.05.01 Экономическая безопасность (спец.),Специалитет,Б1.В,0.5,Экзамен,55,[6]
695734,Бухгалтерский учет,9,38.05.01 Экономическая безопасность (спец.),Специалитет,Б1.О.Prof,1.0,Экзамен,55,[5]
695734,Прикладная физическая культура (Адаптивная физическая культура),9,38.05.01 Экономическая безопасность (спец.),Специалитет,Б1.О.General,1.0,Зачет,3,"[5, 6]"
695734,Финансы,9,38.05.01 Экономическая безопасность (спец.),Специалитет,Б1.В,0.5,Экзамен,54,[5]
695734,Антикоррупционное законодательство,9,38.05.01 Экономическая безопасность (спец.),Специалитет,Б1.В,0.5,Зачет,56,[5]
695734,Уголовное право и процесс,9,38.05.01 Экономическая безопасность (спец.),Специалитет,Б1.В,0.5,Зачет,29,[5]
695734,Государственные и муниципальные финансы,9,38.05.01 Экономическая безопасность (спец.),Специалитет,Б1.О.Prof,1.0,Экзамен,54,[6]
695734,Финансовое право,9,38.05.01 Экономическая безопасность (спец.),Специалитет,Б1.О.Prof,1.0,Зачет с оценкой,55,[6]
695734,Финансовые рынки,9,38.05.01 Экономическая безопасность (спец.),Специалитет,Б1.О.Prof,1.0,Зачет с оценкой,56,[5]
695734,Экономический анализ,9,38.05.01 Экономическая безопасность (спец.),Специалитет,Б1.О.Prof,1.0,Экзамен,55,[5]
695734,Менеджмент,9,38.05.01 Экономическая безопасность (спец.),Специалитет,Б1.В,0.5,Зачет с оценкой,56,[5]
695734,Налоги и налогообложение,9,38.05.01 Экономическая безопасность (спец.),Специалитет,Б1.О.Prof,1.0,Экзамен,54,[6]
695734,"Производственная практика, научно-исследовательская работа",9,38.05.01 Экономическая безопасность (спец.),Специалитет,Б2,0.5,Зачет с оценкой,54,[6]
597442,Управление программными проектами,1,09.03.02 ИСиТ,Бакалавриат,Б1.В,0.333,Курсовая работа,13,[7]
597442,Моделирование и программирование в среде Blender,1,09.03.02 ИСиТ,Бакалавриат,Б1.О.Prof,1.0,Зачет с оценкой,11,[8]
597442,Защита информации,1,09.03.02 ИСиТ,Бакалавриат,Б1.О.Prof,1.0,Зачет с оценкой,14,[7]
597442,Параллельное программирование,1,09.03.02 ИСиТ,Бакалавриат,Б1.О.Prof,1.0,Экзамен,14,[7]
597442,Технологии обработки информации,1,09.03.02 ИСиТ,Бакалавриат,Б1.О.Prof,1.0,Зачет с оценкой,14,[7]
597442,Компьютерный практикум,1,09.03.02 ИСиТ,Бакалавриат,Б1.В,0.5,Зачет с оценкой,14,[7]
597442,Мультимедиа технологии,1,09.03.02 ИСиТ,Бакалавриат,Б1.О.Prof,1.0,Зачет с оценкой,11,[8]
597442,Экономико-математическое моделирование,1,09.03.02 ИСиТ,Бакалавриат,Б1.В,0.5,Зачет с оценкой,14,[7]
597442,Методологии и риски реализации проектов,1,09.03.02 ИСиТ,Бакалавриат,Б1.В,0.5,Зачет с оценкой,15,[7]
597442,Безопасность жизнедеятельности,1,09.03.02 ИСиТ,Бакалавриат,Б1.О.General,1.0,Зачет,14,[7]
597442,Обработка и визуализация данных,1,09.03.02 ИСиТ,Бакалавриат,Б1.В,0.333,Зачет с оценкой,11,[8]
597442,Тестирование программного обеспечения,1,09.03.02 ИСиТ,Бакалавриат,Б1.В,0.333,Зачет,11,[8]
597442,"Учебная практика, проектно-технологическая практика",1,09.03.02 ИСиТ,Бакалавриат,Б2,0.5,Зачет с оценкой,2,[7]
241091,Теория вероятностей,3,01.03.02 ПМИ / 02.03.01 МКН,Бакалавриат,Б1.В,0.333,Экзамен,20,[5]
241091,Математическая статистика,3,01.03.02 ПМИ / 02.03.01 МКН,Бакалавриат,Б1.В,0.333,Зачет с оценкой,21,[6]
241091,Интеллектуальный анализ данных,3,01.03.02 ПМИ / 02.03.01 МКН,Бакалавриат,Б1.О.Prof,0.667,Зачет с оценкой,21,"[5, 6]"
241091,Базы данных,3,01.03.02 ПМИ / 02.03.01 МКН,Бакалавриат,Б1.О.Prof,0.667,Зачет с оценкой,21,[6]
241091,Прикладная физическая культура (Адаптивная физическая культура),3,01.03.02 ПМИ / 02.03.01 МКН,Бакалавриат,Б1.О.General,0.667,Зачет,6,"[5, 6]"
241091,Методика преподавания математики и информатики,3,01.03.02 ПМИ / 02.03.01 МКН,Бакалавриат,Б1.В,0.333,Зачет,21,[6]
241091,Прикладная физическая культура (ОФП),3,01.03.02 ПМИ / 02.03.01 МКН,Бакалавриат,Б1.О.General,1.0,Зачет,20,"[5, 6]"
241091,"Учебная практика, научно-исследовательская работа (получение первичных навыков научно-исследовательской работы)",3,01.03.02 ПМИ / 02.03.01 МКН,Бакалавриат,Б2,0.333,Зачет с оценкой,7,[6]
241091,Структуры и алгоритмы компьютерной обработки данных,3,01.03.02 ПМИ / 02.03.01 МКН,Бакалавриат,Б1.В,0.333,Зачет с оценкой,21,[6]
241091,Теория функции комплексного переменного,3,01.03.02 ПМИ / 02.03.01 МКН,Бакалавриат,Б1.В,0.333,Экзамен,21,[5]
241091,Физика,3,01.03.02 ПМИ / 02.03.01 МКН,Бакалавриат,Б1.О.General,0.667,Зачет с оценкой,18,[5]
241091,Функциональный анализ,3,01.03.02 ПМИ / 02.03.01 МКН,Бакалавриат,Б1.В,0.333,Зачет с оценкой,21,[6]
241091,Численные методы,3,01.03.02 ПМИ / 02.03.01 МКН,Бакалавриат,Б1.О.Prof,0.667,Экзамен,21,[5]
241091,Уравнения математической физики,3,01.03.02 ПМИ / 02.03.01 МКН,Бакалавриат,Б1.В,0.333,Зачет с оценкой,21,"[5, 6]"
241091,Теоретическая механика,3,01.03.02 ПМИ / 02.03.01 МКН,Бакалавриат,Б1.В,0.333,Зачет с оценкой,21,[6]
241091,Дифференциальная геометрия и топология,3,01.03.02 ПМИ / 02.03.01 МКН,Бакалавриат,Б1.В,0.333,Экзамен,21,[5]
816581,Прикладная физическая культура (Адаптивная физическая культура),3,01.03.02 ПМИ / 02.03.01 МКН,Бакалавриат,Б1.О.General,0.833,Зачет,9,"[3, 4]"
816581,Основы криптографии и теории кодирования,3,01.03.02 ПМИ / 02.03.01 МКН,Бакалавриат,Б1.В,0.333,Зачет с оценкой,40,[4]
816581,"Учебная практика, научно-исследовательская работа (получение первичных навыков научно-исследовательской работы)",3,01.03.02 ПМИ / 02.03.01 МКН,Бакалавриат,Б2,1.0,Зачет с оценкой,12,[4]
816581,Технологии программирования в Интернет,3,01.03.02 ПМИ / 02.03.01 МКН,Бакалавриат,Б1.В,0.333,Зачет с оценкой,47,"[3, 4]"
816581,Математический анализ,3,01.03.02 ПМИ / 02.03.01 МКН,Бакалавриат,Б1.О.Prof,0.667,Зачет с оценкой,44,[3]
816581,Операционные системы,3,01.03.02 ПМИ / 02.03.01 МКН,Бакалавриат,Б1.О.Prof,0.667,Зачет с оценкой,47,[3]
816581,Структуры и алгоритмы компьютерной обработки данных,3,01.03.02 ПМИ / 02.03.01 МКН,Бакалавриат,Б1.В,0.333,Зачет с оценкой,41,[4]
816581,Прикладная физическая культура (Волейбол),3,01.03.02 ПМИ / 02.03.01 МКН,Бакалавриат,Б1.О.General,0.5,Зачет,43,"[3, 4]"
816581,Цифровые технологии: от интернета до блокчейна,3,01.03.02 ПМИ / 02.03.01 МКН,Бакалавриат,Б1.О.Prof,0.833,Зачет,47,[3]
816581,Философия,3,01.03.02 ПМИ / 02.03.01 МКН,Бакалавриат,Б1.О.General,1.0,Зачет с оценкой,40,[4]
816581,Информатика и программирование,3,01.03.02 ПМИ / 02.03.01 МКН,Бакалавриат,Б1.О.Prof,0.667,Зачет с оценкой,45,"[3, 4]"
816581,История и методология математики и информатики,3,01.03.02 ПМИ / 02.03.01 МКН,Бакалавриат,Б1.В,0.333,Экзамен,41,[4]
816581,Технология разработки программного обеспечения,3,01.03.02 ПМИ / 02.03.01 МКН,Бакалавриат,Б1.В,0.333,Зачет с оценкой,49,[3]
816581,Педагогика,3,01.03.02 ПМИ / 02.03.01 МКН,Бакалавриат,Б1.В,0.333,Зачет,47,[3]
816581,Экономика,3,01.03.02 ПМИ / 02.03.01 МКН,Бакалавриат,Б1.О.General,0.667,Зачет,39,[4]
816581,Дифференциальные уравнения,3,01.03.02 ПМИ / 02.03.01 МКН,Бакалавриат,Б1.О.Prof,0.833,Экзамен,46,[3]
705999,Инженерная и компьютерная графика,1,09.03.02 ИСиТ,Бакалавриат,Б1.О.Prof,0.667,Экзамен,10,[6]
705999,ЭВМ и периферийные устройства,1,09.03.02 ИСиТ,Бакалавриат,Б1.О.Prof,0.667,Курсовая работа,10,[6]
705999,Технологическое предпринимательство и основы проектной деятельности,1,09.03.02 ИСиТ,Бакалавриат,Б1.О.General,0.833,Зачет,11,[6]
705999,Геоинформационные системы,1,09.03.02 ИСиТ,Бакалавриат,Б1.О.Prof,1.0,Экзамен,12,[5]
705999,"3D технологии: моделирование, сканирование и печать",1,09.03.02 ИСиТ,Бакалавриат,Б1.О.Prof,1.0,Зачет с оценкой,11,[6]
705999,Проектирование информационных систем,1,09.03.02 ИСиТ,Бакалавриат,Б1.О.Prof,1.0,Экзамен,12,[5]
705999,Технологии разработки Web-сервисов,1,09.03.02 ИСиТ,Бакалавриат,Б1.О.Prof,1.0,Зачет с оценкой,11,[5]
705999,Прикладная физическая культура (ОФП),1,09.03.02 ИСиТ,Бакалавриат,Б1.О.General,1.0,Зачет,14,"[5, 6]"
705999,Сети и телекоммуникации,1,09.03.02 ИСиТ,Бакалавриат,Б1.О.Prof,0.667,Экзамен,10,[6]
705999,Программирование и математическое моделирование,1,09.03.02 ИСиТ,Бакалавриат,Б1.О.Prof,1.0,Экзамен,11,[5]
705999,Электроника и схемотехника,1,09.03.02 ИСиТ,Бакалавриат,Б1.О.Prof,1.0,Зачет с оценкой,9,[6]
705999,Визуальное программирование,1,09.03.02 ИСиТ,Бакалавриат,Б1.О.Prof,1.0,Зачет с оценкой,12,[5]
705999,Правоведение,1,09.03.02 ИСиТ,Бакалавриат,Б1.О.General,0.5,Зачет,9,[6]
705999,Теория вероятностей и математическая статистика,1,09.03.02 ИСиТ,Бакалавриат,Б1.О.Prof,1.0,Зачет с оценкой,14,[5]
705999,"Производственная практика, научно-исследовательская работа",1,09.03.02 ИСиТ,Бакалавриат,Б2,1.0,Зачет с оценкой,11,"[5, 6]"
865743,Экономика фирмы,3,01.03.02 ПМИ / 02.03.01 МКН,Бакалавриат,Б1.В,0.5,Зачет с оценкой,20,[8]
865743,Моделирование и программирование в среде Blender,3,01.03.02 ПМИ / 02.03.01 МКН,Бакалавриат,Б1.О.Prof,1.0,Зачет с оценкой,20,[7]
865743,Технология командной работы в IT-индустрии,3,01.03.02 ПМИ / 02.03.01 МКН,Бакалавриат,Б1.В,0.25,Экзамен,20,[8]
865743,Защита информации,3,01.03.02 ПМИ / 02.03.01 МКН,Бакалавриат,Б1.В,0.5,Экзамен,20,[7]
865743,Автоматизированные системы бухгалтерского учета (1С),3,01.03.02 ПМИ / 02.03.01 МКН,Бакалавриат,Б1.В,0.5,Экзамен,20,[7]
865743,Информационный менеджмент,3,01.03.02 ПМИ / 02.03.01 МКН,Бакалавриат,Б1.В,0.25,Зачет с оценкой,20,[8]
865743,Модели и методы принятия решений,3,01.03.02 ПМИ / 02.03.01 МКН,Бакалавриат,Б1.В,0.5,Зачет с оценкой,20,[8]
865743,Математический анализ данных,3,01.03.02 ПМИ / 02.03.01 МКН,Бакалавриат,Б1.В,0.25,Зачет с оценкой,20,[7]
865743,Физика,3,01.03.02 ПМИ / 02.03.01 МКН,Бакалавриат,Б1.О.General,0.5,Зачет с оценкой,18,[7]
865743,"Производственная практика, преддипломная",3,01.03.02 ПМИ / 02.03.01 МКН,Бакалавриат,Б2,0.25,Зачет с оценкой,20,[8]
865743,Алгоритмы обработки растровых изображений,3,01.03.02 ПМИ / 02.03.01 МКН,Бакалавриат,Б1.О.Prof,0.75,Зачет с оценкой,20,[7]
865743,Администрирование информационных систем,3,01.03.02 ПМИ / 02.03.01 МКН,Бакалавриат,Б1.О.Prof,0.75,Зачет с оценкой,20,[7]
865743,"Производственная практика, научно-исследовательская работа",3,01.03.02 ПМИ / 02.03.01 МКН,Бакалавриат,Б2,1.0,Зачет с оценкой,20,[7]
261588,Информатика,29,12.03.04 Биотехнические системы,Бакалавриат,Б1.О.General,1.0,Экзамен,12,[1]
261588,Основы математической обработки информации,29,12.03.04 Биотехнические системы,Бакалавриат,Б1.О.Prof,1.0,Зачет,12,[2]
261588,Иностранный язык,29,12.03.04 Биотехнические системы,Бакалавриат,Б1.О.General,1.0,Зачет с оценкой,12,"[1, 2]"
261588,Прикладная физическая культура (Адаптивная физическая культура),29,12.03.04 Биотехнические системы,Бакалавриат,Б1.О.General,0.5,Зачет,4,"[1, 2]"
261588,Основы современной биологии,29,12.03.04 Биотехнические системы,Бакалавриат,Б1.О.Prof,1.0,Экзамен,12,[1]
261588,Прикладная физическая культура (ОФП),29,12.03.04 Биотехнические системы,Бакалавриат,Б1.О.General,1.0,Зачет,4,"[1, 2]"
261588,Химия,29,12.03.04 Биотехнические системы,Бакалавриат,Б1.О.Prof,1.0,Экзамен,12,"[1, 2]"
261588,Математический анализ,29,12.03.04 Биотехнические системы,Бакалавриат,Б1.О.General,1.0,Экзамен,12,[2]
261588,Русский язык и культура речи,29,12.03.04 Биотехнические системы,Бакалавриат,Б1.О.General,1.0,Зачет,12,[1]
261588,Физика,29,12.03.04 Биотехнические системы,Бакалавриат,Б1.О.General,1.0,Зачет,12,"[1, 2]"
261588,Прикладная физическая культура (Волейбол),29,12.03.04 Биотехнические системы,Бакалавриат,Б1.О.General,0.5,Зачет,5,"[1, 2]"
261588,Физическая культура и спорт,29,12.03.04 Биотехнические системы,Бакалавриат,Б1.О.General,1.0,Зачет,12,[1]
261588,Безопасность жизнедеятельности,29,12.03.04 Биотехнические системы,Бакалавриат,Б1.О.General,1.0,Зачет,12,[2]
261588,Математика,29,12.03.04 Биотехнические системы,Бакалавриат,Б1.О.General,1.0,Экзамен,12,[1]
261588,Экономика,29,12.03.04 Биотехнические системы,Бакалавриат,Б1.О.General,1.0,Зачет,12,[1]
261588,Материаловедение,29,12.03.04 Биотехнические системы,Бакалавриат,Б1.О.Prof,1.0,Экзамен,12,[2]
261588,"История (история России, всеобщая история)",29,12.03.04 Биотехнические системы,Бакалавриат,Б1.О.General,1.0,Зачет с оценкой,12,[1]
261588,Правоведение,29,12.03.04 Биотехнические системы,Бакалавриат,Б1.О.General,1.0,Зачет,12,[1]
884184,Государственная политика и управление,4,41.03.04 Политология,Бакалавриат,Б1.О.Prof,1.0,Экзамен,15,[5]
884184,Сравнительная политология,4,41.03.04 Политология,Бакалавриат,Б1.О.Prof,1.0,Зачет с оценкой,15,[5]
884184,"Производственная практика, научно-исследовательская работа (по теме выпускной квалификационной работе)",4,41.03.04 Политология,Бакалавриат,Б2,0.667,Зачет с оценкой,14,[6]
884184,Политическое консультирование и экспертиза в российской политике,4,41.03.04 Политология,Бакалавриат,Б1.В,0.333,Зачет с оценкой,14,[6]
884184,Прикладная физическая культура (ОФП),4,41.03.04 Политология,Бакалавриат,Б1.О.General,1.0,Зачет,15,"[5, 6]"
884184,Религия и политика,4,41.03.04 Политология,Бакалавриат,Б1.В,0.333,Зачет с оценкой,15,[5]
884184,Политические элиты и лидерство в РФ,4,41.03.04 Политология,Бакалавриат,Б1.В,0.167,Зачет с оценкой,14,[6]
884184,Технологии в экспертной и консалтинговой деятельности,4,41.03.04 Политология,Бакалавриат,Б1.О.Prof,1.0,Зачет с оценкой,15,[5]
884184,Политический менеджмент,4,41.03.04 Политология,Бакалавриат,Б1.О.Prof,1.0,Зачет с оценкой,14,[6]
884184,Эмпирические исследования в области политических наук и регионоведения,4,41.03.04 Политология,Бакалавриат,Б1.О.Prof,1.0,Экзамен,15,"[5, 6]"
884184,Современная российская политика,4,41.03.04 Политология,Бакалавриат,Б1.В,0.333,Экзамен,15,"[5, 6]"
884184,Политический анализ и прогнозирование,4,41.03.04 Политология,Бакалавриат,Б1.О.Prof,1.0,Экзамен,15,"[5, 6]"
884184,Политическая коммуникативистика,4,41.03.04 Политология,Бакалавриат,Б1.О.Prof,1.0,Зачет с оценкой,15,[5]
800218,Управление ИТ-проектами,19,Неизвестное (Информатика и алгоритмические языки...),Бакалавриат,Б1.О.Prof,1.0,Зачет с оценкой,22,[8]
800218,Хранилища данных,19,Неизвестное (Информатика и алгоритмические языки...),Бакалавриат,Б1.О.Prof,1.0,Зачет с оценкой,22,[7]
800218,Управление жизненным циклом ИС,19,Неизвестное (Информатика и алгоритмические языки...),Бакалавриат,Б1.О.Prof,1.0,Зачет с оценкой,21,[8]
800218,Научно-исследовательская работа,19,Неизвестное (Информатика и алгоритмические языки...),Бакалавриат,Б2,0.5,Зачет с оценкой,22,[7]
800218,Информационный менеджмент,19,Неизвестное (Информатика и алгоритмические языки...),Бакалавриат,Б1.О.Prof,1.0,Зачет с оценкой,21,[8]
800218,Управление ИТ - сервисами и контентом,19,Неизвестное (Информатика и алгоритмические языки...),Бакалавриат,Б1.О.Prof,1.0,Зачет с оценкой,21,[7]
800218,Компьютерные методы принятия организационно-управленческих решений,19,Неизвестное (Информатика и алгоритмические языки...),Бакалавриат,Б1.О.Prof,1.0,Экзамен,22,[7]
800218,Архитектура предприятия (Архитектура КИС),19,Неизвестное (Информатика и алгоритмические языки...),Бакалавриат,Б1.О.Prof,1.0,Экзамен,21,[7]
800218,Мировые информационные ресурсы и сети,19,Неизвестное (Информатика и алгоритмические языки...),Бакалавриат,Б1.В,0.5,Зачет с оценкой,21,[7]
800218,Аудит информационных систем,19,Неизвестное (Информатика и алгоритмические языки...),Бакалавриат,Б1.О.Prof,1.0,Зачет с оценкой,22,[7]
800218,Правовая защита интеллектуальной собственности,19,Неизвестное (Информатика и алгоритмические языки...),Бакалавриат,Б1.О.Prof,1.0,Зачет с оценкой,21,[7]
800218,Поисковая оптимизация и продвижение web-сайтов,19,Неизвестное (Информатика и алгоритмические языки...),Бакалавриат,Б1.В,0.5,Зачет с оценкой,22,[8]
800218,Преддипломная практика,19,Неизвестное (Информатика и алгоритмические языки...),Бакалавриат,Б2,0.5,Зачет с оценкой,22,[8]
886238,Информатика,1,09.03.02 ИСиТ,Бакалавриат,Б1.О.Prof,1.0,Экзамен,35,[1]
886238,Иностранный язык,1,09.03.02 ИСиТ,Бакалавриат,Б1.О.General,1.0,Зачет с оценкой,39,"[1, 2]"
886238,Прикладная физическая культура (ОФП),1,09.03.02 ИСиТ,Бакалавриат,Б1.О.General,1.0,Зачет,36,"[1, 2]"
886238,Технологии сети Интернет,1,09.03.02 ИСиТ,Бакалавриат,Б1.О.Prof,1.0,Экзамен,33,[2]
886238,Математический анализ,1,09.03.02 ИСиТ,Бакалавриат,Б1.О.Prof,1.0,Зачет с оценкой,37,"[1, 2]"
886238,Физика,1,09.03.02 ИСиТ,Бакалавриат,Б1.О.General,0.667,Экзамен,33,[2]
886238,Философия,1,09.03.02 ИСиТ,Бакалавриат,Б1.О.General,0.333,Зачет с оценкой,33,[2]
886238,Языки высокого уровня,1,09.03.02 ИСиТ,Бакалавриат,Б1.О.Prof,1.0,Зачет с оценкой,39,"[1, 2]"
886238,Русский язык и культура речи,1,09.03.02 ИСиТ,Бакалавриат,Б1.О.General,1.0,Зачет,37,[1]
886238,Физическая культура и спорт,1,09.03.02 ИСиТ,Бакалавриат,Б1.О.General,1.0,Зачет,37,[1]
886238,Алгебра и геометрия,1,09.03.02 ИСиТ,Бакалавриат,Б1.О.Prof,1.0,Экзамен,38,[1]
886238,Безопасность жизнедеятельности,1,09.03.02 ИСиТ,Бакалавриат,Б1.О.General,1.0,Зачет,39,[1]
886238,Основы математического моделирования,1,09.03.02 ИСиТ,Бакалавриат,Б1.О.Prof,1.0,Экзамен,38,[1]
886238,"История (история России, всеобщая история)",1,09.03.02 ИСиТ,Бакалавриат,Б1.О.General,1.0,Зачет с оценкой,33,[2]
886238,Правоведение,1,09.03.02 ИСиТ,Бакалавриат,Б1.О.General,1.0,Зачет,32,[2]
886238,Информационные технологии,1,09.03.02 ИСиТ,Бакалавриат,Б1.В,0.333,Зачет с оценкой,33,[2]
835040,Схемотехника аналоговых электронных устройств,2,03.03.02 Физика / Радиофизика,Бакалавриат,Б1.О.Prof,0.667,Экзамен,9,[5]
835040,Квантовая теория,2,03.03.02 Физика / Радиофизика,Бакалавриат,Б1.В,0.5,Экзамен,9,[6]
835040,Основы научно-исследовательской работы,2,03.03.02 Физика / Радиофизика,Бакалавриат,Б1.В,0.167,Курсовая работа,9,[5]
835040,Цифровые устройства и микропроцессоры,2,03.03.02 Физика / Радиофизика,Бакалавриат,Б1.О.Prof,0.667,Экзамен,10,[5]
835040,Прикладная физическая культура (ОФП),2,03.03.02 Физика / Радиофизика,Бакалавриат,Б1.О.General,1.0,Зачет,10,"[5, 6]"
835040,Колебания и волны,2,03.03.02 Физика / Радиофизика,Бакалавриат,Б1.О.Prof,0.667,Экзамен,9,[6]
835040,Электродинамика и распространение радиоволн,2,03.03.02 Физика / Радиофизика,Бакалавриат,Б1.В,0.5,Зачет с оценкой,9,"[5, 6]"
835040,Физика атомного ядра и частиц,2,03.03.02 Физика / Радиофизика,Бакалавриат,Б1.В,0.5,Зачет,9,[6]
835040,Аппаратные средства персонального компьютера,2,03.03.02 Физика / Радиофизика,Бакалавриат,Б1.О.Prof,0.667,Зачет,8,[6]
835040,Общий физический лабораторный практикум,2,03.03.02 Физика / Радиофизика,Бакалавриат,Б1.В,0.333,Зачет с оценкой,8,[5]
835040,Физика полупроводников,2,03.03.02 Физика / Радиофизика,Бакалавриат,Б1.О.Prof,0.667,Экзамен,8,[6]
835040,Банки и базы данных,2,03.03.02 Физика / Радиофизика,Бакалавриат,Б1.В,0.167,Зачет с оценкой,9,[6]
835040,Лабораторный практикум по электронике,2,03.03.02 Физика / Радиофизика,Бакалавриат,Б1.В,0.333,Зачет с оценкой,7,[5]
835040,Физика атомов и атомных явлений,2,03.03.02 Физика / Радиофизика,Бакалавриат,Б1.В,0.333,Экзамен,10,[5]
835040,Системы автоматизированного проектирования,2,03.03.02 Физика / Радиофизика,Бакалавриат,Б1.В,0.167,Зачет с оценкой,9,[5]
835040,Теория колебаний,2,03.03.02 Физика / Радиофизика,Бакалавриат,Б1.О.Prof,0.833,Зачет с оценкой,9,[5]
835040,"Производственная практика, практика по получению профессиональных умений и опыта профессиональной деятельности",2,03.03.02 Физика / Радиофизика,Бакалавриат,Б2,0.333,Зачет с оценкой,9,[6]
835040,"Производственная практика, научно-исследовательская работа",2,03.03.02 Физика / Радиофизика,Бакалавриат,Б2,1.0,Зачет с оценкой,7,[6]
951780,Государственный экзамен,48,Неизвестное (Государственный экзамен...),Бакалавриат,Б3,1.0,ГАК,11,[8]
951780,Выпускная квалификационная работа (бакалаврская работа),48,Неизвестное (Государственный экзамен...),Бакалавриат,Б3,1.0,Защита ВКР,11,[8]
951780,Комплексный практикум по социологии,48,Неизвестное (Государственный экзамен...),Бакалавриат,Б1.О.Prof,1.0,Зачет,11,[7]
951780,Проблема ценностей в социологии,48,Неизвестное (Государственный экзамен...),Бакалавриат,Б1.О.Prof,1.0,Зачет с оценкой,11,[7]
951780,Социология религии,48,Неизвестное (Государственный экзамен...),Бакалавриат,Б1.О.Prof,1.0,Зачет с оценкой,12,[7]
951780,Качественные методы в социологии,48,Неизвестное (Государственный экзамен...),Бакалавриат,Б1.О.Prof,1.0,Экзамен,11,[7]
951780,Преддипломная практика,48,Неизвестное (Государственный экзамен...),Бакалавриат,Б2,1.0,Зачет с оценкой,11,[8]
951780,Социология социального пространства,48,Неизвестное (Государственный экзамен...),Бакалавриат,Б1.О.Prof,1.0,Экзамен,11,[7]
951780,"Организация, подготовка и презентация социологического исследования",48,Неизвестное (Государственный экзамен...),Бакалавриат,Б1.О.Prof,1.0,Экзамен,11,[8]
951780,Социология науки и техники,48,Неизвестное (Государственный экзамен...),Бакалавриат,Б1.О.Prof,1.0,Экзамен,11,[7]
951780,Прикладные статистические программы в социологических исследованиях,48,Неизвестное (Государственный экзамен...),Бакалавриат,Б1.О.Prof,1.0,Зачет с оценкой,11,[7]
271849,Информатика,23,11.03.02 Инфокоммуникации,Бакалавриат,Б1.О.General,1.0,Экзамен,23,[1]
271849,Лаборатоный практикум: Электричество,23,11.03.02 Инфокоммуникации,Бакалавриат,Б1.О.Prof,1.0,Зачет с оценкой,25,[2]
271849,Основы математической обработки информации,23,11.03.02 Инфокоммуникации,Бакалавриат,Б1.О.Prof,1.0,Зачет,22,[2]
271849,Иностранный язык,23,11.03.02 Инфокоммуникации,Бакалавриат,Б1.О.General,1.0,Зачет с оценкой,24,"[1, 2]"
271849,Дискретная математика,23,11.03.02 Инфокоммуникации,Бакалавриат,Б1.О.Prof,1.0,Зачет с оценкой,20,[2]
271849,Прикладная физическая культура (ОФП),23,11.03.02 Инфокоммуникации,Бакалавриат,Б1.О.General,1.0,Зачет,9,[1]
271849,Информационные технологии в инфокоммуникационных системах,23,11.03.02 Инфокоммуникации,Бакалавриат,Б1.О.Prof,1.0,Зачет с оценкой,21,[2]
271849,Русский язык и культура речи,23,11.03.02 Инфокоммуникации,Бакалавриат,Б1.О.General,1.0,Зачет,22,[1]
271849,Программирование микропроцессоров в инфокоммуникационных системах,23,11.03.02 Инфокоммуникации,Бакалавриат,Б1.О.Prof,1.0,Зачет,25,[2]
271849,"История (история России, всеобщая история)",23,11.03.02 Инфокоммуникации,Бакалавриат,Б1.О.General,0.5,Зачет с оценкой,22,[1]
271849,Прикладная физическая культура (Волейбол),23,11.03.02 Инфокоммуникации,Бакалавриат,Б1.О.General,0.5,Зачет,13,[1]
271849,Физическая культура и спорт,23,11.03.02 Инфокоммуникации,Бакалавриат,Б1.О.General,1.0,Зачет,25,[1]
271849,Конструирование систем подвижной радиосвязи,23,11.03.02 Инфокоммуникации,Бакалавриат,Б1.О.Prof,1.0,Зачет с оценкой,20,[2]
271849,Математика,23,11.03.02 Инфокоммуникации,Бакалавриат,Б1.О.General,1.0,Зачет с оценкой,22,[1]
271849,Экономика,23,11.03.02 Инфокоммуникации,Бакалавриат,Б1.О.General,1.0,Зачет,23,[1]
271849,Вычислительные методы обработки информации в инфокоммуникационных системах,23,11.03.02 Инфокоммуникации,Бакалавриат,Б1.О.Prof,1.0,Зачет с оценкой,25,"[1, 2]"
271849,Введение в специальность,23,11.03.02 Инфокоммуникации,Бакалавриат,Б1.О.Prof,1.0,Экзамен,22,"[1, 2]"
194036,Технологическое предпринимательство и основы проектной деятельности,1,09.03.02 ИСиТ,Бакалавриат,Б1.О.General,0.167,Зачет,24,[3]
194036,"Метрология, стандартизация, сертификация",1,09.03.02 ИСиТ,Бакалавриат,Б1.В,0.333,Зачет с оценкой,22,[3]
194036,Методы математической физики,1,09.03.02 ИСиТ,Бакалавриат,Б1.О.Prof,1.0,Зачет с оценкой,23,[4]
194036,Иностранный язык,1,09.03.02 ИСиТ,Бакалавриат,Б1.О.General,0.667,Зачет с оценкой,23,"[3, 4]"
194036,Базы данных,1,09.03.02 ИСиТ,Бакалавриат,Б1.О.Prof,1.0,Курсовая работа,23,[3]
194036,Прикладная физическая культура (Адаптивная физическая культура),1,09.03.02 ИСиТ,Бакалавриат,Б1.О.General,0.833,Зачет,3,"[3, 4]"
194036,Математическое моделирование физических систем,1,09.03.02 ИСиТ,Бакалавриат,Б1.О.Prof,1.0,Зачет с оценкой,23,[3]
194036,Дискретная математика,1,09.03.02 ИСиТ,Бакалавриат,Б1.О.Prof,1.0,Экзамен,22,[3]
194036,Модели и методы принятия решений,1,09.03.02 ИСиТ,Бакалавриат,Б1.В,0.5,Зачет с оценкой,23,[4]
194036,Прикладная физическая культура (ОФП),1,09.03.02 ИСиТ,Бакалавриат,Б1.О.General,0.5,Зачет,20,"[3, 4]"
194036,Операционные системы,1,09.03.02 ИСиТ,Бакалавриат,Б1.О.Prof,1.0,Экзамен,24,[4]
194036,"Учебная практика, научно-исследовательская работа (получение первичных навыков научно-исследовательской работы)",1,09.03.02 ИСиТ,Бакалавриат,Б2,1.0,Зачет с оценкой,2,[4]
194036,Физика,1,09.03.02 ИСиТ,Бакалавриат,Б1.О.General,0.667,Экзамен,22,[3]
194036,Философия,1,09.03.02 ИСиТ,Бакалавриат,Б1.О.General,0.667,Зачет с оценкой,21,[4]
194036,Численные методы,1,09.03.02 ИСиТ,Бакалавриат,Б1.О.Prof,1.0,Экзамен,23,[4]
194036,Безопасность жизнедеятельности,1,09.03.02 ИСиТ,Бакалавриат,Б1.О.General,0.167,Зачет,23,[4]
194036,Объектно-ориентированное программирование,1,09.03.02 ИСиТ,Бакалавриат,Б1.О.Prof,1.0,Зачет,24,[3]
194036,Правоведение,1,09.03.02 ИСиТ,Бакалавриат,Б1.О.General,0.167,Зачет,24,[4]
923124,Специальный практикум,8,40.03.01 Юриспруденция,Специалитет,Б1.О.Prof,1.0,Зачет с оценкой,39,"[5, 6]"
923124,Спектроскопические методы анализа,8,40.03.01 Юриспруденция,Специалитет,Б1.В,0.5,Зачет с оценкой,40,[6]
923124,Прикладная физическая культура (Легкая атлетика),8,40.03.01 Юриспруденция,Специалитет,Б1.О.General,1.0,Зачет,37,"[5, 6]"
923124,Квантовая механика,8,40.03.01 Юриспруденция,Специалитет,Б1.О.Prof,1.0,Зачет с оценкой,38,[6]
923124,Прикладная физическая культура (Адаптивная физическая культура),8,40.03.01 Юриспруденция,Специалитет,Б1.О.General,1.0,Зачет,2,"[5, 6]"
923124,Теория судебной экспертизы,8,40.03.01 Юриспруденция,Специалитет,Б1.О.Prof,1.0,Зачет,40,[6]
923124,"Производственная практика, научно-исследовательская работа",8,40.03.01 Юриспруденция,Специалитет,Б2,1.0,Зачет с оценкой,38,[6]
923124,Газовая и жидкостная хроматография в судебной экспертизе,8,40.03.01 Юриспруденция,Специалитет,Б1.В,0.5,Зачет с оценкой,39,[6]
923124,Уголовное право,8,40.03.01 Юриспруденция,Специалитет,Б1.О.Prof,1.0,Экзамен,39,[6]
923124,Судебная экспертиза материалов документов,8,40.03.01 Юриспруденция,Специалитет,Б1.О.Prof,1.0,Зачет с оценкой,40,[5]
923124,Основные виды традиционных и криминалистических экспертиз,8,40.03.01 Юриспруденция,Специалитет,Б1.О.Prof,1.0,Зачет с оценкой,40,[5]
923124,Участие специалиста в процессуальных действиях,8,40.03.01 Юриспруденция,Специалитет,Б1.О.Prof,1.0,Зачет с оценкой,40,[5]
923124,Специальный экспертный практикум,8,40.03.01 Юриспруденция,Специалитет,Б1.В,0.5,Зачет,39,[5]
923124,Атомное строение вещества,8,40.03.01 Юриспруденция,Специалитет,Б1.О.Prof,1.0,Экзамен,39,[5]
923124,Криминалистика,8,40.03.01 Юриспруденция,Специалитет,Б1.О.Prof,1.0,Экзамен,39,[5]
923124,"Учебная практика, практика по получению первичных профессиональных умений, в том числе первичных умений и навыков научно-исследовательской деятельност",8,40.03.01 Юриспруденция,Специалитет,Б2,1.0,Зачет с оценкой,38,[6]
923124,Материаловедение,8,40.03.01 Юриспруденция,Специалитет,Б1.О.Prof,1.0,Зачет с оценкой,40,"[5, 6]"
923124,Рентгенография в судебной экспертизе,8,40.03.01 Юриспруденция,Специалитет,Б1.В,0.5,Экзамен,38,[6]
650750,Иностранный язык,7,45.03.01 Филология,Бакалавриат,Б1.О.General,1.0,Зачет с оценкой,8,"[1, 2]"
650750,Устное народное творчество,7,45.03.01 Филология,Бакалавриат,Б1.О.Prof,1.0,Зачет,8,[1]
650750,Практикум по орфографии,7,45.03.01 Филология,Бакалавриат,Б1.О.Prof,1.0,Зачет,7,[2]
650750,Введение в языкознание,7,45.03.01 Филология,Бакалавриат,Б1.О.Prof,1.0,Экзамен,8,[1]
650750,История зарубежной литературы XIX века,7,45.03.01 Филология,Бакалавриат,Б1.В,0.5,Зачет с оценкой,8,[1]
650750,Современный русский язык: морфемика и словообразование,7,45.03.01 Филология,Бакалавриат,Б1.О.Prof,1.0,Экзамен,7,[2]
650750,Современный русский язык: Фонетика,7,45.03.01 Филология,Бакалавриат,Б1.О.Prof,1.0,Экзамен,8,[1]
650750,История русской литературы XVIII века,7,45.03.01 Филология,Бакалавриат,Б1.О.Prof,1.0,Зачет,7,[2]
650750,Физическая культура и спорт,7,45.03.01 Филология,Бакалавриат,Б1.О.General,1.0,Зачет,8,[1]
650750,"История (история России, всеобщая история)",7,45.03.01 Филология,Бакалавриат,Б1.О.General,0.5,Зачет с оценкой,8,[1]
650750,История педагогики,7,45.03.01 Филология,Бакалавриат,Б1.В,0.5,Зачет,8,[1]
650750,История зарубежной литературы ХХ века,7,45.03.01 Филология,Бакалавриат,Б1.В,0.5,Зачет с оценкой,7,[2]
650750,Детская литература,7,45.03.01 Филология,Бакалавриат,Б1.В,0.5,Зачет с оценкой,7,[2]
650750,"Учебная практика, научно-исследовательская работа (получение первичных навыков научно-исследовательской работы) (литературоведческая)",7,45.03.01 Филология,Бакалавриат,Б2,0.5,Зачет с оценкой,7,[1]
650750,Прикладная физическая культура (Волейбол),7,45.03.01 Филология,Бакалавриат,Б1.О.General,1.0,Зачет,1,"[1, 2]"
650750,Современный литературный процесс,7,45.03.01 Филология,Бакалавриат,Б1.О.Prof,1.0,Зачет,7,[2]
650750,Старославянский язык,7,45.03.01 Филология,Бакалавриат,Б1.О.Prof,1.0,Экзамен,7,[2]
650750,Литература русского зарубежья,7,45.03.01 Филология,Бакалавриат,Б1.В,0.5,Зачет,7,[2]
650750,Литература народов России и ближнего зарубежья,7,45.03.01 Филология,Бакалавриат,Б1.В,0.5,Зачет,7,[2]
650750,Информатика,7,45.03.01 Филология,Бакалавриат,Б1.О.General,1.0,Зачет с оценкой,8,[1]
650750,Прикладная физическая культура (ОФП),7,45.03.01 Филология,Бакалавриат,Б1.О.General,0.5,Зачет,7,"[1, 2]"
650750,Введение в литературоведение,7,45.03.01 Филология,Бакалавриат,Б1.О.Prof,1.0,Зачет,8,[1]
650750,История древнерусской литературы,7,45.03.01 Филология,Бакалавриат,Б1.О.Prof,1.0,Зачет,8,[1]
650750,Русская лексикография,7,45.03.01 Филология,Бакалавриат,Б1.В,0.5,Зачет,7,[2]
509454,"Вычислительные системы, сети и телекоммуникации",3,01.03.02 ПМИ / 02.03.01 МКН,Бакалавриат,Б1.В,0.333,Зачет,32,"[1, 2]"
509454,Иностранный язык,3,01.03.02 ПМИ / 02.03.01 МКН,Бакалавриат,Б1.О.General,1.0,Зачет с оценкой,32,"[1, 2]"
509454,Элементы проектирования web-интерфейсов,3,01.03.02 ПМИ / 02.03.01 МКН,Бакалавриат,Б1.В,0.333,Зачет,33,"[1, 2]"
509454,Прикладная физическая культура (Адаптивная физическая культура),3,01.03.02 ПМИ / 02.03.01 МКН,Бакалавриат,Б1.О.General,0.833,Зачет,1,[1]
509454,Дискретная математика,3,01.03.02 ПМИ / 02.03.01 МКН,Бакалавриат,Б1.О.Prof,1.0,Экзамен,32,[1]
509454,Прикладная физическая культура (ОФП),3,01.03.02 ПМИ / 02.03.01 МКН,Бакалавриат,Б1.О.General,1.0,Зачет,30,"[1, 2]"
509454,Математический анализ,3,01.03.02 ПМИ / 02.03.01 МКН,Бакалавриат,Б1.О.Prof,1.0,Зачет с оценкой,32,"[1, 2]"
509454,Русский язык и культура речи,3,01.03.02 ПМИ / 02.03.01 МКН,Бакалавриат,Б1.О.General,1.0,Зачет,32,[1]
509454,Безопасность жизнедеятельности,3,01.03.02 ПМИ / 02.03.01 МКН,Бакалавриат,Б1.О.General,0.333,Зачет,30,[2]
509454,Информатика и программирование,3,01.03.02 ПМИ / 02.03.01 МКН,Бакалавриат,Б1.О.Prof,1.0,Зачет с оценкой,33,"[1, 2]"
509454,Физическая культура и спорт,3,01.03.02 ПМИ / 02.03.01 МКН,Бакалавриат,Б1.О.General,1.0,Зачет,32,[1]
509454,Информационные системы и технологии,3,01.03.02 ПМИ / 02.03.01 МКН,Бакалавриат,Б1.В,0.333,Экзамен,33,[1]
509454,Алгебра и геометрия,3,01.03.02 ПМИ / 02.03.01 МКН,Бакалавриат,Б1.В,0.333,Зачет с оценкой,32,"[1, 2]"
509454,Правоведение,3,01.03.02 ПМИ / 02.03.01 МКН,Бакалавриат,Б1.О.General,0.667,Зачет,28,[2]
509454,"История (история России, всеобщая история)",3,01.03.02 ПМИ / 02.03.01 МКН,Бакалавриат,Б1.О.General,1.0,Зачет с оценкой,29,[2]
583191,Финансовый контроль,6,38.03.01 Экономика,Бакалавриат,Б1.О.Prof,1.0,Экзамен,30,[7]
583191,Страхование,6,38.03.01 Экономика,Бакалавриат,Б1.О.Prof,1.0,Экзамен,29,[7]
583191,Банковское дело,6,38.03.01 Экономика,Бакалавриат,Б1.О.Prof,1.0,Экзамен,29,[8]
583191,Подготовка к сдаче и сдача государственного экзамена,6,38.03.01 Экономика,Бакалавриат,Б3,0.5,ГАК,30,[8]
583191,Финансовый менеджмент,6,38.03.01 Экономика,Бакалавриат,Б1.О.Prof,1.0,Зачет с оценкой,30,[7]
583191,Финансовое планирование и бюджетирование в организациях,6,38.03.01 Экономика,Бакалавриат,Б1.В,0.5,Зачет с оценкой,30,[7]
583191,"Производственная практика, преддипломная практика",6,38.03.01 Экономика,Бакалавриат,Б2,1.0,Зачет с оценкой,30,[8]
583191,"Защита выпускной квалификационной работы, включая подготовку к защите и процедуру защиты",6,38.03.01 Экономика,Бакалавриат,Б3,0.5,Защита ВКР,30,[8]
583191,Практикум по методике исчисления и уплаты налогов и сборов,6,38.03.01 Экономика,Бакалавриат,Б1.О.Prof,1.0,Зачет с оценкой,30,[7]
583191,Анализ финансовых рынков,6,38.03.01 Экономика,Бакалавриат,Б1.О.Prof,1.0,Зачет с оценкой,30,[7]
583191,Корпоративные финансы - 2,6,38.03.01 Экономика,Бакалавриат,Б1.В,0.5,Зачет с оценкой,30,[8]
583191,"Производственная практика, научно-исследовательская работа",6,38.03.01 Экономика,Бакалавриат,Б2,0.5,Зачет с оценкой,30,[8]
638489,Прикладная физическая культура (Легкая атлетика),16,10.05.01 Компьютерная безопасность (спец.),Бакалавриат,Б1.О.General,0.5,Зачет,18,"[5, 6]"
638489,Безопасность операционных систем,16,10.05.01 Компьютерная безопасность (спец.),Бакалавриат,Б1.О.Prof,1.0,Экзамен,18,[5]
638489,"Теория и практика информационной безопасности (Theory and Practice of Information Security, на англ.яз.)",16,10.05.01 Компьютерная безопасность (спец.),Бакалавриат,Б1.О.Prof,1.0,Зачет,19,[6]
638489,Технологии построения защищенных автоматизированных систем,16,10.05.01 Компьютерная безопасность (спец.),Бакалавриат,Б1.В,0.5,Экзамен,18,[5]
638489,"Учебная практика, научно-исследовательская работа",16,10.05.01 Компьютерная безопасность (спец.),Бакалавриат,Б2,1.0,Зачет с оценкой,18,"[5, 6]"
638489,Теория информации,16,10.05.01 Компьютерная безопасность (спец.),Бакалавриат,Б1.О.Prof,1.0,Зачет с оценкой,19,[6]
638489,Сети и системы передачи информации,16,10.05.01 Компьютерная безопасность (спец.),Бакалавриат,Б1.О.Prof,1.0,Экзамен,10,[5]
638489,Методы дискретной математики в криптологии,16,10.05.01 Компьютерная безопасность (спец.),Бакалавриат,Б1.В,0.5,Зачет с оценкой,18,[5]
638489,Нормативная и методическая документация по организации технической защиты информации,16,10.05.01 Компьютерная безопасность (спец.),Бакалавриат,Б1.В,0.5,Зачет с оценкой,19,[6]
638489,Документоведение: работа с информацией ограниченного доступа,16,10.05.01 Компьютерная безопасность (спец.),Бакалавриат,Б1.О.Prof,1.0,Зачет,18,[5]
638489,Организационное и правовое обеспечение информационной безопасности,16,10.05.01 Компьютерная безопасность (спец.),Бакалавриат,Б1.О.Prof,1.0,Экзамен,19,[6]
638489,Математическая логика и теория алгоритмов для решения задач информационной безопасности,16,10.05.01 Компьютерная безопасность (спец.),Бакалавриат,Б1.В,0.5,Зачет с оценкой,18,[5]
638489,Электроника и схемотехника,16,10.05.01 Компьютерная безопасность (спец.),Бакалавриат,Б1.О.Prof,1.0,Экзамен,19,"[5, 6]"
638489,"Производственная практика, эксплуатационная",16,10.05.01 Компьютерная безопасность (спец.),Бакалавриат,Б2,1.0,Зачет с оценкой,17,[6]
638489,Безопасность вычислительных сетей,16,10.05.01 Компьютерная безопасность (спец.),Бакалавриат,Б1.О.Prof,1.0,Зачет с оценкой,19,[6]
638489,Основы защиты персональных данных,16,10.05.01 Компьютерная безопасность (спец.),Бакалавриат,Б1.О.Prof,1.0,Зачет с оценкой,18,[6]
638489,Безопасность систем баз данных,16,10.05.01 Компьютерная безопасность (спец.),Бакалавриат,Б1.О.Prof,1.0,Экзамен,19,"[5, 6]"
638489,Безопасное программирование,16,10.05.01 Компьютерная безопасность (спец.),Бакалавриат,Б1.О.Prof,1.0,Экзамен,18,[5]
835109,Государственный экзамен,49,Неизвестное (Государственный экзамен...),Бакалавриат,Б3,1.0,ГАК,28,[8]
835109,Социальная безопасность,49,Неизвестное (Государственный экзамен...),Бакалавриат,Б1.О.Prof,1.0,Зачет с оценкой,28,[7]
835109,Выпускная квалификационная работа (бакалаврская работа),49,Неизвестное (Государственный экзамен...),Бакалавриат,Б3,1.0,Защита ВКР,29,[8]
835109,Опыт социальной работы в различных сферах жизнедеятельности,49,Неизвестное (Государственный экзамен...),Бакалавриат,Б1.О.Prof,1.0,Зачет с оценкой,28,"[7, 8]"
835109,"Прогнозирование, проектирование и моделирование в социальной работе",49,Неизвестное (Государственный экзамен...),Бакалавриат,Б1.О.Prof,1.0,Экзамен,28,[7]
835109,Социальная работа за рубежом,49,Неизвестное (Государственный экзамен...),Бакалавриат,Б1.О.Prof,1.0,Зачет с оценкой,1,[8]
835109,Система социальных служб в Волгоградской области,49,Неизвестное (Государственный экзамен...),Бакалавриат,Б1.О.Prof,1.0,Экзамен,28,[7]
835109,Социальная экология,49,Неизвестное (Государственный экзамен...),Бакалавриат,Б1.О.Prof,1.0,Экзамен,28,[7]
835109,Деонтология социальной работы,49,Неизвестное (Государственный экзамен...),Бакалавриат,Б1.О.Prof,1.0,Зачет с оценкой,3,[8]
835109,Социальное страхование и обеспечение,49,Неизвестное (Государственный экзамен...),Бакалавриат,Б1.О.Prof,1.0,Экзамен,29,[7]
835109,"Социальная квалиметрия, оценка качества и стандартизация социальных услуг",49,Неизвестное (Государственный экзамен...),Бакалавриат,Б1.О.Prof,1.0,Зачет с оценкой,30,[7]
835109,Преддипломная практика,49,Неизвестное (Государственный экзамен...),Бакалавриат,Б2,1.0,Зачет с оценкой,28,[8]
335398,Молекулярное строение вещества,8,40.03.01 Юриспруденция,Специалитет,Б1.О.Prof,1.0,Экзамен,20,[2]
335398,Метрология и стандартизация,8,40.03.01 Юриспруденция,Специалитет,Б1.О.Prof,1.0,Зачет,20,[2]
335398,Естественнонаучный практикум,8,40.03.01 Юриспруденция,Специалитет,Б1.В,0.5,Зачет с оценкой,20,"[1, 2]"
335398,Прикладная механика,8,40.03.01 Юриспруденция,Специалитет,Б1.О.Prof,1.0,Экзамен,19,[1]
335398,Иностранный язык,8,40.03.01 Юриспруденция,Специалитет,Б1.О.General,1.0,Зачет с оценкой,21,"[1, 2]"
335398,Прикладная физическая культура (ОФП),8,40.03.01 Юриспруденция,Специалитет,Б1.О.General,0.5,Зачет,21,"[1, 2]"
335398,Культурология,8,40.03.01 Юриспруденция,Специалитет,Б1.О.General,0.5,Зачет,11,[2]
335398,Организационная коммуникация,8,40.03.01 Юриспруденция,Специалитет,Б1.В,0.5,Зачет,1,[2]
335398,Русский язык и культура речи,8,40.03.01 Юриспруденция,Специалитет,Б1.О.General,1.0,Зачет,20,[1]
335398,Теория и практика аргументации,8,40.03.01 Юриспруденция,Специалитет,Б1.В,0.5,Зачет,2,[2]
335398,Общая и неорганическая химия,8,40.03.01 Юриспруденция,Специалитет,Б1.В,0.5,Экзамен,20,[2]
335398,Физическая культура и спорт,8,40.03.01 Юриспруденция,Специалитет,Б1.О.General,1.0,Зачет,20,[1]
335398,Социология,8,40.03.01 Юриспруденция,Специалитет,Б1.В,0.5,Зачет,6,[2]
335398,История,8,40.03.01 Юриспруденция,Специалитет,Б1.О.General,1.0,Экзамен,20,[1]
335398,Математика и информатика,8,40.03.01 Юриспруденция,Специалитет,Б1.О.Prof,1.0,Зачет с оценкой,21,"[1, 2]"
335398,Судебная фотография и видеозапись,8,40.03.01 Юриспруденция,Специалитет,Б1.О.Prof,1.0,Экзамен,21,"[1, 2]"
402984,Практический курс устного перевода (первый иностранный язык),15,45.03.02 Лингвистика (перевод),Бакалавриат,Б1.О.Prof,1.0,Зачет с оценкой,44,"[7, 8]"
402984,Преддипломная,15,45.03.02 Лингвистика (перевод),Бакалавриат,Б2,0.5,Зачет с оценкой,41,[8]
402984,Практический курс устного перевода (второй иностранный язык),15,45.03.02 Лингвистика (перевод),Бакалавриат,Б1.О.Prof,1.0,Зачет с оценкой,43,"[7, 8]"
402984,Практика по получению первичных профессиональных умений и навыков (переводческая практика - второй иностранный язык),15,45.03.02 Лингвистика (перевод),Бакалавриат,Б1.В,0.5,Зачет с оценкой,6,[7]
402984,Практический курс первого иностранного языка,15,45.03.02 Лингвистика (перевод),Бакалавриат,Б1.О.Prof,1.0,Экзамен,43,[7]
402984,Практический курс второго иностранного языка,15,45.03.02 Лингвистика (перевод),Бакалавриат,Б1.О.Prof,1.0,Экзамен,44,[7]
402984,Стилистика,15,45.03.02 Лингвистика (перевод),Бакалавриат,Б1.О.Prof,1.0,Экзамен,42,[7]
402984,Практика по получению профессиональных умений и опыта профессиональной деятельности (в том числе педагогическая практика (переводческая практика (пер,15,45.03.02 Лингвистика (перевод),Бакалавриат,Б1.В,0.5,Зачет с оценкой,4,[7]
402984,Переводческое реферирование и аннотирование,15,45.03.02 Лингвистика (перевод),Бакалавриат,Б1.О.Prof,1.0,Зачет,43,[7]
402984,История и культура стран изучаемого языка,15,45.03.02 Лингвистика (перевод),Бакалавриат,Б1.О.Prof,1.0,Зачет,41,[8]
402984,Практический курс письменного перевода (второй иностранный язык),15,45.03.02 Лингвистика (перевод),Бакалавриат,Б1.О.Prof,1.0,Зачет с оценкой,43,"[7, 8]"
402984,Практический курс письменного перевода (первый иностранный язык),15,45.03.02 Лингвистика (перевод),Бакалавриат,Б1.О.Prof,1.0,Зачет с оценкой,43,"[7, 8]"
798250,Экономика фирмы,3,01.03.02 ПМИ / 02.03.01 МКН,Бакалавриат,Б1.В,0.5,Зачет с оценкой,21,[8]
798250,Моделирование и программирование в среде Blender,3,01.03.02 ПМИ / 02.03.01 МКН,Бакалавриат,Б1.О.Prof,1.0,Зачет с оценкой,21,[7]
798250,Защита информации,3,01.03.02 ПМИ / 02.03.01 МКН,Бакалавриат,Б1.В,0.5,Экзамен,21,[7]
798250,Автоматизированные системы бухгалтерского учета (1С),3,01.03.02 ПМИ / 02.03.01 МКН,Бакалавриат,Б1.В,0.5,Экзамен,21,[7]
798250,Модели и методы принятия решений,3,01.03.02 ПМИ / 02.03.01 МКН,Бакалавриат,Б1.В,0.5,Зачет с оценкой,21,[8]
798250,"Производственная практика, преддипломная практика",3,01.03.02 ПМИ / 02.03.01 МКН,Бакалавриат,Б2,0.75,Зачет с оценкой,21,[8]
798250,Физика,3,01.03.02 ПМИ / 02.03.01 МКН,Бакалавриат,Б1.О.General,0.5,Зачет с оценкой,20,[7]
798250,Алгоритмы обработки растровых изображений,3,01.03.02 ПМИ / 02.03.01 МКН,Бакалавриат,Б1.О.Prof,0.75,Зачет с оценкой,22,[7]
798250,Администрирование информационных систем,3,01.03.02 ПМИ / 02.03.01 МКН,Бакалавриат,Б1.О.Prof,0.75,Зачет с оценкой,22,[7]
798250,Интеллектуальные системы и технологии,3,01.03.02 ПМИ / 02.03.01 МКН,Бакалавриат,Б1.В,0.25,Экзамен,21,[8]
798250,Унифицированный язык моделирования,3,01.03.02 ПМИ / 02.03.01 МКН,Бакалавриат,Б1.В,0.25,Зачет с оценкой,21,[8]
798250,"Производственная практика, научно-исследовательская работа",3,01.03.02 ПМИ / 02.03.01 МКН,Бакалавриат,Б2,1.0,Зачет с оценкой,7,[7]
906797,"Производственная практика, научно-исследовательская работа (по теме выпускной квалификационной работы)",4,41.03.04 Политология,Бакалавриат,Б2,0.333,Зачет с оценкой,19,[6]
906797,Государственная политика и управление,4,41.03.04 Политология,Бакалавриат,Б1.О.Prof,1.0,Экзамен,20,[5]
906797,Сравнительная политология,4,41.03.04 Политология,Бакалавриат,Б1.О.Prof,1.0,Зачет с оценкой,20,[5]
906797,История и культура стран Северной Америки,4,41.03.04 Политология,Бакалавриат,Б1.В,0.333,Экзамен,20,[5]
906797,Прикладная физическая культура (Адаптивная физическая культура),4,41.03.04 Политология,Бакалавриат,Б1.О.General,0.333,Зачет,2,"[5, 6]"
906797,Национальная экономика США и Канады,4,41.03.04 Политология,Бакалавриат,Б1.В,0.333,Экзамен,20,[6]
906797,Прикладная физическая культура (ОФП),4,41.03.04 Политология,Бакалавриат,Б1.О.General,1.0,Зачет,19,"[5, 6]"
906797,Правовые системы США и Канады,4,41.03.04 Политология,Бакалавриат,Б1.В,0.333,Зачет,20,[6]
906797,Современная мировая политика и международные отношения,4,41.03.04 Политология,Бакалавриат,Б1.О.Prof,0.667,Зачет с оценкой,20,[6]
906797,Технологии в экспертной и консалтинговой деятельности,4,41.03.04 Политология,Бакалавриат,Б1.О.Prof,1.0,Зачет с оценкой,20,[5]
906797,Политический менеджмент,4,41.03.04 Политология,Бакалавриат,Б1.О.Prof,1.0,Зачет с оценкой,20,[6]
906797,Эмпирические исследования в области политических наук и регионоведения,4,41.03.04 Политология,Бакалавриат,Б1.О.Prof,1.0,Зачет с оценкой,20,"[5, 6]"
906797,Политический анализ и прогнозирование,4,41.03.04 Политология,Бакалавриат,Б1.О.Prof,1.0,Экзамен,20,"[5, 6]"
906797,Политическая коммуникативистика,4,41.03.04 Политология,Бакалавриат,Б1.О.Prof,1.0,Зачет с оценкой,20,[5]
906797,Иностранный язык (второй),4,41.03.04 Политология,Бакалавриат,Б1.О.Prof,0.667,Экзамен,20,"[5, 6]"
439855,Иностранный язык,14,46.03.01 История,Бакалавриат,Б1.О.General,1.0,Зачет,19,"[1, 2]"
439855,Археология,14,46.03.01 История,Бакалавриат,Б1.О.Prof,1.0,Экзамен,19,[1]
439855,История первобытного общества,14,46.03.01 История,Бакалавриат,Б1.О.Prof,1.0,Экзамен,19,[1]
439855,Безопасность жизнедеятельности,14,46.03.01 История,Бакалавриат,Б1.О.General,1.0,Зачет,19,[2]
439855,История древнего мира,14,46.03.01 История,Бакалавриат,Б1.О.Prof,1.0,Экзамен,19,"[1, 2]"
439855,Культурология,14,46.03.01 История,Бакалавриат,Б1.О.General,0.5,Зачет,10,[2]
439855,Теория и практика аргументации,14,46.03.01 История,Бакалавриат,Б1.В,0.5,Зачет,2,[2]
439855,Физическая культура и спорт,14,46.03.01 История,Бакалавриат,Б1.О.General,1.0,Зачет,19,[1]
439855,Этнология,14,46.03.01 История,Бакалавриат,Б1.О.Prof,1.0,Экзамен,18,[2]
439855,История мировой культуры,14,46.03.01 История,Бакалавриат,Б1.О.Prof,1.0,Зачет с оценкой,17,[2]
439855,Антропология,14,46.03.01 История,Бакалавриат,Б1.О.Prof,1.0,Зачет с оценкой,19,[1]
439855,Русский язык и культура речи,14,46.03.01 История,Бакалавриат,Б1.О.General,1.0,Зачет,19,[1]
439855,Философия,14,46.03.01 История,Бакалавриат,Б1.О.General,1.0,Экзамен,16,[2]
439855,История,14,46.03.01 История,Бакалавриат,Б1.О.General,1.0,Экзамен,19,[1]
439855,Конфликтология,14,46.03.01 История,Бакалавриат,Б1.О.General,0.5,Зачет,6,[2]
439855,История юга России в древности и средневековье,14,46.03.01 История,Бакалавриат,Б1.О.Prof,1.0,Зачет с оценкой,16,[2]
439855,Прикладная физическая культура (ОФП),14,46.03.01 История,Бакалавриат,Б1.О.General,1.0,Зачет,19,"[1, 2]"
439855,"Учебная практика, практика по получению первичных профессиональных умений и навыков (археологическая)",14,46.03.01 История,Бакалавриат,Б2,1.0,Зачет с оценкой,16,[2]
439855,Математика,14,46.03.01 История,Бакалавриат,Б1.О.General,1.0,Зачет с оценкой,19,[1]
681530,Технологическое предпринимательство и основы проектной деятельности,3,01.03.02 ПМИ / 02.03.01 МКН,Бакалавриат,Б1.О.General,0.333,Зачет,23,[4]
681530,"Учебная практика, проектно-технологическая практика",3,01.03.02 ПМИ / 02.03.01 МКН,Бакалавриат,Б2,0.167,Зачет с оценкой,6,[4]
681530,Технология программирования для сети Internet,3,01.03.02 ПМИ / 02.03.01 МКН,Бакалавриат,Б1.В,0.333,Зачет с оценкой,22,"[3, 4]"
681530,Базы данных,3,01.03.02 ПМИ / 02.03.01 МКН,Бакалавриат,Б1.В,0.333,Зачет с оценкой,25,"[3, 4]"
681530,Проектирование информационных систем,3,01.03.02 ПМИ / 02.03.01 МКН,Бакалавриат,Б1.В,0.333,Зачет с оценкой,22,[4]
681530,Программная инженерия,3,01.03.02 ПМИ / 02.03.01 МКН,Бакалавриат,Б1.В,0.333,Зачет с оценкой,23,[4]
681530,Прикладная физическая культура (Адаптивная физическая культура),3,01.03.02 ПМИ / 02.03.01 МКН,Бакалавриат,Б1.О.General,0.833,Зачет,4,[4]
681530,"Учебная практика, научно-исследовательская работа (получение первичных навыков научно-исследовательской работы)",3,01.03.02 ПМИ / 02.03.01 МКН,Бакалавриат,Б2,1.0,Зачет с оценкой,4,[4]
681530,Операционные системы,3,01.03.02 ПМИ / 02.03.01 МКН,Бакалавриат,Б1.О.Prof,0.667,Экзамен,26,[3]
681530,Прикладная физическая культура (Волейбол),3,01.03.02 ПМИ / 02.03.01 МКН,Бакалавриат,Б1.О.General,0.5,Зачет,27,"[3, 4]"
681530,Цифровые технологии: от интернета до блокчейна,3,01.03.02 ПМИ / 02.03.01 МКН,Бакалавриат,Б1.О.Prof,0.833,Зачет,25,[3]
681530,Философия,3,01.03.02 ПМИ / 02.03.01 МКН,Бакалавриат,Б1.О.General,1.0,Зачет с оценкой,19,[4]
681530,Теория вероятностей и математическая статистика,3,01.03.02 ПМИ / 02.03.01 МКН,Бакалавриат,Б1.В,0.333,Зачет с оценкой,26,[3]
681530,Разработка графических интерфейсов с использование кроссплатформенных технологий,3,01.03.02 ПМИ / 02.03.01 МКН,Бакалавриат,Б1.В,0.333,Зачет с оценкой,22,[4]
681530,Объектно-ориентированное программирование,3,01.03.02 ПМИ / 02.03.01 МКН,Бакалавриат,Б1.В,0.333,Зачет с оценкой,21,[3]
681530,Проектный практикум,3,01.03.02 ПМИ / 02.03.01 МКН,Бакалавриат,Б1.В,0.333,Зачет,21,[4]
681530,Дифференциальные уравнения,3,01.03.02 ПМИ / 02.03.01 МКН,Бакалавриат,Б1.О.Prof,0.833,Экзамен,26,[3]
167484,История государственного управления,17,38.03.04 ГМУ,Бакалавриат,Б1.О.Prof,1.0,Зачет с оценкой,28,[3]
167484,Муниципальная политика в субъектах РФ,17,38.03.04 ГМУ,Бакалавриат,Б1.О.Prof,1.0,Зачет с оценкой,29,[3]
167484,Культура общения,17,38.03.04 ГМУ,Бакалавриат,Б1.О.Prof,1.0,Зачет,14,[4]
167484,"Учебная практика, практика по получению первичных профессиональных умений и навыков, в том числе первичных умений и навыков научно-исследовательско...",17,38.03.04 ГМУ,Бакалавриат,Б2,1.0,Зачет с оценкой,29,[4]
167484,Организационная коммуникация,17,38.03.04 ГМУ,Бакалавриат,Б1.О.Prof,1.0,Зачет,12,[4]
167484,Социология,17,38.03.04 ГМУ,Бакалавриат,Б1.О.Prof,1.0,Зачет,1,[4]
167484,Теория систем и системный анализ,17,38.03.04 ГМУ,Бакалавриат,Б1.О.Prof,1.0,Зачет,30,[3]
167484,Информационные технологии в управлении,17,38.03.04 ГМУ,Бакалавриат,Б1.О.Prof,1.0,Экзамен,29,[4]
167484,Теория и практика аргументации,17,38.03.04 ГМУ,Бакалавриат,Б1.О.Prof,1.0,Зачет,1,[4]
167484,Административное право,17,38.03.04 ГМУ,Бакалавриат,Б1.О.Prof,1.0,Зачет,29,[4]
167484,Политология,17,38.03.04 ГМУ,Бакалавриат,Б1.О.Prof,1.0,Зачет с оценкой,28,[4]
167484,Эконометрика,17,38.03.04 ГМУ,Бакалавриат,Б1.О.Prof,1.0,Экзамен,29,[4]
167484,Статистика,17,38.03.04 ГМУ,Бакалавриат,Б1.О.Prof,1.0,Зачет с оценкой,29,[3]
167484,Философия,17,38.03.04 ГМУ,Бакалавриат,Б1.О.General,1.0,Экзамен,29,[3]
167484,Конфликтология,17,38.03.04 ГМУ,Бакалавриат,Б1.О.General,1.0,Зачет,29,[4]
167484,Этика государственной и муниципальной службы,17,38.03.04 ГМУ,Бакалавриат,Б1.О.Prof,1.0,Зачет,29,[4]
167484,Демография,17,38.03.04 ГМУ,Бакалавриат,Б1.О.Prof,1.0,Экзамен,29,[3]
167484,Зарубежный опыт государственного управления,17,38.03.04 ГМУ,Бакалавриат,Б1.О.Prof,1.0,Зачет,29,[4]
167484,Государственное регулирование экономики,17,38.03.04 ГМУ,Бакалавриат,Б1.О.Prof,1.0,Зачет с оценкой,29,[3]
167484,Основы государственного и муниципального управления,17,38.03.04 ГМУ,Бакалавриат,Б1.О.Prof,1.0,Курсовая работа,29,[3]
167484,Делопроизводство и документооборот,17,38.03.04 ГМУ,Бакалавриат,Б1.О.Prof,1.0,Зачет с оценкой,29,[4]
167484,Прикладная физическая культура (ОФП),17,38.03.04 ГМУ,Бакалавриат,Б1.О.General,1.0,Зачет,29,"[3, 4]"
167484,Государственные и муниципальные финансы,17,38.03.04 ГМУ,Бакалавриат,Б1.О.Prof,1.0,Зачет с оценкой,29,[4]
740926,Технологическое предпринимательство и основы проектной деятельности,3,01.03.02 ПМИ / 02.03.01 МКН,Бакалавриат,Б1.О.General,0.167,Зачет,21,[6]
740926,Интеллектуальный анализ данных,3,01.03.02 ПМИ / 02.03.01 МКН,Бакалавриат,Б1.О.Prof,0.667,Зачет с оценкой,22,"[5, 6]"
740926,Математическое обеспечение интеллектуальных систем,3,01.03.02 ПМИ / 02.03.01 МКН,Бакалавриат,Б1.В,0.167,Зачет с оценкой,22,[6]
740926,Прикладная физическая культура (Адаптивная физическая культура),3,01.03.02 ПМИ / 02.03.01 МКН,Бакалавриат,Б1.О.General,0.667,Зачет,1,"[5, 6]"
740926,Проектирование информационных систем,3,01.03.02 ПМИ / 02.03.01 МКН,Бакалавриат,Б1.В,0.333,Экзамен,22,[5]
740926,Информационные системы и технологии,3,01.03.02 ПМИ / 02.03.01 МКН,Бакалавриат,Б1.В,0.167,Экзамен,22,[5]
740926,"Учебная практика, проектно-технологическая практика",3,01.03.02 ПМИ / 02.03.01 МКН,Бакалавриат,Б2,0.333,Зачет с оценкой,3,[5]
740926,"Производственная практика, научно-исследовательская работа",3,01.03.02 ПМИ / 02.03.01 МКН,Бакалавриат,Б2,0.333,Зачет с оценкой,1,[6]
740926,Теория систем и системный анализ,3,01.03.02 ПМИ / 02.03.01 МКН,Бакалавриат,Б1.В,0.333,Зачет с оценкой,22,[5]
740926,Математическая экономика,3,01.03.02 ПМИ / 02.03.01 МКН,Бакалавриат,Б1.В,0.333,Зачет с оценкой,23,[5]
740926,"Производственная практика, технологическая практика",3,01.03.02 ПМИ / 02.03.01 МКН,Бакалавриат,Б2,0.167,Зачет с оценкой,21,[6]
740926,Философия,3,01.03.02 ПМИ / 02.03.01 МКН,Бакалавриат,Б1.О.General,0.167,Зачет с оценкой,22,[5]
740926,Многомерный анализ данных,3,01.03.02 ПМИ / 02.03.01 МКН,Бакалавриат,Б1.В,0.333,Зачет с оценкой,22,[5]
740926,Исследование операций и методы оптимизации,3,01.03.02 ПМИ / 02.03.01 МКН,Бакалавриат,Б1.В,0.167,Зачет с оценкой,22,[6]
740926,Прикладные пакеты обработки данных,3,01.03.02 ПМИ / 02.03.01 МКН,Бакалавриат,Б1.В,0.333,Зачет с оценкой,22,[6]
740926,Прикладная физическая культура (ОФП),3,01.03.02 ПМИ / 02.03.01 МКН,Бакалавриат,Б1.О.General,1.0,Зачет,22,"[5, 6]"
740926,Программирование в QT,3,01.03.02 ПМИ / 02.03.01 МКН,Бакалавриат,Б1.В,0.167,Зачет с оценкой,22,[6]
740926,Бухгалтерский управленческий учет,3,01.03.02 ПМИ / 02.03.01 МКН,Бакалавриат,Б1.В,0.167,Зачет с оценкой,22,[6]
740926,Проектный практикум,3,01.03.02 ПМИ / 02.03.01 МКН,Бакалавриат,Б1.В,0.333,Зачет с оценкой,23,[5]
788052,Первый иностранный язык,11,45.03.02 Лингвистика (прикладная),Бакалавриат,Б1.О.Prof,1.0,Экзамен,22,"[1, 2]"
788052,Общая фонетика,11,45.03.02 Лингвистика (прикладная),Бакалавриат,Б1.О.Prof,1.0,Зачет с оценкой,22,[2]
788052,Латинский язык,11,45.03.02 Лингвистика (прикладная),Бакалавриат,Б1.О.Prof,1.0,Зачет с оценкой,22,[2]
788052,Прикладная физическая культура (ОФП),11,45.03.02 Лингвистика (прикладная),Бакалавриат,Б1.О.General,1.0,Зачет,4,[2]
788052,Математическая логика,11,45.03.02 Лингвистика (прикладная),Бакалавриат,Б1.О.Prof,1.0,Зачет,22,[2]
788052,Практикум устной и письменной речи первого иностранного языка,11,45.03.02 Лингвистика (прикладная),Бакалавриат,Б1.О.Prof,1.0,Зачет с оценкой,22,"[1, 2]"
788052,Прикладная физическая культура (Волейбол),11,45.03.02 Лингвистика (прикладная),Бакалавриат,Б1.О.General,1.0,Зачет,21,[1]
788052,Русский язык и культура речи,11,45.03.02 Лингвистика (прикладная),Бакалавриат,Б1.О.General,1.0,Зачет,22,[2]
788052,Второй иностранный язык,11,45.03.02 Лингвистика (прикладная),Бакалавриат,Б1.О.Prof,1.0,Зачет с оценкой,22,"[1, 2]"
788052,Физическая культура и спорт,11,45.03.02 Лингвистика (прикладная),Бакалавриат,Б1.О.General,1.0,Зачет,22,[1]
788052,Правоведение,11,45.03.02 Лингвистика (прикладная),Бакалавриат,Б1.О.General,1.0,Зачет,22,[2]
788052,Математика,11,45.03.02 Лингвистика (прикладная),Бакалавриат,Б1.О.General,1.0,Зачет с оценкой,22,[1]
788052,"История (история России, всеобщая история)",11,45.03.02 Лингвистика (прикладная),Бакалавриат,Б1.О.General,1.0,Зачет с оценкой,22,[1]
788052,Введение в теорию языка,11,45.03.02 Лингвистика (прикладная),Бакалавриат,Б1.О.Prof,1.0,Экзамен,22,[1]
622180,Иностранный язык,5,10.05.01 Компьютерная безопасность (спец.),Специалитет,Б1.О.General,1.0,Зачет с оценкой,20,"[3, 4]"
622180,Информационное право,5,10.05.01 Компьютерная безопасность (спец.),Специалитет,Б1.О.Prof,0.667,Зачет,20,[3]
622180,Прикладная физическая культура (Адаптивная физическая культура),5,10.05.01 Компьютерная безопасность (спец.),Специалитет,Б1.О.General,1.0,Зачет,2,[4]
622180,Социология,5,10.05.01 Компьютерная безопасность (спец.),Специалитет,Б1.В,0.333,Зачет,2,[3]
622180,Физика: Электричество и магнетизм,5,10.05.01 Компьютерная безопасность (спец.),Специалитет,Б1.О.Prof,1.0,Экзамен,20,[3]
622180,Безопасность операционных систем,5,10.05.01 Компьютерная безопасность (спец.),Специалитет,Б1.О.Prof,1.0,Зачет с оценкой,20,[4]
622180,Теория и практика аргументации,5,10.05.01 Компьютерная безопасность (спец.),Специалитет,Б1.О.Prof,0.667,Зачет,3,[3]
622180,Методы вычислительной математики для решения задач информационной безопасности,5,10.05.01 Компьютерная безопасность (спец.),Специалитет,Б1.О.Prof,0.667,Экзамен,20,[4]
622180,Дифференциальные уравнения для решения задач информационной безопасности,5,10.05.01 Компьютерная безопасность (спец.),Специалитет,Б1.О.Prof,1.0,Зачет с оценкой,20,[3]
622180,Философия,5,10.05.01 Компьютерная безопасность (спец.),Специалитет,Б1.О.General,1.0,Зачет с оценкой,20,[4]
622180,Электроника и схемотехника,5,10.05.01 Компьютерная безопасность (спец.),Специалитет,Б1.О.Prof,0.667,Зачет с оценкой,20,[4]
622180,Конфликтология,5,10.05.01 Компьютерная безопасность (спец.),Специалитет,Б1.О.General,0.667,Зачет,15,[3]
622180,Теория вероятностей и математическая статистика,5,10.05.01 Компьютерная безопасность (спец.),Специалитет,Б1.О.Prof,1.0,Экзамен,20,[3]
622180,"Учебная практика, ознакомительная практика",5,10.05.01 Компьютерная безопасность (спец.),Специалитет,Б2,0.333,Зачет с оценкой,19,[4]
622180,Алгебра и теория чисел,5,10.05.01 Компьютерная безопасность (спец.),Специалитет,Б1.О.Prof,1.0,Экзамен,20,[3]
622180,Технологии и методы программирования,5,10.05.01 Компьютерная безопасность (спец.),Специалитет,Б1.О.Prof,1.0,Зачет с оценкой,20,"[3, 4]"
622180,Прикладная физическая культура (ОФП),5,10.05.01 Компьютерная безопасность (спец.),Специалитет,Б1.О.General,1.0,Зачет,20,"[3, 4]"
622180,Теория информационной безопасности и методология защиты информации,5,10.05.01 Компьютерная безопасность (спец.),Специалитет,Б1.О.Prof,0.667,Зачет с оценкой,20,[4]
622180,Языки ассемблера,5,10.05.01 Компьютерная безопасность (спец.),Специалитет,Б1.О.Prof,0.667,Экзамен,20,[3]
622180,Методы статистической обработки данных для решения задач информационной безопасности,5,10.05.01 Компьютерная безопасность (спец.),Специалитет,Б1.О.Prof,0.667,Зачет с оценкой,20,[3]
622180,Программирование микроконтроллеров,5,10.05.01 Компьютерная безопасность (спец.),Специалитет,Б1.О.Prof,1.0,Зачет с оценкой,20,[4]
736876,Структурная и функциональная аннотация биополимеров,10,06.05.01 Биоинженерия (спец.),Специалитет,Б1.О.Prof,1.0,Зачет с оценкой,17,[5]
736876,Прикладная физическая культура (ОФП),10,06.05.01 Биоинженерия (спец.),Специалитет,Б1.О.General,0.5,Зачет,17,"[5, 6]"
736876,Физиология животных и человека,10,06.05.01 Биоинженерия (спец.),Специалитет,Б1.В,0.5,Зачет с оценкой,17,[5]
736876,Организация и планирование научного исследования,10,06.05.01 Биоинженерия (спец.),Специалитет,Б1.О.Prof,1.0,Экзамен,18,[5]
736876,Эмбриология,10,06.05.01 Биоинженерия (спец.),Специалитет,Б1.В,0.5,Зачет с оценкой,17,[6]
736876,Генетика и эволюция,10,06.05.01 Биоинженерия (спец.),Специалитет,Б1.О.Prof,1.0,Экзамен,18,[6]
736876,Геномика и протеомика,10,06.05.01 Биоинженерия (спец.),Специалитет,Б1.О.Prof,1.0,Экзамен,17,[6]
736876,Биохимия,10,06.05.01 Биоинженерия (спец.),Специалитет,Б1.О.Prof,1.0,Зачет с оценкой,17,"[5, 6]"
736876,Основы биотехнологии,10,06.05.01 Биоинженерия (спец.),Специалитет,Б1.О.Prof,1.0,Зачет с оценкой,18,[6]
736876,Молекулярная биология,10,06.05.01 Биоинженерия (спец.),Специалитет,Б1.О.Prof,1.0,Экзамен,17,[5]
736876,Биофизика,10,06.05.01 Биоинженерия (спец.),Специалитет,Б1.О.Prof,1.0,Зачет,18,[6]
736876,Правоведение,10,06.05.01 Биоинженерия (спец.),Специалитет,Б1.О.General,0.5,Зачет,17,[5]
736876,Конфликтология,10,06.05.01 Биоинженерия (спец.),Специалитет,Б1.О.General,1.0,Зачет,17,[5]
736876,Педагогика,10,06.05.01 Биоинженерия (спец.),Специалитет,Б1.В,0.5,Зачет,18,[6]
736876,"Производственная практика, научно-исследовательская работа",10,06.05.01 Биоинженерия (спец.),Специалитет,Б2,1.0,Зачет с оценкой,18,"[5, 6]"
353901,Логистика в сфере предпринимательства,50,Неизвестное (Логистика в сфере предпринимательства...),Бакалавриат,Б1.О.Prof,1.0,Зачет с оценкой,1,[8]
353901,Страхование,50,Неизвестное (Логистика в сфере предпринимательства...),Бакалавриат,Б1.О.Prof,1.0,Зачет с оценкой,20,[7]
353901,Теория риска,50,Неизвестное (Логистика в сфере предпринимательства...),Бакалавриат,Б1.О.Prof,1.0,Зачет с оценкой,20,[7]
353901,Организация предпринимательской деятельности в национальной экономике,50,Неизвестное (Логистика в сфере предпринимательства...),Бакалавриат,Б1.О.Prof,1.0,Экзамен,20,[7]
353901,"Производственная практика, преддипломная практика",50,Неизвестное (Логистика в сфере предпринимательства...),Бакалавриат,Б2,1.0,Зачет с оценкой,20,[8]
353901,Международное предпринимательство,50,Неизвестное (Логистика в сфере предпринимательства...),Бакалавриат,Б1.О.Prof,1.0,Экзамен,20,[7]
353901,Таможенное дело,50,Неизвестное (Логистика в сфере предпринимательства...),Бакалавриат,Б1.О.Prof,1.0,Зачет с оценкой,20,[7]
353901,Торговая политика,50,Неизвестное (Логистика в сфере предпринимательства...),Бакалавриат,Б1.О.Prof,1.0,Зачет с оценкой,1,[8]
353901,Анализ мировых товарных и финансовых рынков,50,Неизвестное (Логистика в сфере предпринимательства...),Бакалавриат,Б1.О.Prof,1.0,Экзамен,20,[7]
353901,Международные валютно-кредитные и расчетные отношения,50,Неизвестное (Логистика в сфере предпринимательства...),Бакалавриат,Б1.О.Prof,1.0,Зачет с оценкой,1,[8]
777839,"Организация, технология и проектирование предприятий",51,38.03.06 Торговое дело,Бакалавриат,Б1.О.Prof,1.0,Зачет с оценкой,6,[7]
777839,Маркетинговые коммуникации,51,38.03.06 Торговое дело,Бакалавриат,Б1.О.Prof,1.0,Экзамен,6,[7]
777839,Маркетинговые исследования в торговле,51,38.03.06 Торговое дело,Бакалавриат,Б1.О.Prof,1.0,Зачет с оценкой,6,[7]
777839,Маркетинговый анализ и аудит,51,38.03.06 Торговое дело,Бакалавриат,Б1.О.Prof,1.0,Зачет с оценкой,6,[8]
777839,Международная торговля,51,38.03.06 Торговое дело,Бакалавриат,Б1.О.Prof,1.0,Экзамен,7,[8]
777839,"Стандартизация, метрология, подтверждение соответствия",51,38.03.06 Торговое дело,Бакалавриат,Б1.О.Prof,1.0,Зачет с оценкой,6,[7]
777839,Деловое общение,51,38.03.06 Торговое дело,Бакалавриат,Б1.О.Prof,1.0,Экзамен,6,[7]
777839,Управление продажей товаров и услуг,51,38.03.06 Торговое дело,Бакалавриат,Б1.О.Prof,1.0,Экзамен,6,[7]
777839,Мерчендайзинг,51,38.03.06 Торговое дело,Бакалавриат,Б1.О.Prof,1.0,Зачет с оценкой,6,[8]
777839,Правовое регулирование коммерческой деятельности,51,38.03.06 Торговое дело,Бакалавриат,Б1.О.Prof,1.0,Зачет с оценкой,6,[8]
777839,Маркетинг персонала,51,38.03.06 Торговое дело,Бакалавриат,Б1.О.Prof,1.0,Зачет с оценкой,6,[8]
777839,Информационные технологии в коммерческой деятельности,51,38.03.06 Торговое дело,Бакалавриат,Б1.О.Prof,1.0,Зачет с оценкой,6,[7]
777839,Преддипломная практика,51,38.03.06 Торговое дело,Бакалавриат,Б2,1.0,Зачет с оценкой,8,[8]
446074,Иностранный язык,30,05.03.01 Геология,Бакалавриат,Б1.О.General,1.0,Зачет с оценкой,15,[3]
446074,Организационная коммуникация,30,05.03.01 Геология,Бакалавриат,Б1.О.Prof,1.0,Зачет,1,[3]
446074,Физика,30,05.03.01 Геология,Бакалавриат,Б1.О.General,1.0,Экзамен,15,[3]
446074,Правоведение,30,05.03.01 Геология,Бакалавриат,Б1.О.General,1.0,Зачет,15,[3]
446074,Экологическая геология,30,05.03.01 Геология,Бакалавриат,Б1.О.Prof,1.0,Зачет с оценкой,15,[3]
446074,Экономика,30,05.03.01 Геология,Бакалавриат,Б1.О.General,1.0,Зачет с оценкой,15,[3]
446074,"Производственная практика, научно-исследовательская работа",30,05.03.01 Геология,Бакалавриат,Б2,1.0,Зачет с оценкой,15,"[3, 4]"
446074,Общая стратиграфия,30,05.03.01 Геология,Бакалавриат,Б1.О.Prof,1.0,Зачет с оценкой,15,[4]
446074,Культурология,30,05.03.01 Геология,Бакалавриат,Б1.О.General,1.0,Зачет,4,[3]
446074,Геоморфология горных стран,30,05.03.01 Геология,Бакалавриат,Б1.В,0.5,Зачет с оценкой,15,[4]
446074,Геодезия и картография,30,05.03.01 Геология,Бакалавриат,Б1.О.Prof,1.0,Экзамен,15,[4]
446074,Структурная геология,30,05.03.01 Геология,Бакалавриат,Б1.О.Prof,1.0,Экзамен,15,[3]
446074,Философия,30,05.03.01 Геология,Бакалавриат,Б1.О.General,1.0,Зачет с оценкой,15,[3]
446074,Русский язык и культура речи,30,05.03.01 Геология,Бакалавриат,Б1.О.General,0.5,Зачет,15,[4]
446074,"Учебная практика, практика по получению первичных профессиональных умений и навыков (полевая)",30,05.03.01 Геология,Бакалавриат,Б2,1.0,Зачет с оценкой,15,[4]
446074,Конфликтология,30,05.03.01 Геология,Бакалавриат,Б1.О.General,1.0,Зачет,10,[3]
446074,Информатика,30,05.03.01 Геология,Бакалавриат,Б1.О.General,1.0,Зачет с оценкой,16,[3]
446074,Прикладная физическая культура (Легкая атлетика),30,05.03.01 Геология,Бакалавриат,Б1.О.General,0.5,Зачет,16,"[3, 4]"
446074,Социальное предпринимательство и основы проектной деятельности,30,05.03.01 Геология,Бакалавриат,Б1.О.General,0.5,Зачет,15,[4]
446074,Микропалеонтология,30,05.03.01 Геология,Бакалавриат,Б1.В,0.5,Экзамен,15,[4]
446074,Палеонтология позвоночных,30,05.03.01 Геология,Бакалавриат,Б1.В,0.5,Зачет с оценкой,15,[4]
384649,Атомная физика,2,03.03.02 Физика / Радиофизика,Бакалавриат,Б1.В,0.167,Экзамен,6,[5]
384649,Схемотехника аналоговых электронных устройств,2,03.03.02 Физика / Радиофизика,Бакалавриат,Б1.О.Prof,0.667,Экзамен,7,[5]
384649,Электродинамика и распространение электромагнитных волн,2,03.03.02 Физика / Радиофизика,Бакалавриат,Б1.В,0.167,Экзамен,10,"[5, 6]"
384649,Цифровые устройства и микропроцессоры,2,03.03.02 Физика / Радиофизика,Бакалавриат,Б1.О.Prof,0.667,Экзамен,7,[5]
384649,Квантовая механика,2,03.03.02 Физика / Радиофизика,Бакалавриат,Б1.В,0.167,Экзамен,9,[6]
384649,Прикладная физическая культура (ОФП),2,03.03.02 Физика / Радиофизика,Бакалавриат,Б1.О.General,1.0,Зачет,10,"[5, 6]"
384649,Колебания и волны,2,03.03.02 Физика / Радиофизика,Бакалавриат,Б1.О.Prof,0.667,Экзамен,9,[6]
384649,Спецпроцессоры и спецконтроллеры,2,03.03.02 Физика / Радиофизика,Бакалавриат,Б1.В,0.5,Зачет,9,[6]
384649,Физика атомного ядра и частиц,2,03.03.02 Физика / Радиофизика,Бакалавриат,Б1.В,0.5,Зачет,9,[6]
384649,Вторичные источники электропитания,2,03.03.02 Физика / Радиофизика,Бакалавриат,Б1.В,0.333,Зачет,7,[5]
384649,Общий физический лабораторный практикум,2,03.03.02 Физика / Радиофизика,Бакалавриат,Б1.В,0.333,Зачет с оценкой,6,[5]
384649,Физика полупроводников,2,03.03.02 Физика / Радиофизика,Бакалавриат,Б1.О.Prof,0.667,Экзамен,9,[6]
384649,Лабораторный практикум по электронике,2,03.03.02 Физика / Радиофизика,Бакалавриат,Б1.В,0.333,Зачет с оценкой,6,[5]
384649,Аппаратные средства персонального компьютера,2,03.03.02 Физика / Радиофизика,Бакалавриат,Б1.О.Prof,0.667,Зачет с оценкой,9,[6]
384649,Теория колебаний,2,03.03.02 Физика / Радиофизика,Бакалавриат,Б1.О.Prof,0.833,Зачет с оценкой,7,[5]
384649,"Производственная практика, практика по получению профессиональных умений и опыта профессиональной деятельности",2,03.03.02 Физика / Радиофизика,Бакалавриат,Б2,0.333,Зачет с оценкой,9,[6]
384649,"Производственная практика, научно-исследовательская работа",2,03.03.02 Физика / Радиофизика,Бакалавриат,Б2,1.0,Зачет с оценкой,10,"[5, 6]"
106125,Педагогика,3,01.03.02 ПМИ / 02.03.01 МКН,Бакалавриат,Б1.В,0.333,Зачет,33,[3]
106125,Прикладная физическая культура (ОФП),3,01.03.02 ПМИ / 02.03.01 МКН,Бакалавриат,Б1.О.General,0.5,Зачет,32,"[3, 4]"
106125,Основы криптографии и теории кодирования,3,01.03.02 ПМИ / 02.03.01 МКН,Бакалавриат,Б1.В,0.333,Зачет с оценкой,29,[4]
106125,Математический анализ,3,01.03.02 ПМИ / 02.03.01 МКН,Бакалавриат,Б1.О.Prof,0.667,Экзамен,30,[3]
106125,Технологии программирования в Интернет,3,01.03.02 ПМИ / 02.03.01 МКН,Бакалавриат,Б1.В,0.333,Зачет с оценкой,29,"[3, 4]"
106125,Структуры и алгоритмы компьютерной обработки данных,3,01.03.02 ПМИ / 02.03.01 МКН,Бакалавриат,Б1.В,0.333,Зачет с оценкой,28,[4]
106125,Операционные системы,3,01.03.02 ПМИ / 02.03.01 МКН,Бакалавриат,Б1.О.Prof,0.667,Зачет с оценкой,30,[3]
106125,Философия,3,01.03.02 ПМИ / 02.03.01 МКН,Бакалавриат,Б1.О.General,1.0,Зачет с оценкой,29,[4]
106125,История и методология математики и информатики,3,01.03.02 ПМИ / 02.03.01 МКН,Бакалавриат,Б1.В,0.333,Экзамен,31,[4]
106125,"Учебная практика, научно-исследовательская работа (получение первичных навыков научно-исследовательской работы)",3,01.03.02 ПМИ / 02.03.01 МКН,Бакалавриат,Б2,1.0,Зачет с оценкой,12,[4]
106125,Информатика и программирование,3,01.03.02 ПМИ / 02.03.01 МКН,Бакалавриат,Б1.О.Prof,0.667,Зачет с оценкой,31,"[3, 4]"
106125,Правоведение,3,01.03.02 ПМИ / 02.03.01 МКН,Бакалавриат,Б1.О.General,0.5,Зачет,26,[4]
106125,Технология разработки программного обеспечения,3,01.03.02 ПМИ / 02.03.01 МКН,Бакалавриат,Б1.В,0.333,Зачет с оценкой,33,[3]
106125,Экономика,3,01.03.02 ПМИ / 02.03.01 МКН,Бакалавриат,Б1.О.General,0.667,Зачет,29,[4]
106125,Дифференциальные уравнения,3,01.03.02 ПМИ / 02.03.01 МКН,Бакалавриат,Б1.О.Prof,0.833,Экзамен,33,[3]
337564,Экономика фирмы,32,38.03.02 Менеджмент,Бакалавриат,Б1.О.Prof,1.0,Экзамен,15,[3]
337564,Методы принятия управленческих решений,32,38.03.02 Менеджмент,Бакалавриат,Б1.О.Prof,1.0,Экзамен,14,[4]
337564,Информационные технологии в инновационной деятельности,32,38.03.02 Менеджмент,Бакалавриат,Б1.О.Prof,1.0,Зачет с оценкой,16,[3]
337564,Основы маркетинга,32,38.03.02 Менеджмент,Бакалавриат,Б1.О.Prof,1.0,Зачет с оценкой,14,[4]
337564,Статистика,32,38.03.02 Менеджмент,Бакалавриат,Б1.О.Prof,1.0,Зачет с оценкой,16,[3]
337564,Теория вероятности и математическая статистика,32,38.03.02 Менеджмент,Бакалавриат,Б1.О.Prof,1.0,Зачет с оценкой,15,[3]
337564,"Учебная практика, практика по получению первичных профессиональных умений и навыков, в том числе  первичных умений и навыков научно-исследовательск...",32,38.03.02 Менеджмент,Бакалавриат,Б2,1.0,Зачет с оценкой,13,[4]
337564,Иностранный язык,32,38.03.02 Менеджмент,Бакалавриат,Б1.О.General,1.0,Зачет с оценкой,16,"[3, 4]"
337564,Культура общения,32,38.03.02 Менеджмент,Бакалавриат,Б1.В,0.5,Зачет,2,[4]
337564,Химия и материаловедение,32,38.03.02 Менеджмент,Бакалавриат,Б1.В,0.5,Экзамен,15,[3]
337564,Прикладная физическая культура (ОФП),32,38.03.02 Менеджмент,Бакалавриат,Б1.О.General,1.0,Зачет,16,"[3, 4]"
337564,Теория и практика аргументации,32,38.03.02 Менеджмент,Бакалавриат,Б1.В,0.5,Зачет,5,[4]
337564,Основы теории управления,32,38.03.02 Менеджмент,Бакалавриат,Б1.О.Prof,1.0,Зачет с оценкой,13,[4]
337564,Конфликтология,32,38.03.02 Менеджмент,Бакалавриат,Б1.О.General,1.0,Зачет,7,[4]
337564,Менеджмент,32,38.03.02 Менеджмент,Бакалавриат,Б1.О.Prof,1.0,Зачет с оценкой,16,"[3, 4]"
337564,"Стандартизация, сертификация и метрология",32,38.03.02 Менеджмент,Бакалавриат,Б1.О.Prof,1.0,Зачет с оценкой,14,[4]
337564,Управление качеством в инноватике,32,38.03.02 Менеджмент,Бакалавриат,Б1.О.Prof,1.0,Зачет с оценкой,13,[4]
337564,Техника безопасности и нормы охраны труда,32,38.03.02 Менеджмент,Бакалавриат,Б1.В,0.5,Экзамен,15,[3]
292509,Организация работы с различными категориями молодежи,38,Неизвестное (Организация работы с различными категори...),Бакалавриат,Б1.О.Prof,1.0,Экзамен,8,[6]
292509,Молодежная политика за рубежом,38,Неизвестное (Организация работы с различными категори...),Бакалавриат,Б1.О.Prof,1.0,Зачет с оценкой,8,[6]
292509,"Производственная практика, проектно-технологическая",38,Неизвестное (Организация работы с различными категори...),Бакалавриат,Б2,1.0,Зачет с оценкой,8,[6]
292509,Молодая семья как объект молодежной политики РФ,38,Неизвестное (Организация работы с различными категори...),Бакалавриат,Б1.О.Prof,1.0,Зачет с оценкой,8,[5]
292509,Прикладная физическая культура (ОФП),38,Неизвестное (Организация работы с различными категори...),Бакалавриат,Б1.О.General,1.0,Зачет,8,"[5, 6]"
292509,Делопроизводство в социальной сфере,38,Неизвестное (Организация работы с различными категори...),Бакалавриат,Б1.О.Prof,1.0,Зачет с оценкой,8,[5]
292509,Социальный паспорт Волгоградской области,38,Неизвестное (Организация работы с различными категори...),Бакалавриат,Б1.О.Prof,1.0,Экзамен,8,[6]
292509,Информационные технологии в социальной сфере,38,Неизвестное (Организация работы с различными категори...),Бакалавриат,Б1.О.Prof,1.0,Зачет с оценкой,8,[5]
292509,Менеджмент в молодежной политике,38,Неизвестное (Организация работы с различными категори...),Бакалавриат,Б1.О.Prof,1.0,Экзамен,8,[5]
292509,Социальные технологии работы с молодежью,38,Неизвестное (Организация работы с различными категори...),Бакалавриат,Б1.О.Prof,1.0,Экзамен,8,[5]
292509,Занятость населения и рынок труда,38,Неизвестное (Организация работы с различными категори...),Бакалавриат,Б1.О.Prof,1.0,Зачет с оценкой,8,[6]
292509,Социальная работа с дезадаптированной молодежью,38,Неизвестное (Организация работы с различными категори...),Бакалавриат,Б1.О.Prof,1.0,Экзамен,8,[5]
292509,Управление конфликтами в социальной сфере,38,Неизвестное (Организация работы с различными категори...),Бакалавриат,Б1.О.Prof,1.0,Экзамен,8,[5]
351903,Государственный экзамен,22,43.03.02 Туризм,Бакалавриат,Б3,0.5,ГАК,26,[8]
351903,Выпускная квалификационная работа (бакалаврская работа),22,43.03.02 Туризм,Бакалавриат,Б3,0.5,Защита ВКР,26,[8]
351903,Комплексный практикум по туризму,22,43.03.02 Туризм,Бакалавриат,Б1.О.Prof,1.0,Экзамен,26,[7]
351903,Профессиональная иноязычная коммуникация,22,43.03.02 Туризм,Бакалавриат,Б1.О.Prof,1.0,Экзамен,26,[7]
351903,Преддипломная практика,22,43.03.02 Туризм,Бакалавриат,Б2,0.5,Зачет с оценкой,26,[8]
351903,Бизнес-планирование в туристской индустрии,22,43.03.02 Туризм,Бакалавриат,Б1.О.Prof,1.0,Зачет с оценкой,26,[7]
751263,Иностранный язык,5,10.05.01 Компьютерная безопасность (спец.),Специалитет,Б1.О.General,1.0,Зачет с оценкой,8,"[3, 4]"
751263,Информационное право,5,10.05.01 Компьютерная безопасность (спец.),Специалитет,Б1.О.Prof,0.667,Зачет,8,[3]
751263,Прикладная физическая культура (Адаптивная физическая культура),5,10.05.01 Компьютерная безопасность (спец.),Специалитет,Б1.О.General,1.0,Зачет,3,[4]
751263,Культура общения,5,10.05.01 Компьютерная безопасность (спец.),Специалитет,Б1.В,0.333,Зачет,2,[3]
751263,Физика: Электричество и магнетизм,5,10.05.01 Компьютерная безопасность (спец.),Специалитет,Б1.О.Prof,1.0,Экзамен,8,[3]
751263,Безопасность операционных систем,5,10.05.01 Компьютерная безопасность (спец.),Специалитет,Б1.О.Prof,1.0,Зачет с оценкой,8,[4]
751263,Культурология,5,10.05.01 Компьютерная безопасность (спец.),Специалитет,Б1.О.General,0.333,Зачет,3,[3]
751263,Теория и практика аргументации,5,10.05.01 Компьютерная безопасность (спец.),Специалитет,Б1.О.Prof,0.667,Зачет,2,[3]
751263,Методы вычислительной математики для решения задач информационной безопасности,5,10.05.01 Компьютерная безопасность (спец.),Специалитет,Б1.О.Prof,0.667,Экзамен,8,[4]
751263,Дифференциальные уравнения для решения задач информационной безопасности,5,10.05.01 Компьютерная безопасность (спец.),Специалитет,Б1.О.Prof,1.0,Зачет с оценкой,8,[3]
751263,Философия,5,10.05.01 Компьютерная безопасность (спец.),Специалитет,Б1.О.General,1.0,Зачет с оценкой,8,[4]
751263,Электроника и схемотехника,5,10.05.01 Компьютерная безопасность (спец.),Специалитет,Б1.О.Prof,0.667,Зачет с оценкой,8,[4]
751263,Теория вероятностей и математическая статистика,5,10.05.01 Компьютерная безопасность (спец.),Специалитет,Б1.О.Prof,1.0,Экзамен,8,[3]
751263,Конфликтология,5,10.05.01 Компьютерная безопасность (спец.),Специалитет,Б1.О.General,0.667,Зачет,1,[3]
751263,Алгебра и теория чисел,5,10.05.01 Компьютерная безопасность (спец.),Специалитет,Б1.О.Prof,1.0,Экзамен,8,[3]
751263,Технологии и методы программирования,5,10.05.01 Компьютерная безопасность (спец.),Специалитет,Б1.О.Prof,1.0,Экзамен,8,"[3, 4]"
751263,Прикладная физическая культура (ОФП),5,10.05.01 Компьютерная безопасность (спец.),Специалитет,Б1.О.General,1.0,Зачет,8,"[3, 4]"
751263,Теория информационной безопасности и методология защиты информации,5,10.05.01 Компьютерная безопасность (спец.),Специалитет,Б1.О.Prof,0.667,Зачет с оценкой,8,[4]
751263,Языки ассемблера,5,10.05.01 Компьютерная безопасность (спец.),Специалитет,Б1.О.Prof,0.667,Экзамен,8,[3]
751263,Методы статистической обработки данных для решения задач информационной безопасности,5,10.05.01 Компьютерная безопасность (спец.),Специалитет,Б1.О.Prof,0.667,Зачет с оценкой,8,[3]
751263,Программирование микроконтроллеров,5,10.05.01 Компьютерная безопасность (спец.),Специалитет,Б1.О.Prof,1.0,Зачет с оценкой,8,[4]
751263,"Учебная практика, практика по получению первичных профессиональных умений, в том числе первичных умений и навыков научно-исследовательской деятельност",5,10.05.01 Компьютерная безопасность (спец.),Специалитет,Б2,0.333,Зачет с оценкой,8,[4]
970411,Методы математической физики,1,09.03.02 ИСиТ,Бакалавриат,Б1.О.Prof,1.0,Зачет с оценкой,28,[4]
970411,Иностранный язык,1,09.03.02 ИСиТ,Бакалавриат,Б1.О.General,0.667,Зачет с оценкой,30,[3]
970411,Базы данных,1,09.03.02 ИСиТ,Бакалавриат,Б1.О.Prof,1.0,Курсовая работа,28,[3]
970411,Прикладная физическая культура (Адаптивная физическая культура),1,09.03.02 ИСиТ,Бакалавриат,Б1.О.General,0.833,Зачет,4,[4]
970411,Математическое моделирование физических систем,1,09.03.02 ИСиТ,Бакалавриат,Б1.О.Prof,1.0,Экзамен,30,[3]
970411,Дискретная математика,1,09.03.02 ИСиТ,Бакалавриат,Б1.О.Prof,1.0,Экзамен,30,[3]
970411,"Учебная практика, научно-исследовательская работа (получение первичных навыков научно-исследовательской работы)",1,09.03.02 ИСиТ,Бакалавриат,Б2,1.0,Зачет с оценкой,5,[4]
970411,Операционные системы,1,09.03.02 ИСиТ,Бакалавриат,Б1.О.Prof,1.0,Экзамен,24,[4]
970411,Физика,1,09.03.02 ИСиТ,Бакалавриат,Б1.О.General,0.667,Зачет,30,[3]
970411,Цифровые технологии: от интернета до блокчейна,1,09.03.02 ИСиТ,Бакалавриат,Б1.О.Prof,0.833,Зачет,30,[3]
970411,Численные методы,1,09.03.02 ИСиТ,Бакалавриат,Б1.О.Prof,1.0,Экзамен,24,[4]
970411,Прикладная физическая культура (Волейбол),1,09.03.02 ИСиТ,Бакалавриат,Б1.О.General,0.5,Зачет,31,"[3, 4]"
970411,Экономико-математическое моделирование,1,09.03.02 ИСиТ,Бакалавриат,Б1.В,0.5,Зачет с оценкой,28,[4]
970411,Архитектура информационных систем,1,09.03.02 ИСиТ,Бакалавриат,Б1.В,0.333,Экзамен,27,[4]
970411,Объектно-ориентированное программирование,1,09.03.02 ИСиТ,Бакалавриат,Б1.О.Prof,1.0,Экзамен,30,[3]
708273,Государственный экзамен,2,03.03.02 Физика / Радиофизика,Бакалавриат,Б3,0.2,ГАК,14,[8]
708273,Специальный практикум,2,03.03.02 Физика / Радиофизика,Бакалавриат,Б1.В,0.4,Зачет с оценкой,15,"[7, 8]"
708273,Физика конденсированного состояния,2,03.03.02 Физика / Радиофизика,Бакалавриат,Б1.В,0.4,Зачет с оценкой,15,[8]
708273,Химическая физика,2,03.03.02 Физика / Радиофизика,Бакалавриат,Б1.В,0.4,Экзамен,15,[8]
708273,Квантовая теория,2,03.03.02 Физика / Радиофизика,Бакалавриат,Б1.В,0.4,Экзамен,15,[7]
708273,Основы химической кинетики,2,03.03.02 Физика / Радиофизика,Бакалавриат,Б1.В,0.4,Экзамен,15,[7]
708273,Матрица плотности,2,03.03.02 Физика / Радиофизика,Бакалавриат,Б1.В,0.4,Зачет с оценкой,15,[8]
708273,Нелинейные волны,2,03.03.02 Физика / Радиофизика,Бакалавриат,Б1.В,0.4,Экзамен,15,[7]
708273,"Учебная практика, практика по получению первичных профессиональных умений и навыков",2,03.03.02 Физика / Радиофизика,Бакалавриат,Б2,0.4,Зачет с оценкой,15,[7]
708273,"Производственная практика, преддипломная",2,03.03.02 Физика / Радиофизика,Бакалавриат,Б2,0.2,Зачет с оценкой,15,[8]
708273,Моделирование стохастических процессов,2,03.03.02 Физика / Радиофизика,Бакалавриат,Б1.В,0.4,Зачет с оценкой,15,[7]
708273,"Термодинамика, статистическая физика и физическая кинетика",2,03.03.02 Физика / Радиофизика,Бакалавриат,Б1.В,0.4,Зачет с оценкой,15,"[7, 8]"
708273,"Производственная практика, практика по получению профессиональных умений и опыта профессиональной деятельности",2,03.03.02 Физика / Радиофизика,Бакалавриат,Б2,0.4,Зачет с оценкой,15,[7]
708273,Выпускная квалификационная работа (бакалаврская работа),2,03.03.02 Физика / Радиофизика,Бакалавриат,Б3,0.4,Защита ВКР,14,[8]
708273,"Производственная практика, научно-исследовательская работа",2,03.03.02 Физика / Радиофизика,Бакалавриат,Б2,0.8,Зачет с оценкой,15,[7]
663218,Антикризисное управление,35,38.03.02 Менеджмент (антикриз.),Бакалавриат,Б1.О.Prof,1.0,Экзамен,9,[7]
663218,Подготовка к сдаче и сдача государственного экзамена,35,38.03.02 Менеджмент (антикриз.),Бакалавриат,Б3,0.5,ГАК,9,[8]
663218,Теория и практика финансового оздоровления предприятия,35,38.03.02 Менеджмент (антикриз.),Бакалавриат,Б1.О.Prof,1.0,Зачет с оценкой,9,[7]
663218,Основы предпринимательской деятельности,35,38.03.02 Менеджмент (антикриз.),Бакалавриат,Б1.О.Prof,1.0,Зачет с оценкой,9,[8]
663218,Оценка и управление стоимостью предприятия,35,38.03.02 Менеджмент (антикриз.),Бакалавриат,Б1.О.Prof,1.0,Зачет с оценкой,9,[7]
663218,"Защита выпускной квалификационной работы, включая подготовку к защите и процедуру защиты",35,38.03.02 Менеджмент (антикриз.),Бакалавриат,Б3,0.5,Защита ВКР,9,[8]
663218,Управление изменениями,35,38.03.02 Менеджмент (антикриз.),Бакалавриат,Б1.О.Prof,1.0,Зачет с оценкой,9,[8]
663218,Диагностика кризисного состояния предприятия,35,38.03.02 Менеджмент (антикриз.),Бакалавриат,Б1.О.Prof,1.0,Экзамен,9,[7]
663218,"Производственная практика, преддипломная практика",35,38.03.02 Менеджмент (антикриз.),Бакалавриат,Б2,0.5,Зачет с оценкой,9,[8]
663218,Управление проектами,35,38.03.02 Менеджмент (антикриз.),Бакалавриат,Б1.О.Prof,1.0,Экзамен,9,[7]
663218,Коммуникационный менеджмент,35,38.03.02 Менеджмент (антикриз.),Бакалавриат,Б1.О.Prof,1.0,Зачет с оценкой,9,[8]
663218,Управленческое консультирование,35,38.03.02 Менеджмент (антикриз.),Бакалавриат,Б1.О.Prof,1.0,Зачет с оценкой,9,[8]
663218,Бизнес-планирование,35,38.03.02 Менеджмент (антикриз.),Бакалавриат,Б1.О.Prof,1.0,Зачет с оценкой,9,[7]
663218,"Производственная практика, научно-исследовательская работа",35,38.03.02 Менеджмент (антикриз.),Бакалавриат,Б2,0.5,Зачет с оценкой,9,[7]
632510,Пенсионное обеспечение,27,39.03.02 Социальная работа,Бакалавриат,Б1.О.Prof,1.0,Экзамен,14,[6]
632510,Прикладная физическая культура (Адаптивная физическая культура),27,39.03.02 Социальная работа,Бакалавриат,Б1.О.General,1.0,Зачет,2,"[5, 6]"
632510,Прикладная физическая культура (ОФП),27,39.03.02 Социальная работа,Бакалавриат,Б1.О.General,1.0,Зачет,13,[5]
632510,Проектирование в социальной работе с дезадаптированной молодежью,27,39.03.02 Социальная работа,Бакалавриат,Б1.В,0.5,Экзамен,14,[5]
632510,Делопроизводство в социальной сфере,27,39.03.02 Социальная работа,Бакалавриат,Б1.О.Prof,1.0,Зачет с оценкой,14,[5]
632510,Социальный паспорт Волгоградской области,27,39.03.02 Социальная работа,Бакалавриат,Б1.О.Prof,1.0,Экзамен,14,[6]
632510,Информационные технологии в социальной сфере,27,39.03.02 Социальная работа,Бакалавриат,Б1.В,0.5,Зачет с оценкой,14,[5]
632510,Технологии социальной работы с различными группами населения,27,39.03.02 Социальная работа,Бакалавриат,Б1.О.Prof,1.0,Зачет с оценкой,14,[5]
632510,Управление в социальной работе,27,39.03.02 Социальная работа,Бакалавриат,Б1.В,0.5,Зачет с оценкой,14,[6]
632510,Прикладные исследования в социальной работе с замещающими семьями,27,39.03.02 Социальная работа,Бакалавриат,Б1.О.Prof,1.0,Экзамен,14,[5]
632510,"Социальная квалиметрия, оценка качества и стандартизация социальных услуг",27,39.03.02 Социальная работа,Бакалавриат,Б1.В,0.5,Зачет с оценкой,14,[6]
632510,Правовое обеспечение социальной работы,27,39.03.02 Социальная работа,Бакалавриат,Б1.О.Prof,1.0,Экзамен,14,[5]
632510,Управление конфликтами в социальной сфере,27,39.03.02 Социальная работа,Бакалавриат,Б1.О.Prof,1.0,Экзамен,14,[5]
595651,Комплексный практикум по социологии,52,Неизвестное (Комплексный практикум по социологии...),Бакалавриат,Б1.О.Prof,1.0,Экзамен,1,[1]
595651,Иностранный язык,52,Неизвестное (Комплексный практикум по социологии...),Бакалавриат,Б1.О.General,1.0,Зачет с оценкой,1,[1]
595651,Прикладная физическая культура (ОФП),52,Неизвестное (Комплексный практикум по социологии...),Бакалавриат,Б1.О.General,1.0,Зачет,1,[1]
595651,Русский язык и культура речи,52,Неизвестное (Комплексный практикум по социологии...),Бакалавриат,Б1.О.General,1.0,Зачет,1,[1]
595651,Физическая культура и спорт,52,Неизвестное (Комплексный практикум по социологии...),Бакалавриат,Б1.О.General,1.0,Зачет,1,[1]
595651,Введение в социологию,52,Неизвестное (Комплексный практикум по социологии...),Бакалавриат,Б1.О.Prof,1.0,Экзамен,1,[1]
595651,Экономика,52,Неизвестное (Комплексный практикум по социологии...),Бакалавриат,Б1.О.General,1.0,Зачет,1,[1]
595651,История социологии,52,Неизвестное (Комплексный практикум по социологии...),Бакалавриат,Б1.О.Prof,1.0,Экзамен,1,[1]
595651,"История (история России, всеобщая история)",52,Неизвестное (Комплексный практикум по социологии...),Бакалавриат,Б1.О.General,1.0,Зачет с оценкой,1,[1]
104137,Психология,28,42.03.01 Реклама и СО,Бакалавриат,Б1.О.Prof,1.0,Зачет,26,[4]
104137,Иностранный язык,28,42.03.01 Реклама и СО,Бакалавриат,Б1.О.General,1.0,Экзамен,29,[3]
104137,"Учебная практика, практика по получению первичных профессиональных умений и навыков, в том числе первичных умений и навыков научно-исследовательско...",28,42.03.01 Реклама и СО,Бакалавриат,Б2,1.0,Зачет с оценкой,26,[4]
104137,Основы брендинга,28,42.03.01 Реклама и СО,Бакалавриат,Б1.О.Prof,1.0,Зачет с оценкой,26,[4]
104137,Культура общения,28,42.03.01 Реклама и СО,Бакалавриат,Б1.О.Prof,1.0,Зачет,5,[4]
104137,Организационная коммуникация,28,42.03.01 Реклама и СО,Бакалавриат,Б1.О.Prof,1.0,Зачет,5,[4]
104137,Основы рекламы,28,42.03.01 Реклама и СО,Бакалавриат,Б1.О.Prof,1.0,Экзамен,29,[3]
104137,Основы копирайтинга,28,42.03.01 Реклама и СО,Бакалавриат,Б1.О.Prof,1.0,Зачет с оценкой,27,[4]
104137,"Производственная практика, научно-исследовательская работа",28,42.03.01 Реклама и СО,Бакалавриат,Б2,1.0,Зачет с оценкой,26,[4]
104137,Теория систем и системный анализ,28,42.03.01 Реклама и СО,Бакалавриат,Б1.О.Prof,1.0,Зачет,28,[3]
104137,Культурология,28,42.03.01 Реклама и СО,Бакалавриат,Б1.О.General,1.0,Зачет,9,[4]
104137,Статистика,28,42.03.01 Реклама и СО,Бакалавриат,Б1.О.Prof,1.0,Зачет с оценкой,29,[3]
104137,Глобальная экономическая история,28,42.03.01 Реклама и СО,Бакалавриат,Б1.О.Prof,1.0,Зачет,1,[4]
104137,Ценообразование на рынке рекламных услуг,28,42.03.01 Реклама и СО,Бакалавриат,Б1.О.Prof,1.0,Зачет с оценкой,29,[3]
104137,Организация работы отделов рекламы и связей с общественностью,28,42.03.01 Реклама и СО,Бакалавриат,Б1.О.Prof,1.0,Зачет с оценкой,26,[4]
104137,Философия,28,42.03.01 Реклама и СО,Бакалавриат,Б1.О.General,1.0,Экзамен,28,[3]
104137,Основы менеджмента,28,42.03.01 Реклама и СО,Бакалавриат,Б1.О.Prof,1.0,Зачет с оценкой,28,[3]
104137,Конфликтология,28,42.03.01 Реклама и СО,Бакалавриат,Б1.О.General,1.0,Зачет,5,[4]
104137,Социология массовых коммуникаций,28,42.03.01 Реклама и СО,Бакалавриат,Б1.О.Prof,1.0,Зачет,27,[3]
104137,PR-менеджмент,28,42.03.01 Реклама и СО,Бакалавриат,Б1.О.Prof,1.0,Зачет с оценкой,26,[4]
104137,Прикладная физическая культура (ОФП),28,42.03.01 Реклама и СО,Бакалавриат,Б1.О.General,1.0,Зачет,29,"[3, 4]"
358096,Политическая регионалистика,53,Неизвестное (Политическая регионалистика...),Бакалавриат,Б1.О.Prof,1.0,Экзамен,18,[7]
358096,Практика по получению профессиональных умений и опыта профессиональной  деятельности,53,Неизвестное (Политическая регионалистика...),Бакалавриат,Б1.О.Prof,1.0,Зачет с оценкой,18,"[7, 8]"
358096,Взаимодействие государства и гражданского общества в России,53,Неизвестное (Политическая регионалистика...),Бакалавриат,Б1.О.Prof,1.0,Зачет с оценкой,18,[7]
358096,Политическая психология,53,Неизвестное (Политическая регионалистика...),Бакалавриат,Б1.О.Prof,1.0,Зачет с оценкой,16,[8]
358096,Сравнительная политология,53,Неизвестное (Политическая регионалистика...),Бакалавриат,Б1.О.Prof,1.0,Зачет с оценкой,18,[7]
358096,Политическое консультирование и экспертиза в российской политике,53,Неизвестное (Политическая регионалистика...),Бакалавриат,Б1.О.Prof,1.0,Экзамен,18,"[7, 8]"
358096,Избирательные кампании и средства политической мобилизации в РФ,53,Неизвестное (Политическая регионалистика...),Бакалавриат,Б1.О.Prof,1.0,Зачет с оценкой,18,"[7, 8]"
358096,Практики принятия и реализации политических решений в Волгоградской области,53,Неизвестное (Политическая регионалистика...),Бакалавриат,Б1.О.Prof,1.0,Зачет с оценкой,18,[8]
358096,Современная российская политика,53,Неизвестное (Политическая регионалистика...),Бакалавриат,Б1.О.Prof,1.0,Экзамен,18,[7]
358096,Преддипломная практика,53,Неизвестное (Политическая регионалистика...),Бакалавриат,Б2,1.0,Зачет с оценкой,18,"[7, 8]"
444125,Математическая статистика,6,38.03.01 Экономика,Бакалавриат,Б1.О.Prof,1.0,Зачет с оценкой,14,[3]
444125,Прикладная физическая культура (Легкая атлетика),6,38.03.01 Экономика,Бакалавриат,Б1.О.General,0.5,Зачет,17,"[3, 4]"
444125,Статистика,6,38.03.01 Экономика,Бакалавриат,Б1.О.Prof,1.0,Зачет с оценкой,17,"[3, 4]"
444125,"Учебная практика, практика по получению первичных профессиональных умений и навыков, в том числе первичных умений и навыков научно-исследовательско...",6,38.03.01 Экономика,Бакалавриат,Б2,1.0,Зачет с оценкой,17,[4]
444125,Финансы,6,38.03.01 Экономика,Бакалавриат,Б1.О.Prof,1.0,Экзамен,17,[4]
444125,Организация предпринимательской деятельности в национальной экономике,6,38.03.01 Экономика,Бакалавриат,Б1.О.Prof,1.0,Курсовая работа,17,[4]
444125,Экономика организации (предприятия),6,38.03.01 Экономика,Бакалавриат,Б1.О.Prof,1.0,Экзамен,14,[3]
444125,Мировая экономика и международные экономические отношения,6,38.03.01 Экономика,Бакалавриат,Б1.О.Prof,1.0,Экзамен,14,[3]
444125,Экономическая терминология на иностранном языке,6,38.03.01 Экономика,Бакалавриат,Б1.О.Prof,1.0,Зачет с оценкой,18,"[3, 4]"
444125,Национальная экономика,6,38.03.01 Экономика,Бакалавриат,Б1.О.Prof,1.0,Экзамен,13,[3]
444125,Правоведение,6,38.03.01 Экономика,Бакалавриат,Б1.О.General,1.0,Зачет,14,[3]
444125,Менеджмент,6,38.03.01 Экономика,Бакалавриат,Б1.О.Prof,1.0,Зачет с оценкой,17,[4]
444125,Бухгалтерский учет,6,38.03.01 Экономика,Бакалавриат,Б1.О.Prof,1.0,Зачет с оценкой,17,[4]
995050,Иностранный язык,7,45.03.01 Филология,Бакалавриат,Б1.О.General,1.0,Зачет с оценкой,9,"[1, 2]"
995050,Устное народное творчество,7,45.03.01 Филология,Бакалавриат,Б1.О.Prof,1.0,Зачет,9,[1]
995050,Практикум по орфографии,7,45.03.01 Филология,Бакалавриат,Б1.О.Prof,1.0,Зачет,7,[2]
995050,Введение в языкознание,7,45.03.01 Филология,Бакалавриат,Б1.О.Prof,1.0,Экзамен,9,[1]
995050,История зарубежной литературы XIX века,7,45.03.01 Филология,Бакалавриат,Б1.В,0.5,Зачет с оценкой,9,[1]
995050,Современный русский язык: морфемика и словообразование,7,45.03.01 Филология,Бакалавриат,Б1.О.Prof,1.0,Экзамен,7,[2]
995050,Современный русский язык: Фонетика,7,45.03.01 Филология,Бакалавриат,Б1.О.Prof,1.0,Экзамен,9,[1]
995050,История русской литературы XVIII века,7,45.03.01 Филология,Бакалавриат,Б1.О.Prof,1.0,Зачет,7,[2]
995050,Физическая культура и спорт,7,45.03.01 Филология,Бакалавриат,Б1.О.General,1.0,Зачет,9,[1]
995050,"История (история России, всеобщая история)",7,45.03.01 Филология,Бакалавриат,Б1.О.General,0.5,Зачет с оценкой,9,[1]
995050,История педагогики,7,45.03.01 Филология,Бакалавриат,Б1.В,0.5,Зачет,9,[1]
995050,История зарубежной литературы ХХ века,7,45.03.01 Филология,Бакалавриат,Б1.В,0.5,Зачет с оценкой,7,[2]
995050,Детская литература,7,45.03.01 Филология,Бакалавриат,Б1.В,0.5,Зачет с оценкой,7,[2]
995050,"Учебная практика, научно-исследовательская работа (получение первичных навыков научно-исследовательской работы) (литературоведческая)",7,45.03.01 Филология,Бакалавриат,Б2,0.5,Зачет с оценкой,7,[1]
995050,Прикладная физическая культура (Волейбол),7,45.03.01 Филология,Бакалавриат,Б1.О.General,1.0,Зачет,9,[1]
995050,Старославянский язык,7,45.03.01 Филология,Бакалавриат,Б1.О.Prof,1.0,Экзамен,7,[2]
995050,Современный литературный процесс,7,45.03.01 Филология,Бакалавриат,Б1.О.Prof,1.0,Зачет,7,[2]
995050,Литература русского зарубежья,7,45.03.01 Филология,Бакалавриат,Б1.В,0.5,Зачет,7,[2]
995050,Литература народов России и ближнего зарубежья,7,45.03.01 Филология,Бакалавриат,Б1.В,0.5,Зачет,7,[2]
995050,Информатика,7,45.03.01 Филология,Бакалавриат,Б1.О.General,1.0,Зачет с оценкой,9,[1]
995050,Введение в литературоведение,7,45.03.01 Филология,Бакалавриат,Б1.О.Prof,1.0,Зачет,9,[1]
995050,История древнерусской литературы,7,45.03.01 Филология,Бакалавриат,Б1.О.Prof,1.0,Зачет,9,[1]
995050,Русская лексикография,7,45.03.01 Филология,Бакалавриат,Б1.В,0.5,Зачет,7,[2]
839415,Политическая журналистика,54,Неизвестное (Политическая журналистика...),Бакалавриат,Б1.О.Prof,1.0,Зачет,34,[7]
839415,Нормы языка в профессиональной сфере общения,54,Неизвестное (Политическая журналистика...),Бакалавриат,Б1.О.Prof,1.0,Зачет с оценкой,17,[7]
839415,Экономическая журналистика,54,Неизвестное (Политическая журналистика...),Бакалавриат,Б1.О.Prof,1.0,Зачет,34,[7]
839415,Правовые основы журналистики,54,Неизвестное (Политическая журналистика...),Бакалавриат,Б1.О.Prof,1.0,Зачет,34,[7]
839415,Язык современных СМИ,54,Неизвестное (Политическая журналистика...),Бакалавриат,Б1.О.Prof,1.0,Зачет с оценкой,15,[8]
839415,Спецкурсы и спецсеминары научных руководителей,54,Неизвестное (Политическая журналистика...),Бакалавриат,Б1.О.Prof,1.0,Зачет с оценкой,33,[7]
839415,Преддипломная,54,Неизвестное (Политическая журналистика...),Бакалавриат,Б2,1.0,Зачет с оценкой,32,[8]
839415,Логика,54,Неизвестное (Политическая журналистика...),Бакалавриат,Б1.О.Prof,1.0,Зачет,35,[7]
839415,Художественная публицистика,54,Неизвестное (Политическая журналистика...),Бакалавриат,Б1.О.Prof,1.0,Зачет,34,[7]
839415,Художественная критика в СМИ,54,Неизвестное (Политическая журналистика...),Бакалавриат,Б1.О.Prof,1.0,Зачет с оценкой,17,[8]
839415,Аксиология журналистики,54,Неизвестное (Политическая журналистика...),Бакалавриат,Б1.О.Prof,1.0,Зачет с оценкой,16,[7]
839415,Современный литературный процесс,54,Неизвестное (Политическая журналистика...),Бакалавриат,Б1.О.Prof,1.0,Зачет,35,[7]
839415,Культура звучащей речи журналиста,54,Неизвестное (Политическая журналистика...),Бакалавриат,Б1.О.Prof,1.0,Экзамен,15,[8]
839415,Реклама печатных СМИ,54,Неизвестное (Политическая журналистика...),Бакалавриат,Б1.О.Prof,1.0,Экзамен,32,[8]
839415,Профессиональные творческие студии,54,Неизвестное (Политическая журналистика...),Бакалавриат,Б1.О.Prof,1.0,Зачет с оценкой,34,[7]
839415,Выпуск учебных СМИ,54,Неизвестное (Политическая журналистика...),Бакалавриат,Б1.О.Prof,1.0,Курсовая работа,35,[7]
839415,История отечественной журналистики,54,Неизвестное (Политическая журналистика...),Бакалавриат,Б1.О.Prof,1.0,Экзамен,34,[7]
839415,История зарубежной журналистики,54,Неизвестное (Политическая журналистика...),Бакалавриат,Б1.О.Prof,1.0,Экзамен,35,"[7, 8]"
839415,Стилистика и литературное редактирование,54,Неизвестное (Политическая журналистика...),Бакалавриат,Б1.О.Prof,1.0,Экзамен,33,[7]
839415,Коммуникативная организация текстов современных СМИ,54,Неизвестное (Политическая журналистика...),Бакалавриат,Б1.О.Prof,1.0,Экзамен,17,[8]
890615,Стандартизация и сертификация в туризме,22,43.03.02 Туризм,Бакалавриат,Б1.О.Prof,1.0,Зачет с оценкой,20,[5]
890615,Туристско-рекреационное проектирование,22,43.03.02 Туризм,Бакалавриат,Б1.О.Prof,1.0,Экзамен,20,"[5, 6]"
890615,Прикладная физическая культура (ОФП),22,43.03.02 Туризм,Бакалавриат,Б1.О.General,1.0,Зачет,20,"[5, 6]"
890615,Информационные технологии в туристской индустрии,22,43.03.02 Туризм,Бакалавриат,Б1.О.Prof,1.0,Зачет с оценкой,20,[5]
890615,Технология организации туроператорских и турагентских услуг,22,43.03.02 Туризм,Бакалавриат,Б1.О.Prof,1.0,Экзамен,20,[5]
890615,Реклама в туризме,22,43.03.02 Туризм,Бакалавриат,Б1.О.Prof,1.0,Зачет с оценкой,20,[6]
890615,Маркетинг в туристской индустрии,22,43.03.02 Туризм,Бакалавриат,Б1.О.Prof,1.0,Экзамен,20,[5]
890615,Социолого-статистические методы в туризме,22,43.03.02 Туризм,Бакалавриат,Б1.О.Prof,1.0,Зачет с оценкой,22,[5]
890615,"Производственная практика, организационно-управленческая",22,43.03.02 Туризм,Бакалавриат,Б2,1.0,Зачет с оценкой,4,[6]
890615,Профессиональная иноязычная коммуникация,22,43.03.02 Туризм,Бакалавриат,Б1.О.Prof,1.0,Зачет с оценкой,22,"[5, 6]"
890615,"Производственная практика, исследовательская",22,43.03.02 Туризм,Бакалавриат,Б2,1.0,Зачет с оценкой,20,[6]
890615,Иностранный язык (второй),22,43.03.02 Туризм,Бакалавриат,Б1.О.Prof,1.0,Экзамен,20,"[5, 6]"
890615,Технологии продаж,22,43.03.02 Туризм,Бакалавриат,Б1.О.Prof,1.0,Зачет с оценкой,21,[6]
855809,Методы математической физики,1,09.03.02 ИСиТ,Бакалавриат,Б1.О.Prof,1.0,Зачет с оценкой,20,[4]
855809,Иностранный язык,1,09.03.02 ИСиТ,Бакалавриат,Б1.О.General,0.667,Зачет с оценкой,21,[3]
855809,Базы данных,1,09.03.02 ИСиТ,Бакалавриат,Б1.О.Prof,1.0,Экзамен,22,[3]
855809,Дискретная математика,1,09.03.02 ИСиТ,Бакалавриат,Б1.О.Prof,1.0,Экзамен,20,[3]
855809,Математическое моделирование физических систем,1,09.03.02 ИСиТ,Бакалавриат,Б1.О.Prof,1.0,Экзамен,21,[3]
855809,Модели и методы принятия решений,1,09.03.02 ИСиТ,Бакалавриат,Б1.В,0.5,Зачет с оценкой,18,[4]
855809,Прикладная физическая культура (ОФП),1,09.03.02 ИСиТ,Бакалавриат,Б1.О.General,0.5,Зачет,20,"[3, 4]"
855809,Операционные системы,1,09.03.02 ИСиТ,Бакалавриат,Б1.О.Prof,1.0,Экзамен,18,[4]
855809,"Учебная практика, научно-исследовательская работа (получение первичных навыков научно-исследовательской работы)",1,09.03.02 ИСиТ,Бакалавриат,Б2,1.0,Зачет с оценкой,6,[4]
855809,Цифровые технологии: от интернета до блокчейна,1,09.03.02 ИСиТ,Бакалавриат,Б1.О.Prof,0.833,Зачет,22,[3]
855809,Физика,1,09.03.02 ИСиТ,Бакалавриат,Б1.О.General,0.667,Экзамен,21,[3]
855809,Численные методы,1,09.03.02 ИСиТ,Бакалавриат,Б1.О.Prof,1.0,Курсовая работа,20,[4]
855809,Архитектура информационных систем,1,09.03.02 ИСиТ,Бакалавриат,Б1.В,0.333,Экзамен,17,[4]
855809,Объектно-ориентированное программирование,1,09.03.02 ИСиТ,Бакалавриат,Б1.О.Prof,1.0,Экзамен,20,[3]
155394,Теоретическая грамматика,15,45.03.02 Лингвистика (перевод),Бакалавриат,Б1.О.Prof,1.0,Зачет с оценкой,67,[5]
155394,Практический курс устного перевода (первый иностранный язык),15,45.03.02 Лингвистика (перевод),Бакалавриат,Б1.О.Prof,1.0,Зачет с оценкой,69,"[5, 6]"
155394,Практический курс устного перевода (второй иностранный язык),15,45.03.02 Лингвистика (перевод),Бакалавриат,Б1.О.Prof,1.0,Зачет с оценкой,68,"[5, 6]"
155394,Прикладная физическая культура (Адаптивная физическая культура),15,45.03.02 Лингвистика (перевод),Бакалавриат,Б1.О.General,0.5,Зачет,7,"[5, 6]"
155394,Методика перевода,15,45.03.02 Лингвистика (перевод),Бакалавриат,Б1.О.Prof,1.0,Зачет,64,[6]
155394,Практический курс первого иностранного языка,15,45.03.02 Лингвистика (перевод),Бакалавриат,Б1.О.Prof,1.0,Зачет с оценкой,68,"[5, 6]"
155394,Прикладная физическая культура (ОФП),15,45.03.02 Лингвистика (перевод),Бакалавриат,Б1.О.General,1.0,Зачет,63,"[5, 6]"
155394,Теория перевода,15,45.03.02 Лингвистика (перевод),Бакалавриат,Б1.О.Prof,1.0,Экзамен,67,[5]
155394,Практический курс второго иностранного языка,15,45.03.02 Лингвистика (перевод),Бакалавриат,Б1.О.Prof,1.0,Зачет с оценкой,67,"[5, 6]"
155394,Информационный поиск в работе переводчика,15,45.03.02 Лингвистика (перевод),Бакалавриат,Б1.О.Prof,1.0,Зачет,67,[5]
155394,История и культура стран изучаемого языка,15,45.03.02 Лингвистика (перевод),Бакалавриат,Б1.В,0.5,Зачет с оценкой,67,[6]
155394,Практический курс письменного перевода (второй иностранный язык),15,45.03.02 Лингвистика (перевод),Бакалавриат,Б1.О.Prof,1.0,Зачет с оценкой,69,"[5, 6]"
155394,Практический курс письменного перевода (первый иностранный язык),15,45.03.02 Лингвистика (перевод),Бакалавриат,Б1.О.Prof,1.0,Зачет с оценкой,68,"[5, 6]"
519940,Физическая химия веществ и материалов,8,40.03.01 Юриспруденция,Специалитет,Б1.О.Prof,1.0,Зачет с оценкой,25,[4]
519940,Прикладная оптика,8,40.03.01 Юриспруденция,Специалитет,Б1.О.Prof,1.0,Экзамен,26,[3]
519940,Прикладная физическая культура (Легкая атлетика),8,40.03.01 Юриспруденция,Специалитет,Б1.О.General,0.5,Зачет,23,"[3, 4]"
519940,Политология,8,40.03.01 Юриспруденция,Специалитет,Б1.О.Prof,1.0,Зачет,24,[4]
519940,Иностранный язык,8,40.03.01 Юриспруденция,Специалитет,Б1.О.General,1.0,Зачет,25,"[3, 4]"
519940,Современные методы аналитической химии в профессиональной деятельности,8,40.03.01 Юриспруденция,Специалитет,Б1.О.Prof,1.0,Экзамен,26,[3]
519940,Прикладная физическая культура (Адаптивная физическая культура),8,40.03.01 Юриспруденция,Специалитет,Б1.О.General,1.0,Зачет,3,"[3, 4]"
519940,Практикум по обработке результатов измерений,8,40.03.01 Юриспруденция,Специалитет,Б1.О.Prof,1.0,Зачет,25,[4]
519940,Естественнонаучные методы судебно-экспертных исследований,8,40.03.01 Юриспруденция,Специалитет,Б1.О.Prof,1.0,Зачет с оценкой,25,"[3, 4]"
519940,Философия,8,40.03.01 Юриспруденция,Специалитет,Б1.О.General,1.0,Экзамен,26,[3]
519940,Электрические и магнитные свойства веществ,8,40.03.01 Юриспруденция,Специалитет,Б1.О.Prof,1.0,Зачет с оценкой,25,[3]
519940,Криминалистика,8,40.03.01 Юриспруденция,Специалитет,Б1.О.Prof,1.0,Зачет,25,[4]
519940,Современные статистические методы обработки результатов в профессиональной деятельности,8,40.03.01 Юриспруденция,Специалитет,Б1.В,0.5,Экзамен,24,[4]
519940,Правоведение,8,40.03.01 Юриспруденция,Специалитет,Б1.О.General,1.0,Зачет,25,[4]
519940,Математика и информатика,8,40.03.01 Юриспруденция,Специалитет,Б1.О.Prof,1.0,Экзамен,26,[3]
519940,Экономика,8,40.03.01 Юриспруденция,Специалитет,Б1.О.General,1.0,Зачет с оценкой,25,[4]
519940,Органическая химия,8,40.03.01 Юриспруденция,Специалитет,Б1.О.Prof,1.0,Зачет с оценкой,26,[3]
519940,Теория государства и права,8,40.03.01 Юриспруденция,Специалитет,Б1.О.Prof,1.0,Зачет,24,[4]
286473,Алгебра и теория чисел,3,01.03.02 ПМИ / 02.03.01 МКН,Бакалавриат,Б1.О.Prof,0.667,Экзамен,28,"[1, 2]"
286473,Иностранный язык,3,01.03.02 ПМИ / 02.03.01 МКН,Бакалавриат,Б1.О.General,1.0,Зачет с оценкой,28,"[1, 2]"
286473,Дискретная математика,3,01.03.02 ПМИ / 02.03.01 МКН,Бакалавриат,Б1.О.Prof,1.0,Экзамен,29,"[1, 2]"
286473,Прикладная физическая культура (ОФП),3,01.03.02 ПМИ / 02.03.01 МКН,Бакалавриат,Б1.О.General,1.0,Зачет,28,"[1, 2]"
286473,Математический анализ,3,01.03.02 ПМИ / 02.03.01 МКН,Бакалавриат,Б1.О.Prof,1.0,Зачет с оценкой,29,"[1, 2]"
286473,Русский язык и культура речи,3,01.03.02 ПМИ / 02.03.01 МКН,Бакалавриат,Б1.О.General,1.0,Зачет,28,[1]
286473,Аналитическая геометрия,3,01.03.02 ПМИ / 02.03.01 МКН,Бакалавриат,Б1.В,0.333,Экзамен,29,"[1, 2]"
286473,Информатика и программирование,3,01.03.02 ПМИ / 02.03.01 МКН,Бакалавриат,Б1.О.Prof,1.0,Зачет с оценкой,27,"[1, 2]"
286473,Физическая культура и спорт,3,01.03.02 ПМИ / 02.03.01 МКН,Бакалавриат,Б1.О.General,1.0,Зачет,28,[1]
286473,"История (история России, всеобщая история)",3,01.03.02 ПМИ / 02.03.01 МКН,Бакалавриат,Б1.О.General,1.0,Зачет с оценкой,27,[2]
993033,Компьютерная графика,3,01.03.02 ПМИ / 02.03.01 МКН,Бакалавриат,Б1.В,0.333,Зачет с оценкой,24,"[5, 6]"
993033,Алгебра и теория чисел,3,01.03.02 ПМИ / 02.03.01 МКН,Бакалавриат,Б1.В,0.333,Экзамен,24,[6]
993033,Системы искусственного интеллекта,3,01.03.02 ПМИ / 02.03.01 МКН,Бакалавриат,Б1.В,0.333,Зачет с оценкой,24,[6]
993033,Базы данных,3,01.03.02 ПМИ / 02.03.01 МКН,Бакалавриат,Б1.О.Prof,0.667,Экзамен,23,[6]
993033,Прикладная физическая культура (Адаптивная физическая культура),3,01.03.02 ПМИ / 02.03.01 МКН,Бакалавриат,Б1.О.General,0.667,Зачет,4,[6]
993033,Архитектура вычислительных систем и компьютерных сетей,3,01.03.02 ПМИ / 02.03.01 МКН,Бакалавриат,Б1.В,0.333,Экзамен,26,[5]
993033,Математическая логика,3,01.03.02 ПМИ / 02.03.01 МКН,Бакалавриат,Б1.В,0.333,Экзамен,26,[5]
993033,Параллельное программирование,3,01.03.02 ПМИ / 02.03.01 МКН,Бакалавриат,Б1.В,0.333,Зачет с оценкой,24,[6]
993033,Прикладная физическая культура (ОФП),3,01.03.02 ПМИ / 02.03.01 МКН,Бакалавриат,Б1.О.General,1.0,Зачет,27,"[5, 6]"
993033,Физика,3,01.03.02 ПМИ / 02.03.01 МКН,Бакалавриат,Б1.О.General,0.667,Зачет с оценкой,27,[5]
993033,"Производственная практика, проектно-технологическая практика",3,01.03.02 ПМИ / 02.03.01 МКН,Бакалавриат,Б2,0.333,Зачет с оценкой,5,[6]
993033,Численные методы,3,01.03.02 ПМИ / 02.03.01 МКН,Бакалавриат,Б1.О.Prof,0.667,Экзамен,26,[5]
993033,Теория вычислительных процессов и структур,3,01.03.02 ПМИ / 02.03.01 МКН,Бакалавриат,Б1.В,0.333,Зачет с оценкой,23,[6]
993033,Безопасность жизнедеятельности,3,01.03.02 ПМИ / 02.03.01 МКН,Бакалавриат,Б1.О.General,0.333,Зачет,27,[5]
993033,Теория вероятностей и математическая статистика,3,01.03.02 ПМИ / 02.03.01 МКН,Бакалавриат,Б1.В,0.333,Экзамен,26,[5]
984844,Информатика,1,09.03.02 ИСиТ,Бакалавриат,Б1.О.Prof,1.0,Экзамен,28,[1]
984844,Иностранный язык,1,09.03.02 ИСиТ,Бакалавриат,Б1.О.General,1.0,Зачет с оценкой,28,"[1, 2]"
984844,Прикладная физическая культура (Адаптивная физическая культура),1,09.03.02 ИСиТ,Бакалавриат,Б1.О.General,0.667,Зачет,3,"[1, 2]"
984844,Прикладная физическая культура (ОФП),1,09.03.02 ИСиТ,Бакалавриат,Б1.О.General,1.0,Зачет,25,"[1, 2]"
984844,Введение в программную инженерию,1,09.03.02 ИСиТ,Бакалавриат,Б1.В,0.333,Экзамен,28,[2]
984844,Математический анализ,1,09.03.02 ИСиТ,Бакалавриат,Б1.О.Prof,1.0,Экзамен,28,"[1, 2]"
984844,Технологии сети Интернет,1,09.03.02 ИСиТ,Бакалавриат,Б1.О.Prof,1.0,Экзамен,28,[2]
984844,Русский язык и культура речи,1,09.03.02 ИСиТ,Бакалавриат,Б1.О.General,1.0,Зачет,28,[1]
984844,Безопасность жизнедеятельности,1,09.03.02 ИСиТ,Бакалавриат,Б1.О.General,1.0,Зачет,28,[1]
984844,Языки высокого уровня,1,09.03.02 ИСиТ,Бакалавриат,Б1.О.Prof,1.0,Экзамен,28,"[1, 2]"
984844,Физическая культура и спорт,1,09.03.02 ИСиТ,Бакалавриат,Б1.О.General,1.0,Зачет,28,[1]
984844,Алгебра и геометрия,1,09.03.02 ИСиТ,Бакалавриат,Б1.О.Prof,1.0,Экзамен,28,[1]
984844,Физические основы современных технологий,1,09.03.02 ИСиТ,Бакалавриат,Б1.В,0.333,Зачет с оценкой,28,[2]
984844,Правоведение,1,09.03.02 ИСиТ,Бакалавриат,Б1.О.General,1.0,Зачет,28,[2]
984844,Основы математического моделирования,1,09.03.02 ИСиТ,Бакалавриат,Б1.О.Prof,1.0,Экзамен,28,[1]
984844,Экономика,1,09.03.02 ИСиТ,Бакалавриат,Б1.О.General,0.667,Зачет,28,[2]
984844,"История (история России, всеобщая история)",1,09.03.02 ИСиТ,Бакалавриат,Б1.О.General,1.0,Зачет с оценкой,28,[2]
759567,Теория автоматического управления,16,10.05.01 Компьютерная безопасность (спец.),Бакалавриат,Б1.В,0.5,Зачет с оценкой,28,[4]
759567,"Учебная практика, ознакомительная",16,10.05.01 Компьютерная безопасность (спец.),Бакалавриат,Б2,0.5,Зачет с оценкой,27,[4]
759567,Иностранный язык,16,10.05.01 Компьютерная безопасность (спец.),Бакалавриат,Б1.О.General,1.0,Зачет с оценкой,33,"[3, 4]"
759567,Прикладная физическая культура (Адаптивная физическая культура),16,10.05.01 Компьютерная безопасность (спец.),Бакалавриат,Б1.О.General,1.0,Зачет,1,"[3, 4]"
759567,Методы дискретной математики в криптологии,16,10.05.01 Компьютерная безопасность (спец.),Бакалавриат,Б1.В,0.5,Зачет с оценкой,31,[3]
759567,Методы статистической обработки экспериментальных данных для решения задач информационной безопасности,16,10.05.01 Компьютерная безопасность (спец.),Бакалавриат,Б1.В,0.5,Зачет с оценкой,31,[3]
759567,Физика: Электричество и магнетизм,16,10.05.01 Компьютерная безопасность (спец.),Бакалавриат,Б1.О.Prof,1.0,Экзамен,30,[3]
759567,Безопасность операционных систем,16,10.05.01 Компьютерная безопасность (спец.),Бакалавриат,Б1.О.Prof,1.0,Зачет с оценкой,31,[4]
759567,Математическая логика и теория алгоритмов для решения задач информационной безопасности,16,10.05.01 Компьютерная безопасность (спец.),Бакалавриат,Б1.О.Prof,1.0,Зачет с оценкой,30,[4]
759567,Дифференциальные уравнения для решения задач информационной безопасности,16,10.05.01 Компьютерная безопасность (спец.),Бакалавриат,Б1.О.Prof,1.0,Экзамен,30,[3]
759567,Философия,16,10.05.01 Компьютерная безопасность (спец.),Бакалавриат,Б1.О.General,1.0,Зачет с оценкой,29,[3]
759567,Вычислительная математика,16,10.05.01 Компьютерная безопасность (спец.),Бакалавриат,Б1.В,0.5,Зачет с оценкой,29,[4]
759567,Теория вероятностей и математическая статистика,16,10.05.01 Компьютерная безопасность (спец.),Бакалавриат,Б1.О.Prof,1.0,Экзамен,29,[3]
759567,Прикладная физическая культура (Легкая атлетика),16,10.05.01 Компьютерная безопасность (спец.),Бакалавриат,Б1.О.General,0.5,Зачет,28,[3]
759567,Технологии и методы программирования,16,10.05.01 Компьютерная безопасность (спец.),Бакалавриат,Б1.О.Prof,1.0,Экзамен,29,"[3, 4]"
759567,Теоретические основы компьютерной безопасности,16,10.05.01 Компьютерная безопасность (спец.),Бакалавриат,Б1.В,0.5,Экзамен,28,[4]
759567,Прикладная физическая культура (ОФП),16,10.05.01 Компьютерная безопасность (спец.),Бакалавриат,Б1.О.General,1.0,Зачет,28,[4]
759567,Правовое регулирование информационной безопасности,16,10.05.01 Компьютерная безопасность (спец.),Бакалавриат,Б1.В,0.5,Зачет,31,[3]
759567,Языки ассемблера,16,10.05.01 Компьютерная безопасность (спец.),Бакалавриат,Б1.О.Prof,1.0,Экзамен,30,[3]
759567,Программирование микроконтроллеров,16,10.05.01 Компьютерная безопасность (спец.),Бакалавриат,Б1.О.Prof,1.0,Зачет с оценкой,31,[4]
683793,Основы рисунка и композиции,18,05.03.03 Картография и геоинформатика,Бакалавриат,Б1.О.Prof,1.0,Зачет,10,[7]
683793,Компьютерная графика в оформлении карт,18,05.03.03 Картография и геоинформатика,Бакалавриат,Б1.О.Prof,1.0,Зачет с оценкой,10,[7]
683793,Подготовка к сдаче и сдача государственного экзамена,18,05.03.03 Картография и геоинформатика,Бакалавриат,Б3,0.5,ГАК,10,[8]
683793,Оформление туристских карт,18,05.03.03 Картография и геоинформатика,Бакалавриат,Б1.О.Prof,1.0,Зачет,10,[8]
683793,Цифровая картография,18,05.03.03 Картография и геоинформатика,Бакалавриат,Б1.О.Prof,1.0,Экзамен,10,[8]
683793,Математико-картографическое моделирование,18,05.03.03 Картография и геоинформатика,Бакалавриат,Б1.О.Prof,1.0,Зачет с оценкой,10,[7]
683793,"Производственная практика, преддипломная практика",18,05.03.03 Картография и геоинформатика,Бакалавриат,Б2,1.0,Зачет с оценкой,10,[8]
683793,"Защита выпускной квалификационной работы, включая подготовку к защите и процедуру защиты",18,05.03.03 Картография и геоинформатика,Бакалавриат,Б3,0.5,Защита ВКР,10,[8]
683793,Создание землеустроительных планов,18,05.03.03 Картография и геоинформатика,Бакалавриат,Б1.О.Prof,1.0,Зачет с оценкой,10,[7]
683793,Кадастровая деятельность,18,05.03.03 Картография и геоинформатика,Бакалавриат,Б1.О.Prof,1.0,Экзамен,10,[7]
683793,Интернет- технологии в картографии,18,05.03.03 Картография и геоинформатика,Бакалавриат,Б1.В,0.5,Зачет с оценкой,10,[8]
683793,Тематические географические карты,18,05.03.03 Картография и геоинформатика,Бакалавриат,Б1.О.Prof,1.0,Зачет с оценкой,10,"[7, 8]"
683793,Менеджмент и маркетинг в картографии и геоинформатике,18,05.03.03 Картография и геоинформатика,Бакалавриат,Б1.В,0.5,Зачет,10,[8]
683793,Дешифрирование аэрокосмических снимков,18,05.03.03 Картография и геоинформатика,Бакалавриат,Б1.О.Prof,1.0,Зачет с оценкой,10,[7]
683793,"Производственная практика, практика по получению профессиональных умений и опыта профессиональной деятельности",18,05.03.03 Картография и геоинформатика,Бакалавриат,Б2,1.0,Зачет с оценкой,10,[7]
683793,"Производственная практика, научно-исследовательская работа",18,05.03.03 Картография и геоинформатика,Бакалавриат,Б2,1.0,Зачет с оценкой,10,"[7, 8]"
401173,Биоиндикация и биомониторинг,21,06.03.01 Биология,Бакалавриат,Б1.О.Prof,1.0,Зачет с оценкой,14,[6]
401173,Физиология животных и ВНД,21,06.03.01 Биология,Бакалавриат,Б1.О.Prof,1.0,Экзамен,13,[5]
401173,"Производственная практика, проектная практика",21,06.03.01 Биология,Бакалавриат,Б2,0.5,Зачет с оценкой,13,[6]
401173,Безопасность жизнедеятельности,21,06.03.01 Биология,Бакалавриат,Б1.О.General,1.0,Зачет,12,[5]
401173,Альгология,21,06.03.01 Биология,Бакалавриат,Б1.О.Prof,1.0,Зачет с оценкой,14,[6]
401173,"Производственная практика, научно-исследовательская работа",21,06.03.01 Биология,Бакалавриат,Б2,0.5,Зачет с оценкой,13,[6]
401173,Генетика и эволюция,21,06.03.01 Биология,Бакалавриат,Б1.О.Prof,1.0,Экзамен,14,[6]
401173,Паразитология,21,06.03.01 Биология,Бакалавриат,Б1.В,0.5,Зачет,13,[5]
401173,Физическая культура и спорт,21,06.03.01 Биология,Бакалавриат,Б1.О.General,0.5,Зачет,12,[5]
401173,"Производственная практика, практика по получению профессиональных умений и опыта профессиональной деятельности (полевая)",21,06.03.01 Биология,Бакалавриат,Б2,1.0,Зачет с оценкой,14,[6]
401173,Ключевые биологические территории и особо охраняемые природные территории,21,06.03.01 Биология,Бакалавриат,Б1.О.Prof,1.0,Зачет,13,[5]
401173,Большой биологический практикум,21,06.03.01 Биология,Бакалавриат,Б1.О.Prof,1.0,Зачет с оценкой,15,"[5, 6]"
401173,Микробиология,21,06.03.01 Биология,Бакалавриат,Б1.О.Prof,1.0,Зачет,13,[5]
401173,Биохимия и молекулярная биология,21,06.03.01 Биология,Бакалавриат,Б1.О.Prof,1.0,Экзамен,12,[5]
401173,Физиология растений,21,06.03.01 Биология,Бакалавриат,Б1.О.Prof,1.0,Экзамен,14,[6]
401173,Иммунология,21,06.03.01 Биология,Бакалавриат,Б1.О.Prof,1.0,Зачет с оценкой,14,[6]
401173,Философия,21,06.03.01 Биология,Бакалавриат,Б1.О.General,1.0,Экзамен,12,[5]
401173,Комнатное цветоводство,21,06.03.01 Биология,Бакалавриат,Б1.В,0.5,Зачет,13,[5]
401173,Биология человека,21,06.03.01 Биология,Бакалавриат,Б1.О.Prof,1.0,Экзамен,13,[5]
401173,Прикладная физическая культура (ОФП),21,06.03.01 Биология,Бакалавриат,Б1.О.General,1.0,Зачет,13,"[5, 6]"
401173,Популяционная биология и экология,21,06.03.01 Биология,Бакалавриат,Б1.О.Prof,1.0,Зачет с оценкой,15,[6]
786210,Социально-политическая система стран Северной Америки,55,Неизвестное (Социально-политическая система стран Сев...),Бакалавриат,Б1.О.Prof,1.0,Экзамен,14,[8]
786210,Внешняя политика США и Канады,55,Неизвестное (Социально-политическая система стран Сев...),Бакалавриат,Б1.О.Prof,1.0,Зачет с оценкой,14,[7]
786210,Этнополитология,55,Неизвестное (Социально-политическая система стран Сев...),Бакалавриат,Б1.О.Prof,1.0,Зачет с оценкой,14,[8]
786210,Основы организации научно-исследовательской деятельности в высшей школе,55,Неизвестное (Социально-политическая система стран Сев...),Бакалавриат,Б1.О.Prof,1.0,Зачет с оценкой,15,[7]
786210,Иностранный язык (второй),55,Неизвестное (Социально-политическая система стран Сев...),Бакалавриат,Б1.О.Prof,1.0,Зачет с оценкой,15,[7]
786210,Практика по получению профессиональных умений и опыта профессиональной деятельности,55,Неизвестное (Социально-политическая система стран Сев...),Бакалавриат,Б1.О.Prof,1.0,Зачет с оценкой,14,[8]
786210,Информационное общество и обеспечение информационной безопасности,55,Неизвестное (Социально-политическая система стран Сев...),Бакалавриат,Б1.О.Prof,1.0,Зачет с оценкой,14,[8]
786210,Иностранный язык. Основы профессионально-ориентированного перевода,55,Неизвестное (Социально-политическая система стран Сев...),Бакалавриат,Б1.О.Prof,1.0,Экзамен,14,[7]
786210,Региональная и национальная безопасность,55,Неизвестное (Социально-политическая система стран Сев...),Бакалавриат,Б1.О.Prof,1.0,Зачет с оценкой,15,[7]
786210,Региональные аспекты современных международных отношений,55,Неизвестное (Социально-политическая система стран Сев...),Бакалавриат,Б1.О.Prof,1.0,Экзамен,14,[7]
786210,Политический анализ и прогнозирование,55,Неизвестное (Социально-политическая система стран Сев...),Бакалавриат,Б1.О.Prof,1.0,Зачет с оценкой,15,"[7, 8]"
786210,Преддипломная практика,55,Неизвестное (Социально-политическая система стран Сев...),Бакалавриат,Б2,1.0,Зачет с оценкой,14,[8]
696107,Технологии программирования в радиофизике,2,03.03.02 Физика / Радиофизика,Бакалавриат,Б1.В,0.333,Зачет с оценкой,8,[4]
696107,"Учебная практика, практика по получению первичных профессиональных умений и навыков, в том числе первичных умений и навыков научно-исследовательско...",2,03.03.02 Физика / Радиофизика,Бакалавриат,Б2,0.333,Зачет с оценкой,8,[4]
696107,Компьютерное моделирование физических процессов,2,03.03.02 Физика / Радиофизика,Бакалавриат,Б1.О.Prof,0.833,Зачет,1,[3]
696107,Основы проектирования технических систем,2,03.03.02 Физика / Радиофизика,Бакалавриат,Б1.О.Prof,0.667,Зачет с оценкой,9,[4]
696107,Цифровые технологии: от интернета до блокчейна,2,03.03.02 Физика / Радиофизика,Бакалавриат,Б1.О.Prof,0.833,Зачет,10,[3]
696107,Лабораторный практикум по электронике,2,03.03.02 Физика / Радиофизика,Бакалавриат,Б1.О.Prof,0.667,Зачет с оценкой,10,"[3, 4]"
696107,Теоретическая механика,2,03.03.02 Физика / Радиофизика,Бакалавриат,Б1.В,0.333,Экзамен,9,[4]
696107,Правоведение,2,03.03.02 Физика / Радиофизика,Бакалавриат,Б1.О.General,0.667,Зачет,10,[3]
696107,Методы обработки экспериментальных данных,2,03.03.02 Физика / Радиофизика,Бакалавриат,Б1.О.Prof,0.833,Зачет,9,[4]
696107,Экономика,2,03.03.02 Физика / Радиофизика,Бакалавриат,Б1.О.General,0.667,Зачет с оценкой,9,[4]
696107,Дифференциальные уравнения,2,03.03.02 Физика / Радиофизика,Бакалавриат,Б1.О.Prof,0.667,Экзамен,10,[3]
696107,Оптика,2,03.03.02 Физика / Радиофизика,Бакалавриат,Б1.О.Prof,1.0,Экзамен,9,[4]
696107,Компьютерные технологии в науке и образовании,2,03.03.02 Физика / Радиофизика,Бакалавриат,Б1.О.Prof,0.667,Зачет,9,[3]
696107,Прикладная физическая культура (Волейбол),2,03.03.02 Физика / Радиофизика,Бакалавриат,Б1.О.General,0.5,Зачет,10,"[3, 4]"
696107,Философия,2,03.03.02 Физика / Радиофизика,Бакалавриат,Б1.О.General,1.0,Зачет с оценкой,10,[3]
696107,Молекулярная физика,2,03.03.02 Физика / Радиофизика,Бакалавриат,Б1.В,0.5,Экзамен,10,[3]
696107,Уравнения математической физики,2,03.03.02 Физика / Радиофизика,Бакалавриат,Б1.В,0.333,Зачет с оценкой,10,[3]
696107,Методы математической физики,2,03.03.02 Физика / Радиофизика,Бакалавриат,Б1.О.Prof,0.667,Экзамен,9,[4]
696107,Электроника,2,03.03.02 Физика / Радиофизика,Бакалавриат,Б1.О.Prof,0.667,Экзамен,10,"[3, 4]"
696107,Общий физический лабораторный практикум,2,03.03.02 Физика / Радиофизика,Бакалавриат,Б1.О.Prof,0.667,Зачет,10,"[3, 4]"
321324,Технологическое предпринимательство и основы проектной деятельности,7,45.03.01 Филология,Бакалавриат,Б1.О.General,0.667,Зачет,16,[3]
321324,История зарубежной литературы XVII-XVIII века,7,45.03.01 Филология,Бакалавриат,Б1.О.Prof,0.667,Зачет,16,[3]
321324,Прикладная физическая культура (Адаптивная физическая культура),7,45.03.01 Филология,Бакалавриат,Б1.О.General,0.667,Зачет,2,[3]
321324,Организационная коммуникация,7,45.03.01 Филология,Бакалавриат,Б1.О.Prof,0.667,Зачет,1,[4]
321324,Курсовая работа по направлению подготовки и спецсеминар научного руководителя,7,45.03.01 Филология,Бакалавриат,Б1.В,0.333,Зачет,16,"[3, 4]"
321324,Введение в теорию коммуникации,7,45.03.01 Филология,Бакалавриат,Б1.О.Prof,0.667,Зачет с оценкой,14,[4]
321324,Риторика,7,45.03.01 Филология,Бакалавриат,Б1.О.Prof,0.667,Зачет с оценкой,14,[4]
321324,История зарубежной литературы XIX века,7,45.03.01 Филология,Бакалавриат,Б1.О.Prof,0.667,Зачет,14,[4]
321324,История русской литературы первой трети XIX века,7,45.03.01 Филология,Бакалавриат,Б1.О.Prof,1.0,Экзамен,16,[3]
321324,Культурология,7,45.03.01 Филология,Бакалавриат,Б1.О.General,1.0,Зачет,8,[4]
321324,Академическое письмо,7,45.03.01 Филология,Бакалавриат,Б1.О.Prof,0.667,Зачет,15,[4]
321324,История русской литературы второй трети XIX века,7,45.03.01 Филология,Бакалавриат,Б1.О.Prof,1.0,Экзамен,14,[4]
321324,История лингвистических учений,7,45.03.01 Филология,Бакалавриат,Б1.О.Prof,0.667,Зачет с оценкой,16,[3]
321324,Историческая морфология русского языка,7,45.03.01 Филология,Бакалавриат,Б1.О.Prof,1.0,Экзамен,14,[4]
321324,Философия,7,45.03.01 Филология,Бакалавриат,Б1.О.General,1.0,Экзамен,16,[3]
321324,Конфликтология,7,45.03.01 Филология,Бакалавриат,Б1.О.General,1.0,Зачет,5,[4]
321324,Историческая фонетика русского языка,7,45.03.01 Филология,Бакалавриат,Б1.О.Prof,1.0,Экзамен,16,[3]
321324,Современный русский язык: Лексикология,7,45.03.01 Филология,Бакалавриат,Б1.О.Prof,1.0,Экзамен,16,[3]
321324,Иностранный (современный славянский) язык,7,45.03.01 Филология,Бакалавриат,Б1.О.Prof,0.667,Экзамен,16,[3]
321324,Современный русский язык: морфология,7,45.03.01 Филология,Бакалавриат,Б1.О.Prof,1.0,Экзамен,14,[4]
321324,Диалектология русского языка,7,45.03.01 Филология,Бакалавриат,Б1.О.Prof,1.0,Зачет с оценкой,16,[3]
321324,Прикладная физическая культура (ОФП),7,45.03.01 Филология,Бакалавриат,Б1.О.General,1.0,Зачет,14,"[3, 4]"
321324,"Учебная практика, практика по получению первичных профессиональных умений и навыков",7,45.03.01 Филология,Бакалавриат,Б2,0.667,Зачет с оценкой,14,[4]
110389,Биоиндикация и биомониторинг,21,06.03.01 Биология,Бакалавриат,Б1.О.Prof,1.0,Зачет с оценкой,16,[6]
110389,Прикладная физическая культура (Адаптивная физическая культура),21,06.03.01 Биология,Бакалавриат,Б1.О.General,0.5,Зачет,1,"[5, 6]"
110389,Физиология животных и ВНД,21,06.03.01 Биология,Бакалавриат,Б1.О.Prof,1.0,Экзамен,16,[5]
110389,Безопасность жизнедеятельности,21,06.03.01 Биология,Бакалавриат,Б1.О.General,1.0,Зачет,16,[5]
110389,Альгология,21,06.03.01 Биология,Бакалавриат,Б1.О.Prof,1.0,Зачет с оценкой,15,[6]
110389,Правоведение,21,06.03.01 Биология,Бакалавриат,Б1.О.General,0.5,Зачет,16,[6]
110389,"Учебная практика, научно-исследовательская работа",21,06.03.01 Биология,Бакалавриат,Б2,0.5,Зачет с оценкой,15,[6]
110389,Генетика и эволюция,21,06.03.01 Биология,Бакалавриат,Б1.О.Prof,1.0,Экзамен,16,[6]
110389,"Производственная практика, практика по получению профессиональных умений и опыта профессиональной деятельности (полевая)",21,06.03.01 Биология,Бакалавриат,Б2,1.0,Зачет с оценкой,15,[6]
110389,Ключевые биологические территории и особо охраняемые природные территории,21,06.03.01 Биология,Бакалавриат,Б1.О.Prof,1.0,Зачет с оценкой,16,[5]
110389,Большой биологический практикум,21,06.03.01 Биология,Бакалавриат,Б1.О.Prof,1.0,Зачет с оценкой,16,"[5, 6]"
110389,Микробиология,21,06.03.01 Биология,Бакалавриат,Б1.О.Prof,1.0,Зачет с оценкой,16,[5]
110389,Биохимия и молекулярная биология,21,06.03.01 Биология,Бакалавриат,Б1.О.Prof,1.0,Экзамен,16,[5]
110389,Физиология растений,21,06.03.01 Биология,Бакалавриат,Б1.О.Prof,1.0,Экзамен,16,[6]
110389,Философия,21,06.03.01 Биология,Бакалавриат,Б1.О.General,1.0,Экзамен,15,[5]
110389,Иммунология,21,06.03.01 Биология,Бакалавриат,Б1.О.Prof,1.0,Зачет с оценкой,16,[6]
110389,Прикладная физическая культура (Легкая атлетика),21,06.03.01 Биология,Бакалавриат,Б1.О.General,0.5,Зачет,18,[5]
110389,Биология человека,21,06.03.01 Биология,Бакалавриат,Б1.О.Prof,1.0,Экзамен,16,[5]
110389,Прикладная физическая культура (ОФП),21,06.03.01 Биология,Бакалавриат,Б1.О.General,1.0,Зачет,15,[6]
110389,Популяционная биология и экология,21,06.03.01 Биология,Бакалавриат,Б1.О.Prof,1.0,Зачет,15,[6]
626488,Информатика,1,09.03.02 ИСиТ,Бакалавриат,Б1.О.Prof,1.0,Экзамен,43,[1]
626488,Иностранный язык,1,09.03.02 ИСиТ,Бакалавриат,Б1.О.General,1.0,Зачет с оценкой,43,"[1, 2]"
626488,Прикладная физическая культура (Адаптивная физическая культура),1,09.03.02 ИСиТ,Бакалавриат,Б1.О.General,0.667,Зачет,3,"[1, 2]"
626488,Прикладная физическая культура (ОФП),1,09.03.02 ИСиТ,Бакалавриат,Б1.О.General,1.0,Зачет,27,"[1, 2]"
626488,Технологии сети Интернет,1,09.03.02 ИСиТ,Бакалавриат,Б1.О.Prof,1.0,Экзамен,39,[2]
626488,Математический анализ,1,09.03.02 ИСиТ,Бакалавриат,Б1.О.Prof,1.0,Зачет с оценкой,43,"[1, 2]"
626488,Русский язык и культура речи,1,09.03.02 ИСиТ,Бакалавриат,Б1.О.General,1.0,Зачет,43,[1]
626488,Философия,1,09.03.02 ИСиТ,Бакалавриат,Б1.О.General,0.333,Зачет с оценкой,40,[2]
626488,Физика,1,09.03.02 ИСиТ,Бакалавриат,Б1.О.General,0.667,Зачет,40,[2]
626488,Языки высокого уровня,1,09.03.02 ИСиТ,Бакалавриат,Б1.О.Prof,1.0,Зачет с оценкой,43,"[1, 2]"
626488,Физическая культура и спорт,1,09.03.02 ИСиТ,Бакалавриат,Б1.О.General,1.0,Зачет,43,[1]
626488,Прикладная физическая культура (Волейбол),1,09.03.02 ИСиТ,Бакалавриат,Б1.О.General,0.5,Зачет,11,"[1, 2]"
626488,Алгебра и геометрия,1,09.03.02 ИСиТ,Бакалавриат,Б1.О.Prof,1.0,Экзамен,43,[1]
626488,Безопасность жизнедеятельности,1,09.03.02 ИСиТ,Бакалавриат,Б1.О.General,1.0,Зачет,43,[1]
626488,Основы математического моделирования,1,09.03.02 ИСиТ,Бакалавриат,Б1.О.Prof,1.0,Экзамен,43,[1]
626488,"История (история России, всеобщая история)",1,09.03.02 ИСиТ,Бакалавриат,Б1.О.General,1.0,Зачет с оценкой,39,[2]
626488,Правоведение,1,09.03.02 ИСиТ,Бакалавриат,Б1.О.General,1.0,Зачет,38,[2]
626488,Информационные технологии,1,09.03.02 ИСиТ,Бакалавриат,Б1.В,0.333,Зачет с оценкой,38,[2]
382781,Технологическое предпринимательство и основы проектной деятельности,11,45.03.02 Лингвистика (прикладная),Бакалавриат,Б1.О.General,1.0,Зачет,14,[5]
382781,Основы математической обработки информации,11,45.03.02 Лингвистика (прикладная),Бакалавриат,Б1.В,0.5,Зачет,14,[5]
382781,Общая теория дискурса,11,45.03.02 Лингвистика (прикладная),Бакалавриат,Б1.О.Prof,1.0,Зачет с оценкой,13,[6]
382781,Практический курс устного перевода первого иностранного языка,11,45.03.02 Лингвистика (прикладная),Бакалавриат,Б1.В,0.5,Зачет с оценкой,13,[6]
382781,Практикум по аннотированию и реферированию специальных текстов первого иностранного языка,11,45.03.02 Лингвистика (прикладная),Бакалавриат,Б1.В,0.5,Экзамен,14,"[5, 6]"
382781,Прикладная физическая культура (ОФП),11,45.03.02 Лингвистика (прикладная),Бакалавриат,Б1.О.General,1.0,Зачет,14,"[5, 6]"
382781,Теория перевода,11,45.03.02 Лингвистика (прикладная),Бакалавриат,Б1.О.Prof,1.0,Экзамен,14,[5]
382781,Практикум устной и письменной речи первого иностранного языка,11,45.03.02 Лингвистика (прикладная),Бакалавриат,Б1.В,0.5,Зачет с оценкой,16,"[5, 6]"
382781,"Производственная практика, проектная",11,45.03.02 Лингвистика (прикладная),Бакалавриат,Б2,1.0,Зачет с оценкой,13,[6]
382781,Безопасность жизнедеятельности,11,45.03.02 Лингвистика (прикладная),Бакалавриат,Б1.О.General,1.0,Зачет,15,[5]
382781,Второй иностранный язык,11,45.03.02 Лингвистика (прикладная),Бакалавриат,Б1.О.Prof,1.0,Зачет с оценкой,14,"[5, 6]"
382781,Общая семантика и лексикология,11,45.03.02 Лингвистика (прикладная),Бакалавриат,Б1.О.Prof,1.0,Зачет с оценкой,15,[5]
382781,Практический курс письменного перевода первого иностранного языка,11,45.03.02 Лингвистика (прикладная),Бакалавриат,Б1.В,0.5,Зачет с оценкой,15,"[5, 6]"
382781,Основы прикладной лингвистики,11,45.03.02 Лингвистика (прикладная),Бакалавриат,Б1.О.Prof,1.0,Зачет с оценкой,14,"[5, 6]"
382781,Автоматизированные методы обработки текстовой информации,11,45.03.02 Лингвистика (прикладная),Бакалавриат,Б1.О.Prof,1.0,Зачет,13,[6]
800589,Иностранный язык,18,05.03.03 Картография и геоинформатика,Бакалавриат,Б1.О.General,1.0,Зачет с оценкой,16,[3]
800589,"Учебная практика, практика по получению первичных профессиональных умений и навыков, в том числе первичных умений и навыков научно-исследовательско...",18,05.03.03 Картография и геоинформатика,Бакалавриат,Б2,1.0,Зачет с оценкой,16,[4]
800589,Топография с основами топографического черчения,18,05.03.03 Картография и геоинформатика,Бакалавриат,Б1.В,0.5,Зачет с оценкой,16,[4]
800589,Организационная коммуникация,18,05.03.03 Картография и геоинформатика,Бакалавриат,Б1.В,0.5,Зачет,1,[3]
800589,Физика,18,05.03.03 Картография и геоинформатика,Бакалавриат,Б1.О.General,1.0,Зачет,15,"[3, 4]"
800589,Правоведение,18,05.03.03 Картография и геоинформатика,Бакалавриат,Б1.О.General,1.0,Зачет,15,[3]
800589,Экономика,18,05.03.03 Картография и геоинформатика,Бакалавриат,Б1.О.General,1.0,Зачет с оценкой,16,[3]
800589,"Производственная практика, научно-исследовательская работа",18,05.03.03 Картография и геоинформатика,Бакалавриат,Б2,1.0,Зачет с оценкой,15,[4]
800589,Гидрология,18,05.03.03 Картография и геоинформатика,Бакалавриат,Б1.О.Prof,1.0,Зачет,16,[3]
800589,Культурология,18,05.03.03 Картография и геоинформатика,Бакалавриат,Б1.О.General,1.0,Зачет,1,[3]
800589,Теория и практика аргументации,18,05.03.03 Картография и геоинформатика,Бакалавриат,Б1.В,0.5,Зачет,4,[3]
800589,Геоэкология с основами биогеографии,18,05.03.03 Картография и геоинформатика,Бакалавриат,Б1.О.Prof,1.0,Зачет с оценкой,16,[4]
800589,Геодезия,18,05.03.03 Картография и геоинформатика,Бакалавриат,Б1.О.Prof,1.0,Зачет,15,[4]
800589,Философия,18,05.03.03 Картография и геоинформатика,Бакалавриат,Б1.О.General,1.0,Зачет с оценкой,16,[3]
800589,Конфликтология,18,05.03.03 Картография и геоинформатика,Бакалавриат,Б1.О.General,1.0,Зачет,9,[3]
800589,Основы геоинформатики,18,05.03.03 Картография и геоинформатика,Бакалавриат,Б1.О.Prof,1.0,Зачет с оценкой,16,[4]
800589,Информатика,18,05.03.03 Картография и геоинформатика,Бакалавриат,Б1.О.General,1.0,Зачет с оценкой,16,"[3, 4]"
800589,Геоинформационные системы,18,05.03.03 Картография и геоинформатика,Бакалавриат,Б1.О.Prof,1.0,Экзамен,16,[3]
800589,Социальное предпринимательство и основы проектной деятельности,18,05.03.03 Картография и геоинформатика,Бакалавриат,Б1.О.General,1.0,Зачет,16,[4]
800589,Прикладная физическая культура (ОФП),18,05.03.03 Картография и геоинформатика,Бакалавриат,Б1.О.General,1.0,Зачет,16,"[3, 4]"
800589,Методы пространственного анализа в геоинформатике,18,05.03.03 Картография и геоинформатика,Бакалавриат,Б1.В,0.5,Зачет,16,[4]
800589,Математика,18,05.03.03 Картография и геоинформатика,Бакалавриат,Б1.О.General,1.0,Экзамен,16,[3]
216911,Управление персоналом,35,38.03.02 Менеджмент (антикриз.),Бакалавриат,Б1.О.Prof,1.0,Экзамен,9,[5]
216911,Управление человеческими ресурсами,35,38.03.02 Менеджмент (антикриз.),Бакалавриат,Б1.О.Prof,1.0,Экзамен,9,[6]
216911,Эконометрика,35,38.03.02 Менеджмент (антикриз.),Бакалавриат,Б1.О.Prof,1.0,Зачет с оценкой,9,[6]
216911,Инвестиционный менеджмент,35,38.03.02 Менеджмент (антикриз.),Бакалавриат,Б1.О.Prof,1.0,Зачет с оценкой,8,[5]
216911,Корпоративный менеджмент,35,38.03.02 Менеджмент (антикриз.),Бакалавриат,Б1.О.Prof,1.0,Зачет с оценкой,8,[5]
216911,Прикладная физическая культура (Адаптивная физическая культура),35,38.03.02 Менеджмент (антикриз.),Бакалавриат,Б1.О.General,1.0,Зачет,1,"[5, 6]"
216911,Финансовый менеджмент,35,38.03.02 Менеджмент (антикриз.),Бакалавриат,Б1.О.Prof,1.0,Зачет с оценкой,9,[6]
216911,Прикладная физическая культура (ОФП),35,38.03.02 Менеджмент (антикриз.),Бакалавриат,Б1.О.General,1.0,Зачет,8,"[5, 6]"
216911,Инновационный менеджмент,35,38.03.02 Менеджмент (антикриз.),Бакалавриат,Б1.О.Prof,1.0,Экзамен,9,[6]
216911,Организационное поведение,35,38.03.02 Менеджмент (антикриз.),Бакалавриат,Б1.О.Prof,1.0,Экзамен,9,[5]
216911,Физическая культура и спорт,35,38.03.02 Менеджмент (антикриз.),Бакалавриат,Б1.О.General,1.0,Зачет,9,[5]
216911,Учет и анализ,35,38.03.02 Менеджмент (антикриз.),Бакалавриат,Б1.О.Prof,1.0,Зачет с оценкой,8,[5]
216911,Управление бизнес-процессами,35,38.03.02 Менеджмент (антикриз.),Бакалавриат,Б1.О.Prof,1.0,Зачет с оценкой,8,[5]
216911,Производственный менеджмент,35,38.03.02 Менеджмент (антикриз.),Бакалавриат,Б1.О.Prof,1.0,Зачет с оценкой,9,[6]
216911,"Производственная практика, практика по получению профессиональных умений и опыта профессиональной деятельности",35,38.03.02 Менеджмент (антикриз.),Бакалавриат,Б2,1.0,Зачет с оценкой,9,[6]
216911,Стратегический менеджмент,35,38.03.02 Менеджмент (антикриз.),Бакалавриат,Б1.О.Prof,1.0,Экзамен,9,[6]
218962,Теория принятия решений в области информационной безопасности,5,10.05.01 Компьютерная безопасность (спец.),Специалитет,Б1.О.Prof,1.0,Экзамен,21,[10]
218962,Системы радиомониторинга,5,10.05.01 Компьютерная безопасность (спец.),Специалитет,Б1.В,0.5,Экзамен,21,[9]
218962,Государственный экзамен,5,10.05.01 Компьютерная безопасность (спец.),Специалитет,Б3,0.5,ГАК,21,[10]
218962,Выпускная квалификационная работа специалиста (дипломная работа),5,10.05.01 Компьютерная безопасность (спец.),Специалитет,Б3,0.5,Защита ВКР,21,[10]
218962,Инженерная графика,5,10.05.01 Компьютерная безопасность (спец.),Специалитет,Б1.О.Prof,1.0,Экзамен,21,[9]
218962,Расследование компьютерных инцидентов,5,10.05.01 Компьютерная безопасность (спец.),Специалитет,Б1.О.Prof,1.0,Зачет,21,[9]
218962,Производственная практика (Конструкторская практика),5,10.05.01 Компьютерная безопасность (спец.),Специалитет,Б2,0.5,Зачет с оценкой,21,[10]
218962,Техническая защита информации,5,10.05.01 Компьютерная безопасность (спец.),Специалитет,Б1.О.Prof,1.0,Экзамен,21,[9]
218962,Системы аудио-видео контроля,5,10.05.01 Компьютерная безопасность (спец.),Специалитет,Б1.О.Prof,1.0,Зачет с оценкой,21,[9]
218962,Безопасность виртуальной среды,5,10.05.01 Компьютерная безопасность (спец.),Специалитет,Б1.О.Prof,1.0,Зачет с оценкой,22,[10]
218962,"Теоретические основы систем обнаружения, предупреждения компьютерных атак",5,10.05.01 Компьютерная безопасность (спец.),Специалитет,Б1.О.Prof,1.0,Зачет с оценкой,21,[9]
218962,Преддипломная практика,5,10.05.01 Компьютерная безопасность (спец.),Специалитет,Б2,0.5,Зачет с оценкой,21,[10]
218962,Теория массового обслуживания,5,10.05.01 Компьютерная безопасность (спец.),Специалитет,Б1.О.Prof,1.0,Зачет с оценкой,21,[9]
196440,Правовые основы работы с молодежью,38,Неизвестное (Организация работы с различными категори...),Бакалавриат,Б1.О.Prof,1.0,Экзамен,8,[3]
196440,Методы исследования в социальной сфере,38,Неизвестное (Организация работы с различными категори...),Бакалавриат,Б1.О.Prof,1.0,Зачет с оценкой,8,[3]
196440,Социальное предпринимательство и основы проектной деятельности,38,Неизвестное (Организация работы с различными категори...),Бакалавриат,Б1.О.General,1.0,Зачет,8,[3]
196440,Психология,38,Неизвестное (Организация работы с различными категори...),Бакалавриат,Б1.О.Prof,1.0,Зачет с оценкой,8,[3]
196440,Прикладная физическая культура (ОФП),38,Неизвестное (Организация работы с различными категори...),Бакалавриат,Б1.О.General,1.0,Зачет,8,[3]
196440,Государственная молодежная политика в Российской Федерации,38,Неизвестное (Организация работы с различными категори...),Бакалавриат,Б1.О.Prof,1.0,Экзамен,8,[3]
196440,Социология молодежи,38,Неизвестное (Организация работы с различными категори...),Бакалавриат,Б1.О.Prof,1.0,Зачет с оценкой,8,"[3, 4]"
196440,Самоорганизация здорового образа жизни,38,Неизвестное (Организация работы с различными категори...),Бакалавриат,Б1.О.Prof,1.0,Зачет с оценкой,8,[4]
196440,Основы социального государства и гражданского общества,38,Неизвестное (Организация работы с различными категори...),Бакалавриат,Б1.О.Prof,1.0,Зачет,8,[3]
196440,Социальная педагогика,38,Неизвестное (Организация работы с различными категори...),Бакалавриат,Б1.О.Prof,1.0,Экзамен,8,[3]
196440,Семьеведение,38,Неизвестное (Организация работы с различными категори...),Бакалавриат,Б1.О.Prof,1.0,Экзамен,8,[3]
431968,Теория автоматического управления,23,11.03.02 Инфокоммуникации,Бакалавриат,Б1.О.Prof,1.0,Экзамен,13,[5]
431968,Прикладная физическая культура (Легкая атлетика),23,11.03.02 Инфокоммуникации,Бакалавриат,Б1.О.General,1.0,Зачет,14,"[5, 6]"
431968,Цифровая обработка сигналов,23,11.03.02 Инфокоммуникации,Бакалавриат,Б1.О.Prof,1.0,Зачет с оценкой,13,[5]
431968,Волоконно-оптические системы передачи,23,11.03.02 Инфокоммуникации,Бакалавриат,Б1.О.Prof,1.0,Экзамен,13,[6]
431968,Сети связи,23,11.03.02 Инфокоммуникации,Бакалавриат,Б1.О.Prof,1.0,Зачет с оценкой,14,[6]
431968,Управление инновационными технологическими проектами,23,11.03.02 Инфокоммуникации,Бакалавриат,Б1.О.Prof,1.0,Экзамен,13,[6]
431968,Проектирование и эксплуатация систем связи,23,11.03.02 Инфокоммуникации,Бакалавриат,Б1.В,0.5,Экзамен,13,[5]
431968,Технологическое предпринемательство и основы проектной деятельности,23,11.03.02 Инфокоммуникации,Бакалавриат,Б1.В,0.5,Зачет,14,[5]
431968,Электромагнитные поля и волны,23,11.03.02 Инфокоммуникации,Бакалавриат,Б1.О.Prof,1.0,Экзамен,15,[5]
431968,"Производственная практика, проектно-технологическая практика",23,11.03.02 Инфокоммуникации,Бакалавриат,Б2,1.0,Зачет с оценкой,13,[6]
431968,Цифровые системы передачи,23,11.03.02 Инфокоммуникации,Бакалавриат,Б1.О.Prof,1.0,Зачет с оценкой,14,[6]
431968,"Метрология,стандартизация и сертификация в инфокоммуникациях",23,11.03.02 Инфокоммуникации,Бакалавриат,Б1.В,0.5,Зачет с оценкой,14,[6]
431968,Схемотехника телекоммуникационных устройств,23,11.03.02 Инфокоммуникации,Бакалавриат,Б1.О.Prof,1.0,Зачет,14,"[5, 6]"
431968,Электропитание устройств и систем телекоммуникаций,23,11.03.02 Инфокоммуникации,Бакалавриат,Б1.О.Prof,1.0,Зачет с оценкой,14,[5]
431968,"Производственная практика, научно-исследовательская работа",23,11.03.02 Инфокоммуникации,Бакалавриат,Б2,1.0,Зачет с оценкой,13,"[5, 6]"
450401,Математическая статистика,6,38.03.01 Экономика,Бакалавриат,Б1.О.Prof,1.0,Зачет с оценкой,24,[3]
450401,Статистика,6,38.03.01 Экономика,Бакалавриат,Б1.О.Prof,1.0,Зачет,41,"[3, 4]"
450401,"Учебная практика, практика по получению первичных профессиональных умений и навыков, в том числе первичных умений и навыков научно-исследовательско...",6,38.03.01 Экономика,Бакалавриат,Б2,1.0,Зачет с оценкой,20,[4]
450401,Прикладная физическая культура (ОФП),6,38.03.01 Экономика,Бакалавриат,Б1.О.General,0.5,Зачет,28,"[3, 4]"
450401,Финансы,6,38.03.01 Экономика,Бакалавриат,Б1.О.Prof,1.0,Экзамен,21,[4]
450401,Экономика организации (предприятия),6,38.03.01 Экономика,Бакалавриат,Б1.О.Prof,1.0,Экзамен,25,[3]
450401,Мировая экономика и международные экономические отношения,6,38.03.01 Экономика,Бакалавриат,Б1.О.Prof,1.0,Экзамен,24,[3]
450401,Организация предпринимательской деятельности в национальной экономике,6,38.03.01 Экономика,Бакалавриат,Б1.О.Prof,1.0,Зачет с оценкой,22,[4]
450401,Национальная экономика,6,38.03.01 Экономика,Бакалавриат,Б1.О.Prof,1.0,Экзамен,25,[3]
450401,Экономическая терминология на иностранном языке,6,38.03.01 Экономика,Бакалавриат,Б1.О.Prof,1.0,Зачет с оценкой,41,"[3, 4]"
450401,Управление личными финансами,6,38.03.01 Экономика,Бакалавриат,Б1.В,0.5,Зачет,24,[3]
450401,Правоведение,6,38.03.01 Экономика,Бакалавриат,Б1.О.General,1.0,Зачет,23,[3]
450401,Менеджмент,6,38.03.01 Экономика,Бакалавриат,Б1.О.Prof,1.0,Зачет с оценкой,22,[4]
450401,Бухгалтерский учет,6,38.03.01 Экономика,Бакалавриат,Б1.О.Prof,1.0,Экзамен,21,[4]
354151,Основы математической обработки информации,4,41.03.04 Политология,Бакалавриат,Б1.О.Prof,1.0,Зачет с оценкой,41,[1]
354151,Иностранный язык,4,41.03.04 Политология,Бакалавриат,Б1.О.General,1.0,Зачет с оценкой,43,"[1, 2]"
354151,Прикладная физическая культура (Адаптивная физическая культура),4,41.03.04 Политология,Бакалавриат,Б1.О.General,0.667,Зачет,4,[1]
354151,Информационно-коммуникационные технологии в политических науках и регионоведении,4,41.03.04 Политология,Бакалавриат,Б1.О.Prof,1.0,Экзамен,40,[2]
354151,"Учебная практика, научно-исследовательская работа (получение первичных навыков научно-исследовательской работы)",4,41.03.04 Политология,Бакалавриат,Б2,1.0,Зачет с оценкой,37,[2]
354151,История международных отношений,4,41.03.04 Политология,Бакалавриат,Б1.В,0.333,Экзамен,40,[2]
354151,Международные и региональные организации в современных интеграционных процессах,4,41.03.04 Политология,Бакалавриат,Б1.О.Prof,0.667,Экзамен,40,[1]
354151,Правоведение,4,41.03.04 Политология,Бакалавриат,Б1.О.General,1.0,Зачет,41,[2]
354151,Безопасность жизнедеятельности,4,41.03.04 Политология,Бакалавриат,Б1.О.General,1.0,Зачет,41,[1]
354151,Экономика,4,41.03.04 Политология,Бакалавриат,Б1.О.General,1.0,Зачет,41,[2]
354151,Введение в профессию,4,41.03.04 Политология,Бакалавриат,Б1.О.Prof,1.0,Экзамен,41,[1]
354151,Физическая культура и спорт,4,41.03.04 Политология,Бакалавриат,Б1.О.General,1.0,Зачет,41,[1]
354151,"История (история России, всеобщая история)",4,41.03.04 Политология,Бакалавриат,Б1.О.General,1.0,Зачет с оценкой,40,[1]
354151,Информационное общество и обеспечение информационной безопасности,4,41.03.04 Политология,Бакалавриат,Б1.О.Prof,1.0,Экзамен,40,[1]
354151,СМИ в современной системе массовой коммуникации,4,41.03.04 Политология,Бакалавриат,Б1.О.Prof,1.0,Зачет с оценкой,43,[1]
354151,Философия,4,41.03.04 Политология,Бакалавриат,Б1.О.General,1.0,Зачет с оценкой,41,[2]
354151,Русский язык и культура речи,4,41.03.04 Политология,Бакалавриат,Б1.О.General,1.0,Зачет,41,[1]
354151,Прикладная физическая культура (Волейбол),4,41.03.04 Политология,Бакалавриат,Б1.О.General,0.5,Зачет,18,"[1, 2]"
354151,Научно-методическое обеспечение результатов профессиональной деятельности,4,41.03.04 Политология,Бакалавриат,Б1.О.Prof,1.0,Зачет с оценкой,40,[2]
354151,Прикладная физическая культура (ОФП),4,41.03.04 Политология,Бакалавриат,Б1.О.General,1.0,Зачет,19,[1]
354151,Международная безопасность и конфликты в XXI веке,4,41.03.04 Политология,Бакалавриат,Б1.В,0.333,Зачет с оценкой,40,[2]
135053,"Учебная практика, ознакомительная практика",22,43.03.02 Туризм,Бакалавриат,Б2,1.0,Зачет с оценкой,11,[2]
135053,Туристские ресурсы РФ,22,43.03.02 Туризм,Бакалавриат,Б1.О.Prof,1.0,Экзамен,34,"[1, 2]"
135053,Иностранный язык,22,43.03.02 Туризм,Бакалавриат,Б1.О.General,1.0,Зачет с оценкой,31,"[1, 2]"
135053,Культура общения,22,43.03.02 Туризм,Бакалавриат,Б1.В,0.5,Зачет,6,[2]
135053,Прикладная физическая культура (ОФП),22,43.03.02 Туризм,Бакалавриат,Б1.О.General,1.0,Зачет,30,"[1, 2]"
135053,Основы туризма,22,43.03.02 Туризм,Бакалавриат,Б1.О.Prof,1.0,Экзамен,33,[1]
135053,Туристское страноведение,22,43.03.02 Туризм,Бакалавриат,Б1.О.Prof,1.0,Экзамен,33,"[1, 2]"
135053,Русский язык и культура речи,22,43.03.02 Туризм,Бакалавриат,Б1.О.General,1.0,Зачет,33,[1]
135053,Философия,22,43.03.02 Туризм,Бакалавриат,Б1.О.General,1.0,Зачет с оценкой,2,[2]
135053,Организационная коммуникация,22,43.03.02 Туризм,Бакалавриат,Б1.В,0.5,Зачет,5,[2]
135053,Человек и его потребности,22,43.03.02 Туризм,Бакалавриат,Б1.О.Prof,1.0,Зачет,33,[1]
135053,Физическая культура и спорт,22,43.03.02 Туризм,Бакалавриат,Б1.О.General,1.0,Зачет,33,[1]
135053,Организация туристской деятельности,22,43.03.02 Туризм,Бакалавриат,Б1.О.Prof,1.0,Экзамен,4,[2]
135053,Безопасность жизнедеятельности,22,43.03.02 Туризм,Бакалавриат,Б1.О.General,1.0,Зачет,33,[1]
135053,Конфликтология,22,43.03.02 Туризм,Бакалавриат,Б1.О.General,0.5,Зачет,1,[2]
135053,"История (история России, всеобщая история)",22,43.03.02 Туризм,Бакалавриат,Б1.О.General,1.0,Зачет с оценкой,32,[1]
135053,Правоведение,22,43.03.02 Туризм,Бакалавриат,Б1.О.General,1.0,Зачет,1,[2]
391053,Язык и стиль современных медиатекстов и интернета,7,45.03.01 Филология,Бакалавриат,Б1.О.Prof,1.0,Зачет,7,[5]
391053,Текстология русской классической литературы XIX века,7,45.03.01 Филология,Бакалавриат,Б1.В,0.5,Зачет,7,[5]
391053,Проблемы русского исторического языкознания,7,45.03.01 Филология,Бакалавриат,Б1.О.Prof,1.0,Зачет,7,[6]
391053,Прикладная физическая культура (Адаптивная физическая культура),7,45.03.01 Филология,Бакалавриат,Б1.О.General,0.5,Зачет,5,"[5, 6]"
391053,Курсовая работа по направлению подготовки и спецсеминар научного руководителя,7,45.03.01 Филология,Бакалавриат,Б1.О.Prof,1.0,Зачет,14,"[5, 6]"
391053,Правоведение,7,45.03.01 Филология,Бакалавриат,Б1.О.General,1.0,Зачет,14,[5]
391053,Экономика,7,45.03.01 Филология,Бакалавриат,Б1.О.General,1.0,Зачет с оценкой,14,[5]
391053,Литература Нижневолжского региона,7,45.03.01 Филология,Бакалавриат,Б1.О.Prof,1.0,Зачет,7,[5]
391053,"Производственная практика, научно-исследовательская работа",7,45.03.01 Филология,Бакалавриат,Б2,1.0,Зачет с оценкой,14,[6]
391053,Стилистика русского языка,7,45.03.01 Филология,Бакалавриат,Б1.О.Prof,1.0,Экзамен,14,[6]
391053,Поэтика рассказа,7,45.03.01 Филология,Бакалавриат,Б1.О.Prof,1.0,Зачет,7,[6]
391053,История зарубежной литературы конца XIX - начала ХХ века,7,45.03.01 Филология,Бакалавриат,Б1.О.Prof,1.0,Зачет,14,[6]
391053,Сравнительно-историческая лексикология славянских языков,7,45.03.01 Филология,Бакалавриат,Б1.О.Prof,1.0,Зачет,7,[6]
391053,История русского литературного языка,7,45.03.01 Филология,Бакалавриат,Б1.О.Prof,1.0,Экзамен,14,[5]
391053,Методика преподавания русской литературы,7,45.03.01 Филология,Бакалавриат,Б1.О.Prof,1.0,Зачет с оценкой,14,[6]
391053,История русской литературы конца XIX - начала XX века,7,45.03.01 Филология,Бакалавриат,Б1.О.Prof,1.0,Экзамен,14,[6]
391053,Педагогика,7,45.03.01 Филология,Бакалавриат,Б1.О.Prof,1.0,Зачет с оценкой,14,[6]
391053,История русской литературы третьей трети XIX века,7,45.03.01 Филология,Бакалавриат,Б1.О.Prof,1.0,Экзамен,14,[5]
391053,Современный русский язык: морфология,7,45.03.01 Филология,Бакалавриат,Б1.О.Prof,1.0,Экзамен,14,[5]
391053,Теория и практика отечественного постмодернизма,7,45.03.01 Филология,Бакалавриат,Б1.О.Prof,1.0,Зачет,7,[6]
391053,Прикладная физическая культура (ОФП),7,45.03.01 Филология,Бакалавриат,Б1.О.General,1.0,Зачет,10,"[5, 6]"
391053,Современный русский язык: синтаксис,7,45.03.01 Филология,Бакалавриат,Б1.О.Prof,1.0,Экзамен,14,[6]
391053,Лексические нормы книжных стилей русского языка,7,45.03.01 Филология,Бакалавриат,Б1.О.Prof,1.0,Зачет,14,[6]
391053,Этнолингвистика,7,45.03.01 Филология,Бакалавриат,Б1.О.Prof,1.0,Зачет,7,[5]
391053,Русская лексикография,7,45.03.01 Филология,Бакалавриат,Б1.О.Prof,1.0,Экзамен,14,[5]
544662,"Учебная практика, ознакомительная",5,10.05.01 Компьютерная безопасность (спец.),Специалитет,Б2,0.333,Зачет с оценкой,28,[4]
544662,Иностранный язык,5,10.05.01 Компьютерная безопасность (спец.),Специалитет,Б1.О.General,1.0,Зачет с оценкой,29,"[3, 4]"
544662,Прикладная физическая культура (Адаптивная физическая культура),5,10.05.01 Компьютерная безопасность (спец.),Специалитет,Б1.О.General,1.0,Зачет,1,"[3, 4]"
544662,Методы статистической обработки экспериментальных данных для решения задач информационной безопасности,5,10.05.01 Компьютерная безопасность (спец.),Специалитет,Б1.В,0.333,Зачет с оценкой,28,[3]
544662,Физика: Электричество и магнетизм,5,10.05.01 Компьютерная безопасность (спец.),Специалитет,Б1.О.Prof,1.0,Экзамен,28,[3]
544662,Безопасность операционных систем,5,10.05.01 Компьютерная безопасность (спец.),Специалитет,Б1.О.Prof,1.0,Зачет с оценкой,27,[4]
544662,Организация ЭВМ и вычислительных сетей,5,10.05.01 Компьютерная безопасность (спец.),Специалитет,Б1.В,0.333,Экзамен,27,[3]
544662,Математическая логика,5,10.05.01 Компьютерная безопасность (спец.),Специалитет,Б1.В,0.333,Экзамен,28,[4]
544662,Дифференциальные уравнения для решения задач информационной безопасности,5,10.05.01 Компьютерная безопасность (спец.),Специалитет,Б1.О.Prof,1.0,Зачет с оценкой,28,[3]
544662,Философия,5,10.05.01 Компьютерная безопасность (спец.),Специалитет,Б1.О.General,1.0,Зачет с оценкой,27,[4]
544662,Вычислительная математика,5,10.05.01 Компьютерная безопасность (спец.),Специалитет,Б1.В,0.333,Экзамен,27,[4]
544662,Теория вероятностей и математическая статистика,5,10.05.01 Компьютерная безопасность (спец.),Специалитет,Б1.О.Prof,1.0,Экзамен,28,[3]
544662,Прикладная физическая культура (Легкая атлетика),5,10.05.01 Компьютерная безопасность (спец.),Специалитет,Б1.О.General,0.333,Зачет,27,[3]
544662,Алгебра и теория чисел,5,10.05.01 Компьютерная безопасность (спец.),Специалитет,Б1.О.Prof,1.0,Экзамен,28,[3]
544662,Теоретические основы компьютерной безопасности,5,10.05.01 Компьютерная безопасность (спец.),Специалитет,Б1.В,0.333,Зачет с оценкой,28,[4]
544662,Технологии и методы программирования,5,10.05.01 Компьютерная безопасность (спец.),Специалитет,Б1.О.Prof,1.0,Зачет с оценкой,28,"[3, 4]"
544662,Прикладная физическая культура (ОФП),5,10.05.01 Компьютерная безопасность (спец.),Специалитет,Б1.О.General,1.0,Зачет,26,[4]
544662,Правовое регулирование информационной безопасности,5,10.05.01 Компьютерная безопасность (спец.),Специалитет,Б1.В,0.333,Зачет,28,[3]
544662,Программирование микроконтроллеров,5,10.05.01 Компьютерная безопасность (спец.),Специалитет,Б1.О.Prof,1.0,Зачет с оценкой,27,[4]
956310,Экономика фирмы,19,Неизвестное (Информатика и алгоритмические языки...),Бакалавриат,Б1.О.Prof,1.0,Зачет с оценкой,21,[2]
956310,Микроэкономика,19,Неизвестное (Информатика и алгоритмические языки...),Бакалавриат,Б1.О.Prof,1.0,Зачет с оценкой,22,[1]
956310,Информатика и алгоритмические языки,19,Неизвестное (Информатика и алгоритмические языки...),Бакалавриат,Б1.О.Prof,1.0,Экзамен,23,"[1, 2]"
956310,Макроэкономика,19,Неизвестное (Информатика и алгоритмические языки...),Бакалавриат,Б1.О.Prof,1.0,Зачет с оценкой,21,[2]
956310,Иностранный язык,19,Неизвестное (Информатика и алгоритмические языки...),Бакалавриат,Б1.О.General,1.0,Зачет с оценкой,22,"[1, 2]"
956310,"Операционные среды, системы и оболочки. Текстовые и табличные процессоры",19,Неизвестное (Информатика и алгоритмические языки...),Бакалавриат,Б1.О.Prof,1.0,Зачет,22,"[1, 2]"
956310,Прикладная физическая культура (ОФП),19,Неизвестное (Информатика и алгоритмические языки...),Бакалавриат,Б1.О.General,1.0,Зачет,16,"[1, 2]"
956310,Математический анализ,19,Неизвестное (Информатика и алгоритмические языки...),Бакалавриат,Б1.О.General,1.0,Зачет с оценкой,23,[1]
956310,Дифференциальные и разностные уравнения,19,Неизвестное (Информатика и алгоритмические языки...),Бакалавриат,Б1.О.Prof,1.0,Зачет с оценкой,21,[2]
956310,Философия,19,Неизвестное (Информатика и алгоритмические языки...),Бакалавриат,Б1.О.General,1.0,Экзамен,21,[2]
956310,Прикладная физическая культура (Волейбол),19,Неизвестное (Информатика и алгоритмические языки...),Бакалавриат,Б1.О.General,0.5,Зачет,6,[1]
956310,Рынки ИКТ и организация продаж,19,Неизвестное (Информатика и алгоритмические языки...),Бакалавриат,Б1.О.Prof,1.0,Экзамен,23,[1]
956310,Основы электронного бизнеса,19,Неизвестное (Информатика и алгоритмические языки...),Бакалавриат,Б1.О.Prof,1.0,Зачет с оценкой,23,[1]
956310,Физическая культура и спорт,19,Неизвестное (Информатика и алгоритмические языки...),Бакалавриат,Б1.О.General,1.0,Зачет,23,[1]
956310,Программирование на языках высокого уровня,19,Неизвестное (Информатика и алгоритмические языки...),Бакалавриат,Б1.О.Prof,1.0,Экзамен,21,[2]
956310,История,19,Неизвестное (Информатика и алгоритмические языки...),Бакалавриат,Б1.О.General,1.0,Экзамен,22,[1]
956310,Социология,19,Неизвестное (Информатика и алгоритмические языки...),Бакалавриат,Б1.О.Prof,1.0,Зачет,21,[2]
485275,Общая экология,30,05.03.01 Геология,Бакалавриат,Б1.В,0.5,Экзамен,13,[1]
485275,Иностранный язык,30,05.03.01 Геология,Бакалавриат,Б1.О.General,1.0,Зачет,13,"[1, 2]"
485275,Прикладная физическая культура (Адаптивная физическая культура),30,05.03.01 Геология,Бакалавриат,Б1.О.General,0.5,Зачет,1,"[1, 2]"
485275,Химия,30,05.03.01 Геология,Бакалавриат,Б1.О.Prof,1.0,Зачет с оценкой,13,[1]
485275,Общая геология,30,05.03.01 Геология,Бакалавриат,Б1.О.Prof,1.0,Экзамен,13,[1]
485275,Палеонтология,30,05.03.01 Геология,Бакалавриат,Б1.О.Prof,1.0,Зачет с оценкой,12,[2]
485275,Литология,30,05.03.01 Геология,Бакалавриат,Б1.О.Prof,1.0,Зачет с оценкой,11,[2]
485275,"Учебная практика, практика по получению первичных профессиональных умений и навыков (по общей геологии и геоморфологии)",30,05.03.01 Геология,Бакалавриат,Б2,1.0,Зачет с оценкой,11,[2]
485275,Введение в специальность,30,05.03.01 Геология,Бакалавриат,Б1.О.Prof,1.0,Зачет с оценкой,13,[1]
485275,Минералогия,30,05.03.01 Геология,Бакалавриат,Б1.О.Prof,1.0,Зачет с оценкой,13,[1]
485275,Историческая геология,30,05.03.01 Геология,Бакалавриат,Б1.О.Prof,1.0,Зачет с оценкой,12,[2]
485275,Физическая культура и спорт,30,05.03.01 Геология,Бакалавриат,Б1.О.General,1.0,Зачет,14,[1]
485275,Геоморфология,30,05.03.01 Геология,Бакалавриат,Б1.О.Prof,1.0,Экзамен,11,[2]
485275,Землеведение,30,05.03.01 Геология,Бакалавриат,Б1.О.Prof,1.0,Экзамен,13,[1]
485275,Прикладная физическая культура (Волейбол),30,05.03.01 Геология,Бакалавриат,Б1.О.General,0.5,Зачет,7,"[1, 2]"
485275,Русский язык и культура речи,30,05.03.01 Геология,Бакалавриат,Б1.О.General,1.0,Зачет,12,[2]
485275,История,30,05.03.01 Геология,Бакалавриат,Б1.О.General,1.0,Зачет с оценкой,13,[1]
485275,Прикладная физическая культура (ОФП),30,05.03.01 Геология,Бакалавриат,Б1.О.General,1.0,Зачет,5,"[1, 2]"
485275,Техника спортивного туризма,30,05.03.01 Геология,Бакалавриат,Б1.О.Prof,1.0,Зачет,12,[2]
485275,Математика,30,05.03.01 Геология,Бакалавриат,Б1.О.General,1.0,Зачет,13,"[1, 2]"
946082,Экономика фирмы,32,38.03.02 Менеджмент,Бакалавриат,Б1.О.Prof,1.0,Экзамен,16,[3]
946082,Методы принятия управленческих решений,32,38.03.02 Менеджмент,Бакалавриат,Б1.О.Prof,1.0,Экзамен,17,[4]
946082,Информационные технологии в инновационной деятельности,32,38.03.02 Менеджмент,Бакалавриат,Б1.О.Prof,1.0,Зачет с оценкой,16,[3]
946082,Основы маркетинга,32,38.03.02 Менеджмент,Бакалавриат,Б1.О.Prof,1.0,Зачет с оценкой,17,[4]
946082,Теория вероятности и математическая статистика,32,38.03.02 Менеджмент,Бакалавриат,Б1.О.Prof,1.0,Зачет с оценкой,16,[3]
946082,Статистика,32,38.03.02 Менеджмент,Бакалавриат,Б1.О.Prof,1.0,Зачет с оценкой,16,[3]
946082,"Учебная практика, практика по получению первичных профессиональных умений и навыков, в том числе  первичных умений и навыков научно-исследовательск...",32,38.03.02 Менеджмент,Бакалавриат,Б2,1.0,Зачет с оценкой,17,[4]
946082,Иностранный язык,32,38.03.02 Менеджмент,Бакалавриат,Б1.О.General,1.0,Зачет с оценкой,17,"[3, 4]"
946082,Глобальная экономическая история,32,38.03.02 Менеджмент,Бакалавриат,Б1.В,0.5,Зачет,13,[4]
946082,Прикладная физическая культура (ОФП),32,38.03.02 Менеджмент,Бакалавриат,Б1.О.General,1.0,Зачет,17,"[3, 4]"
946082,Культурология,32,38.03.02 Менеджмент,Бакалавриат,Б1.О.General,0.5,Зачет,2,[4]
946082,Нормирование и охрана труда,32,38.03.02 Менеджмент,Бакалавриат,Б1.В,0.5,Экзамен,16,[3]
946082,Конфликтология,32,38.03.02 Менеджмент,Бакалавриат,Б1.О.General,1.0,Зачет,2,[4]
946082,Менеджмент,32,38.03.02 Менеджмент,Бакалавриат,Б1.О.Prof,1.0,Курсовая работа,17,"[3, 4]"
946082,Основы теории управления,32,38.03.02 Менеджмент,Бакалавриат,Б1.О.Prof,1.0,Зачет с оценкой,17,[4]
946082,"Стандартизация, сертификация и метрология",32,38.03.02 Менеджмент,Бакалавриат,Б1.О.Prof,1.0,Зачет с оценкой,17,[4]
946082,Управление качеством в инноватике,32,38.03.02 Менеджмент,Бакалавриат,Б1.О.Prof,1.0,Зачет с оценкой,16,[3]
667555,Предпринимательская деятельность в  социальной сфере и исследовательская работа,27,39.03.02 Социальная работа,Бакалавриат,Б1.О.Prof,1.0,Зачет с оценкой,20,[7]
667555,Проектирование в социальной  работе с дезадаптированной молодежью,27,39.03.02 Социальная работа,Бакалавриат,Б1.О.Prof,1.0,Экзамен,20,[7]
667555,Социальное предпринимательство и основы проектной деятельности,27,39.03.02 Социальная работа,Бакалавриат,Б1.О.General,1.0,Зачет,20,[7]
667555,Организация волонтерского движения,27,39.03.02 Социальная работа,Бакалавриат,Б1.О.Prof,1.0,Зачет,20,[7]
667555,Экономические основы социальной сферы,27,39.03.02 Социальная работа,Бакалавриат,Б1.О.Prof,1.0,Зачет,20,[8]
667555,Технологии социальной работы в различных сферах жизнедеятельности,27,39.03.02 Социальная работа,Бакалавриат,Б1.О.Prof,1.0,Экзамен,20,"[7, 8]"
667555,"Производственная практика, организационно-управленческая",27,39.03.02 Социальная работа,Бакалавриат,Б2,1.0,Зачет с оценкой,20,[7]
667555,Реабилитационная работа в социальной сфере,27,39.03.02 Социальная работа,Бакалавриат,Б1.О.Prof,1.0,Экзамен,20,[7]
667555,Система социальных служб Волгоградской области,27,39.03.02 Социальная работа,Бакалавриат,Б1.О.Prof,1.0,Зачет с оценкой,20,[7]
667555,"Производственная практика, технологическая",27,39.03.02 Социальная работа,Бакалавриат,Б2,1.0,Зачет с оценкой,20,[8]
667555,Социальное партнерство,27,39.03.02 Социальная работа,Бакалавриат,Б1.О.Prof,1.0,Зачет,20,[8]
667555,"Прогнозирование, проектирование и моделирование в социальной сфере",27,39.03.02 Социальная работа,Бакалавриат,Б1.О.Prof,1.0,Экзамен,20,[7]
163749,Основы математической обработки информации,26,42.03.02 Журналистика,Бакалавриат,Б1.О.Prof,1.0,Зачет,44,[1]
163749,Иностранный язык,26,42.03.02 Журналистика,Бакалавриат,Б1.О.General,1.0,Зачет,44,"[1, 2]"
163749,"Учебная практика, профессионально-ознакомительная",26,42.03.02 Журналистика,Бакалавриат,Б2,0.5,Зачет с оценкой,38,[2]
163749,Орфоэпические нормы в профессиональной сфере общения,26,42.03.02 Журналистика,Бакалавриат,Б1.О.Prof,1.0,Зачет,38,[2]
163749,Практикум по орфографии,26,42.03.02 Журналистика,Бакалавриат,Б1.О.Prof,1.0,Зачет,44,[1]
163749,Безопасность жизнедеятельности,26,42.03.02 Журналистика,Бакалавриат,Б1.О.General,1.0,Зачет,44,[1]
163749,Правоведение,26,42.03.02 Журналистика,Бакалавриат,Б1.О.General,1.0,Зачет,44,[1]
163749,История зарубежной литературы средних веков и эпохи Возрождения,26,42.03.02 Журналистика,Бакалавриат,Б1.О.Prof,1.0,Зачет,40,[2]
163749,Культурологические основы СМИ,26,42.03.02 Журналистика,Бакалавриат,Б1.О.Prof,1.0,Зачет,40,[2]
163749,Введение в профессию,26,42.03.02 Журналистика,Бакалавриат,Б1.О.Prof,1.0,Зачет,38,[2]
163749,Физическая культура и спорт,26,42.03.02 Журналистика,Бакалавриат,Б1.О.General,1.0,Зачет,43,[1]
163749,Система СМИ,26,42.03.02 Журналистика,Бакалавриат,Б1.О.Prof,1.0,Экзамен,38,[2]
163749,"История (история России, всеобщая история)",26,42.03.02 Журналистика,Бакалавриат,Б1.О.General,1.0,Зачет с оценкой,44,[1]
163749,Прикладная физическая культура (Волейбол),26,42.03.02 Журналистика,Бакалавриат,Б1.О.General,1.0,Зачет,42,"[1, 2]"
163749,Современный литературный процесс,26,42.03.02 Журналистика,Бакалавриат,Б1.О.Prof,1.0,Зачет,37,[2]
163749,Современный русский язык: Лексикология,26,42.03.02 Журналистика,Бакалавриат,Б1.О.Prof,1.0,Зачет,44,[1]
163749,Выпуск учебных СМИ,26,42.03.02 Журналистика,Бакалавриат,Б1.О.Prof,1.0,Зачет,37,[2]
163749,История древнерусской литературы и русской литературы XVIII века,26,42.03.02 Журналистика,Бакалавриат,Б1.О.Prof,1.0,Зачет,38,[2]
163749,Основы теории литературы,26,42.03.02 Журналистика,Бакалавриат,Б1.О.Prof,1.0,Зачет,44,[1]
163749,Техника и технологии СМИ,26,42.03.02 Журналистика,Бакалавриат,Б1.О.Prof,1.0,Зачет,44,"[1, 2]"
163749,Речевая культура журналиста,26,42.03.02 Журналистика,Бакалавриат,Б1.О.Prof,1.0,Экзамен,44,[1]
163749,Современный русский язык: словообразование и морфология,26,42.03.02 Журналистика,Бакалавриат,Б1.О.Prof,1.0,Зачет,40,[2]
163749,Основы теории журналистики,26,42.03.02 Журналистика,Бакалавриат,Б1.О.Prof,1.0,Экзамен,44,[1]
163749,История античной литературы,26,42.03.02 Журналистика,Бакалавриат,Б1.О.Prof,1.0,Зачет,44,[1]
645031,ГИС в географии,31,Неизвестное (ГИС в географии...),Бакалавриат,Б1.О.Prof,1.0,Зачет с оценкой,13,[4]
645031,Иностранный язык,31,Неизвестное (ГИС в географии...),Бакалавриат,Б1.О.General,1.0,Экзамен,12,[3]
645031,Физика,31,Неизвестное (ГИС в географии...),Бакалавриат,Б1.О.General,1.0,Экзамен,13,[3]
645031,Методы в географических исследованиях,31,Неизвестное (ГИС в географии...),Бакалавриат,Б1.О.Prof,1.0,Зачет с оценкой,13,[3]
645031,Социология,31,Неизвестное (ГИС в географии...),Бакалавриат,Б1.О.Prof,1.0,Зачет,3,[3]
645031,Правоведение,31,Неизвестное (ГИС в географии...),Бакалавриат,Б1.О.General,1.0,Зачет,13,[3]
645031,Экономика,31,Неизвестное (ГИС в географии...),Бакалавриат,Б1.О.General,1.0,Зачет с оценкой,13,[3]
645031,"Учебная практика, практика по получению первичных профессиональных умений и навыков (по ландшафтоведению)",31,Неизвестное (ГИС в географии...),Бакалавриат,Б2,1.0,Зачет с оценкой,13,[4]
645031,Основы научно-исследовательской деятельности,31,Неизвестное (ГИС в географии...),Бакалавриат,Б1.О.Prof,1.0,Зачет,13,"[3, 4]"
645031,Культурология,31,Неизвестное (ГИС в географии...),Бакалавриат,Б1.О.General,1.0,Зачет,2,[3]
645031,Технологии основных производств,31,Неизвестное (ГИС в географии...),Бакалавриат,Б1.О.Prof,1.0,Зачет,13,[3]
645031,Теория и практика аргументации,31,Неизвестное (ГИС в географии...),Бакалавриат,Б1.О.Prof,1.0,Зачет,1,[3]
645031,Картография,31,Неизвестное (ГИС в географии...),Бакалавриат,Б1.О.Prof,1.0,Зачет с оценкой,13,[4]
645031,Геодезия и топография (часть 2),31,Неизвестное (ГИС в географии...),Бакалавриат,Б1.О.Prof,1.0,Зачет с оценкой,13,[4]
645031,"Учебная практика, практика по получению первичных профессиональных умений и навыков (по геодезии)",31,Неизвестное (ГИС в географии...),Бакалавриат,Б2,1.0,Зачет с оценкой,13,[4]
645031,Степеведение,31,Неизвестное (ГИС в географии...),Бакалавриат,Б1.О.Prof,1.0,Зачет с оценкой,13,[4]
645031,Философия,31,Неизвестное (ГИС в географии...),Бакалавриат,Б1.О.General,1.0,Зачет с оценкой,13,[3]
645031,Русский язык и культура речи,31,Неизвестное (ГИС в географии...),Бакалавриат,Б1.О.General,1.0,Зачет,12,[4]
645031,Геодезия и топография (часть 1),31,Неизвестное (ГИС в географии...),Бакалавриат,Б1.О.Prof,1.0,Зачет,13,[3]
645031,Конфликтология,31,Неизвестное (ГИС в географии...),Бакалавриат,Б1.О.General,1.0,Зачет,6,[3]
645031,Социально-экономическая география,31,Неизвестное (ГИС в географии...),Бакалавриат,Б1.О.Prof,1.0,Экзамен,13,[4]
645031,Ландшафтоведение,31,Неизвестное (ГИС в географии...),Бакалавриат,Б1.О.Prof,1.0,Зачет с оценкой,13,[3]
645031,Информатика,31,Неизвестное (ГИС в географии...),Бакалавриат,Б1.О.General,1.0,Зачет с оценкой,12,[4]
645031,Социальное предпринимательство и основы проектной деятельности,31,Неизвестное (ГИС в географии...),Бакалавриат,Б1.О.General,1.0,Зачет,13,[4]
645031,Прикладная физическая культура (ОФП),31,Неизвестное (ГИС в географии...),Бакалавриат,Б1.О.General,1.0,Зачет,13,"[3, 4]"
548782,Музееведение,14,46.03.01 История,Бакалавриат,Б1.О.Prof,1.0,Зачет,25,[4]
548782,История России,14,46.03.01 История,Бакалавриат,Б1.О.Prof,1.0,Экзамен,25,"[3, 4]"
548782,История мировой культуры,14,46.03.01 История,Бакалавриат,Б1.О.Prof,1.0,Зачет с оценкой,24,[4]
548782,Информатика,14,46.03.01 История,Бакалавриат,Б1.О.General,1.0,Зачет с оценкой,25,[3]
548782,История юга России в древности и средневековье,14,46.03.01 История,Бакалавриат,Б1.О.Prof,1.0,Курсовой проект,25,[3]
548782,Социальное предпринимательство и основы проектной деятельности,14,46.03.01 История,Бакалавриат,Б1.О.General,1.0,Зачет,25,[3]
548782,Иностранный язык,14,46.03.01 История,Бакалавриат,Б1.О.General,1.0,Зачет с оценкой,24,[3]
548782,Прикладная физическая культура (Адаптивная физическая культура),14,46.03.01 История,Бакалавриат,Б1.О.General,0.5,Зачет,1,"[3, 4]"
548782,"Учебная практика, практика по получению первичных профессиональных умений и навыков  (музейная)",14,46.03.01 История,Бакалавриат,Б2,1.0,Зачет с оценкой,23,[4]
548782,Прикладная физическая культура (ОФП),14,46.03.01 История,Бакалавриат,Б1.О.General,1.0,Зачет,23,"[3, 4]"
548782,Квантитативная история,14,46.03.01 История,Бакалавриат,Б1.О.Prof,1.0,Зачет с оценкой,25,[3]
548782,История средних веков,14,46.03.01 История,Бакалавриат,Б1.О.Prof,1.0,Экзамен,25,"[3, 4]"
548782,Правоведение,14,46.03.01 История,Бакалавриат,Б1.О.General,1.0,Зачет,25,[4]
548782,Вспомогательные исторические дисциплины,14,46.03.01 История,Бакалавриат,Б1.О.Prof,1.0,Зачет с оценкой,25,[4]
548782,Экономика,14,46.03.01 История,Бакалавриат,Б1.О.General,1.0,Зачет с оценкой,25,[3]
548782,История отечественной культуры,14,46.03.01 История,Бакалавриат,Б1.О.Prof,1.0,Зачет с оценкой,25,[4]
548782,История исторической науки,14,46.03.01 История,Бакалавриат,Б1.О.Prof,1.0,Экзамен,25,[4]
685999,Основы математической обработки информации,4,41.03.04 Политология,Бакалавриат,Б1.О.Prof,1.0,Зачет с оценкой,37,[1]
685999,Иностранный язык,4,41.03.04 Политология,Бакалавриат,Б1.О.General,1.0,Зачет с оценкой,38,"[1, 2]"
685999,Прикладная физическая культура (Адаптивная физическая культура),4,41.03.04 Политология,Бакалавриат,Б1.О.General,0.667,Зачет,2,"[1, 2]"
685999,Информационно-коммуникационные технологии в политических науках и регионоведении,4,41.03.04 Политология,Бакалавриат,Б1.О.Prof,1.0,Экзамен,33,[2]
685999,"Учебная практика, научно-исследовательская работа (получение первичных навыков научно-исследовательской работы)",4,41.03.04 Политология,Бакалавриат,Б2,1.0,Зачет с оценкой,30,[2]
685999,История международных отношений,4,41.03.04 Политология,Бакалавриат,Б1.В,0.333,Экзамен,33,[2]
685999,Международные и региональные организации в современных интеграционных процессах,4,41.03.04 Политология,Бакалавриат,Б1.О.Prof,0.667,Экзамен,37,[1]
685999,Правоведение,4,41.03.04 Политология,Бакалавриат,Б1.О.General,1.0,Зачет,33,[2]
685999,Безопасность жизнедеятельности,4,41.03.04 Политология,Бакалавриат,Б1.О.General,1.0,Зачет,37,[1]
685999,Экономика,4,41.03.04 Политология,Бакалавриат,Б1.О.General,1.0,Зачет,33,[2]
685999,Введение в профессию,4,41.03.04 Политология,Бакалавриат,Б1.О.Prof,1.0,Экзамен,37,[1]
685999,Физическая культура и спорт,4,41.03.04 Политология,Бакалавриат,Б1.О.General,1.0,Зачет,37,[1]
685999,"История (история России, всеобщая история)",4,41.03.04 Политология,Бакалавриат,Б1.О.General,1.0,Зачет с оценкой,38,[1]
685999,Информационное общество и обеспечение информационной безопасности,4,41.03.04 Политология,Бакалавриат,Б1.О.Prof,1.0,Экзамен,37,[1]
685999,СМИ в современной системе массовой коммуникации,4,41.03.04 Политология,Бакалавриат,Б1.О.Prof,1.0,Зачет с оценкой,37,[1]
685999,Русский язык и культура речи,4,41.03.04 Политология,Бакалавриат,Б1.О.General,1.0,Зачет,38,[1]
685999,Философия,4,41.03.04 Политология,Бакалавриат,Б1.О.General,1.0,Зачет с оценкой,33,[2]
685999,Научно-методическое обеспечение результатов профессиональной деятельности,4,41.03.04 Политология,Бакалавриат,Б1.О.Prof,1.0,Зачет с оценкой,33,[2]
685999,Прикладная физическая культура (ОФП),4,41.03.04 Политология,Бакалавриат,Б1.О.General,1.0,Зачет,35,"[1, 2]"
685999,Международная безопасность и конфликты в XXI веке,4,41.03.04 Политология,Бакалавриат,Б1.В,0.333,Зачет с оценкой,34,[2]
200632,Информатика,9,38.05.01 Экономическая безопасность (спец.),Специалитет,Б1.О.General,1.0,Зачет с оценкой,65,[1]
200632,Иностранный язык,9,38.05.01 Экономическая безопасность (спец.),Специалитет,Б1.О.General,1.0,Зачет с оценкой,66,"[1, 2]"
200632,Правоохранительные органы,9,38.05.01 Экономическая безопасность (спец.),Специалитет,Б1.О.Prof,1.0,Зачет с оценкой,65,[1]
200632,Прикладная физическая культура (Адаптивная физическая культура),9,38.05.01 Экономическая безопасность (спец.),Специалитет,Б1.О.General,0.5,Зачет,5,[1]
200632,Профессиональная этика и служебный этикет,9,38.05.01 Экономическая безопасность (спец.),Специалитет,Б1.О.Prof,1.0,Зачет с оценкой,64,[2]
200632,Прикладная физическая культура (ОФП),9,38.05.01 Экономическая безопасность (спец.),Специалитет,Б1.О.General,1.0,Зачет,58,"[1, 2]"
200632,Философия,9,38.05.01 Экономическая безопасность (спец.),Специалитет,Б1.О.General,1.0,Экзамен,65,[1]
200632,Русский язык и культура речи,9,38.05.01 Экономическая безопасность (спец.),Специалитет,Б1.О.General,1.0,Зачет,63,[2]
200632,Экономическая теория,9,38.05.01 Экономическая безопасность (спец.),Специалитет,Б1.О.Prof,1.0,Экзамен,64,"[1, 2]"
200632,Физическая культура и спорт,9,38.05.01 Экономическая безопасность (спец.),Специалитет,Б1.О.General,1.0,Зачет,66,[1]
200632,Эволюция экономических учений,9,38.05.01 Экономическая безопасность (спец.),Специалитет,Б1.О.Prof,1.0,Экзамен,65,[2]
200632,История,9,38.05.01 Экономическая безопасность (спец.),Специалитет,Б1.О.General,1.0,Зачет с оценкой,65,[1]
200632,Безопасность жизнедеятельности,9,38.05.01 Экономическая безопасность (спец.),Специалитет,Б1.О.General,1.0,Зачет,63,[2]
200632,Математика,9,38.05.01 Экономическая безопасность (спец.),Специалитет,Б1.О.Prof,1.0,Зачет с оценкой,65,"[1, 2]"
200632,Правоведение,9,38.05.01 Экономическая безопасность (спец.),Специалитет,Б1.О.General,1.0,Зачет,64,[1]
245695,Государственный экзамен,1,09.03.02 ИСиТ,Бакалавриат,Б3,0.5,ГАК,14,[8]
245695,Моделирование и программирование в среде Blender,1,09.03.02 ИСиТ,Бакалавриат,Б1.О.Prof,1.0,Зачет с оценкой,12,[7]
245695,Защита информации,1,09.03.02 ИСиТ,Бакалавриат,Б1.О.Prof,1.0,Экзамен,15,[7]
245695,Преддипломная,1,09.03.02 ИСиТ,Бакалавриат,Б2,0.167,Зачет с оценкой,14,[8]
245695,Научно-исследовательская работа,1,09.03.02 ИСиТ,Бакалавриат,Б2,0.333,Зачет с оценкой,14,[7]
245695,Параллельное программирование,1,09.03.02 ИСиТ,Бакалавриат,Б1.О.Prof,1.0,Экзамен,14,[7]
245695,Технологии обработки информации,1,09.03.02 ИСиТ,Бакалавриат,Б1.О.Prof,1.0,Зачет с оценкой,14,[7]
245695,Администрирование локальных сетей,1,09.03.02 ИСиТ,Бакалавриат,Б1.В,0.5,Зачет с оценкой,15,[7]
245695,Модели и методы принятия решений,1,09.03.02 ИСиТ,Бакалавриат,Б1.В,0.5,Зачет с оценкой,14,[7]
245695,Мультимедиа технологии,1,09.03.02 ИСиТ,Бакалавриат,Б1.О.Prof,1.0,Зачет с оценкой,15,[8]
245695,Теория информационных процессов и систем,1,09.03.02 ИСиТ,Бакалавриат,Б1.В,0.333,Зачет с оценкой,14,[7]
245695,Безопасность жизнедеятельности,1,09.03.02 ИСиТ,Бакалавриат,Б1.О.General,1.0,Зачет,15,[7]
245695,Системы автоматизированного проектирования,1,09.03.02 ИСиТ,Бакалавриат,Б1.В,0.5,Зачет с оценкой,15,[8]
245695,Экономика,1,09.03.02 ИСиТ,Бакалавриат,Б1.О.General,0.333,Зачет,15,[8]
245695,Интеллектуальные системы и технологии,1,09.03.02 ИСиТ,Бакалавриат,Б1.О.Prof,0.667,Зачет с оценкой,14,[8]
862144,Математическая статистика,6,38.03.01 Экономика,Бакалавриат,Б1.О.Prof,1.0,Зачет с оценкой,17,[3]
862144,Прикладная физическая культура (Легкая атлетика),6,38.03.01 Экономика,Бакалавриат,Б1.О.General,0.5,Зачет,28,"[3, 4]"
862144,Статистика,6,38.03.01 Экономика,Бакалавриат,Б1.О.Prof,1.0,Зачет с оценкой,28,"[3, 4]"
862144,"Учебная практика, практика по получению первичных профессиональных умений и навыков, в том числе первичных умений и навыков научно-исследовательско...",6,38.03.01 Экономика,Бакалавриат,Б2,1.0,Зачет с оценкой,26,[4]
862144,Финансы,6,38.03.01 Экономика,Бакалавриат,Б1.О.Prof,1.0,Курсовая работа,26,[4]
862144,Экономика организации (предприятия),6,38.03.01 Экономика,Бакалавриат,Б1.О.Prof,1.0,Экзамен,23,[3]
862144,Организация предпринимательской деятельности в национальной экономике,6,38.03.01 Экономика,Бакалавриат,Б1.О.Prof,1.0,Зачет с оценкой,26,[4]
862144,Мировая экономика и международные экономические отношения,6,38.03.01 Экономика,Бакалавриат,Б1.О.Prof,1.0,Экзамен,23,[3]
862144,Экономическая терминология на иностранном языке,6,38.03.01 Экономика,Бакалавриат,Б1.О.Prof,1.0,Зачет с оценкой,26,"[3, 4]"
862144,Национальная экономика,6,38.03.01 Экономика,Бакалавриат,Б1.О.Prof,1.0,Экзамен,23,[3]
862144,Правоведение,6,38.03.01 Экономика,Бакалавриат,Б1.О.General,1.0,Зачет,22,[3]
862144,Менеджмент,6,38.03.01 Экономика,Бакалавриат,Б1.О.Prof,1.0,Зачет с оценкой,26,[4]
862144,Бухгалтерский учет,6,38.03.01 Экономика,Бакалавриат,Б1.О.Prof,1.0,Экзамен,26,[4]
669634,Общая экология,10,06.05.01 Биоинженерия (спец.),Специалитет,Б1.О.Prof,1.0,Зачет с оценкой,14,[3]
669634,Базы данных и основы биоинформатики,10,06.05.01 Биоинженерия (спец.),Специалитет,Б1.О.Prof,1.0,Зачет с оценкой,14,"[3, 4]"
669634,Иностранный язык,10,06.05.01 Биоинженерия (спец.),Специалитет,Б1.О.General,1.0,Экзамен,14,[3]
669634,"Учебная практика, практика по получению первичных профессиональных умений и навыков, в том числе первичных умений и навыков научно-исследовательско...",10,06.05.01 Биоинженерия (спец.),Специалитет,Б2,1.0,Зачет с оценкой,14,[4]
669634,Латинский язык,10,06.05.01 Биоинженерия (спец.),Специалитет,Б1.О.Prof,1.0,Зачет,14,[4]
669634,Химия: органическая химия,10,06.05.01 Биоинженерия (спец.),Специалитет,Б1.О.Prof,1.0,Зачет с оценкой,14,[3]
669634,Прикладная физическая культура (ОФП),10,06.05.01 Биоинженерия (спец.),Специалитет,Б1.О.General,1.0,Зачет,14,"[3, 4]"
669634,Физическая и коллоидная химия,10,06.05.01 Биоинженерия (спец.),Специалитет,Б1.О.Prof,1.0,Зачет с оценкой,14,[4]
669634,Химия: химия природных соединений,10,06.05.01 Биоинженерия (спец.),Специалитет,Б1.В,0.5,Зачет с оценкой,14,[4]
669634,Физика,10,06.05.01 Биоинженерия (спец.),Специалитет,Б1.О.Prof,1.0,Экзамен,14,[3]
669634,Философия,10,06.05.01 Биоинженерия (спец.),Специалитет,Б1.О.General,1.0,Зачет с оценкой,14,[3]
669634,Микробиология с основами вирусология,10,06.05.01 Биоинженерия (спец.),Специалитет,Б1.О.Prof,1.0,Зачет с оценкой,14,[4]
669634,Экономика,10,06.05.01 Биоинженерия (спец.),Специалитет,Б1.О.General,1.0,Зачет с оценкой,14,[3]
669634,Математические методы обработки результатов биологических исследований,10,06.05.01 Биоинженерия (спец.),Специалитет,Б1.О.Prof,1.0,Экзамен,14,"[3, 4]"
151502,Общий физический лабораторный практикум -2,2,03.03.02 Физика / Радиофизика,Бакалавриат,Б1.В,0.167,Зачет с оценкой,23,"[3, 4]"
151502,Методы математической физики,2,03.03.02 Физика / Радиофизика,Бакалавриат,Б1.О.Prof,0.667,Экзамен,22,[4]
151502,Теория функций комплексного переменного,2,03.03.02 Физика / Радиофизика,Бакалавриат,Б1.В,0.167,Экзамен,23,[3]
151502,Прикладная физическая культура (Адаптивная физическая культура),2,03.03.02 Физика / Радиофизика,Бакалавриат,Б1.О.General,0.167,Зачет,1,"[3, 4]"
151502,Компьютерное моделирование физических процессов,2,03.03.02 Физика / Радиофизика,Бакалавриат,Б1.О.Prof,0.833,Зачет,21,[4]
151502,Прикладная физическая культура (ОФП),2,03.03.02 Физика / Радиофизика,Бакалавриат,Б1.О.General,0.5,Зачет,23,"[3, 4]"
151502,Численное моделирование в физике,2,03.03.02 Физика / Радиофизика,Бакалавриат,Б1.В,0.333,Экзамен,23,[3]
151502,Оптика,2,03.03.02 Физика / Радиофизика,Бакалавриат,Б1.О.Prof,1.0,Экзамен,23,[4]
151502,Теоретическая механика и механика сплошных сред,2,03.03.02 Физика / Радиофизика,Бакалавриат,Б1.В,0.333,Экзамен,23,[4]
151502,Философия,2,03.03.02 Физика / Радиофизика,Бакалавриат,Б1.О.General,1.0,Зачет с оценкой,22,[4]
151502,Безопасность жизнедеятельности,2,03.03.02 Физика / Радиофизика,Бакалавриат,Б1.О.General,0.333,Зачет,23,[3]
151502,Вычислительная физика,2,03.03.02 Физика / Радиофизика,Бакалавриат,Б1.В,0.167,Зачет с оценкой,23,[3]
151502,История,2,03.03.02 Физика / Радиофизика,Бакалавриат,Б1.О.General,0.333,Зачет с оценкой,22,[3]
151502,Правоведение,2,03.03.02 Физика / Радиофизика,Бакалавриат,Б1.О.General,0.667,Зачет,22,[4]
151502,Дифференциальные уравнения,2,03.03.02 Физика / Радиофизика,Бакалавриат,Б1.О.Prof,0.667,Экзамен,22,[3]
151502,Экономика,2,03.03.02 Физика / Радиофизика,Бакалавриат,Б1.О.General,0.667,Зачет с оценкой,23,[4]
151502,Электричество и магнетизм,2,03.03.02 Физика / Радиофизика,Бакалавриат,Б1.В,0.333,Экзамен,24,[3]
759764,Лаборатоный практикум: Электричество,23,11.03.02 Инфокоммуникации,Бакалавриат,Б1.О.Prof,1.0,Зачет с оценкой,24,[2]
759764,Основы математической обработки информации,23,11.03.02 Инфокоммуникации,Бакалавриат,Б1.О.Prof,1.0,Зачет,24,[2]
759764,Информатика,23,11.03.02 Инфокоммуникации,Бакалавриат,Б1.О.General,1.0,Экзамен,24,[1]
759764,Иностранный язык,23,11.03.02 Инфокоммуникации,Бакалавриат,Б1.О.General,1.0,Зачет с оценкой,24,"[1, 2]"
759764,Дискретная математика,23,11.03.02 Инфокоммуникации,Бакалавриат,Б1.О.Prof,1.0,Зачет с оценкой,24,[2]
759764,Прикладная физическая культура (ОФП),23,11.03.02 Инфокоммуникации,Бакалавриат,Б1.О.General,1.0,Зачет,24,"[1, 2]"
759764,Информационные технологии в инфокоммуникационных системах,23,11.03.02 Инфокоммуникации,Бакалавриат,Б1.О.Prof,1.0,Зачет с оценкой,24,[2]
759764,Физика,23,11.03.02 Инфокоммуникации,Бакалавриат,Б1.О.General,0.5,Зачет с оценкой,24,[1]
759764,"История(история России, всеобщая история)",23,11.03.02 Инфокоммуникации,Бакалавриат,Б1.В,0.5,Зачет с оценкой,24,[1]
759764,Программирование микропроцессоров в инфокоммуникационных системах,23,11.03.02 Инфокоммуникации,Бакалавриат,Б1.О.Prof,1.0,Зачет,24,[2]
759764,Русский язык и культура речи,23,11.03.02 Инфокоммуникации,Бакалавриат,Б1.О.General,1.0,Зачет,24,[1]
759764,Конструирование систем подвижной радиосвязи,23,11.03.02 Инфокоммуникации,Бакалавриат,Б1.О.Prof,1.0,Зачет с оценкой,24,[2]
759764,Физическая культура и спорт,23,11.03.02 Инфокоммуникации,Бакалавриат,Б1.О.General,1.0,Зачет,24,[1]
759764,Математика,23,11.03.02 Инфокоммуникации,Бакалавриат,Б1.О.General,1.0,Зачет с оценкой,24,[1]
759764,Экономика,23,11.03.02 Инфокоммуникации,Бакалавриат,Б1.О.General,1.0,Зачет,24,[1]
759764,Вычислительные методы обработки информации в инфокоммуникационных системах,23,11.03.02 Инфокоммуникации,Бакалавриат,Б1.О.Prof,1.0,Зачет с оценкой,24,"[1, 2]"
759764,Введение в специальность,23,11.03.02 Инфокоммуникации,Бакалавриат,Б1.О.Prof,1.0,Экзамен,24,"[1, 2]"
534485,Дифференциальная и гендерная психология,24,37.03.01 Психология,Бакалавриат,Б1.О.Prof,1.0,Зачет с оценкой,16,[5]
534485,Прикладная физическая культура (Легкая атлетика),24,37.03.01 Психология,Бакалавриат,Б1.О.General,0.5,Зачет,1,[6]
534485,Социальная психология,24,37.03.01 Психология,Бакалавриат,Б1.О.Prof,1.0,Экзамен,16,[5]
534485,Психология управления и коммерческой деятельности,24,37.03.01 Психология,Бакалавриат,Б1.В,0.5,Зачет с оценкой,16,[5]
534485,Прикладная физическая культура (ОФП),24,37.03.01 Психология,Бакалавриат,Б1.О.General,1.0,Зачет,16,"[5, 6]"
534485,Психология стресса и экстремальных ситуаций,24,37.03.01 Психология,Бакалавриат,Б1.О.Prof,1.0,Зачет с оценкой,16,[6]
534485,Спортивная психология,24,37.03.01 Психология,Бакалавриат,Б1.В,0.5,Зачет с оценкой,16,[6]
534485,Психодиагностика,24,37.03.01 Психология,Бакалавриат,Б1.О.Prof,1.0,Экзамен,16,"[5, 6]"
534485,Основы консультативной психологии,24,37.03.01 Психология,Бакалавриат,Б1.В,0.5,Экзамен,16,"[5, 6]"
534485,Психология личности,24,37.03.01 Психология,Бакалавриат,Б1.О.Prof,1.0,Зачет с оценкой,16,[5]
534485,"Производственная практика, научно-исследовательская работа",24,37.03.01 Психология,Бакалавриат,Б2,1.0,Зачет с оценкой,5,[6]
944085,Информатика,15,45.03.02 Лингвистика (перевод),Бакалавриат,Б1.О.General,1.0,Зачет с оценкой,82,[1]
944085,Прикладная физическая культура (Адаптивная физическая культура),15,45.03.02 Лингвистика (перевод),Бакалавриат,Б1.О.General,0.5,Зачет,15,"[1, 2]"
944085,Практический курс второго иностранного языка,15,45.03.02 Лингвистика (перевод),Бакалавриат,Б1.В,0.5,Зачет с оценкой,84,"[1, 2]"
944085,Практический курс первого иностранного языка,15,45.03.02 Лингвистика (перевод),Бакалавриат,Б1.О.Prof,1.0,Зачет с оценкой,86,"[1, 2]"
944085,Прикладная физическая культура (ОФП),15,45.03.02 Лингвистика (перевод),Бакалавриат,Б1.О.General,0.5,Зачет,64,"[1, 2]"
944085,Основы языкознания,15,45.03.02 Лингвистика (перевод),Бакалавриат,Б1.О.Prof,1.0,Экзамен,83,[1]
944085,Древние языки и культуры,15,45.03.02 Лингвистика (перевод),Бакалавриат,Б1.О.Prof,1.0,Зачет с оценкой,83,[1]
944085,Русский язык и культура речи,15,45.03.02 Лингвистика (перевод),Бакалавриат,Б1.О.General,1.0,Зачет,83,[1]
944085,Прикладная физическая культура (Волейбол),15,45.03.02 Лингвистика (перевод),Бакалавриат,Б1.О.General,1.0,Зачет,13,"[1, 2]"
944085,Физическая культура и спорт,15,45.03.02 Лингвистика (перевод),Бакалавриат,Б1.О.General,1.0,Зачет,83,[1]
944085,История,15,45.03.02 Лингвистика (перевод),Бакалавриат,Б1.О.General,1.0,Зачет с оценкой,79,[2]
944085,Безопасность жизнедеятельности,15,45.03.02 Лингвистика (перевод),Бакалавриат,Б1.О.General,1.0,Зачет,83,[1]
944085,Экономика,15,45.03.02 Лингвистика (перевод),Бакалавриат,Б1.О.General,1.0,Зачет с оценкой,80,[2]
944085,Зарубежная литература,15,45.03.02 Лингвистика (перевод),Бакалавриат,Б1.О.Prof,1.0,Зачет,81,[2]
391130,Фундаментальная и компьютерная алгебра,3,01.03.02 ПМИ / 02.03.01 МКН,Бакалавриат,Б1.В,0.167,Зачет с оценкой,26,"[3, 4]"
391130,Прикладная физическая культура (Адаптивная физическая культура),3,01.03.02 ПМИ / 02.03.01 МКН,Бакалавриат,Б1.О.General,0.833,Зачет,1,"[3, 4]"
391130,Правоведение,3,01.03.02 ПМИ / 02.03.01 МКН,Бакалавриат,Б1.О.General,0.5,Зачет,21,[4]
391130,Прикладная физическая культура (ОФП),3,01.03.02 ПМИ / 02.03.01 МКН,Бакалавриат,Б1.О.General,0.5,Зачет,23,"[3, 4]"
391130,"Учебная практика, научно-исследовательская работа (получение первичных навыков научно-исследовательской работы)",3,01.03.02 ПМИ / 02.03.01 МКН,Бакалавриат,Б2,1.0,Зачет с оценкой,7,[4]
391130,Математический анализ,3,01.03.02 ПМИ / 02.03.01 МКН,Бакалавриат,Б1.О.Prof,0.667,Экзамен,26,"[3, 4]"
391130,Теория функции комплексного переменного,3,01.03.02 ПМИ / 02.03.01 МКН,Бакалавриат,Б1.В,0.167,Зачет с оценкой,23,[4]
391130,Цифровые технологии: от интернета до блокчейна,3,01.03.02 ПМИ / 02.03.01 МКН,Бакалавриат,Б1.О.Prof,0.833,Зачет,24,[4]
391130,Философия,3,01.03.02 ПМИ / 02.03.01 МКН,Бакалавриат,Б1.О.General,1.0,Зачет с оценкой,24,[3]
391130,Численные методы,3,01.03.02 ПМИ / 02.03.01 МКН,Бакалавриат,Б1.В,0.333,Зачет с оценкой,23,[4]
391130,Информатика и программирование,3,01.03.02 ПМИ / 02.03.01 МКН,Бакалавриат,Б1.О.Prof,0.667,Зачет с оценкой,24,"[3, 4]"
391130,Безопасность жизнедеятельности,3,01.03.02 ПМИ / 02.03.01 МКН,Бакалавриат,Б1.О.General,0.333,Зачет,23,[3]
391130,Экономика,3,01.03.02 ПМИ / 02.03.01 МКН,Бакалавриат,Б1.О.General,0.667,Зачет,21,[3]
391130,Дифференциальные уравнения,3,01.03.02 ПМИ / 02.03.01 МКН,Бакалавриат,Б1.О.Prof,0.833,Экзамен,25,"[3, 4]"
958430,Метрология,29,12.03.04 Биотехнические системы,Бакалавриат,Б1.В,0.5,Зачет с оценкой,9,[3]
958430,Иностранный язык,29,12.03.04 Биотехнические системы,Бакалавриат,Б1.О.General,1.0,Экзамен,9,[3]
958430,Основные узлы и элементы биотехнических систем,29,12.03.04 Биотехнические системы,Бакалавриат,Б1.О.Prof,1.0,Экзамен,10,[4]
958430,Экология,29,12.03.04 Биотехнические системы,Бакалавриат,Б1.В,0.5,Зачет с оценкой,10,[4]
958430,Прикладная физическая культура (ОФП),29,12.03.04 Биотехнические системы,Бакалавриат,Б1.О.General,1.0,Зачет,9,"[3, 4]"
958430,"Учебная практика, научно-исследовательская работа (получение первичных навыков научно-исследовательской работы)",29,12.03.04 Биотехнические системы,Бакалавриат,Б2,1.0,Зачет с оценкой,10,[4]
958430,Сопротивление материалов,29,12.03.04 Биотехнические системы,Бакалавриат,Б1.О.Prof,1.0,Зачет с оценкой,10,[4]
958430,"Стандартизация, регистрация, сертификация и лицензирование биотехнических систем и технологий",29,12.03.04 Биотехнические системы,Бакалавриат,Б1.О.Prof,1.0,Зачет с оценкой,9,[3]
958430,Безопасность при производстве и использовании биотехнических систем и технологий,29,12.03.04 Биотехнические системы,Бакалавриат,Б1.О.Prof,1.0,Зачет с оценкой,9,[3]
958430,Организация и проведение научного исследования,29,12.03.04 Биотехнические системы,Бакалавриат,Б1.В,0.5,Экзамен,9,[3]
958430,Математические методы обработки результатов эксперимента,29,12.03.04 Биотехнические системы,Бакалавриат,Б1.О.Prof,1.0,Зачет с оценкой,10,"[3, 4]"
958430,Электроника и схемотехника,29,12.03.04 Биотехнические системы,Бакалавриат,Б1.О.Prof,1.0,Зачет с оценкой,10,[4]
958430,Математическое моделирование,29,12.03.04 Биотехнические системы,Бакалавриат,Б1.О.Prof,1.0,Экзамен,10,[4]
958430,Основы биотехнического приборостроения,29,12.03.04 Биотехнические системы,Бакалавриат,Б1.В,0.5,Экзамен,9,[3]
958430,Материаловедение,29,12.03.04 Биотехнические системы,Бакалавриат,Б1.О.Prof,1.0,Экзамен,9,[3]
958430,Основы проектирования баз данных,29,12.03.04 Биотехнические системы,Бакалавриат,Б1.В,0.5,Зачет с оценкой,10,[4]
253922,Линии связи,23,11.03.02 Инфокоммуникации,Бакалавриат,Б1.В,0.5,Экзамен,13,[7]
253922,Подготовка к сдаче и сдача государственного экзамена,23,11.03.02 Инфокоммуникации,Бакалавриат,Б3,0.5,ГАК,11,[8]
253922,Интернет вещей,23,11.03.02 Инфокоммуникации,Бакалавриат,Б1.В,0.5,Зачет,13,[8]
253922,Системы коммутаций,23,11.03.02 Инфокоммуникации,Бакалавриат,Б1.О.Prof,1.0,Зачет с оценкой,13,"[7, 8]"
253922,Сети и системы радиосвязи,23,11.03.02 Инфокоммуникации,Бакалавриат,Б1.О.Prof,1.0,Зачет с оценкой,13,[8]
253922,Сети связи,23,11.03.02 Инфокоммуникации,Бакалавриат,Б1.В,0.5,Экзамен,13,[7]
253922,Волоконно-оптические линии связи,23,11.03.02 Инфокоммуникации,Бакалавриат,Б1.О.Prof,1.0,Экзамен,13,[7]
253922,"Производственная практика, преддипломная практика",23,11.03.02 Инфокоммуникации,Бакалавриат,Б2,0.5,Зачет с оценкой,11,[8]
253922,"Производственная практика, проектно-технологическая практика",23,11.03.02 Инфокоммуникации,Бакалавриат,Б2,0.5,Зачет с оценкой,13,[7]
253922,Выполнение и защита выпускной квалификационной работы,23,11.03.02 Инфокоммуникации,Бакалавриат,Б3,0.5,Защита ВКР,11,[8]
253922,Цифровые системы передачи,23,11.03.02 Инфокоммуникации,Бакалавриат,Б1.О.Prof,1.0,Экзамен,13,[7]
253922,Основы робототехники,23,11.03.02 Инфокоммуникации,Бакалавриат,Б1.В,0.5,Зачет,12,[8]
253922,Безопасность жизнедеятельности,23,11.03.02 Инфокоммуникации,Бакалавриат,Б1.О.General,1.0,Зачет,13,[7]
253922,Системы документальной электросвязи,23,11.03.02 Инфокоммуникации,Бакалавриат,Б1.О.Prof,1.0,Экзамен,12,[8]
253922,Теория телетрафика,23,11.03.02 Инфокоммуникации,Бакалавриат,Б1.О.Prof,1.0,Экзамен,13,[7]
870377,Физика: Механика,5,10.05.01 Компьютерная безопасность (спец.),Специалитет,Б1.О.Prof,1.0,Экзамен,11,[1]
870377,Иностранный язык,5,10.05.01 Компьютерная безопасность (спец.),Специалитет,Б1.О.General,1.0,Зачет с оценкой,11,"[1, 2]"
870377,Моделирование социальных систем,5,10.05.01 Компьютерная безопасность (спец.),Специалитет,Б1.О.Prof,1.0,Зачет,11,[2]
870377,Алгебра и геометрия,5,10.05.01 Компьютерная безопасность (спец.),Специалитет,Б1.О.Prof,1.0,Экзамен,10,[2]
870377,Безопасность жизнедеятельности,5,10.05.01 Компьютерная безопасность (спец.),Специалитет,Б1.О.General,1.0,Экзамен,11,[1]
870377,Языки программирования,5,10.05.01 Компьютерная безопасность (спец.),Специалитет,Б1.О.Prof,1.0,Зачет с оценкой,11,[1]
870377,Экономика,5,10.05.01 Компьютерная безопасность (спец.),Специалитет,Б1.О.General,1.0,Зачет с оценкой,11,[2]
870377,Физика: Электричество и магнетизм,5,10.05.01 Компьютерная безопасность (спец.),Специалитет,Б1.О.Prof,0.75,Экзамен,11,[2]
870377,Правоведение,5,10.05.01 Компьютерная безопасность (спец.),Специалитет,Б1.О.General,1.0,Зачет,11,[2]
870377,Организация ЭВМ и вычислительных сетей,5,10.05.01 Компьютерная безопасность (спец.),Специалитет,Б1.О.Prof,1.0,Экзамен,8,[2]
870377,Основы информационной безопасности,5,10.05.01 Компьютерная безопасность (спец.),Специалитет,Б1.О.Prof,1.0,Зачет,11,[1]
870377,Языки программирования для автоматизации задач информационной безопасности,5,10.05.01 Компьютерная безопасность (спец.),Специалитет,Б1.О.Prof,1.0,Экзамен,9,[2]
870377,Информатика и программирование,5,10.05.01 Компьютерная безопасность (спец.),Специалитет,Б1.О.Prof,1.0,Зачет с оценкой,11,[1]
870377,Физическая культура и спорт,5,10.05.01 Компьютерная безопасность (спец.),Специалитет,Б1.О.General,1.0,Зачет,11,[1]
870377,Менеджмент,5,10.05.01 Компьютерная безопасность (спец.),Специалитет,Б1.О.Prof,1.0,Зачет,11,[2]
870377,Математический анализ,5,10.05.01 Компьютерная безопасность (спец.),Специалитет,Б1.О.Prof,1.0,Экзамен,11,[1]
870377,Русский язык и культура речи,5,10.05.01 Компьютерная безопасность (спец.),Специалитет,Б1.О.General,1.0,Зачет,11,[1]
870377,Решение прикладных задач информационной безопасности,5,10.05.01 Компьютерная безопасность (спец.),Специалитет,Б1.В,0.5,Зачет с оценкой,10,[2]
870377,История,5,10.05.01 Компьютерная безопасность (спец.),Специалитет,Б1.О.General,1.0,Зачет с оценкой,11,[1]
870377,Прикладная физическая культура (ОФП),5,10.05.01 Компьютерная безопасность (спец.),Специалитет,Б1.О.General,1.0,Зачет,11,"[1, 2]"
659438,Психология социальной работы,27,39.03.02 Социальная работа,Бакалавриат,Б1.В,0.5,Зачет,14,[4]
659438,Методы исследования в социальной сфере,27,39.03.02 Социальная работа,Бакалавриат,Б1.О.Prof,1.0,Зачет с оценкой,14,"[3, 4]"
659438,Основы математической обработки информации,27,39.03.02 Социальная работа,Бакалавриат,Б1.О.Prof,1.0,Зачет с оценкой,14,[4]
659438,Социально-демографические процессы в современной России,27,39.03.02 Социальная работа,Бакалавриат,Б1.В,0.5,Зачет с оценкой,14,[3]
659438,Технология социальной работы,27,39.03.02 Социальная работа,Бакалавриат,Б1.О.Prof,1.0,Экзамен,14,"[3, 4]"
659438,Социальное предпринимательство и основы проектной деятельности,27,39.03.02 Социальная работа,Бакалавриат,Б1.О.General,1.0,Зачет,14,[3]
659438,Психология,27,39.03.02 Социальная работа,Бакалавриат,Б1.О.Prof,1.0,Экзамен,14,[3]
659438,Проблемы социологии города и села,27,39.03.02 Социальная работа,Бакалавриат,Б1.В,0.5,Экзамен,11,[4]
659438,Социальная статистика,27,39.03.02 Социальная работа,Бакалавриат,Б1.В,0.5,Зачет с оценкой,14,[4]
659438,Прикладная физическая культура (Адаптивная физическая культура),27,39.03.02 Социальная работа,Бакалавриат,Б1.О.General,0.5,Зачет,2,"[3, 4]"
659438,Прикладная физическая культура (ОФП),27,39.03.02 Социальная работа,Бакалавриат,Б1.О.General,1.0,Зачет,13,"[3, 4]"
659438,Культурология,27,39.03.02 Социальная работа,Бакалавриат,Б1.О.General,0.5,Зачет,13,[3]
659438,Организационная коммуникация,27,39.03.02 Социальная работа,Бакалавриат,Б1.В,0.5,Зачет,1,[3]
659438,Реабилитационная работа в социальной сфере,27,39.03.02 Социальная работа,Бакалавриат,Б1.О.Prof,1.0,Зачет,14,[3]
659438,Социология гражданского общества и некоммерческого сектора,27,39.03.02 Социальная работа,Бакалавриат,Б1.В,0.5,Зачет с оценкой,14,[3]
659438,Социальная педагогика,27,39.03.02 Социальная работа,Бакалавриат,Б1.О.Prof,1.0,Экзамен,14,[4]
659438,Социологические теории и социальные проблемы современного общества,27,39.03.02 Социальная работа,Бакалавриат,Б1.В,0.5,Экзамен,14,[3]
976880,Спектроскопические методы анализа,8,40.03.01 Юриспруденция,Специалитет,Б1.О.Prof,1.0,Экзамен,38,[7]
976880,"Судебная экспертиза металлов, сплавов и изделий из них",8,40.03.01 Юриспруденция,Специалитет,Б1.О.Prof,1.0,Экзамен,38,[7]
976880,Гражданский процесс,8,40.03.01 Юриспруденция,Специалитет,Б1.О.Prof,1.0,Экзамен,39,[8]
976880,Нелинейная оптика и спектроскопия,8,40.03.01 Юриспруденция,Специалитет,Б1.О.Prof,1.0,Зачет,39,[8]
976880,Специальный практикум,8,40.03.01 Юриспруденция,Специалитет,Б1.О.Prof,1.0,Зачет,38,[7]
976880,Уголовный процесс,8,40.03.01 Юриспруденция,Специалитет,Б1.О.Prof,1.0,Зачет с оценкой,39,[8]
976880,Гражданское право,8,40.03.01 Юриспруденция,Специалитет,Б1.О.Prof,1.0,Зачет,38,[7]
976880,Оптико-физические методы анализа материалов,8,40.03.01 Юриспруденция,Специалитет,Б1.О.Prof,1.0,Зачет с оценкой,38,[7]
976880,Судебная экспертиза волокнистых материалов и изделий из них,8,40.03.01 Юриспруденция,Специалитет,Б1.О.Prof,1.0,Экзамен,39,[8]
976880,Судебная экспертиза продуктов выстрела и взрыва,8,40.03.01 Юриспруденция,Специалитет,Б1.О.Prof,1.0,Экзамен,39,[8]
976880,Трасология и трасологическая экспертиза,8,40.03.01 Юриспруденция,Специалитет,Б1.О.Prof,1.0,Зачет с оценкой,39,[8]
976880,Судебная экспертиза лакокрасочных материалов и лакокрасочных покрытий,8,40.03.01 Юриспруденция,Специалитет,Б1.О.Prof,1.0,Зачет с оценкой,38,[7]
976880,"Производственная практика, практика по получению профессиональных умений и опыта профессиональной деятельности",8,40.03.01 Юриспруденция,Специалитет,Б2,1.0,Зачет с оценкой,39,[8]
976880,Физика конденсированного состояния веществ,8,40.03.01 Юриспруденция,Специалитет,Б1.О.Prof,1.0,Экзамен,38,[7]
976880,"Производственная практика, научно-исследовательская работа",8,40.03.01 Юриспруденция,Специалитет,Б2,1.0,Зачет с оценкой,39,"[7, 8]"
403443,Единицы физических величин,2,03.03.02 Физика / Радиофизика,Бакалавриат,Б1.О.Prof,0.667,Зачет,15,[2]
403443,Инженерная графика,2,03.03.02 Физика / Радиофизика,Бакалавриат,Б1.В,0.333,Зачет с оценкой,22,[2]
403443,Иностранный язык,2,03.03.02 Физика / Радиофизика,Бакалавриат,Б1.О.General,1.0,Зачет,22,"[1, 2]"
403443,Общий физический лабораторный практикум,2,03.03.02 Физика / Радиофизика,Бакалавриат,Б1.О.Prof,0.667,Зачет с оценкой,22,"[1, 2]"
403443,Математика,2,03.03.02 Физика / Радиофизика,Бакалавриат,Б1.О.General,0.333,Экзамен,22,"[1, 2]"
403443,Прикладная физическая культура (Волейбол),2,03.03.02 Физика / Радиофизика,Бакалавриат,Б1.О.General,1.0,Зачет,22,"[1, 2]"
403443,Вычислительная физика,2,03.03.02 Физика / Радиофизика,Бакалавриат,Б1.О.Prof,0.667,Зачет с оценкой,22,[2]
403443,Русский язык и культура речи,2,03.03.02 Физика / Радиофизика,Бакалавриат,Б1.О.General,1.0,Зачет,22,[1]
403443,Информатика и программирование,2,03.03.02 Физика / Радиофизика,Бакалавриат,Б1.О.Prof,0.667,Зачет с оценкой,22,[1]
403443,Физическая культура и спорт,2,03.03.02 Физика / Радиофизика,Бакалавриат,Б1.О.General,1.0,Зачет,22,[1]
403443,История физики и техники,2,03.03.02 Физика / Радиофизика,Бакалавриат,Б1.О.Prof,0.667,Зачет,7,[2]
403443,Безопасность жизнедеятельности,2,03.03.02 Физика / Радиофизика,Бакалавриат,Б1.О.General,0.667,Зачет,22,[1]
403443,Механика,2,03.03.02 Физика / Радиофизика,Бакалавриат,Б1.О.Prof,1.0,Экзамен,22,[1]
403443,Основы теории цепей,2,03.03.02 Физика / Радиофизика,Бакалавриат,Б1.В,0.333,Экзамен,22,"[1, 2]"
403443,"История (история России, всеобщая история)",2,03.03.02 Физика / Радиофизика,Бакалавриат,Б1.О.General,0.333,Зачет с оценкой,22,[1]
403443,Электричество и магнетизм,2,03.03.02 Физика / Радиофизика,Бакалавриат,Б1.О.Prof,1.0,Экзамен,22,[2]
288759,Криптографические методы защиты информации,16,10.05.01 Компьютерная безопасность (спец.),Бакалавриат,Б1.О.Prof,1.0,Зачет с оценкой,18,"[7, 8]"
288759,Системы радиомониторинга,16,10.05.01 Компьютерная безопасность (спец.),Бакалавриат,Б1.О.Prof,1.0,Зачет с оценкой,15,[8]
288759,"Производственная практика, проектно-технологическая",16,10.05.01 Компьютерная безопасность (спец.),Бакалавриат,Б2,0.5,Зачет с оценкой,16,[7]
288759,Подготовка к сдаче и сдача государственного экзамена,16,10.05.01 Компьютерная безопасность (спец.),Бакалавриат,Б3,0.5,ГАК,13,[8]
288759,Инженерная графика,16,10.05.01 Компьютерная безопасность (спец.),Бакалавриат,Б1.О.Prof,1.0,Зачет с оценкой,14,[8]
288759,Техническая защита информации,16,10.05.01 Компьютерная безопасность (спец.),Бакалавриат,Б1.О.Prof,1.0,Экзамен,17,[7]
288759,Нормативная и методическая документация по аттестации объектов информатизации,16,10.05.01 Компьютерная безопасность (спец.),Бакалавриат,Б1.О.Prof,1.0,Экзамен,18,[7]
288759,"Защита выпускной квалификационной работы, включая подготовку к защите и процедуру защиты",16,10.05.01 Компьютерная безопасность (спец.),Бакалавриат,Б3,0.5,Защита ВКР,13,[8]
288759,Мониторинг безопасности информационных систем,16,10.05.01 Компьютерная безопасность (спец.),Бакалавриат,Б1.О.Prof,1.0,Экзамен,15,[8]
288759,Основы управления информационной безопасностью,16,10.05.01 Компьютерная безопасность (спец.),Бакалавриат,Б1.О.Prof,1.0,Зачет с оценкой,16,[7]
288759,"Производственная практика, преддипломная",16,10.05.01 Компьютерная безопасность (спец.),Бакалавриат,Б2,0.5,Зачет с оценкой,14,[8]
288759,Безопасность вычислительных сетей,16,10.05.01 Компьютерная безопасность (спец.),Бакалавриат,Б1.О.Prof,1.0,Экзамен,16,[7]
288759,Программно-аппаратные средства защиты информации,16,10.05.01 Компьютерная безопасность (спец.),Бакалавриат,Б1.В,0.5,Экзамен,16,[7]
288759,"Учебная практика, научно-исследовательская работа",16,10.05.01 Компьютерная безопасность (спец.),Бакалавриат,Б2,0.5,Зачет с оценкой,16,[7]
288759,Теория массового обслуживания,16,10.05.01 Компьютерная безопасность (спец.),Бакалавриат,Б1.О.Prof,1.0,Зачет с оценкой,16,[8]
